Electrical Infrastructure,PSA Oxygen Plant,Surgical Bed Expansion,Operational Costs,Total Cost
94428059.30842729,76264905.49601644,71849054.9444086,370610934.53101987,613152954.2798722
83998470.01842064,73449730.35851672,78381670.19235209,345198259.29336184,581028129.8626513
80891984.69945107,79658021.75555305,63385940.680065714,286462885.4751695,510398832.6102393
90653342.04860397,61559021.205252826,49621900.37213986,261366298.21213272,463200561.8381294
74150934.24590161,76069490.23301665,58664457.22375874,250766095.5138951,459650977.2165721
110277679.45962594,78201898.30468273,68504599.8809772,262290473.56702194,519274651.2123078
79927427.68908475,75579137.83468765,57155849.471896976,306243843.1987096,518906258.194379
79210617.55335876,71998574.7537942,59788114.68803077,365233898.0965892,576231205.0917729
87019656.05384591,67323824.49896018,69370982.75306232,264732832.92518365,488447296.23105204
90174118.14935398,61156594.72146001,51855726.76687109,288064989.1951692,491251428.8328543
98155408.51060663,79737977.58983728,66998905.90632703,296822603.0835109,541714895.0902818
68822302.14383692,66375431.59143449,58258947.26972884,328098150.46243376,521554831.467434
92141164.53038618,62867954.40297322,63878591.21819045,284177165.7719708,503064875.9235206
78248878.03812225,79693691.44903466,75508707.79093084,350759410.56186914,584210687.8399569
76241414.05235787,71233239.98711039,66315290.757126436,338075269.81082815,551865214.6074228
80766431.49258836,73207752.0551784,56771713.125722066,254511397.77303296,465257294.44652176
99326432.56419435,91675516.96339446,71281730.72624612,354542398.3240713,616826078.5779063
92407405.60886495,71577429.58007695,67602270.95668006,363612605.7273575,595199711.8729794
86709056.18017378,91059472.87650211,52047540.485574216,320865618.4510849,550681687.993335
88432096.7670522,73756910.22433831,66059930.60000562,241574457.74618265,469823395.3375788
84193491.59822746,78680874.39873543,79625190.16109051,300765760.70924485,543265316.8672982
76617451.29500422,69744718.17767647,70496667.71259134,317952488.8797919,534811326.06506395
80114806.78022866,79215422.9586087,67543928.22850116,342831660.9817175,569705818.949056
77934602.6495501,71436587.34705275,61029584.84986941,250475517.02983227,460876291.8763045
91442975.57083099,79284196.09801471,67468070.6884819,299115297.5840162,537310539.9413438
69521827.47791848,68866475.16697656,60001849.84804577,267777508.30369738,466167660.79663813
84984379.43909375,79276396.81934418,83883835.87068483,330109854.74266773,578254466.8717905
90879918.18796419,76164620.3183582,52825738.99330009,287667778.2863686,507538055.7859911
88053148.342452,101368700.01829033,72535932.08461742,330776885.6301432,592734666.075503
86724529.65604453,66415479.17535969,71647269.94381559,334307602.69580406,559094881.4710238
98985139.99762855,70517254.39694391,76404563.17465119,267069966.6014852,512976924.17070884
95801043.74645665,100121974.84787458,66055366.23286041,292729021.7042988,554707406.5314904
88610770.77703728,72068853.79840313,53875555.56635924,290655724.8891433,505210905.0309429
73565798.57717693,77343045.10678545,58943259.2646187,353391892.0618999,563243995.010481
76927760.64018837,71272328.24569605,70278179.4090767,266097145.37662816,484575413.67158926
90443055.21539724,89240918.98024905,58387440.06824863,306266969.2952559,544338383.5591508
90913868.76768804,84087434.75799145,59593895.63951365,257527804.1062027,492123003.2713958
94810307.80452678,80269380.17048235,69984994.61651705,323170577.1704592,568235259.7619854
78210008.67150718,76268875.05976436,67972347.7288781,281886616.6676621,504337848.12781173
117575054.33898386,86022576.74587367,61585772.74823535,327836548.2888296,593019952.1219225
74605322.02813555,80449711.35348338,76689337.38082804,287877191.50710124,519621562.2695482
101755064.28047456,82664473.16388138,76163666.74074563,395703020.30585223,656286224.4909538
83847483.45241253,69144180.21040234,57083601.76098368,265039216.52212486,475114481.9459234
86137816.25574431,78943661.05129051,69259970.8131194,339644807.32666594,573986255.4468201
87389709.98477572,90058180.37266967,68547597.5951965,426266978.7877221,672262466.7403641
96398301.04188855,70519087.67167562,56874934.502931714,308658843.50427336,532451166.7207692
84142396.03222124,81979821.6713039,71853815.46258183,309930328.9754008,547906362.1415077
76148971.24562362,61958630.69102994,57178299.47661022,317710318.3333143,512996219.7465781
90249674.73577599,66424567.5378298,64050987.42312217,312131094.18672955,532856323.88345754
75698342.08126935,75023018.8325932,65517692.88805909,265423072.82286143,481662126.62478304
92350470.84832197,82260304.78997527,77862828.91969395,360361466.57041717,612835071.1284084
69942829.80621009,64963048.110390134,64917162.8010222,315886202.6746096,515709243.39223206
94705697.61244003,120992483.49980919,85690318.88784285,385568440.3020891,686956940.3021812
101602424.94825459,84944865.0956588,67278086.97015104,337726196.59801126,591551573.6120757
77056332.0759986,72004602.43017474,60501542.96323806,298702507.9948226,508264985.464234
126337929.41380282,66724924.46865813,69847656.15313363,254799223.1779016,517709733.2134962
80860157.05672474,84838251.36296433,69203315.00521116,274282498.2179875,509184221.6428877
77769406.41119532,80209316.45407352,61408451.13641433,307461740.8736002,526848914.87528336
87846698.09131543,70707651.33648418,82805044.70458801,343561103.31335735,584920497.445745
63054101.28792423,72249776.81130907,58487325.334223285,322769871.74936116,516561075.18281776
76813679.09195809,72974635.85650335,68390761.69235371,337105289.6455832,555284366.2863984
71957980.6837753,70100297.7541651,59636858.52599694,272583479.74918467,474278616.713122
115701291.87867169,85031034.39954807,60726841.18056824,336251152.82631993,597710320.285108
122502733.85882847,92612741.5091015,61194693.88325878,289195264.06504786,565505433.3162366
106823302.79103063,73437267.51128003,69688866.45441046,337073811.5172161,587023248.2739372
75177999.49108976,73083766.93652901,43820501.93088922,243495969.72213444,435578238.08064246
83751131.29673481,65292969.78603204,75224939.25328319,262675342.61385605,486944382.9499061
81274115.91785291,76039861.74295625,78005564.56393468,268336278.942067,503655821.16681087
105063212.239014,79484491.54619272,60678138.236752816,316612549.6872973,561838391.7092569
90032657.92279959,71525996.99174918,65164948.968666665,288762498.687346,515486102.5705614
88807747.00499097,82493609.84139298,82511033.1220218,280711813.76266515,534524203.7310709
122716301.16239163,65640198.37739414,62696214.12279886,319073426.98611563,570126140.6487002
91221710.8756515,71553124.22462015,63121130.05569931,283086211.71570855,508982176.87167954
79353752.41106662,82174404.68627276,70641983.84500298,287211991.575448,519382132.5177903
100721128.2501776,81474797.45537558,75584594.48953757,340929703.9013305,598710224.0964212
76366324.44546781,69224222.60246225,68881973.42883916,326340822.5444397,540813343.0212089
86916536.16211694,77086622.83903125,77296642.93231551,295712980.7080667,537012782.6415304
95193012.2243341,75842631.50015281,64735386.0032068,344042004.11397696,579813033.8416706
99531680.2609858,86146823.92706515,81873495.10463034,325666350.3441907,593218349.636872
97271111.71982074,75269738.81923196,68927517.1662585,303184944.6310472,544653312.3363583
88573098.78238644,81809000.13224831,61826175.409556516,383561704.03237706,615769978.3565683
74231887.35617267,63777634.4204597,69841090.18222629,331732429.2310031,539583041.1898618
96374414.71814738,83710280.38567661,69070373.02713186,280350987.4497826,529506055.5807384
88273030.97474799,70576698.51515397,72060161.30460797,303638241.6671875,534548132.46169746
76409111.72973825,71168628.42915305,66946703.688106425,283882060.8562968,498406504.7032945
76449217.20514277,75976298.78546524,67372145.16146344,287865459.9943229,507663121.1463944
80871728.4039337,76848089.58895311,55593688.28127464,248230012.55555254,461543518.829714
77730304.81309243,72341908.5562273,66658286.429167025,359125285.4276752,575855785.226162
100046928.64319068,77077978.37319073,66946252.4024345,273026154.26192296,517097313.68073887
86949786.61317928,73562569.18013975,67740472.1042523,277591247.58706146,505844075.4846328
94770916.01142286,92572254.86611935,71011189.6740862,330578617.64669824,588932978.1983266
97398785.35358351,74505503.05611517,67842631.54597843,306744748.92562896,546491668.881306
88582746.26848963,69855336.8563099,64130236.18755012,317633130.17209136,540201449.484441
110021820.66615167,89622587.96201551,92637780.38230897,308061930.5151486,600344119.5256248
100282093.34744638,80237375.98097496,88417522.82797703,299735319.9283472,568672312.0847456
76235256.99542469,68884655.29525888,48903945.829305865,263463925.42731848,457487783.5473079
77225478.748039,75334606.58660235,67967350.97844923,379172707.6683728,599700143.9814634
101544227.30451348,73702619.12222748,59306631.15056093,313641791.1686929,548195268.7459948
70589111.51035161,89629110.63763335,79967085.42108214,305481327.913118,545666635.4821851
66284591.38827036,83618447.30949056,66410962.74964575,352805498.1531053,569119499.600512
67556679.8217427,67022528.04523454,61725976.64723795,296413915.9700832,492719100.48429835
81143796.62711772,80456674.21108134,59253378.784693375,292773993.4626938,513627843.08558625
88904196.72404943,81118630.32416262,73890917.3608534,276477436.6216796,520391181.030745
68212336.08333847,83426557.136378,70103292.14793295,284553255.7828917,506295441.1505411
111798020.89308107,81599821.12202407,79579601.14790222,324189819.08702445,597167262.2500318
121303970.40209933,100450883.67604025,73447564.1953669,359887519.7681681,655089938.0416746
96703024.00485712,91251213.21379574,63879365.63706634,332598449.58135015,584432052.4370693
103315710.54959802,64553279.35455837,54436141.08232715,226988412.81662583,449293543.8031094
83525599.45569454,81876636.83709444,81095579.04661821,324506928.6188128,571004743.95822
113193497.49701722,68849247.06578347,52863047.92562651,285169560.48590875,520075352.97433597
92739911.65688552,76885129.05137905,52174348.286152385,285080704.52328587,506880093.5177028
70767529.56537779,78421521.20199642,68844364.90971369,275769636.8763547,493803052.5534426
80318968.23529132,66100086.39397728,61647652.70198856,329432493.6653228,537499200.9965799
74473489.83675784,77831647.97062369,61937101.29037091,273417736.07381815,487659975.17157054
85725969.97063397,67269846.06987196,58844652.149233736,254983819.79732808,466824287.98706776
119452959.22148824,82069008.86992653,64134432.62464569,313402170.6423988,579058571.3584592
85653274.1923121,73887650.94807163,70171203.95212269,335971952.05579424,565684081.1483006
80105301.45922728,69852424.46539071,61448845.31634938,227479571.10939705,438886142.35036445
68419354.06133905,84348220.46417338,82288831.43853232,313619657.4803744,548676063.4444191
95643155.67322485,80561335.32517225,98074510.43812731,383461480.0316398,657740481.4681642
85439709.33083987,67840335.89079818,52102701.40229567,291063023.83901453,496445770.46294826
77259889.63553949,62830667.45399657,56209780.184375,253584522.19143903,449884859.4653501
114259362.50311789,89587272.73835024,71878875.46662898,375322267.0584809,651047777.766578
88295138.69994654,69095925.62099132,76248220.41798872,332446511.6309846,566085796.3699112
73861586.7624193,71700298.03264667,57493812.800493635,249052211.06568244,452107908.661242
101150720.57907465,98126666.96219622,62672049.57039825,328783634.2327033,590733071.3443724
78578869.49636632,70264276.25033695,59237952.26428293,266058344.0989985,474139442.1099847
87888204.3225103,69265778.33217068,65766998.49333353,299791525.4039794,522712506.5519939
83933999.96295527,67942715.62968989,58829520.945142016,319336693.9028322,530042930.4406194
94491636.98645656,69231127.98326907,64766852.03260012,327878880.3627847,556368497.3651104
66750392.55198958,76268528.98027627,60008158.43186488,316246002.61922306,519273082.58335376
77174464.33244196,60099973.74236119,49150078.45198259,278399999.90895134,464824516.4357371
90911535.1360174,69210237.27874848,68845108.87374958,251991283.94222167,480958165.23073715
86289986.0819652,66016330.98270004,57753482.1423952,292435688.86376154,502495488.070822
75983069.53994551,70561861.59405494,71551712.78004096,287808859.0783237,505905502.9923651
99695598.49297103,68857449.92018576,68271269.07337628,359645636.9305706,596469954.4171038
58703020.00652681,63457163.21221065,63979856.5081118,288458839.2116699,474598878.9385192
92548238.9783327,71943065.23588175,65575961.46492394,297224537.84401745,527291803.5231558
105140942.25979558,81771320.96569912,71766651.26986285,298987618.65755504,557666533.1529126
80657447.66016538,71128284.90554497,67043220.074421175,288914252.33566254,507743204.9757941
91350103.61969286,97740418.98794156,81303324.73422906,315527040.12868416,585920887.4705477
105705346.07749955,75841120.06101276,52558017.450607195,257176177.96697184,491280661.5560913
64632056.56163693,68279799.810696,62088653.88402537,358333012.09013104,553333522.3464893
91895213.83215363,75091909.6115528,72817711.64066367,241599875.84573802,481404710.9301082
90561238.81258711,83907126.67251596,57844826.8378281,339322526.9901964,571635719.3131275
92065620.58763692,73440732.70577456,70517533.9960455,400529259.57641065,636553146.8658676
89785109.8259222,78838992.2665763,63625725.94656023,274541290.66135025,506791118.700409
99610121.59744026,71053976.14720051,65476140.36395082,286334612.44852275,522474850.55711436
94160269.70451199,80484396.35467502,76875288.02434714,299641935.80712616,551161889.8906603
83519338.54914047,67310766.5660053,59516373.30001871,306333168.61116755,516679647.026332
98446977.73348172,70326288.0295927,71617903.12299855,360871250.49331135,601262419.3793843
93177110.19802016,95954337.45879968,66497430.57472322,270053398.8640411,525682277.09558415
65592062.82384855,84800325.74218605,73106093.95608953,311554587.67675024,535053070.19887435
91206764.52347758,67514656.60671018,84472161.1826822,324609866.6272949,567803448.9401648
88749137.51073621,83089581.45286703,72584313.83837493,322132989.304666,566556022.1066442
76838854.11566207,78091147.2019282,82740792.94501708,375307949.3543188,612978743.6169262
112553110.5914323,76017609.495774,59838629.4382391,294070001.5228617,542479351.0483072
87989643.59526974,86531908.5093332,56980065.22858782,354234580.9249167,585736198.2581074
85028999.66327356,72031951.14107053,57247648.8054246,241775058.282386,456083657.8921547
99495891.88193512,79083151.51823291,58154116.34678792,255713563.30303556,492446723.0499915
82642456.10987407,91165158.33694117,68651596.37144989,262464518.890816,504923729.7090812
83842717.63944928,73092420.24563737,47109633.18284318,277522367.8004742,481567138.86840403
84041778.9808483,81789353.11153984,84498772.0991104,369909522.58062595,620239426.7721245
83532530.2413761,66327395.24834788,84619909.02357222,321181232.6850027,555661067.1982989
87402689.37007456,75933713.61848775,67626363.24024749,301019405.4127982,531982171.641608
79553547.04059254,69976637.32884447,63253741.75650678,280417762.60608196,493201688.73202574
77800023.05867122,75079226.91266723,63271735.61068309,356981400.9747734,573132386.5567949
57041231.89275676,78406848.52621649,75239538.47002254,246486584.34786195,457174203.2368578
82551152.29503927,72010005.1259575,54503828.52246688,264130083.70196512,473195069.6454288
72999312.30481134,89492039.44018352,77827332.69166571,370864883.7014729,611183568.1381335
97891780.03294584,68578117.76107456,60071984.97761567,312315715.1307367,538857597.9023728
71706852.11204648,79050866.50505136,64330256.95655783,289753780.10982496,504841755.6834806
97723999.063079,82208518.78373682,65858607.508893535,350562755.975895,596353881.3316044
73345129.16223784,78571270.68043534,70953294.41596617,298891006.0416058,521760700.3002451
91883524.96367632,66653994.523506954,70201585.22955951,299067202.9318526,527806307.64859533
80205140.69882244,84292251.41038203,62975293.34284027,257905502.9939466,485378188.44599134
67966838.7908586,77137542.94532655,56095607.86954794,356964469.6922466,558164459.2979797
62483303.624855645,85835320.90787193,69459562.36248773,306362714.8173649,524140901.7125802
79920562.8575197,78135266.75810085,66097200.91317276,345919677.87474936,570072708.4035426
88817849.15753086,77761350.41065644,63948583.780294545,300688035.84866995,531215819.1971518
91614193.56248386,63170734.88261375,52468757.260769926,308588123.32035834,515841809.0262259
89627079.20590769,74970941.93519074,65981336.923303805,316404865.3368091,546984223.4012114
79986621.88455935,68215170.46121703,64355569.243020274,267269935.28061366,479827296.8694103
93099818.42170098,63457144.44355586,69760275.22313611,320707511.22533596,547024749.3137289
90857790.26677679,86048573.46545807,84851263.99677463,367662957.5778877,629420585.3068972
64942449.08890426,61407667.86866564,55152226.94859081,285319167.4049565,466821511.31111723
94745309.34478424,71317078.00650471,66238129.28107648,277985117.7010748,510285634.33344024
79072740.14577998,63275823.7251519,54640312.39802051,244395453.23208094,441384329.5010333
74591087.36967498,82960866.35136127,60468703.723644085,405336101.3360893,623356758.7807696
94376716.76689771,79154268.95610842,60999502.75651879,325140582.057137,559671070.5366619
79528379.97684129,75590117.14415202,88722377.36646882,322647944.3653432,566488818.8528054
104829770.8945431,73162164.9927304,65655335.7092185,372318186.09375775,615965457.6902497
78877354.93860145,91712670.32392348,76924115.25246426,300546410.87383753,548060551.3888267
96502408.86518547,87130708.6790577,75675993.18336563,266242316.18790847,525551426.9155173
77622173.86755846,72035108.25139737,63566414.3634913,321664983.74479395,534888680.2272411
89725241.72828303,65653993.67202305,65309077.185992576,321465784.02019024,542154096.606489
95386702.38561569,87994075.04005198,77846274.32989436,338748462.27460283,599975514.0301648
86233544.14757797,62664655.76449343,64294420.60399388,304285827.6811415,517478448.1972068
91084308.30208549,66325453.77954078,55203151.36420874,325126403.37300503,537739316.81884
86657291.32450937,82220018.22521175,68384932.44770896,310098926.8544299,547361168.85186
101347008.88946845,74189676.03323373,66896562.053870186,289535066.7458252,531968313.72239757
81346359.02513163,72288236.74867086,66154885.10695465,286530823.9041568,506320304.78491396
106632650.01949744,71839918.83598995,64091544.90947789,286695151.37182206,529259265.13678735
109948450.60480815,82054484.71472731,78281585.8119393,270165203.668352,540449724.7998267
91018278.22845937,85162931.86093038,70046226.67330179,352732950.1544977,598960386.9171892
80274972.12115104,87890911.85688192,91438698.16311009,319535843.63117,579140425.772313
81203110.21431452,88569568.73184781,84291530.89779772,307857927.3799271,561922137.2238872
81532976.37165827,72554902.72246867,55030415.16899972,260618469.83491272,469736764.0980394
74254198.6808021,67155884.7560187,61899332.73318016,303580679.3564659,506890095.52646685
111786357.93206465,71748279.22323638,73850112.14138117,304700350.60941124,562085099.9060935
86519898.06437531,82127053.85590242,59626778.62198604,312348683.4603024,540622414.0025661
89563759.80284052,81048670.59199156,70293609.74737616,412255271.0926728,653161311.234881
78741396.57005899,69941984.31883201,58922353.47176939,275203291.03467447,482809025.39533484
78745846.04251124,85310109.47168387,81303828.57922848,302336449.7224017,547696233.8158252
76325238.67457141,77971994.26743467,61929028.39105965,322285103.29092413,538511364.6239898
90088375.23590408,64359410.645138964,74428782.5467987,379587417.81375086,608463986.2415926
79056649.10367064,71173378.69863851,66107788.0141909,313974504.6606139,530312320.47711396
96907161.59689403,98315180.4644927,72274991.98492463,290881390.5154952,558378724.5618064
69924352.97858666,66529759.68538561,61414921.21655447,361885070.1236405,559754104.0041672
80270821.98097792,76645071.92721541,65774460.068567365,348328477.4299087,571018831.4066694
130706377.32083805,78461183.9096487,64994903.959047094,345004526.2887333,619166991.4782672
97270154.03664711,96558290.53512038,78549772.57901795,311683061.498095,584061278.6488805
95859324.02932435,88377253.4486906,77885310.30799483,340827636.7572572,602949524.543267
103452298.4966566,90549593.35433906,84521905.30686657,354544167.06148344,633067964.2193457
84905042.44396795,76939031.25401504,76460552.35164508,287235334.43838644,525539960.4880145
92511601.6091235,73707834.32110998,65761863.71781994,351500780.70017564,583482080.348229
89917957.48999642,77049070.75270736,56664102.81179447,320056147.0375704,543687278.0920687
96704700.07500134,100020708.02288775,71644251.25983645,326774639.3141666,595144298.6718922
90761143.0844177,92143690.690363,70773872.61483388,325324477.71688783,579003184.1065024
96124361.98892574,79500578.93358305,64249088.8820794,310851069.945887,550725099.7504752
103567617.88319927,70287560.17785947,65851118.23343057,279392545.4989712,519098841.79346055
105601001.09286141,66663133.89112409,59472506.16924763,307157382.0568515,538894023.2100847
112055621.73578948,79949838.39917143,64268398.182343155,378527312.1747021,634801170.4920062
69159356.53494217,56017023.42725757,60582100.101621315,272705253.9488082,458463734.0126293
74051236.35356684,79587009.47026695,68472950.1790738,288157166.4576864,510268362.460594
71041912.88806903,80349990.68677306,71915619.02178435,307669143.9176122,530976666.51423866
117215280.23946801,71925795.41327706,55081484.55370219,268905463.49670154,513128023.7031488
86573640.67665994,78146422.21593793,64893360.298835196,316296225.0828607,545909648.2742938
71369912.8195522,85919152.61848618,67752327.5682898,350905934.00982875,575947327.0161569
92127989.82398659,81233600.25551361,72884731.67454372,330387311.6781956,576633633.4322395
96661945.88359727,90827418.12422176,73172080.9375247,344480877.4147878,605142322.3601315
85963720.0022773,89583914.75957951,65066993.47968248,378431185.71101665,619045813.9525559
86648926.64034285,64422786.83876452,62750103.95550831,273819058.0982501,487640875.53286576
99774679.81037454,72770316.1524634,62176946.68247579,240927403.25162926,475649345.896943
81114683.81030582,56589552.50110469,48398556.54337063,299649714.1240613,485752506.97884244
98902244.15967374,82253435.86628522,61358165.97548857,300027985.9720672,542541831.9735147
87157649.33831717,66569783.19460593,74873124.70753796,342898054.06020975,571498611.3006709
84176070.05229883,75733538.87316452,67456142.85090643,241676694.96903628,469042446.74540603
83823462.10748482,69714914.83640845,56514672.625153676,281366097.5183146,491419147.0873615
116300041.2985931,87481053.97604662,66681285.66377765,331439535.47050035,601901916.4089177
109113154.70617224,89097127.70797327,72060883.15973476,293729338.8561966,564000504.4300768
97524882.10527897,81690111.47053915,76231364.18768172,341756678.3891653,597203036.1526651
103169033.31303106,74325172.85186078,77475260.32312566,323803124.2021775,578772590.6901951
121586217.75732182,75786515.3956285,83022524.97981115,330724112.37767553,611119370.510437
78569112.44937241,70288586.20878287,61187892.2418577,310963867.1039177,521009458.0039307
94823880.96364005,72593883.02333671,65065736.43351762,386823808.509762,619307308.9302564
115000996.77969405,85221923.07495017,70871147.57259366,318508497.72915214,589602565.15639
96210933.05986445,69152620.61204974,62136239.53328637,245816159.83014995,473315953.0353505
92965294.52047661,83210331.2266411,64995302.14417698,366612175.90722376,607783103.7985184
71665090.8215494,61468997.66808843,61449903.54800961,329913235.1304764,524497227.16812384
114200571.24366616,76730789.53167333,76835955.2091217,315912142.31559354,583679458.3000548
84830169.22967762,83756198.37865806,74072555.60940848,263199298.9940936,505858222.21183777
110470188.79730082,94171990.82811077,67990105.86945148,328199101.8450098,600831387.3398728
94387482.3646014,79852544.40522274,63492526.83839891,280627024.0066426,518359577.61486566
86851804.11462578,87062873.91126898,74392891.82556054,303816808.7317099,552124378.5831652
98679157.26355723,56330520.34338233,67736646.2954555,244523253.39985496,467269577.30225
82290433.94643983,66002192.00147537,53329497.39192156,325763808.35672325,527385931.69656
80914957.58655252,77879913.10319962,65996032.31419821,321739716.0793481,546530619.0832984
88287413.03024901,65810558.86463599,70244526.34792227,288164157.96320546,512506656.2060127
67967353.33599062,68455159.9254463,74361948.75479616,340764478.48685694,551548940.50309
82472341.22993992,72179062.68086335,62047329.74610272,378491468.93116516,595190202.5880711
92708284.07316276,81098819.09273,76958424.79590036,326806639.1697952,577572167.1315883
83664348.754446,73704273.18857074,64518575.15792067,300284038.2386803,522171235.3396177
97985215.21530798,78614994.4881269,73659118.08621395,311101704.0462811,561361031.8359299
88313053.48955213,60597844.41311736,67318387.84277973,311819736.66280323,528049022.4082525
102320987.89245601,56483318.31515529,75998186.49905814,302461196.05659074,537263688.7632601
104142239.46786302,70267071.04072444,69725447.88768902,272028772.8042093,516163531.2004858
78917761.29278928,92805572.37298149,69482667.21156369,321081560.1024295,562287560.979764
100245920.50813128,83177281.94823709,70432941.25198467,325686561.10921675,579542704.8175697
128146439.68760733,82497326.95418814,71872345.8067127,355258147.6479272,637774260.0964353
104097939.68950365,90863322.06593937,77532077.77837409,282692712.8132555,555186052.3470726
113280828.55263676,70745331.43433729,67796517.54148088,280186314.38091654,532008991.9093715
86316817.8351904,78867919.70803896,69611266.65231004,324563951.1204045,559359955.3159438
112923656.03789465,85039200.38424623,68391350.63307431,347781938.69005793,614136145.7452731
105506746.55114384,68963736.68274245,69142051.12369686,331660851.22106916,575273385.5786524
83149834.21353522,88251528.88695034,68679000.87218009,315651158.15091777,555731522.1235834
84824130.78774965,75766380.95149726,57829723.92898536,249547161.5246104,467967397.19284266
112576876.64461963,73130355.78841646,58905066.979379036,231236694.63441718,475848994.0468323
78725992.26101755,63825761.34870277,74298789.09337962,345639459.42528313,562490002.128383
78108306.32382059,96278504.65633221,80971192.43105549,314046028.870176,569404032.2813842
58442627.56030813,90551335.1045703,58418931.438348986,246791341.95777234,454204236.06099975
102724213.01446268,104689491.40691327,89563116.73670709,360689272.3681909,657666093.526274
95922275.14725918,85822806.30019352,76418461.84192626,329692751.26300657,587856294.5523856
88675354.88634013,75845391.01477933,60441504.87176598,288423829.524089,513386080.2969744
66499117.85179145,70760895.56104696,56008546.311864585,254821899.1241467,448090458.84884965
89756759.3727401,89964151.76430233,78986965.87095965,269470569.7121135,528178446.7201156
74426967.8985014,81845724.70639734,59896539.26530983,290823361.654802,506992593.5250106
95238064.66314591,69428572.03859636,64923761.56566539,258234304.77323318,487824703.04064083
79201371.57945585,77264021.20025165,54683581.509512946,305806748.9839008,516955723.27312124
86934128.25351754,81062860.74804264,69608616.62993707,362625065.4400939,600230671.0715911
88974396.47695015,72755440.7064512,65965843.75263886,322679032.0869618,550374713.023002
87892967.77207422,76600397.07085821,61018588.68477096,276867125.6813239,502379079.2090273
69664091.94553441,88520464.28605443,59641276.44423934,276946979.4264733,494772812.1023015
77730764.82318613,82219396.99786934,65304806.16687578,352136422.00656205,577391389.9944932
78291887.12600714,76699826.09132631,59598854.125036545,379527713.7323172,594118281.0746872
72104451.12128791,75549611.65669268,70098548.4027413,322631673.72609407,540384284.906816
84658358.35434656,74471865.22865881,65735221.446970254,298195700.3779835,523061145.4079591
101763260.71981552,101737680.50476989,70285512.37724732,271593068.20240855,545379521.8042413
85983733.30931276,102188585.29142664,67567806.51856539,379318667.4053664,635058792.5246712
114086751.77681702,75879096.42322305,72001711.38475607,376283384.98055655,638250944.5653527
82070831.71836527,73322316.71477449,60522613.30563373,264038257.69206774,479954019.4308412
78596048.10629639,64536522.996337965,61667829.37782706,269517641.6387991,474318042.1192605
90534723.12136123,64133544.29439309,64362300.34493244,328004188.7555899,547034756.5162766
63372027.31201023,73916245.90830284,73873125.3946853,270036313.5461446,481197712.16114295
113993095.78625338,84882188.16420493,64749963.45860932,305230225.70098233,568855473.11005
95364349.4458643,78350514.74287337,71748988.34663151,280467884.96112925,525931737.49649847
89605486.52740748,65042830.07179603,61375848.46160627,265836097.8907829,481860262.9515927
77517919.65520068,85469964.37917535,78162481.4124603,342940973.4945111,584091338.9413475
73213119.59300184,70522909.7461472,73117785.97758077,314036848.7512938,530890664.0680236
126432465.59309694,86641861.2596681,73150149.30827531,306424706.4282196,592649182.5892599
89092969.044526,75142335.3001515,71638833.30439322,346221486.6385907,582095624.2876614
76894061.00467242,63426221.29436098,48983255.026621886,294677620.2816179,483981157.60727316
73083636.73091,57024057.73625489,60884697.46915991,386215484.7216151,577207876.6579399
87123204.44552769,83825962.97844025,69382649.70723313,307178877.61513275,547510694.7463338
101035762.36590758,76096153.74084309,68952006.73736575,319884235.07385904,565968157.9179754
78359621.09231801,83298697.65423311,66626172.69471124,281418349.31020826,509702840.7514706
95031752.3226825,69956632.0207282,64518006.13775656,300458213.4110185,529964603.89218575
103771214.52377191,83628877.00114502,69303434.01335542,342103542.0209422,598807067.5592146
108953429.17737795,85373600.87416914,70417727.89459646,269557490.42130107,534302248.36744463
73532702.9049647,70683824.08757107,58979276.76371094,287137929.8164381,490333733.57268476
88002678.4395356,81074039.6583649,67282885.44315623,325203911.53739923,561563515.0784559
88113014.76295176,60725896.8952951,54059695.3637049,279517831.2814167,482416438.30336845
71849763.15255697,78060689.68561092,78973876.79992741,365328380.9264143,594212710.5645096
84277516.7145908,89705076.69293582,71691722.88378811,302937157.65761685,548611473.9489316
79048876.60180305,71875717.72981654,61270278.214160785,302757196.0833654,514952068.62914574
89479490.62426212,76579054.10372733,69922512.22820373,354202752.3360165,590183809.2922096
101530085.97288537,66364248.87811525,46728661.98792357,308579640.5515731,523202637.39049727
70063795.25616598,70566051.09583421,54959659.15870421,234225459.4649905,429814964.9756949
95107156.19680928,84729603.82388076,64853412.64689063,227452277.5376143,472142450.20519495
79903602.25607501,78065383.70554255,55693179.66004535,298536231.3987389,512198397.02040184
86994400.51539217,81326906.68155469,68845909.81399535,276528320.82809347,513695537.8390357
105626790.96159008,78045164.1653978,67476452.54106398,276282784.33198637,527431192.0000382
81231987.0880477,67617912.32669714,61452879.305638105,359890139.1320965,570192917.8524795
70007466.6973998,60099360.62862524,70480969.70195763,294476002.0293866,495063799.05736923
78347296.00061399,83757357.83074924,63448248.74635786,374391631.0686156,599944533.6463367
97208402.59651788,73730672.06091577,84951791.18981229,301395407.5250986,557286273.3723445
98212463.93937482,80935252.19908503,79738815.09365706,384047122.5769354,642933653.8090523
87656040.48355667,69846779.30015233,67474535.04871969,280862451.8762791,505839806.7087078
120387451.27374208,83181227.61513145,67126979.2424007,316237677.59394383,586933335.725218
70285765.74442896,64781889.0717899,70358783.2208423,281495801.59401023,486922239.6310714
73747359.1205159,77951852.56147866,75906630.37239435,341735094.8310049,569340936.8853939
102288837.68247183,72307123.15518819,55341150.69111639,345827456.88495344,575764568.4137299
82816070.55943471,73072968.7566732,75849645.95739716,334019455.0774568,565758140.3509619
93812715.9563023,99354470.97114512,68515375.30942683,350319709.78119606,612002272.0180703
88007797.01168767,78667184.86546007,80352043.68202914,339402625.33133644,586429650.8905133
95058939.49459466,87841458.40243775,67467211.14062957,281781167.3101735,532148776.3478355
73772184.91041917,58389684.88721049,74953992.0146651,269234074.95930034,476349936.7715951
84172168.42089573,73122911.11704336,67299233.88032043,334417736.37740886,559012049.7956684
100092020.62921655,73409910.23578128,64509256.79575567,312298832.3646287,550310020.0253822
83803145.09887771,90804938.15903416,74996951.83322605,346775745.5410576,596380780.6321955
96974488.73980525,89274568.40475732,72551107.78812914,272566803.02033436,531366967.95302606
92972214.81910384,71624801.94637173,60874304.15811605,317810174.933389,543281495.8569806
106334698.20385337,79803270.16443285,70883988.34991628,379343085.91522485,636365042.6334274
90635791.30099961,103679670.76362148,80241851.05970183,268080665.15866065,542637978.2829835
98389499.2531861,81737355.02041793,79951321.92269233,347303377.8198869,607381554.0161833
85295643.0993709,65742141.67757342,60715143.244645044,266818715.6949181,478571643.71650743
79466183.36490293,79760142.73279065,81568186.2779296,336105076.1574716,576899588.5330948
72008854.55589777,76711550.47961135,75389389.2806601,292307410.4757053,516417204.7918745
85356294.7955704,75866107.87305671,60063174.76717821,320256187.4756882,541541764.9114935
85535119.5006757,79534665.41497679,60480317.340880215,284361946.9939929,509912049.2505256
97902899.69309656,74837688.91313696,81250828.41654323,305753347.160382,559744764.1831588
90402869.7626228,85454877.33868414,58680598.40084459,244232634.22370455,478770979.72585607
68304787.12963314,83306871.7112797,63095710.80075486,405635485.88812697,620342855.5297947
79673572.79850264,76169490.28270653,78885782.09444481,399609879.76347804,634338724.939132
121318650.11146563,94305156.52710289,83280037.96063435,353179789.44527817,652083634.044481
98784494.04675922,73461370.36364982,59677348.404724024,296511678.5189766,528434891.33410966
84863358.35929313,71781389.8273507,69995370.17718883,342549826.7209747,569189945.0848074
88451355.71153446,90555694.61480123,61967341.56449233,297773777.617555,538748169.508383
77750496.16920102,59774331.88147692,58933349.6825938,285180773.95845836,481638951.6917301
111125067.06245312,86482496.1415841,62699936.89613248,377702495.2643883,638009995.364558
106041377.19145899,85089020.56053552,68244155.26377808,278375256.95299554,537749809.9687681
82161842.0381624,85144060.45588005,86096397.52650629,391091505.158969,644493805.1795177
80641391.71347381,65700304.849285126,63018309.55115732,242040913.75359875,451400919.86751497
91839903.64152753,75704100.93450892,62650355.382249795,250247673.24990213,480442033.2081884
94683746.18656407,72913919.1929228,56896010.64414742,210475190.5291926,434968866.5528269
86824536.5737925,93296970.5617602,87321177.63339143,314656750.71846724,582099435.4874114
79190662.44246921,78602400.27129422,59083067.890227884,307134711.4119101,524010842.01590145
98590413.12203328,90164641.35829923,70534972.24497658,307318592.0073759,566608618.732685
75769591.59159087,67005551.98618123,60540360.53469157,306647989.9433874,509963494.05585104
100946945.01086512,71705825.78511277,77851537.59951453,306083334.69433594,556587643.0898284
86910054.48665504,69761513.03144023,47878410.31719452,309229622.8756918,513779600.71098155
98129905.82368246,75672376.5816343,67042583.01409604,324576978.9352527,565421844.3546655
67902471.66152065,67647260.5127602,68056969.21091962,261574024.4243526,465180725.809553
91405461.57664405,65769313.29523569,66114144.02837872,299471584.5611756,522760503.46143407
67333065.01165466,82103728.19602816,61321480.76732395,273081250.98428375,483839524.9592905
90054424.0231384,87536876.54503983,62129248.89848666,305993945.4748732,545714494.9415381
93406904.95752716,83742572.25252342,70486629.12011063,299300771.2732788,546936877.60344
76383505.7723153,74592094.43762653,57204099.981042095,209274471.49285582,417454171.6838397
93522801.11611609,85830431.53686789,52682774.52387996,259639135.61348987,491675142.7903538
96297810.71724033,98712226.82821073,74075954.3142255,295071509.3498067,564157501.2094833
84690782.3547215,88611282.91502064,64947790.510966085,280186526.256181,518436382.0368892
80720280.35614617,66988908.675650574,63378458.56507833,358642323.6467529,569729971.243628
91838602.94255997,74793672.07354452,63648438.06034082,251845428.98373008,482126142.0601754
100455505.6627591,77884133.81184976,65970523.08272811,441135013.01693845,685445175.5742754
91481534.62823163,70539909.73760182,61170372.83500031,338871254.0906952,562063071.2915289
88804235.29307413,64726628.44214061,69172574.33805953,281002001.69060993,503705439.7638842
117716789.5185361,92285228.35102971,69193866.90569405,364612262.1659223,643808146.9411821
88160735.76712209,84190042.41484506,72965887.94351846,285508257.16508013,530824923.2905657
78668171.40746999,83738816.5318522,65532180.2474879,292027086.87529665,519966255.0621067
74839363.73646061,77197727.6796569,83983495.05570416,285004535.7351087,521025122.20693034
87546834.33221516,89666093.47150563,69954457.82267569,329940181.282113,577107566.9085095
73564740.50967975,76939407.13132985,64155110.36817994,337904342.4119387,552563600.4211283
105471534.52076343,107155706.9027189,82331641.31662206,344731729.40824646,639690612.1483508
89965274.94710825,73583345.21688686,68040147.84825802,295576669.9187988,527165437.93105197
89592575.32099791,89157493.43949993,62633890.2777761,347595726.3995169,588979685.4377909
107685576.25447437,78754646.98331985,52901400.29116645,270705500.6266229,510047124.1555836
107339165.19441967,79567016.78843528,60668117.125929944,283416977.21460104,530991276.32338595
99774303.97541146,83579639.24661538,67362858.86748652,296300259.2407062,547017061.3302195
81905002.30822037,67450997.08494703,75937645.47597879,299801739.3246641,525095384.19381034
105975592.26881291,94822911.32697299,82410058.81309165,312632927.16948,595841489.5783576
93032415.22404625,77015600.31951863,59948281.56460672,309247500.6117078,539243797.7198794
72203342.47819133,83635559.1955153,64105807.198536076,310930348.1092746,530875056.9815173
91255257.21453351,74629193.8598577,70541656.57413234,292518668.8638364,528944776.5123599
100265660.91281493,67246022.19922277,64493531.65050918,374832503.23360413,606837717.996151
74299510.27497855,67867242.44179575,66342177.86967956,307079524.3570484,515588454.94350225
92244684.02321385,81561817.92531113,73573738.34303257,357462346.99953413,604842587.2910917
93123167.09009667,75125829.51155198,71556776.16273642,386030941.7502583,625836714.5146434
85375206.56970853,67680153.89433224,71805616.51795356,303006669.7957907,527867646.777785
61581926.8682843,77563376.26892641,60981901.495209955,294311080.9731875,494438285.6056082
91969602.82327788,78743350.01395534,73173535.55237049,297932968.7202419,541819457.1098456
94676251.54791532,75249056.57683425,72253582.505976,333954345.1009731,576133235.7316988
75075639.87414937,83393617.38134606,63668876.86197858,332967802.2751817,555105936.3926557
92491070.88414349,95367511.53041771,70769570.25393355,303675402.06764114,562303554.736136
86937165.87217337,73436906.05420093,71634233.76793304,256932453.91936365,488940759.613671
73667433.44698252,64752683.81865057,68519800.87231433,367450176.9322913,574390095.0702388
85761411.17202549,74355189.0947712,65959493.16816079,346926371.3646606,573002464.7996181
75172911.28878973,75640321.52579497,73247086.74766698,329626056.03342456,553686375.5956762
89896109.93037118,86023320.68081477,50502252.69876605,311886178.2876259,538307861.5975779
78535680.89943552,60159587.89252065,63441474.8423189,345027617.95694214,547164361.5912173
85309405.30987136,84536217.32312565,83344926.91602513,377958490.644949,631149040.1939712
113399402.8459189,88004701.92206971,72037451.27082396,263037246.83631957,536478802.87513214
83838429.03183296,68431512.05035987,81715070.89600714,310871235.5281119,544856247.5063119
88945624.1314852,81474994.10190816,68386368.69780143,375381155.25688934,614188142.1880841
78931911.75566094,76096431.86587888,60103159.000299454,255194277.6424445,470325780.2642838
79069558.26341118,74117225.93125664,61728874.73012235,275421372.7831222,490337031.7079123
69622691.52182694,71627191.33416477,53114992.14441212,312246505.2148676,506611380.2152715
88366875.06569383,64510469.54118578,59695272.99449474,268444252.68610334,481016870.2874777
91781194.12413178,89883675.86485621,56785770.79780528,302051522.9803389,540502163.7671322
85000071.18880068,81764799.69588521,69649139.4482265,284476858.4320155,520890868.76492786
82864171.25803933,68623529.5736484,71786753.45402457,308199104.7293233,531473559.0150356
118243772.98850365,80977929.00013712,63679292.84379202,256154271.33743733,519055266.16987014
65336067.30619992,59366902.200732954,60505519.97817326,307535302.6313892,492743792.1164954
67700034.30977632,79684330.14444683,62448866.7306236,305395759.73338443,515228990.9182312
112896703.44378766,89500810.72739123,69605577.06589706,283477682.72105724,555480773.9581332
61787926.05198946,64777383.71959984,58969468.880138054,259128449.2561135,444663227.90784085
85394031.71938497,76420307.96687548,64376736.264357805,280710001.91874605,506901077.8693643
89595354.35076407,80583768.51769358,59550306.61826068,351042130.7729168,580771560.2596351
85841943.14278965,76000290.42182785,71776075.84488504,318873305.9639653,552491615.3734679
101588349.9087993,81443391.55751374,63861012.93358119,317393131.51853025,564285885.9184245
72612812.5111132,73931770.9726415,64240542.00313004,293551361.76566565,504336487.25255036
85431227.91623859,60957163.106677234,56583877.7520863,290383614.54931784,493355883.32431996
89469208.8320178,67984362.25735995,73545952.2302942,280049190.4399285,511048713.7596004
101854202.71896186,82820457.8863058,64046699.59304535,374250254.73689795,622971614.935211
72034761.29556201,81039075.4455558,75297956.76275419,291618692.30463076,519990485.8085028
108992828.60728396,77776067.67324807,70112387.04923919,319933420.76788497,576814704.0976562
85352309.41436917,83170218.94207832,75143953.18196122,258803073.4945815,502469555.0329902
107465505.2645229,65860253.4830511,71565038.08606607,349861173.2262618,594751970.0599018
73228905.99509747,69761706.56208456,55300982.39108525,281437948.40945905,479729543.35772634
83010527.87711796,82350448.161165,79418364.66322061,376003377.9413309,620782718.6428344
79700109.99596262,72789126.71778569,52844968.113500975,261422202.4368909,466756407.2641402
101779110.2426622,94986416.7774598,63104132.21671707,287554749.91012025,547424409.1469593
86839959.43851344,78534081.08136164,60797967.697997175,314085256.0958898,540257264.3137621
80835461.26199722,74683911.67570387,69620460.40712856,307603310.41536766,532743143.76019734
81321746.77833849,73968307.83722334,64352396.37556518,288794048.9732824,508436499.9644094
83667645.80301796,90680495.42234744,75571223.91152127,308562444.2363929,558481809.3732796
97505067.00417444,75106210.8792382,76173768.25527374,328931183.47286147,577716229.611548
85722239.00377084,79833486.35619885,55865531.12513031,257792480.25645915,479213736.74155915
72031437.13239403,74090702.14360066,79224833.38413604,408841036.9283632,634188009.588494
96589659.14273952,82528596.08731711,55560997.32525402,276680400.5770966,511359653.13240725
76871969.87878041,68843932.07103124,61689339.090211,280452930.1004622,487858171.1404848
63518695.51697484,77217540.72441995,57241059.15071882,301061101.6226609,499038397.0147745
121563279.63169648,73795387.16535397,49529335.767278254,275387315.69936264,520275318.2636913
104021847.15087937,99311008.42426601,64377455.86049195,328917005.4425935,596627316.8782308
80945941.73670663,73921901.2607005,88926838.90346915,274145051.92576075,517939733.826637
90824476.30367874,81073873.69338982,77343681.27469736,321833822.41292083,571075853.6846868
91617843.32795158,73560102.4030689,67562000.4818878,293532536.42910665,526272482.6420149
96335100.04766013,74591975.40868269,69062725.62922508,306570958.0752536,546560759.1608214
104440643.7363781,78814578.214527,55031906.503931515,338702655.80268216,576989784.2575188
75433634.872996,68289611.54889455,58371666.778144024,341816582.59638363,543911495.7964182
61947843.17680167,101180728.77622442,81964380.93926415,335712742.9897047,580805695.881995
86444693.40436268,78501747.39309347,71154416.5493515,334644452.92823994,570745310.2750475
95322782.77801047,78465673.24139635,65788930.473059826,300076125.653388,539653512.1458547
84528031.79208997,86140688.57480966,74371993.53486311,225775604.31059828,470816318.212361
96866147.1269397,79714061.56559482,67701428.4620133,294527760.91098577,538809398.0655336
104408243.71861678,88444506.61979906,64890918.4988855,322817329.16417515,580560998.0014765
74641470.1398772,62649005.865636565,56138672.01451921,316733537.0691828,510162685.08921576
101588161.38482356,83596366.76519322,75623381.40232934,337376955.71165967,598184865.2640058
78694230.88893251,78157094.48453456,72930281.00609808,340251184.18162555,570032790.5611907
105497334.11399107,86237481.46586916,73451667.2129122,358247420.12696576,623433902.9197382
86838353.23467204,68672268.15014757,62203207.106208496,272809205.58391935,490523034.0749475
78270731.05002101,73034659.85933466,58737113.41271261,284004040.9499781,494046545.2720464
64396271.13739713,72821031.05440061,63566242.28179088,272112225.3004464,472895769.774035
96918046.83338502,86864051.57758908,58043808.26358798,273909770.53986794,515735677.21443
77101790.73754737,66398664.417795785,68450518.52369633,296006923.9312613,507957897.6103008
83591058.55607949,59808289.54082717,64518181.57088318,256667794.1461385,464585323.81392837
88048952.37341237,78755373.40717198,78807064.77000841,274169539.7337316,519780930.2843244
53772206.66984293,69666428.29135588,76310555.88222314,357801905.9207242,557551096.7641461
90185610.76926266,72456325.31120262,71496632.85335693,276336884.82186913,510475453.7556913
94120740.9604633,82089260.48328476,77692590.40327583,438256012.9303724,692158604.7773963
92864009.7149666,72793001.80474623,65030885.13217536,246680640.0749625,477368536.7268506
78026261.3962269,70785333.33789589,59866729.80052179,299964475.60538125,508642800.14002585
76446774.42933019,84076165.71038498,68158105.02993919,308462173.4600163,537143218.6296706
82746939.71083629,76566041.88658269,72803599.34486187,281974569.0374648,514091149.9797456
78484877.9446794,71748694.33569327,54626514.59257334,262720288.71391517,467580375.5868612
80804638.6817171,82749241.56680423,70141362.8566438,317769708.9926263,551464952.0977914
99938656.55321217,77260119.60505953,70338003.78693862,306468878.23246664,554005658.1776769
90993679.34797186,71843106.1409907,48521231.42596118,276888514.3102872,488246531.2252109
109522665.75589973,89189135.56531078,80285645.36164807,374452342.62162,653449789.3044786
88454906.87042326,78112084.63080461,62144978.34172809,289945800.8766551,518657770.71961105
96245654.08717637,89435479.51901737,69858856.96611832,297704127.7266536,553244118.2989657
87215318.81742282,81579880.04337409,57278070.129978426,227233879.64954066,453307148.640316
79848697.2572684,64792492.84122707,57985040.76140146,285390656.85871303,488016887.71861
81102447.41554597,88535284.00654148,72637963.8700223,326426798.5223551,568702493.8144648
96344900.55704361,68253725.47139628,72089532.64096774,305675904.4091978,542364063.0786054
97092573.16410509,68904321.97648415,53240703.23216557,315085409.8823684,534323008.2551232
92626281.78974728,69522313.57117541,57752085.55330368,332934297.88415384,552834978.7983803
72083514.58761883,88113989.4841964,62155301.63316377,326035072.8043999,548387878.5093789
82737349.78249893,80629019.48117931,63189682.767052874,296821576.3862109,523377628.41694206
87781270.6600437,67890879.56168106,68976360.20921555,287028640.148596,511677150.5795363
84073204.76612493,67290520.09571946,46314839.689837754,270071436.3494526,467750000.9011347
128335369.7496963,90953963.33104244,72820764.69373555,309138388.13187957,601248485.9063538
87522253.5597637,81136563.02597825,58978483.84010652,338563104.6749232,566200405.1007717
97793214.67766672,84863998.9354641,73339560.8268393,316534420.49919486,572531194.939165
97129594.58737154,83505578.99200553,66298923.78952929,288080071.0074672,535014168.3763735
88642064.15891728,91350943.11371295,61480267.49754735,256927858.70105916,498401133.4712367
89539504.54926082,77014986.30308925,67928565.22202832,315623385.72023284,550106441.7946112
84145906.59945713,89664357.69622605,58243469.60005964,272233624.61056435,504287358.5063072
85777817.03005241,62717979.79551485,59838188.234737925,353433742.14808816,561767727.2083933
87500119.99242985,78221049.00028439,57574000.59176376,274959529.6169244,498254699.2014024
82122516.52626206,72372643.4630705,75096350.26440234,332936629.7970796,562528140.0508145
72989001.18022636,75206923.99912122,68915122.51856972,349211570.9433576,566322618.6412749
112325410.38677257,71687882.99540578,59691238.81370756,256675881.95920193,500380414.1550878
84000266.00279115,79638205.13728067,75478645.68380214,312711065.20091474,551828182.0247886
82853641.25414227,76558067.77967449,59797137.66126242,377691018.0554653,596899864.7505444
67413667.62507622,73338956.47199121,81287326.92576185,317934064.14119124,539974015.1640205
84593968.34155244,72527405.31421198,63331772.91542724,351099752.6036172,571552899.1748089
61196637.457146056,83838099.62894934,56597118.61393296,285202575.5655513,486834431.26557964
81414801.23033218,80199286.42749691,55582750.83378376,308950751.38749695,526147589.8791098
120598203.74113016,69982368.29423939,66902529.79161211,282273581.548655,539756683.3756366
93363098.8589736,77464331.24932101,62001354.615298465,317879305.38661265,550708090.1102057
116424173.21062623,79489138.62889566,74787614.2370206,272638419.3645786,543339345.4411211
74823620.01882002,77630329.70304254,78591471.73314808,330478899.3815901,561524320.8366008
82943773.35888821,75240555.37116495,56533624.864849485,313633364.98508453,528351318.57998717
100443011.62544893,74587889.34901197,62647528.429143555,309956862.7641939,547635292.1677983
81317399.323252,74339691.87418066,83581633.07903904,312189794.34973043,551428518.6262021
82344491.18953168,69710756.0022305,69422483.05484234,299065422.0952844,520543152.3418889
78594846.21675092,86585577.10070223,81769175.9696724,302116109.29216987,549065708.5792954
64676079.645947255,79893817.6108847,60839636.883118965,326624012.4714875,532033546.6114384
63612303.841580525,78544704.82586986,56701254.843786344,318326335.74467754,517184599.2559143
87407501.16020688,68204147.88719045,60292138.216705084,319016719.9766953,534920507.2407977
88699404.20667934,81733975.01709358,86093033.00075112,272937560.0909234,529463972.3154475
112986989.20629255,81688972.96309978,62274272.80859579,260218092.95914355,517168327.93713164
84606413.86483687,84074058.38196051,67620072.08946927,367267737.0634161,603568281.3996828
69124348.44284503,72099436.50835966,54844445.4412139,300802217.11250705,496870447.5049256
100516293.54866217,74870587.36788197,48717616.33006535,289510801.9078853,513615299.15449476
93525478.17763731,81019145.07999769,78874932.15412663,282815403.2494236,536234958.66118526
97244060.6635251,89527337.38869403,57585377.859141305,310465872.6962516,554822648.607612
80443661.40308441,74026128.71869285,67735823.42503664,288456173.09308517,510661786.6398991
78264090.70228218,74555697.01345098,57189670.34969009,258513041.46223754,468522499.5276608
97230936.71962357,68316940.0837474,69043001.40627955,321883345.4613296,556474223.6709801
66150216.38787729,66103990.12873069,70572216.86691257,271623481.59669894,474449904.9802195
80957689.15598217,78935529.2577333,73221023.8312683,303796020.6974943,536910262.9424782
79250311.30597918,87767119.23656167,85437689.24042651,366627017.41859305,619082137.2015604
88407616.24947,69540313.08466426,57834694.80847168,310522877.3093474,526305501.4519533
93251198.28516941,90847339.84713522,77027535.61072807,270321761.5122396,531447835.25527227
103208607.76709443,70463377.90850745,61982740.08092018,307162724.85034907,542817450.6068711
120046323.21974626,117181245.41713786,86406635.44304238,332300063.3346851,655934267.4146116
95001256.9805888,85974491.65822637,67237738.20680779,380401791.6903622,628615278.5359852
90480876.66574197,81285786.52439886,73644653.37665142,330148994.4104612,575560310.9772534
99747472.6877821,73063624.59072599,61453685.84225251,263161679.61818472,497426462.73894525
93566863.93307985,84609502.61260875,73188111.23895688,382299937.8975523,633664415.6821978
87129830.27611633,82200278.59334879,59897898.07865935,286273062.66632706,515501069.6144515
97482949.60668828,86094590.58303687,67612953.91917923,307507463.42710763,558697957.536012
68389967.43348216,69116470.42973645,69468146.19675517,325073615.33772355,532048199.3976973
94487831.9502683,77950153.96907172,67182789.04078895,284251661.061387,523872436.02151597
97534332.78025258,81951613.00409843,72766552.61032182,295783624.63527375,548036123.0299466
61772813.72082024,79888685.25421439,62136975.99797581,271266454.9047123,475064929.87772274
97450814.82683542,74593796.35747561,74949255.94682017,336884041.32599837,583877908.4571296
97296292.57503651,66635266.33515042,72928493.66450742,318007565.41991013,554867617.9946045
82200397.0020441,76346947.75830097,53394027.87333697,302789559.32562375,514730931.95930576
73954787.2121881,62712680.7762846,50469805.21984772,317666489.51181644,504803762.7201369
78848354.64630745,88800527.65556459,65523136.85626198,252708641.94373372,485880661.1018678
72929806.54983747,84292840.15789314,66752613.39393069,288319668.7211214,512294928.82278264
89471527.52407551,81117094.906824,77567655.70370522,376080187.2233949,624236465.3579996
82325656.53334044,64454146.3731767,58644286.040488794,299923030.9786813,505347119.92568725
74735931.87257573,65799873.45470435,64242622.228778325,296011795.6321269,500790223.18818533
87667170.42598553,69807849.51498587,62157844.072639465,267629256.71521205,487262120.72882295
100569603.46675251,88589241.85034087,57021447.20430012,268184670.6260939,514364963.1474874
68624128.7309358,66868992.688417844,61092442.669131204,248948844.46359873,445534408.55208355
75239069.2111734,65544847.47809118,63142919.89553857,298730592.655979,502657429.24078214
77689321.61458173,75667533.95857243,61306101.31564494,289046151.57448876,503709108.46328783
114009155.5779864,94414751.1544289,62974129.493664995,338892166.8600528,610290203.0861331
99308472.12207532,68649468.54407741,70545830.95560615,366427273.7414336,604931045.3631926
72859529.56598616,65721752.80341794,69427244.4105286,312775572.894819,520784099.67475176
95259787.5872013,80761138.07022761,71356718.08770604,268052040.28406617,515429684.02920115
103132114.70386958,90489041.22022884,69786256.34729207,312548047.4903464,575955459.7617369
68245186.996836,76395341.06732939,69625063.39622809,304987317.24270284,519252908.70309633
104412267.23003592,76278737.07174104,71661768.46009274,276947140.27612585,529299913.0379955
86879651.83651662,74526318.79536533,67309108.55541825,292474150.8160427,521189230.0033429
85391083.08577618,83325281.5435415,64995087.94466443,254023439.13203016,487734891.70601225
115407616.82928398,95125356.63632265,63273595.77813513,334153474.43628013,607960043.6800219
80459186.59720422,77038168.58496709,68393935.66277604,298727069.52821934,524618360.3731667
76921448.9424747,68302087.79738519,56277285.71982045,262990350.55579072,464491173.01547104
86274808.1244617,69898953.08938272,69217194.8921175,362397724.41107637,587788680.5170383
79472167.25475469,76609496.90156883,69862436.99212633,325443099.8546865,551387201.0031364
88275161.41333173,83151004.9559354,72588770.81551571,272308983.16600114,516323920.350784
100231286.42974102,87022017.99593562,64356060.70789852,308136284.3690369,559745649.5026121
97292548.09866472,76156118.50641172,75683015.1895872,413540468.4501029,662672150.2447666
76894103.21435702,63062456.97640417,62986380.63281454,320795922.68194795,523738863.5055237
84042696.25359307,89261334.76293151,59969680.77767572,326429809.8291226,559703521.623323
79144404.43554902,90801872.86664669,89245848.1594315,304071958.9129108,563264084.3745381
79861225.65413374,82388226.725741,64772856.89981154,303077827.42443115,530100136.7041174
87563224.2454308,61031703.49283261,60424503.89832548,269789394.114712,478808825.7513009
80586224.9508333,88317024.0970989,60118254.90935655,330636093.73416317,559657597.6914519
83397878.45496663,72945003.42210427,71149190.82283634,320797433.91004676,548289506.609954
95552160.57573378,86891547.61934367,67467099.11533357,288972312.7836395,538883120.0940505
73297139.31057835,66514637.06074995,87753236.44314742,370650891.9302531,598215904.7447288
70241342.51291166,62200928.11862055,63564796.49174794,314285933.92995703,510293001.0532372
95220248.86464213,75386841.50990433,65290511.7019599,315346197.06029,551243799.1367964
88415755.21197172,59085879.956538714,58176743.900011554,261680113.31329808,467358492.3818201
89689477.49019268,108117475.11062497,79648489.27867487,317177141.07245374,594632582.9519463
101079861.8884248,83208748.19254826,72775511.79623477,337590147.8643576,594654269.7415655
121222326.60510327,71969070.58824489,70000043.1383793,277559130.2364724,540750570.5681999
95321381.17934687,69841675.43375121,61170954.67598734,286986150.7352811,513320162.0243665
101957983.95562568,87674668.82166141,61034716.114728436,305090280.6257867,555757649.5178022
77840723.05447839,64138846.420129694,59669534.75641248,281745061.2570516,483394165.48807216
128625493.42999427,87379467.56858912,61009031.37896467,285050782.40530145,562064774.7828496
102704686.41133839,100523253.14537741,61958009.54306648,248189441.35426748,513375390.4540497
117672826.02490498,85206126.56440897,63749796.07265277,325713741.4769087,592342490.1388755
57180447.04132171,69187135.57521875,64187374.66031498,331050680.7025353,521605637.97939074
74138291.10010734,74085231.87484255,57925617.956219435,302112336.53440034,508261477.4655697
75559199.73714748,70281063.4283167,56318832.253680915,312641640.0339326,514800735.4530777
100059610.21488194,76418334.32085605,67170976.63040657,259389220.33310175,503038141.4992463
83121701.5013204,74848112.91322638,89291522.033921,287475971.5077021,534737307.9561699
110251695.8137154,90055042.24868616,74347132.25366749,390682612.0188985,665336482.3349676
92562461.80414256,80688062.2118376,67535657.59304827,354416691.4888817,595202873.0979102
103947073.59447788,73678414.82089895,56506664.14450113,286287591.36628693,520419743.92616487
76721259.52936532,73387416.05921254,74758413.85342243,295993559.31396914,520860648.7559694
86611949.5815528,76499609.52078289,73217890.28436235,241102252.28865197,477431701.67535
79133765.63304685,76287279.05111617,75760765.63685974,296947589.4842012,528129399.80522394
64572459.64304704,76367286.6221982,60091353.955985725,258288833.34938124,459319933.5706122
78910476.87213624,72832364.1304306,60026917.518857,229516817.73336008,441286576.25478387
100680270.12228721,91097464.87932752,77545093.53130132,282791785.00645167,552114613.5393677
84438966.8257292,75495318.33541098,70578707.31411064,333579812.66823006,564092805.1434809
77534756.06483288,74809723.62192374,68731440.83437912,362060444.22422165,583136364.7453574
97623059.41048607,85527562.31809439,70530687.41096875,368168558.5284131,621849867.6679623
93122334.0637644,69936601.0546565,75825941.9304745,338778532.1216472,577663409.1705426
81235086.12244189,70858409.5791512,66202396.47129399,318777317.70495975,537073209.8778468
90007179.33863658,79459925.8883307,82465018.84456973,364867974.47045416,616800098.5419912
89911284.0041531,85435260.58932818,61398054.73979468,316444818.5277674,553189417.8610435
116516651.0338784,79254665.64184839,62033581.20881514,280431509.0953993,538236406.9799412
73244544.00603263,66816699.581377305,59304389.664400525,248661161.74078506,448026794.99259555
87426333.23442736,84512206.4556852,61918381.632979825,360209026.85048264,594065948.173575
94641179.27365698,87329944.28169528,64991607.28812519,339067707.5325318,586030438.3760092
73217561.6099821,81067878.36108135,68339747.5374555,327981962.44118613,550607149.9497051
72243188.42895176,65765401.1902901,66028613.03342403,268545407.91429055,472582610.5669564
93922726.41092713,66095133.12114846,69447151.79934715,264333036.42154807,493798047.7529708
95272353.1510787,83466073.26234213,63559006.092730284,325551841.88378793,567849274.3899391
90922014.31287053,72195460.32899809,57598466.40447293,234013291.96125138,454729233.0075929
92230207.94752206,64337749.73597682,62752489.42009062,287540263.20812464,506860710.3117142
97227347.69846489,75333540.20626983,63807003.1424686,328592593.94994223,564960484.9971455
92014941.81755213,79903161.78407069,71539747.33241919,261452265.3541567,504910116.2881987
98443825.76160176,83960484.03257722,61481733.37590952,293993154.8576188,537879198.0277073
86660731.06404594,74827288.24775812,68279050.80072755,361115232.8152488,590882302.9277804
103702625.33559467,68026636.27769463,68880411.05586305,355619422.9713382,596229095.6404905
92780658.47536111,87546102.01278532,89160000.30058639,373200830.5479235,642687591.3366563
90760051.73768775,86649656.94892254,71045171.58656107,314475233.8581998,562930114.1313711
82435870.34076941,90009064.79675834,63910635.14063414,365246496.0443819,601602066.3225439
94475703.67878479,65937792.7626372,65565675.10567679,235905766.67608887,461884938.2231877
96395841.47628641,86234940.69492267,65253026.02460972,311780104.2286316,559663912.4244504
119250981.06699166,77069295.95830597,59923371.049764596,354643018.38314074,610886666.458203
119412069.60490839,81764045.76693653,78442256.01362735,374477672.5300755,654096043.9155478
77431640.16512664,70045038.51189038,73365110.4025407,375415349.6258369,596257138.7053946
95433920.23354413,70174649.91566764,81512891.79903887,299549887.6842063,546671349.632457
82651017.99695735,78218090.7364236,80053022.36742628,352327721.9129561,593249853.0137633
93198458.86714485,81508175.72808844,68625043.69101878,329924989.37568885,573256667.6619409
58161096.57054082,67089754.09313857,62829119.535409324,258791461.22769377,446871431.4267825
92773449.75106847,75381284.85815805,81449705.30500804,383731256.9394022,633335696.8536367
80939524.08591518,73538397.66319332,64290376.711231045,285858154.8818266,504626453.3421661
89974505.6439552,70222045.22527891,56101474.67437166,312175048.1907741,528473073.7343799
96457940.95728713,70960646.09012361,71991166.02786851,287667407.20915484,527077160.2844341
90816122.0133608,84441697.96322864,68844081.24130534,327179465.3306192,571281366.548514
80286012.89907418,73017594.35143301,63076022.76913311,274844800.51172733,491224430.53136766
84773854.71886943,63237573.11559673,57784884.498978905,280349410.09085745,486145722.4243025
83702707.443305,73328652.34953754,64463772.10521022,318451082.5007973,539946214.39885
100317372.08804749,72883941.24174377,56896619.276494116,259994841.1570339,490092773.76331925
80662657.01918752,71794728.43050672,58616202.0688246,253112243.87041143,464185831.38893026
81065150.21317938,76441575.86761561,70694573.54032233,289985099.78796166,518186399.40907896
81626893.74880156,67365626.79240924,62420662.094274655,269079069.5534026,480492252.1888881
95590648.86885855,63227241.85447311,59194084.778838776,302214970.2115727,520226945.71374315
89813413.96687604,104562769.50341356,78430992.31751297,291013292.840711,563820468.6285136
85884896.55870298,61779191.756369896,60158322.668568134,265304562.44925255,473126973.4328935
100976138.3552375,73841863.63134165,65089247.46594199,281812878.49730045,521720127.9498216
115209437.29538386,78115723.79993795,84678497.58440731,357368516.3449055,635372175.0246346
94206827.48779334,80820057.1745256,71347259.08145708,250115223.0667288,496489366.8105048
83398940.68107666,83063521.99827164,67853872.37821874,262524112.1657097,496840447.22327673
86479163.32161698,92482071.02935313,82819084.36094017,324808028.60904896,586588347.3209592
101560903.42958803,75517964.93844475,54433821.323257506,261607447.27238145,493120136.96367174
112008343.62928946,78042802.51921469,66044545.89167066,295889120.63314027,551984812.673315
118299567.79239908,98400078.87330608,97428255.67375746,337640320.1940555,651768222.5335181
91435715.78401338,64569735.94291362,73983502.74781828,269738358.6065205,499727313.08126575
90288441.8023613,67579498.24202697,58924978.07126095,266194426.47446296,482987344.5901122
79118877.48388392,69952211.95166166,59471543.48280019,323599614.4161644,532142247.33451015
73066128.25118339,74999747.77653109,74977293.95109345,294650701.288714,517693871.2675219
77736844.1803429,72200769.94471022,73834012.51885255,317653039.3221825,541424665.966088
80096153.79978403,78942866.84200616,58508267.14545882,320257137.40787274,537804425.1951218
93105104.52391332,74547437.23088284,59632292.33994404,267930750.4814579,495215584.5761981
95005998.90420662,89431733.55350839,65792323.224021964,325648582.2705738,575878637.9523108
62432317.98541831,65946540.424578086,60720676.49897667,263773215.45326975,452872750.3622428
75062804.91348477,68103048.25527473,64757954.78130426,292816879.63331944,500740687.5833832
60938765.35481231,54925539.59600329,52612469.97789209,293179990.29499686,461656765.2237046
56166216.32158695,65017843.22872751,56505502.64315844,336599501.32567453,514289063.5191474
81993404.49140623,78443885.70100072,67744611.59816086,240124400.98453146,468306302.7750993
98623999.10009801,80231004.96169385,72346473.4774919,491933529.7788205,743135007.3181043
62461459.12979169,86108856.2533213,65555151.19122561,315825796.71890646,529951263.2932451
86574663.42481783,72348910.24316801,60513893.12726508,308047042.12313944,527484508.9183904
68397634.69497882,78548530.19791758,62630402.64622047,263590297.37944204,473166864.91855896
81144480.30051227,86570991.50157951,64994929.98750563,319240470.2060477,551950871.995645
77574715.9703161,80892048.42458367,72868050.3936006,386889697.9481178,618224512.7366182
84790285.64167745,81693658.70575562,68668734.1212756,358714274.127607,593866952.5963156
77725473.23244292,80807056.81706218,65627822.235745974,302728209.3217997,526888561.6070508
88498756.8838691,78617903.33231586,66125093.550468884,313040857.9147604,546282611.6814142
112281841.63121277,90309379.00197317,79914637.4501518,308394965.8123022,590900823.8956399
75633111.73887448,82282571.16479154,74908668.6588943,373431104.0124006,606255455.574961
79168237.66599669,72508297.6185349,53013496.952794544,274233367.90131944,478923400.1386456
102297402.08462156,74773476.5362589,71629145.77506132,303968540.99460834,552668565.3905501
91852983.76853406,67449690.56628878,63856973.966514885,211913582.68734446,435073230.98868215
84636554.70183182,62619646.87370502,70379908.68867892,331955203.87297523,549591314.137191
93974851.88421324,92270251.99970876,64155296.92619185,376353999.1016317,626754399.9117455
101248183.00733645,76606128.32952838,76645144.5663489,278673362.5359218,533172818.43913555
76421141.10026546,68849550.22801046,59082786.90223441,259478444.06373996,463831922.29425025
106076183.80744556,77220556.04754916,70305970.19668263,290675815.62270314,544278525.6743805
65153604.349289656,73494516.50574532,50893013.72387342,281301500.4990535,470842635.07796186
70047681.5454064,91097165.27408502,77928711.24399945,324753358.94427276,563826917.0077636
106768499.64849764,72262500.38252181,70060150.80820297,315465931.0020684,564557081.8412908
90974122.52615055,89001224.54952385,77006888.96205583,331391943.6291965,588374179.6669267
66905758.33573033,64147535.552184045,59695792.10502349,294389630.64282393,485138716.6357618
72770223.29082242,96503580.17183354,85916236.2275208,354085511.4876305,609275551.1778072
88219787.36914271,74459281.41601902,58582770.148716286,297765093.81414926,519026932.74802727
90882860.18293424,66560532.44216479,65371578.442085125,294863988.33665854,517678959.4038427
64250076.10651084,64296754.82897675,57559111.892520405,358496485.52085507,544602428.3488631
95337264.9628637,66562434.291667745,66787639.84304485,252759107.32092056,481446446.41849685
103717976.51096275,74967605.35325047,65790797.503586404,354641002.29080623,599117381.6586058
70963922.3023909,61810274.7181194,55920396.02592572,322252016.044371,510946609.090807
68373844.6331566,51931776.21008091,52833787.819926485,295723445.95962983,468862854.6227938
105689229.45950858,75357626.84561904,63575147.612297036,345093332.6697394,589715336.587164
64642927.31893572,67991233.94297644,63261184.294050835,312477326.33298004,508372671.8889431
80371208.31079295,75008721.09866199,48645954.042627536,261357052.1417837,465382935.5938662
93776982.1925461,69074233.83942635,64364260.624402516,316018886.0761325,543234362.7325075
82552981.8153864,76660387.30477682,58915579.26716074,289041706.2857503,507170654.67307425
96160075.53009595,79235654.66740584,63107769.531660825,310487477.68171096,548990977.4108735
97781133.0274824,61644236.47467455,70270023.0699351,292214322.4351774,521909715.00726944
93357159.42701559,88751565.85698913,60046422.10411723,278235905.8852721,520391053.27339405
83269957.11897862,68797015.68753296,77726114.97568001,284107544.9398478,513900632.7220394
79784661.91126454,76368298.35601814,57040066.75241506,280371201.2824802,493564228.3021779
91755899.27669868,74086450.02045782,64911725.90112011,284736100.1936067,515490175.3918833
68427251.47655192,74759687.02782696,79431214.41231696,317203575.2474659,539821728.1641617
90411257.96597551,83122164.67564216,59067954.03715751,363356610.24695563,595957986.9257308
90079803.02076067,92566060.76504152,65704586.58677858,381475959.36042273,629826409.7330035
98733797.46319778,83441923.69357364,71148136.61055759,304264132.3465041,557587990.1138331
105693797.72700873,80797414.9846722,54364979.44424247,257515925.37927693,498372117.53520036
84650792.60888837,78350171.99183209,66292814.917745486,351209751.7247266,580503531.2431926
63806166.77574434,72086594.54667456,50991408.538589194,308911470.8637871,495795640.7247952
85898727.20288034,79611923.10521066,60691839.15617097,346758856.3371069,572961345.8013688
103039784.872716,84550886.02860363,68717042.23308781,332478777.62608963,588786490.7604971
77874227.99052653,81880707.14344601,82113008.89960249,364590373.82279015,606458317.8563652
77591535.66647103,77275686.48594928,56583274.88018054,312959575.95332927,524410072.9859301
93733362.69721293,62339294.90265899,53444187.420156546,275240836.01442623,484757681.0344547
83105954.82535528,65467510.987371616,64946625.2644646,307594132.4344663,521114223.5116578
84536683.84447493,69256216.68050759,71921003.44097681,372486215.726998,598200119.6929573
80709707.76012942,69678521.33380203,67262193.54490443,290708185.45346314,508358608.092299
85282787.91815467,82474413.26621515,54352874.532057606,340166906.69647044,562276982.4128978
88228881.08614108,72767103.23819725,64297423.35579865,299932335.27779627,525225742.95793325
66093095.44451547,84935936.41724151,68061109.71539149,324356368.33582914,543446509.9129776
101562537.84541982,70019908.12675186,68363982.20942555,296115905.65818673,536062333.83978397
99872626.96188699,61390473.44026167,60522628.607877105,273321871.7021365,495107600.71216226
93458471.18055661,81623335.91001695,62825329.66162618,279112927.0432753,517020063.795475
85676083.13877684,68346104.16767852,69874937.41156428,292798227.421616,516695352.1396357
54749929.99397429,65581499.780011676,53262583.633190796,234582354.61372954,408176368.0209063
71531390.77227928,73687854.54231009,75317957.6415992,323749219.992833,544286422.9490216
79136260.93617456,78473443.11723742,62940014.18358188,278075790.2199231,498625508.4569169
72489236.2470145,59616531.631965965,56481857.60426131,291094019.0259906,479681644.5092324
85868951.98790015,72283739.3589608,57821180.25384055,314524875.6672434,530498747.26794493
70624177.16903248,79354064.95093888,58799965.23584201,271497807.08234894,480276014.4381623
68951775.84234957,68100000.52011523,69796288.91194294,322836213.99859977,529684279.2730075
102000531.98985136,83760752.84323353,60946852.79477202,290564325.9682839,537272463.5961409
76965394.26152408,86267498.48980922,59781730.922612116,332311496.50437677,555326120.1783222
100613989.97467181,97109419.82992303,70148240.26818696,343380583.3718798,611252233.4446616
125671915.24009113,76990107.77961904,56822869.54699963,238060646.3042377,497545538.8709475
97751421.48223352,62838665.88976652,59053227.63884317,306747165.94836456,526390480.9592078
89832703.32279487,80478686.34957036,69556177.83578297,358976904.3866559,598844471.8948041
74873002.54045597,67991568.02366205,57028868.70365859,319117525.3980326,519010964.6658092
100734011.74116985,82842581.4329791,79510105.75597054,280793201.6445273,543879900.5746468
113895506.80020262,96406817.35905108,80829606.04182881,402395975.6440207,693527905.8451033
66887163.59402275,67452402.10646234,56641972.805218376,313845054.3274595,504826592.833163
73709226.33992647,79955903.09055725,78379469.8270697,344239376.6658915,576283975.923445
91262025.70965868,68605511.73616552,57540139.7622769,336939609.3857821,554347286.5938833
98800123.46392122,77939791.08451761,64081579.13286827,240359675.1975274,481181168.8788345
73465157.90774101,91283448.170753,60347724.42281066,308500510.90204424,533596841.4033489
102475683.10179189,68293631.523165,65446647.61986736,335857687.1572889,572073649.4021132
87382677.09474367,106039953.72364894,61964554.62923683,348719348.73467666,604106534.182306
84827799.61091235,82681922.38513412,71869068.32273088,287545362.0749995,526924152.3937769
90465311.04437286,61924771.290857844,65543521.96087583,308810078.9061863,526743683.2022928
96599080.45712595,88015831.973222,73732647.50007698,322651028.81473136,580998588.7451563
75732159.60798068,67890997.41778766,71959726.07286678,361985610.31656164,577568493.4151968
83945259.06247355,75853657.97649483,59142351.886019215,338794745.6058772,557736014.5308648
97013872.13749167,97559447.76637453,66307229.78998274,298774744.2068445,559655293.9006934
90500804.19124784,82698148.87130837,66795988.65479122,278281344.77556634,518276286.4929138
100428125.75937304,85406285.91448136,62734755.03396204,355731778.8296316,604300945.537448
105181639.38069518,80651975.40833569,69222660.81760462,330788210.8574269,585844486.4640623
75967378.31563273,74018592.3127545,50151800.59586765,313441153.06733847,513578924.2915933
67913918.72875795,85544740.34578012,65442071.070900165,298315811.1105501,517216541.25598836
78867669.27013057,71958129.48210566,75930261.28985001,234944192.18587533,461700252.22796154
106995433.854971,82892559.31201382,60158287.63207273,265843401.2107734,515889682.00983095
114062861.50003377,72518229.26704971,57644108.91166953,335614839.43806356,579840039.1168165
92066453.12246616,69139801.26447837,65517532.69406952,267895602.05107138,494619389.13208544
104019544.4517756,89539099.60518517,76103665.80453539,334122761.58517283,603785071.446669
115622275.5333719,81130661.28976998,60152089.26052984,316551312.63521844,573456338.7188902
121796412.32358918,73018843.46525149,63791573.518455714,317124129.8444464,575730959.1517428
86458387.39627199,67813023.6930238,72052896.2935994,401625881.21889025,627950188.6017854
89990449.5240396,69052576.70301639,53028861.409004204,294856893.02174884,506928780.657809
104070461.26400542,83688041.34906153,69523574.12420726,291265267.6367213,548547344.3739955
73214868.06739908,80549362.10697438,74432157.66093493,262895735.79821348,491092123.63352185
112492788.6358031,86156387.86305556,83521995.9540792,280326486.50422674,562497658.9571645
70075628.09888777,71189107.0796891,67255243.81255017,372277105.2420672,580797084.2331944
97647643.68590723,75925952.33104627,58949225.05457214,341613935.9296342,574136757.0011599
74724604.9634031,88690357.32600029,67214248.1967596,371139555.11725765,601768765.6034206
97224054.97012421,76782480.36523397,62864242.240702346,289916666.2711196,526787443.8471801
93399429.1306459,77991840.98533139,62524495.54349367,295654956.2859027,529570721.94537365
88312230.97005105,59691176.15590688,63374577.72473545,263483228.22304982,474861213.0737432
72501196.84181482,60064350.70972441,47964498.14855567,235272165.43679774,415802211.1368927
77847690.16398157,92938737.25698537,66748623.90258114,316499958.44591224,554035009.7694603
92984028.53320831,78399563.60980427,66590241.60588716,266792920.69815186,504766754.44705164
110018014.04915586,98840906.29913929,61137898.30770221,272856198.41505194,542853017.0710493
83386561.88955921,67397107.75045481,66641393.16944909,277284712.41826487,494709775.227728
123347212.88636595,94465895.03711897,75781550.10314803,363032771.32019794,656627429.3468308
104104182.66275151,74230896.02159585,60165985.904261254,300426896.22040254,538927960.8090112
100110657.72227621,79797177.73085652,56435929.4256794,268886934.6378182,505230699.51663035
86180986.1808636,75242569.29646376,83073677.00543419,274021689.6749964,518518922.1577579
94562359.58176494,92061083.79438388,93942757.84910426,322275269.12377846,602841470.3490316
94348180.39636704,82746213.80915058,70357971.70060976,308253878.9919214,555706244.8980489
93514049.00640129,57717961.61020123,64470845.37150336,299818402.5444626,515521258.53256845
84155708.28782637,95623415.73857233,66702102.42624858,297132750.0558631,543613976.5085104
119967258.20355985,74320189.89782389,62756161.21888579,296455142.8146222,553498752.1348917
99776132.72523598,80372085.5754969,58525606.84692937,280003202.9327755,518677028.0804378
79125476.61222021,73785934.12058733,68197094.4371474,320448718.3555578,541557223.5255127
65620518.437861286,80680889.90341325,68328837.89547296,360073720.4030928,574703966.6398404
93637269.88687283,87833579.94168673,74375250.50023666,370825036.36379683,626671136.6925931
94815000.45479922,76692154.97643048,87334745.18469407,361440444.13474524,620282344.750669
95600088.18016174,67060687.06997371,54288791.9046785,297230803.44771665,514180370.6025306
89264058.01162857,71272534.12409872,65583669.70070008,362719239.15653867,588839500.992966
97480837.76333167,68418199.5007281,63009081.29206793,272189008.4602392,501097127.0163669
81958247.81465046,71543127.54695417,60667270.60712922,256418792.63783914,470587438.606573
85443306.57915083,71006421.74728617,45360430.77590787,349568571.9036344,551378731.0059793
103818986.30499591,75809709.38170958,66977901.248701476,267559281.0857349,514165878.0211419
114416483.7393177,100766331.31773375,76842629.10570693,365788697.7345495,657814141.8973079
89690559.86984698,65637769.45049132,59447465.527119204,297395739.2897268,512171534.1371843
81085574.27452737,72994615.94327772,63975038.1691358,297761806.74959403,515817035.1365349
87940813.57551005,67462228.51725988,57887109.38164676,251620631.25333902,464910782.72775567
101990624.78237747,61837218.649287134,70524110.5280283,356861963.6785359,591213917.6382288
83088378.38826579,55733242.75369196,55703068.14292297,281707743.20878863,476232432.4936694
74177453.30415612,69127178.46562095,75383456.65258583,335447301.57230735,554135389.9946703
75206493.124016,61196326.76941593,57655805.17220415,281139636.22885716,475198261.29449326
94420272.56462647,72845851.95687574,69409274.33585371,383772497.9885687,620447896.8459246
99373767.18930994,77960496.25127947,65924632.939719945,293244444.60954905,536503340.9898584
105357670.60529016,73890006.50217508,66570232.17543826,306855980.0974573,552673889.3803608
80474528.14815456,63779822.2218143,63622786.10505917,294422194.31811,502299330.793138
94481397.64184867,72870984.7712577,75513429.60698423,283506864.7714822,526372676.7915728
114715849.2251946,66188627.67131877,67113025.93971698,320089056.1001394,568106558.9363697
76776338.91629176,77653477.37425192,76858089.22952427,244654551.01477388,475942456.5348418
94519296.03693019,58119060.565757796,53217004.11232201,340461739.66800314,546317100.3830131
79450168.80074066,65069956.9269325,60239183.20462657,371711557.1125092,576470866.0448089
65038113.8683554,63068854.11880805,71703875.67504473,376209018.1950977,576019861.8573059
85775393.10163777,65713758.326831035,79815055.66608477,377636420.3679644,608940627.462518
97224299.37217878,71021754.23372789,64423316.55352307,295682287.60911053,528351657.76854026
91952976.22337745,91077060.3748515,79148417.62598242,285754501.3782926,547932955.602504
108714466.02235788,82953934.68647967,75414390.01466356,376220844.84855306,643303635.5720541
72987571.80012326,72794288.86580715,60202186.5664353,246830711.30505213,452814758.5374178
92186794.6224481,103001822.71405801,60243234.72230309,304986243.47737324,560418095.5361824
96628209.71232511,79013108.7326388,66699313.4262065,264075384.29135427,506416016.1625247
90520238.27846055,70330734.15132767,49531544.89478484,323559673.7018466,533942191.02641964
101673780.39481427,79273930.03526893,69806138.85301043,351157184.2009904,601911033.484084
90397874.35882685,85172322.7737865,66932339.980402134,358862473.95693344,601365011.0699489
91804878.27598238,78743638.46652989,57858077.29835694,305829231.3730291,534235825.41389835
76330135.87411825,68595351.10983124,57020602.7194596,256879565.70414847,458825655.40755755
122554048.00394724,95873859.8564092,93300316.48382314,295132872.1266323,606861096.4708118
88208724.7801862,65717408.013937294,57439481.09551848,261352300.39036322,472717914.2800052
106356853.13026036,76050824.71818243,76081629.62273023,338667710.2923023,597157017.7634753
126115178.56406511,69753039.38173999,76090740.81465863,358654299.8243137,630613258.5847774
74620888.78231908,82523998.9596763,70278534.20447783,302438656.83881605,529862078.7852893
76428223.20747998,67977905.33929814,79806803.98743641,314782655.36512226,538995587.8993368
98844133.25263438,71465602.78408979,59293359.397820495,334567156.0392868,564170251.4738314
70258196.24238719,69074523.30124591,62866122.802977405,300943489.5830208,503142331.92963135
84742377.28383827,79149882.9325953,72754722.56401522,340071154.3690686,576718137.1495174
74472562.44603229,71060369.91151878,73270539.4584158,342930414.64340436,561733886.4593712
69996724.06113091,75404910.14461935,51280350.312287174,286573555.55668557,483255540.074723
118178962.47355065,73083420.1082272,60205114.07378427,325329573.5077914,576797070.1633534
68117506.8191706,66889974.98266309,66194671.071415074,278750291.20342207,479952444.0766708
83974037.68356724,82228709.6733658,71491409.4490565,321954343.0911605,559648499.89715
82598297.71154937,78457536.23171979,65688154.808246866,320983813.44005907,547727802.191575
80537082.48842898,73186667.36672473,57542218.612225465,291789583.840821,503055552.30820024
76586694.96680945,64977959.603309296,63388181.778484,303830493.8716492,508783330.220252
98855906.2900675,74499111.55200171,69409794.04764545,328208340.1240372,570973152.0137519
93645899.5504839,70312684.06600726,65516445.01288664,314869781.9675202,544344810.596898
87308252.54302834,59827825.54196006,61182917.318619266,377088063.5354564,585407058.939064
82322088.8613865,69061217.42520948,66185797.437820524,312624380.1521716,530193483.8765881
105561919.7776228,68731329.74545583,70156818.34420145,328525476.32760763,572975544.1948876
85245248.44955795,78735000.06841002,75589681.35971399,348578007.1479314,588147937.0256133
72621032.80550341,80265371.8527652,66146578.6272973,307603538.2196327,526636521.5051986
88236178.44161059,74997134.51804772,75755695.62631798,311273636.72158986,550262645.3075662
72894525.28528152,69828571.72142045,64401823.100419395,344756448.40487385,551881368.5119952
96050475.11688417,70515207.66520604,86680232.82775688,333346549.40257996,586592465.0124271
106968457.17691092,78330489.39046846,72285326.73237897,344612956.46871126,602197229.7684696
105993178.63615084,89880008.31307717,79463507.25416487,312564256.26612175,587900950.4695146
79577959.3124889,77461814.08861768,73880861.63775907,304867398.5519157,535788033.5907814
103427406.39613776,93555878.65828939,65206291.54698767,281502183.50135875,543691760.1027735
85269434.33681752,78458031.45482026,62781689.54449191,352046216.43704385,578555371.7731736
93335886.8843744,77640988.40622029,56478090.62531028,252628921.2204199,480083887.1363249
91221964.8013721,60104788.102873035,68025885.08388864,294926516.24258596,514279154.23071975
146589761.6663444,111766538.20459923,78326457.11427717,327027184.149235,663709941.1344558
102281201.91833916,96059139.44367898,60447515.17929196,248347580.12455297,507135436.66586304
78939680.12833537,79586302.77842161,70880962.43590856,350978854.9605071,580385800.3031726
71964882.01898459,55763738.08576678,63725274.984779485,265967435.82838857,457421330.9179194
63121332.2263636,71922664.14116348,69378973.77363108,300627790.413623,505050760.55478114
81042726.8162662,73487277.83216466,62056758.429347225,255657906.92038694,472244669.998165
77777165.94197173,78758086.68576902,69059997.13972339,314060496.1553741,539655745.9228382
74361202.2524581,71883295.87250657,49346431.36753834,287287416.9068015,482878346.3993045
109629872.40232539,67613472.5413071,59779254.8672436,306415805.1048066,543438404.9156827
106582911.01761605,75631991.58613221,61619768.88844934,239296496.99994314,483131168.49214077
88664521.08222935,96708411.69502956,75293832.01913585,320262418.94243383,580929183.7388287
91823941.93466017,76903863.6899248,60504664.33217445,328125842.2389981,557358312.1957575
90418459.83434157,76889778.82188094,59281457.916163474,344949187.55496556,571538884.1273515
97002779.12891124,73144131.89458062,73826842.803087,294746746.952562,538720500.7791408
76943158.53966409,67763114.85695533,50692096.73784215,297656183.81829923,493054553.9527608
65043710.84630473,61793148.42487998,46557929.1564007,270502142.81048506,443896931.2380705
85133739.17126991,72890443.11866747,57317849.18443434,255921434.89318183,471263466.3675536
93940228.85417454,72633807.5575767,67717846.00433365,275749522.32526994,510041404.7413548
89773557.66129199,89050935.4021734,75627588.78697094,304344089.66176134,558796171.5121977
90874803.99506961,74715723.59626675,65873692.51134795,292700557.1360628,524164777.2387471
84942888.3003869,77529918.75110437,59088270.31486403,263937311.30208865,485498388.6684439
69821150.58067651,60155299.437488936,51251817.99865815,284430107.8640116,465658375.8808352
75590167.39136472,78181103.40448748,66417922.832779445,243082404.30926126,463271597.9378929
96851796.64993878,85588471.88339396,62052706.65764548,318500446.48961514,562993421.6805934
76030722.88645278,74613073.79190822,55901978.831944875,236921263.07728487,443467038.58759075
82022356.86739919,73991607.33438426,62080756.16793511,260758546.75508723,478853267.1248058
81798294.8053056,77378946.59839317,65892301.88123354,310783120.87932,535852664.16425234
78334217.96910486,85038742.94452189,59659239.6696757,316676230.6129755,539708431.1962779
105378765.47399804,83981116.05770205,68049143.03502801,291945300.1412787,549354324.7080067
102946812.81439446,67050851.10519909,56671254.51490897,277750140.94679964,504419059.3813021
106323982.64247602,83174268.1075514,61943737.380186446,292405149.0086669,543847137.1388807
79037225.34478652,68571083.96745831,70704245.22594044,261411244.2591684,479723798.7973536
112834532.73116067,88783449.56016622,81513114.99319308,309165266.83574295,592296364.1202629
85138916.3969074,64148856.48806984,57904663.22298932,307167102.3162721,514359538.4242387
107323155.02029967,70200849.90247534,62198863.344815806,293639285.54703206,533362153.8146229
69740172.6468399,77458166.04764073,60131618.67436503,290338013.09487027,497667970.4637159
81119320.5264324,68345905.82305165,62937182.227933526,290309513.5560039,502711922.1334215
82166432.6440739,69028518.63683653,65743381.96726295,364125148.59337336,581063481.8415468
89183559.22451799,85819373.17365737,58920230.16582995,304855085.41029245,538778247.9742978
73153871.22755395,61666845.182315394,54964917.47342655,326714354.0412636,516499987.9245595
101537592.8409472,81020344.48887284,57137907.6544272,289630098.9039478,529325943.88819504
91524718.87484705,78521019.51758593,53979875.88178939,262586643.77260277,486612258.0468252
86317655.24643621,80780900.7044351,52145343.609270625,283591291.37622017,502835190.9363621
89228722.71370356,84389430.48056908,74924215.95691632,338783614.246236,587325983.3974249
76722464.27479288,59309519.73152767,56572670.75700641,321005249.324345,513609904.08767194
109010095.8484994,86902947.82657427,74535992.1654702,332487409.04922163,602936444.8897655
79777354.4727489,73473679.3165988,78940786.50283098,283854543.27499926,516046363.56717795
112942962.07844235,77757503.65961984,79477248.18928988,272424201.947594,542601915.8749461
95786426.16422468,71403070.16131902,54847846.91135097,297115655.01335704,519152998.2502517
102508965.47028847,71609780.648567,54632536.276015356,286812511.0078833,515563793.4027541
85995392.80619466,80824596.33547065,75715194.37144545,314077406.1015955,556612589.6147063
117381824.77571818,83547480.16485311,67274750.15270935,257370437.17020082,525574492.2634815
83615897.77133279,72512502.77946612,72437906.12530848,326601235.23741126,555167541.9135187
72199534.69477765,74381204.3192653,69980912.74569912,366069121.6443208,582630773.4040629
100526218.76357934,85817817.60564022,70575395.68682069,327653747.06909883,584573179.125139
106525957.87750721,68279989.35149127,61595247.80666927,272043014.0116588,508444209.04732656
92666986.41263981,88940366.83527353,65844662.508669525,234540247.66219905,481992263.41878194
81637051.99847351,83316962.51800683,72718861.3573149,329577775.80538625,567250651.6791815
83384118.80142829,64993041.702298544,65750334.46143518,272146133.36088634,486273628.3260484
123723889.11613835,87999635.02410018,67059813.11469099,290098907.59298027,568882244.8479098
85919562.77290766,73781620.06989703,74454312.34335071,319143633.1544196,553299128.340575
77566325.37328188,92191288.77561791,71210369.3766775,343835151.52440804,584803135.0499854
79114427.33326465,77632268.56438026,68659864.20330118,247299425.20406777,472705985.30501384
120423852.1466649,95045713.91722688,70548224.3627493,279372812.5052369,565390602.931878
92199367.85393712,77849182.17184725,69859318.65302798,316318219.6804452,556226088.3592576
94572229.52801643,91619889.08830659,76615381.88360141,284696775.0863086,547504275.586233
108472161.99586503,96647178.48646823,107380990.96918494,308481828.5436757,620982159.995194
90666694.9639185,60372635.03782146,64505695.7755094,278472798.7610795,494017824.5383289
118665932.51499471,74630019.4998142,54876534.831035055,276533018.89863247,524705505.74447644
63557482.49622608,77256676.47080146,50899579.58321714,285631626.90907395,477345365.45931864
62524517.60299285,68013125.92852227,74986190.43139532,322150986.4560901,527674820.4190005
75945599.10723217,73492278.00707047,64684438.640800804,318035035.0638338,532157350.8189372
70064023.41426343,77550493.4278025,47585316.08338233,261023355.97870842,456223188.9041567
80648824.9455383,80442376.59434086,67396169.19266576,261190379.68553632,489677750.4180812
74482231.18740083,75137018.01819961,64424688.95243744,282012147.7940466,496056085.9520844
80744970.07352193,81050118.4635748,63410168.47645383,299657730.092292,524862987.1058426
123443653.43122725,69863588.59979549,52570165.28499427,314474491.77172613,560351899.0877432
78227315.04705274,71575194.61139163,58339143.537423655,284592761.88794464,492734415.08381265
112649607.28313781,88483343.35386357,79216066.75108325,275071768.8500525,555420786.2381371
72526496.00716548,52588744.62884249,51107039.24650327,307969977.47839016,484192257.36090136
94734499.60704103,75590804.97580034,66141512.68642551,281484670.8480569,517951488.11732376
90114864.32298328,83764910.99932823,56852000.05488976,306582633.72417337,537314409.1013746
101252127.98207337,75043571.44533327,72193925.9433118,430292656.82599336,678782282.1967118
85762872.7971323,79342004.08509026,61513328.07343661,306525847.1149713,533144052.07063043
93878597.62682256,79150737.68646829,59820015.47455852,305715727.6713415,538565078.4591908
110216720.54178293,84524759.20077434,78578431.88170293,312994607.20546764,586314518.8297279
98335292.12510976,80771211.10198647,61003490.65967624,311952780.17423236,552062774.0610049
74402318.06247509,68241144.54381873,63984553.099226266,308705085.4279407,515333101.13346076
72085585.80828464,82323838.40661946,72023594.22458394,287775998.4375782,514209016.87706625
68174435.62235057,70779669.01795506,59843204.60464037,297942315.57300204,496739624.81794804
82281529.90978307,59569788.61717351,56987330.78538005,277119885.33628505,475958534.6486217
96521778.7169155,71846288.16837141,79395683.35735351,254544581.7285497,502308331.9711901
107583061.88788314,77777509.7432099,74953654.33705531,318404434.3405433,578718660.3086917
104666762.95816807,75852704.94044955,58713715.57611028,349196093.7828462,588429277.2575741
85637466.24282992,77758169.71064916,77090736.65842329,281085089.13185483,521571461.7437572
95933589.9063014,72649684.85696322,64312386.39958554,304123166.98305637,537018828.1459064
68583561.44740987,65872886.41458415,71982286.32953714,338371826.83162683,544810561.0231581
86337537.21673338,78096094.11931038,64457566.96336865,354401006.2012071,583292204.5006195
84454369.06946069,77605352.12479377,76148255.7180319,288457521.9116092,526665498.8238955
111934834.36336128,67492816.29023282,77799149.53028579,301339129.14110225,558565929.3249822
83883601.83431831,60647795.92836262,57026573.61536582,255220940.36395758,456778911.74200433
79121777.8803789,73274949.12091708,72434734.33987536,317184808.3684706,542016269.7096419
91612358.02200556,67816910.2018717,57059807.964880675,357817936.7450655,574307012.9338235
77522002.6819361,89719546.17897038,68035719.29046164,310612802.44489443,545890070.5962626
103513455.28993554,91641003.753294,71153040.58974287,302177192.190209,568484691.8231814
86430485.36904281,78975269.63613893,74525794.81801425,314544697.2594462,554476247.0826422
96293678.56448993,94047548.19707057,75824620.2483026,332967705.6405228,599133552.6503859
68378610.46561986,53154658.230898164,58911380.05340394,282463529.52154577,462908178.27146775
80307190.51413769,76827889.18406068,65497003.29605515,345632144.533088,568264227.5273416
88418839.91332366,70036656.77237947,71975295.0334078,300916572.38873774,531347364.10784864
94880099.94174448,73415407.36696142,60690643.94867243,300524188.1604252,529510339.4178035
87387285.50921524,80480373.80871251,65494332.55840135,247179654.3993083,480541646.2756374
81368798.48190343,82112389.09706473,65465153.817048855,296918393.89000934,525864735.28602636
102130543.14893264,72656810.56497021,54652482.554801054,284932540.21513945,514372376.4838433
80701792.19501854,66885585.431731954,61138913.27286114,312061328.3072109,520787619.2068226
87078324.19923773,78826658.38988516,83117736.72014719,310316814.5080621,559339533.8173323
91183106.526586,72490005.63350905,58824880.18301702,275689847.9701806,498187840.3132926
80771807.80700165,77965344.06649029,87707334.06236716,300522830.46479875,546967316.4006579
81579490.61567037,74419816.9126634,68336778.58431518,315353100.15877914,539689186.2714281
107117676.30871533,60255304.02002913,46028237.8314818,258810367.4237586,472211585.58398485
103960906.47020362,66102025.93013877,44285629.10078425,292145478.6740408,506494040.17516744
90677951.0883976,67700937.14928749,56275420.09699914,259325918.14751127,473980226.4821955
88765348.22941439,71081892.33564685,68286941.79282762,219702315.7369102,447836498.09479904
76026417.44595549,64779975.965436146,59529106.71378224,274391722.0249678,474727222.15014166
99093175.2142025,63206799.60303067,62258460.175601065,315285150.95168376,539843585.944518
117403333.1388523,77009828.88522148,70504148.82065877,252764074.87378123,517681385.7185138
59456936.84489223,76924653.02488202,64558528.385706335,344822276.31261957,545762394.5681002
69990632.86081642,76884229.39108609,81552175.84178558,335269259.09944403,563696297.1931322
91157306.76617406,76951287.80118911,55289683.8289323,341280183.70678574,564678462.1030812
79081099.93865836,78902402.79553139,55335896.392187215,255047952.04988366,468367351.1762606
109739294.88358487,77026630.29871747,80221382.02079545,317681062.1616725,584668369.3647703
64931805.37849419,78906412.95992382,61238083.768973544,323360719.60970515,528437021.7170967
87560734.5967893,63743594.70844653,62799548.06745178,380944124.7464169,595048002.1191045
94371707.71155642,76968904.70600945,75862109.78430817,323195165.167489,570397887.3693631
90183802.84721147,67606036.05294017,64967722.65855859,338043467.1538778,560801028.7125881
76279948.18488218,87031450.80401036,68349154.36084642,279877064.1509719,511537617.50071084
102314793.82840918,76344218.01682849,73256344.54098383,302654150.07412004,554569506.4603416
86376444.29894103,80395703.76543911,69899443.29056792,246484518.00868556,483156109.36363363
72874711.4424632,81348681.40402962,65989815.803446956,287409589.8805487,507622798.5304885
70157034.77230725,63951515.14933095,47762467.421419665,272872321.4461671,454743338.789225
79238542.73633325,66605997.38340062,61736861.13204665,308039199.0788046,515620600.3305851
121935964.72133969,68963207.34257096,74672871.37361743,349434934.3297548,615006977.767283
76979031.81861,75740769.71020712,61940278.32055227,305391927.4258672,520052007.2752366
111048240.32798336,86217629.1478641,75100509.51599596,303354095.41688013,575720474.4087236
68761331.14517757,70398770.32821499,72684012.1722469,258540300.44786704,470384414.09350646
73650837.59893805,74321942.75006536,57566766.95199636,267469403.15504837,473008950.45604813
81488442.73154837,64011765.84973884,54681273.1763026,310054208.7736379,510235690.5312277
70734669.54400787,60349598.5877255,55069912.60562849,309265012.6023481,495419193.33970994
84500780.76929313,71617778.21450861,64708753.07117947,246315338.40362552,467142650.4586067
94397692.62487629,80994544.73149113,64932120.24047354,342607678.7209994,582932036.3178403
72801782.85266514,83215924.23678565,68890319.92919365,297336042.2470132,522244069.26565766
86930845.12800775,75115948.64202595,75980267.18126597,277866345.5665628,515893406.51786244
77183609.19243659,83438902.85313126,63359510.53492659,336294754.2589356,560276776.8394301
114484537.07919094,77281798.31399614,73523743.7981239,275137591.3485749,540427670.5398859
98411428.81997569,80043989.62419857,71966424.23639274,290393949.78934216,540815792.4699092
66839406.56924719,75939062.65722214,50741629.02571417,274089743.9899015,467609842.242085
101394053.90583257,80517781.2037399,86109971.90448146,367880389.7442384,635902196.7582923
78537910.6878293,74555867.41250184,64710479.56667638,251604422.75200474,469408680.41901225
75016029.54891203,68940121.00482787,49374138.93945099,282012241.79159784,475342531.2847887
83798035.98604155,62173122.41217763,63768500.12512104,321577040.2748395,531316698.79817975
90436893.3914454,73918594.41372228,70265955.24568918,333410334.37594163,568031777.4267985
91608351.80210531,69971215.57946861,66278581.87756197,347145812.8451719,575003962.1043079
79261494.58270659,94890969.81013104,67395812.74669214,312655753.9967564,554204031.1362861
78304488.68983638,76210666.48127384,53386209.80611915,271052803.31227946,478954168.2895088
73215365.56674428,74299843.95131023,72752909.23108011,333937530.8707641,554205649.6198987
59650503.91953719,88395230.16453849,70754153.68342686,285142109.7689604,503941997.53646296
89430125.3856493,78115756.10540028,61833020.24318006,307275270.57491535,536654172.309145
79123983.29339053,71050301.35051455,58873103.475434214,249124067.7375258,458171455.85686505
89268564.80946009,81860992.65110056,72472556.67084901,344422937.47055435,588025051.601964
91857149.22800234,72414304.25739,71850387.6389088,264784060.61446872,500905901.7387699
75494794.50073394,65897131.83010676,70195228.51978281,339043777.48507583,550630932.3356993
94285889.30196941,87673106.37227575,63389930.96128637,318074707.70682305,563423634.3423545
85477249.93471625,83545097.53507872,67597139.8025309,295192095.9601783,531811583.2325042
95098715.80762298,85880501.65162337,64498658.40267175,304195940.01876205,549673815.8806801
73611322.37380067,54885382.35420822,58666013.260103,307197892.3028948,494360610.2910067
90945670.8927726,61346430.37652867,58334891.077183045,224629348.9296382,435256341.2761225
108596228.07755636,70560554.00711943,75597359.66222207,349453973.64049613,604208115.387394
75495774.12606591,64626914.8836483,63876786.38092749,269371623.0570374,473371098.4476791
88650983.9699585,72248324.36074503,52477073.70108357,221782943.03219414,435159325.06398124
90431821.36242823,71918117.02247986,60677455.24201595,321559596.6834106,544586990.3103347
105236286.85968074,76959719.61096303,64634635.32382715,321976422.31266105,568807064.107132
70175444.8103316,74338757.73138405,68839591.7691177,330587126.2630039,543940920.5738373
63952952.126640834,64967895.6863894,54682876.35614756,288539955.4475225,472143679.6167003
94186883.5549319,92058787.78504111,67651742.31238511,294455346.53973275,548352760.1920909
104836464.05347252,82116321.11276111,80252580.04671158,333065570.01279396,600270935.2257392
72457274.65826191,62563449.94041228,50174359.62146863,301037246.2986205,486232330.5187633
105491986.43840693,98381632.23296687,82084767.708536,376382893.7171582,662341280.097068
79472636.9755102,65205492.00233702,68268115.11343415,316997371.8253428,529943615.9166241
88721422.24865246,79899788.05913746,70127527.67661582,359589087.2729312,598337825.257337
107304638.54041651,84945488.46464002,77509645.83025096,340097794.1645198,609857566.9998273
80999633.776924,81675652.45670803,57338241.9112608,333716488.2557615,553730016.4006543
72024540.31787437,75321433.80568536,58747616.65439709,314031551.915545,520125142.69350183
86735453.78135547,63228710.722897686,64484354.14582185,278456780.91372,492905299.563795
100423931.43658237,78593743.56278092,70888500.46094356,278773287.67521304,528679463.1355199
79354165.73187977,70652916.39699835,70548222.69613107,371980266.62297815,592535571.4479873
76658219.14948355,83700723.27473563,52612057.75760423,252733320.5185975,465704320.700421
74795562.23570256,62874826.9081855,50197083.21988197,292851040.62219036,480718512.98596036
84269084.45205091,78899731.52805772,72612888.44355138,321947762.3526779,557729466.7763379
96895040.89176758,77323500.28234716,58229563.97420914,334429030.0531211,566877135.201445
79356962.7110015,66867426.15376334,61040649.072305895,265356504.05411467,472621541.9911854
81568973.79313585,78000147.34909596,69245235.7912408,277991093.0964103,506805450.0298829
80656167.03128117,84646671.33945547,72762397.16318002,398821480.39136076,636886715.9252775
105349020.15117522,90661300.12532748,60968286.094245546,332078355.0559445,589056961.4266927
86469437.28714302,71278090.79402192,65647184.00213608,336768053.6880451,560162765.7713461
94490341.77259876,70027543.92734669,70220220.63917667,285307195.2498965,520045301.58901864
90287105.1887107,74067799.12278776,63873085.71029443,329086000.35201997,557313990.3738129
73826731.04126263,91742251.02509743,56734377.41190306,277774086.89325404,500077446.3715172
92534397.91925131,82521336.20859227,67763801.20488809,306751644.179349,549571179.5120807
93134075.19888158,75216261.35188742,77977918.57150307,348945286.6375062,595273541.7597783
100290182.8095318,70264899.71607435,64058321.74480524,290422581.3659758,525035985.6363872
74236832.72668003,76493971.93010852,61440208.52018572,321803643.7774695,533974656.95444375
73472933.0002633,89280141.11890347,62600828.253991656,311699344.48994625,537053246.8631047
98998255.63854763,73332463.24294882,72711272.47458558,270122938.79345435,515164930.1495364
110038984.20642711,80359259.52132006,64003291.16246584,294358642.1963826,548760177.0865955
99269083.51535763,73260946.69756028,60121566.21621838,289638902.412411,522290498.84154725
72227369.6329091,89983165.1995459,65223880.45298338,337917791.1855464,565352206.4709848
90182876.4557847,68447087.8627209,63460260.91811894,326912436.89384407,549002662.1304686
84618053.75678106,86753929.34708291,78472153.3285091,356689069.2657401,606533205.6981132
81019260.93925908,66072762.092251904,57775586.334351614,297234002.35863495,502101611.72449756
95173034.47592872,60412987.800637506,60577961.7516429,297715535.0258558,513879519.0540649
83416827.24222785,87458844.17622513,73248486.08781923,367110734.5691765,611234892.0754488
84243545.27820762,84145799.31324388,83340681.20911199,377581284.7468361,629311310.5473996
73215126.46715961,71036063.88572507,60959820.10077976,312960835.2747248,518171845.7283892
97339682.90714674,70823884.24167286,65254739.22333338,239458249.85918546,472876556.23133844
109859872.77525121,75591133.08305828,67466493.80582654,296143057.08492327,549060556.7490593
104775297.87110928,57174293.660159156,59601695.76239022,286705454.3477188,508256741.64137745
81097408.66712965,91377445.1032551,63700921.580415405,334766026.29095197,570941801.6417521
92327779.12965329,89188173.44858892,65354549.13354198,283309593.6856123,530180095.3973965
103940426.66912827,83184138.21223566,57757543.29391239,279924297.9110148,524806406.0862911
92774331.2844688,85022046.4184438,64043354.17665298,218470770.1109207,460310501.99048626
94829768.30074078,67371893.00037892,49856798.57797677,203346376.88031718,415404836.7594136
99349579.0029743,79563201.51763846,66129503.325407825,359340004.9240555,604382288.7700762
96578423.79057065,93871120.22100805,61407316.68488537,304008454.6607364,555865315.3572004
67316013.87763841,69891458.52965233,60895400.2122753,316972667.2876651,515075539.9072312
87846586.13073318,81923152.80553782,74048818.2477629,403577144.86469483,647395702.0487287
82914044.26180975,67493330.49939623,64629957.588796556,272912873.9950663,487950206.3450688
110566120.22372434,77730937.82363617,63408414.732923046,287103226.817401,538808699.5976846
97840772.94162485,76708627.37481703,61963455.655339584,363855752.26567554,600368608.237457
76034721.35658024,74080796.17368525,69966146.90623058,254684535.50036618,474766199.93686223
94179582.53163698,68562469.24242029,70277167.44522038,274360625.4345661,507379844.65384376
97439737.36557591,88676185.68404791,78461947.16621184,331723393.36299217,596301263.5788279
84036847.83885962,70610624.9220926,76171549.77192236,288594346.90127933,519413369.4341539
73863716.79708315,79147407.91114832,60384328.57082733,267241923.00513786,480637376.2841967
69208210.71444108,68303046.6604655,61657029.484034404,303722599.62812215,502890886.4870631
101558577.20540693,83724276.17653574,67880573.22406788,302793525.3258846,555956951.9318951
94631561.68863413,89802559.26596723,72126738.87349676,299392794.41203517,555953654.2401333
74388387.1293945,62128456.04458697,65205810.556150466,317607686.1918777,519330339.9220097
95655509.86100017,76573472.58764854,78817332.9147614,301084063.00577396,552130378.369184
101623049.3604304,78441803.77173033,62938610.94247603,323699032.37542343,566702496.4500601
93120445.01733837,80498366.65771188,68585178.04915419,307683478.32253903,549887468.0467435
127838099.90832502,95165920.89858828,80952910.07156952,332453189.6312619,636410120.5097446
102470977.19879292,83808052.84028916,69722845.40858506,301163860.63223976,557165736.079907
86085199.78599879,52620493.59349226,58400754.273188464,270143798.5991133,467250246.2517928
112543799.25011675,80818932.56255767,59893449.65722532,298347545.1190882,551603726.5889878
73756688.2090613,77386856.7272326,68067720.47287703,341877844.2630347,561089109.6722057
76833842.078935,74243284.53133631,55171009.19600714,314520031.542335,520768167.3486134
94763702.41706559,82124385.10849042,68572939.89893536,324777731.4888835,570238758.9133749
112754302.8927669,78060236.45069285,69143932.88898034,273368989.1565593,533327461.38899934
75887641.69901015,74582439.98628306,74004799.20719774,302556736.21387124,527031617.10636216
83974756.55834931,71994487.10494173,60514808.41447611,306543180.7019928,523027232.77975994
68616124.67689598,83569771.48541395,62350714.4966662,327611712.18115985,542148322.840136
71159253.756613,78512202.85339457,71443788.51502757,324067532.8914768,545182778.0165119
74369776.07141013,75553769.59282844,56639424.244736515,283937565.1962771,490500535.10525215
102836836.97264804,86619094.80547146,70577042.16903278,280465877.6301572,540498851.5773095
96706303.38019599,78086941.06386623,51101503.93999881,314196685.8848019,540091434.268863
86870182.18988769,87366387.17723095,61340922.67477444,210068080.04374668,445645572.0856398
91193842.80879316,79514788.81406125,55232537.51431581,261666074.09623408,487607243.2334043
135573045.06978104,81199181.38858117,76353650.91362412,296302240.7203259,589428118.0923122
62399575.01784202,69170365.97907263,60194168.5925208,280300588.94801223,472064698.5374477
85621557.09517232,78139312.60129131,65544171.23684677,263255433.9936504,492560474.9269608
94268973.48645742,61849104.894169144,47967268.16904644,301381304.14234793,505466650.6920209
94584032.19905938,77009228.63002093,56617689.706622116,270936551.9069093,499147502.4426117
83614729.79760714,62697248.33485592,55863616.631397195,309389973.25059104,511565568.01445127
109602622.98419333,76366132.28491682,73598785.19648542,251725719.7300012,511293260.19559675
96921237.4283207,71040806.23495997,67196188.53871186,295721290.57749116,530879522.7794837
107742480.0801619,72176721.29753718,70774631.76768202,299298829.2746223,549992662.4200034
85024947.80636446,74081208.6765603,59048917.305102445,294904236.4088674,513059310.19689465
86337417.69455388,78079088.77534671,67412366.92021397,335978232.52558583,567807105.9157004
101107498.25946733,69711088.22700499,71494807.13346408,269215083.637116,511528477.2570524
95816367.86538109,83517070.91057159,55070212.932064384,297296683.5146211,531700335.22263813
80904658.12031609,68546417.40414904,74004889.3934375,287158334.14237374,510614299.0602764
76643425.9450904,74559563.2154615,70464564.7187661,302992346.8153519,524659900.6946699
105117179.16206045,84420458.11135632,53940656.88215963,276054294.4939357,519532588.64951205
79704269.9196628,78814005.67876022,48795332.562471345,379802083.67763275,587115691.8385271
94948336.18562788,78934292.15587023,77638078.2569132,416310796.38591915,667831502.9843304
100256819.8302071,87647496.59295483,71759593.52968721,310109400.9815872,569773310.9344363
80810143.88294108,67997394.20551793,57927346.793132156,249601621.7940725,456336506.6756637
86154788.04237524,62480400.89353055,62422362.62595474,293676971.39135796,504734522.95321846
89284274.26081772,72037355.34360597,93292089.97731705,385159032.9156348,639772752.4973755
71449925.74130046,74726572.88900962,60196775.52663936,263567443.94524285,469940718.1021923
70365208.82473604,76201863.4286068,60079416.16482058,331370470.0551144,538016958.4732778
102251735.24028215,92469463.62487459,65342162.25402574,327103783.98433447,587167145.1035169
96503127.11878344,73725845.36660951,59993252.32887617,357357558.9659936,587579783.7802627
90443575.76563153,82585886.37859869,62125110.64450658,262731423.19007888,497885995.9788157
79607227.07965595,73489346.95733012,57084936.94147146,292124077.5945335,502305588.572991
66546540.286165915,62896414.243185,65045054.03337338,318146276.6763153,512634285.2390396
81903446.5385447,66712096.288452834,55264739.708544336,275703382.3841985,479583664.9197403
96689746.46743208,86724180.77863501,66162920.32328586,270263110.7788362,519839958.3481892
91029842.74659097,69879459.67296496,60258376.644574344,344257104.5148454,565424783.5789757
99558765.24660747,79871458.51386608,58513553.86826177,304794512.4980436,542738290.1267788
103385765.0736314,75743690.64432636,78389322.13865077,368929621.0739527,626448398.9305612
113831847.14687511,83747414.51410152,75059240.47665067,374129695.8593156,646768197.9969429
93685199.95882963,73003607.54768175,61960470.94006645,307226209.9040452,535875488.3506231
70925319.52400157,71431027.14456101,72321285.73326598,239677793.33106804,454355425.7328966
111499976.22720307,91603337.68090364,68620626.32020664,333782582.80016106,605506523.0284743
87251915.45499894,87731844.31188516,78635283.10771546,273763871.02111715,527382913.89571667
95807262.11529644,75923211.37777025,67143021.25174032,281399110.41674024,520272605.16154724
115380880.75351867,91443532.29966624,66495370.96986738,267030097.39787865,540349881.420931
81984859.50929727,78910027.27773082,68706641.17854658,355704215.77994597,585305743.7455206
98967511.37445168,87600316.08923218,73364646.46255632,270042661.2342033,529975135.1604434
84517335.51394928,85408457.49298427,68659459.42823485,328747933.30652314,567333185.7416916
82868226.85003392,66796504.18645831,61600704.078151524,306233891.80390936,517499326.9185531
78515409.6623021,72320793.2885707,57507787.71918139,332656441.70308745,541000432.3731416
83191225.54654673,89050255.26917091,84112119.77409197,324013739.297886,580367339.8876956
74202990.66632347,57665319.04967462,49103668.26107967,235338910.39630267,416310888.3733804
108748823.12753889,81091125.81263077,72142446.29770645,243116648.69730526,505099043.9351814
71984834.5147641,80726792.1988412,69076721.81354676,303196376.90832293,524984725.435475
95463901.73701689,93835390.49607642,70490518.40463343,318043350.03010136,577833160.6678281
89939528.0549219,101023922.3991406,57864947.795969754,327221060.39425266,576049458.644285
85619343.94355543,80916537.66053022,62588480.47385396,300295760.9145729,529420122.9925125
97731051.08106765,111880383.6584254,85601566.52008805,304875198.7466759,600088200.006257
81486340.4967525,71121902.49742419,51746004.50401313,274244373.906414,478598621.4046038
98066835.9709379,67465364.04891002,71925056.90445608,325707096.3292,563164353.253504
77534017.01275714,72903359.69243816,77878523.99587764,342652289.3257374,570968190.0268104
87330698.15684086,74070240.07473268,65994528.89541724,286225580.47490686,513621047.6018976
62255383.50675401,89257297.15942001,70074348.46719654,326112554.3582462,547699583.4916167
86402983.89030306,69766374.20260797,62406932.058175124,247811372.44041187,466387662.591498
125580072.0536955,71684867.53566113,58610074.137687124,281216479.8673029,537091493.5943466
107185968.26416802,79885294.0747159,59076636.46241637,344829226.6936698,590977125.4949701
98038125.69691485,83167855.37856919,75192969.47718032,417677885.2982951,674076835.8509594
123743667.17317642,76111124.51130897,82170054.13335209,337223854.4947346,619248700.312572
94464080.55082703,63742691.69936946,60683444.58160503,267637911.84490156,486528128.6767031
99573806.92692034,88756030.49134852,55501067.59726305,295735996.4111571,539566901.4266889
104370610.792284,77581124.95829408,73568572.35336514,326781549.4870729,582301857.591016
92112277.32387243,74680462.57811153,57015776.469774805,257972623.81601208,481781140.18777084
97698846.72914341,78268663.16244316,66298987.567770615,291410519.8290675,533677017.28842473
83048361.31696008,84940190.51994218,66159100.307739034,263361335.35323712,497508987.49787843
98236945.40456133,76362243.40476683,67008828.05879786,368238083.30952495,609846100.1776509
86921283.05843678,78632633.71413298,58226181.13039425,288680647.75281626,512460745.6557803
96149448.97158732,65018547.57485576,64000876.03838072,301754876.3598765,526923748.9447003
87786447.77131756,85918850.40622352,72241809.9829213,372722179.2210679,618669287.3815303
74379768.82761316,74571221.42027433,65480881.90557875,267425561.403925,481857433.5573912
101639743.73637542,103059195.37323111,75319622.10409968,342999249.0162395,623017810.2299457
88396295.75539875,70302730.27765104,51651991.095844336,262604539.3962951,472955556.5251892
69782968.58904748,88090908.08773105,68057787.13174869,297458117.18056124,523389780.9890885
100552781.79226564,69054670.92339483,58644762.888171226,296132578.2226765,524384793.82650816
102826230.26721196,83716039.85616246,71569683.71594748,316657559.6814399,574769513.5207617
92980372.5803593,79040499.783578,59672852.08697608,299871586.6195324,531565311.0704458
73431798.35057904,73885246.82504775,60954693.673476875,397549768.5300976,605821507.3792013
86652583.9158566,64621107.32005402,60903841.442184255,312159512.33179194,524337045.0098868
114007546.32394734,75553606.69120504,55691074.317658514,321965883.9110927,567218111.2439036
69910027.43143348,68830105.00795962,60621550.54344042,292046333.6122368,491408016.5950703
97383508.50597824,72112429.62852713,63121448.08679139,299624528.88187975,532241915.10317653
89322352.56581879,77390931.68317717,70202275.73408894,341000771.93297106,577916331.9160559
92867253.87046711,81351199.83754084,56535229.136853956,296876867.1117728,527630549.95663464
94168227.37448624,84244754.97843622,63776531.136573955,282681343.4480234,524870856.9375198
79547958.79971765,79299640.4743301,75473100.09010196,300635828.90124154,534956528.26539123
100856098.73139243,79787856.30920787,67076834.92114561,300131194.4428965,547851984.4046423
98283515.12731445,81194596.03705591,89621015.64596428,299425739.75438464,568524866.5647192
94752026.09215155,72955317.34328374,58977172.8524815,295031530.62968814,521716046.9176049
89147366.03553846,107135782.82173155,74301083.60270008,283675960.75349736,554260193.2134675
91105196.19057253,60490801.68131978,59823011.196320385,291834886.6763134,503253895.7445261
99041720.45636673,87656223.85973851,66505622.77494033,304077531.890742,557281098.9817876
77139106.24589737,64978695.01299099,63807416.3199467,256546636.96030757,462471854.5391426
81605601.91414942,66831110.244349115,66658860.36575956,370490481.24988806,585586053.7741461
70800192.1088443,58609799.11596443,57791076.528309785,287414553.7354261,474615621.48854464
90315682.22138248,72860270.52849093,63592174.28002894,313545041.1057314,540313168.1356337
103018439.09534213,63065205.13104899,59384067.12742061,299718075.20322037,525185786.5570321
75285877.15544988,89900837.41121309,64860143.018731706,305416478.9752921,535463336.56068677
95329158.0433492,72533988.34016927,52424941.08783763,273174838.94966376,493462926.42101985
102837289.104533,75991548.87457919,60464184.35375212,332201985.0107315,571495007.3435959
82708783.44932622,70896378.23380063,65155031.0715542,329087781.8539503,547847974.6086314
127701862.2632344,91300302.02001037,83845874.35247934,311140573.30077475,613988611.9364989
73996289.55300698,73853581.14927326,65379172.500309184,266786977.02683964,480016020.229429
84793943.88566652,79192782.00613567,69960712.65498734,328077218.76004463,562024657.3068342
91367511.48783036,72541689.71061943,61216395.96665378,259415373.47510296,484540970.6402065
116059825.41396603,81329342.49282268,67464536.55227658,277854444.54673946,542708149.0058048
139547619.8300212,74799229.40235756,64521272.5652469,319356933.87350166,598225055.6711273
96006160.65867598,86882077.98840408,86968814.53427614,349482862.625537,619339915.8068931
73639734.90718606,71102432.35891402,65919143.72546606,382495150.7043937,593156461.6959598
69717658.40084042,83116616.8076395,68852307.04986036,339998547.75554687,561685130.0138872
85795127.0998417,68796931.50574335,69313473.40491809,328922421.66198814,552827953.6724913
101896615.61787538,78720534.99947996,63104066.0767142,253025566.62732276,496746783.3213923
99435407.35360144,82338868.88533865,61415946.75385537,283681438.55830836,526871661.55110383
80927169.57613516,63051189.04175928,55341024.879496485,251380849.27272505,450700232.770116
81633675.69488503,68845346.95331824,52113607.27481837,358996886.2635137,561589516.1865354
106577758.2619404,72796708.15914167,68036230.47936551,321374342.68287313,568785039.5833207
105534042.72469662,72303171.69391043,74724058.11483757,293994959.19413245,546556231.7275771
70412659.9572102,78826360.86743574,76948312.96120812,425156948.0840071,651344281.8698611
71964562.37296431,78986689.69941238,63046037.335476965,329402361.54787064,543399650.9557242
68910885.1582721,62360107.534842715,54739647.02700411,287204830.96655965,473215470.6866786
78699275.96821016,80235239.99207745,75708190.80830416,338087674.878003,572730381.6465948
113015491.25469914,84685338.02356832,60842752.12791018,353823183.97910756,612366765.3852851
79153334.87177333,82706072.8728175,81801772.56593302,339826980.9701515,583488161.2806753
68628199.76116756,64830780.07161937,71286926.69042732,298584584.126098,503330490.6493122
88326324.81720756,83317085.95391753,74517561.93323372,326298304.48662513,572459277.190984
84341978.17016256,72854076.31206161,71742866.45168218,329453855.4591408,558392776.3930471
83687692.99961178,85434594.73167379,67991820.06368044,280633525.621837,517747633.416803
77227481.72330187,66125974.92095619,59974807.81402371,337695646.8920527,541023911.3503344
76659159.12933704,75540423.81063057,60413291.071588546,288292188.17641646,500905062.18797266
68475801.87525536,70234414.75225644,61488472.170831926,314803922.90595037,515002611.7042941
90382549.1416209,66811006.71604083,71531039.68522783,314377093.0484737,543101688.5913632
90023053.70676845,76576094.6671492,62464859.87126256,308219305.31979007,537283313.5649703
94109146.04310098,63287840.59583898,57907785.35622182,281950065.74562126,497254837.7407831
90859839.93849435,88167450.68012843,64178695.80492882,289418130.7949634,532624117.21851504
80336112.78573152,68099785.35512309,60320217.10614767,321689016.9502125,530445132.1972147
73665627.6355028,76958943.46502466,53618585.92733646,270834797.02413565,475077954.05199957
82725812.6888644,91247495.60198775,68557630.06550133,242166628.85791516,484697567.2142686
63319752.160348505,71056957.8162738,67604823.85879266,316005333.0643256,517986866.8997405
89579794.75538233,87569678.53228498,65723577.458331324,341355195.57855123,584228246.3245499
67151267.76546934,64610609.2006959,49042774.72513831,269259968.3252557,450064620.01655924
86564280.3783184,76986981.88240248,66865613.88460909,274645061.64461726,505061937.7899472
84591234.53193751,63581243.37954612,72141124.32804395,295321795.9636617,515635398.20318925
80640917.8155391,89825225.05695625,60633222.2917295,265529393.00104517,496628758.16527003
73167320.88924426,72565883.24232008,67411710.17202859,330672818.57894975,543817732.8825426
131653002.91355698,64443819.33107711,68450759.15618148,285566094.84592676,550113676.2467424
79391243.56610754,69357816.57131056,56802245.82664711,352669408.1438409,558220714.1079061
99801106.9121969,78681394.76647305,79393623.1405712,268818981.8958647,526695106.7151059
70470836.067011,56391693.49464513,53138852.775295526,285388665.06761855,465390047.4045702
88656292.66830891,77720637.68655626,56460549.690332726,322054104.7854393,544891584.8306372
90619454.65969901,83553752.2717795,54982111.958226934,304482347.19270056,533637666.082406
72102524.92220224,69625292.2368835,67045142.72357437,305302062.207588,514075022.0902481
76091115.67813379,73843053.73327693,53937903.232773416,329154149.77315766,533026222.4173418
84387700.82453342,85957034.92210054,65058977.435289815,288521550.8361393,523925264.01806307
77163001.0058238,81905294.43437317,62045133.69560773,324349018.89607745,545462448.0318822
82027148.51242745,59744851.16814145,55824268.951952785,249448498.85413256,447044767.4866543
87682694.95105489,66414317.783080764,69882809.3826617,301654666.2322613,525634488.3490586
84762698.66296636,81567333.24305914,76044168.18037479,316018094.84996325,558392294.9363635
77076385.56535508,60297495.26851526,55022267.08772209,265118781.7217369,457514929.6433294
88715925.1668112,73418321.20971729,70784144.33639614,287599165.11083883,520517555.8237635
86414975.11447234,87076509.24521324,72612621.61517416,312998326.465759,559102432.4406188
79194056.30122812,69211064.53011823,57136597.0585394,273382044.9363829,478923762.8262686
98426126.21000205,76245644.32677795,56859377.99215877,360435671.4709174,591966819.9998562
91792816.01573902,65450684.870861486,59266287.10154956,296491690.0656526,513001478.05380267
114579104.77527344,71242214.80636904,73698102.5874919,366528950.4976293,626048372.6667637
78856045.75181429,72043230.8568107,56781124.06610355,284773370.9908536,492453771.6655822
86698449.26967525,82021657.61030397,77488148.32982081,292224050.36515987,538432305.5749599
63640616.60403791,70685844.75473686,64972842.657025136,308358945.69827974,507658249.7140796
82763126.89607364,76300783.14326265,78904897.5284384,331812113.3425028,569780920.9102775
82146559.37151024,70868287.08265874,62693837.625459164,360110880.3203843,575819564.4000125
84685299.75707825,75429509.10103035,62078373.01408371,339774655.3469082,561967837.2191005
119359495.77374461,86085790.14186282,71727145.34266981,316867677.895078,594040109.1533554
59529813.977695175,76065927.44703946,65347918.56951204,316949732.37619317,517893392.3704398
77817262.74188563,70945378.03129627,60718073.186468266,332678398.2522632,542159112.2119133
82075667.10338748,95476107.04841681,75864550.32396773,277131609.9770143,530547934.4527863
85431107.77419929,70261371.19653435,49281967.273423694,338219257.5527813,543193703.7969387
97601738.14092861,83033623.02537473,70375004.19183221,266218618.32319927,517228983.68133485
80708988.43037021,82416106.73090756,59921368.620167896,223519484.70660114,446565948.4880468
84093320.1231942,74256433.59232362,66345421.182965755,330389610.85581946,555084785.754303
96582771.79850402,80252325.8673378,78380218.86198351,268120752.68758008,523336069.2154054
94547105.31000297,83330295.11623748,59525881.97573935,252066826.69387245,489470109.09585226
77388775.01406167,68625386.13395368,68757470.89289363,283190153.91643476,497961785.95734376
76032545.80005006,68745834.6653598,71760311.50026543,307505560.1851247,524044252.1508
84740236.69921175,74658824.68457255,76303312.64522517,288548674.7775977,524251048.8066072
107657871.67400846,81795243.8235326,67773622.42013755,412321414.04759836,669548151.965277
73644349.585438,70313575.31828026,54670689.14423824,321223919.5349903,519852533.5829468
114296828.61665058,98131903.35585897,86280876.3473325,326140752.08362025,624850360.4034624
82253543.8248232,61923717.813308634,77152933.48000677,327122039.8688622,548452234.9870008
80601272.42675813,87149888.59740406,61845292.98039771,317330704.47326404,546927158.477824
84830144.3108879,81420034.40536104,67276841.32410818,260211671.0332121,493738691.0735692
88269805.43303604,86142255.55042364,69292225.09450242,340442398.0475378,584146684.1255
73763676.06858726,73049738.88537045,59670275.20879048,321551008.2836286,528034698.4463768
87648845.56444684,82514064.94995311,77711987.39137505,345310208.5741712,593185106.4799461
91106767.72826934,68497202.30621637,63548922.60089533,281137143.9086088,504290036.54398984
82532959.36624993,71980690.72974297,57328139.66529488,233465596.1357601,445307385.8970479
78358961.11832248,75960046.69789413,55868670.36239671,292250833.29229915,502438511.47091246
118226310.95848311,91769735.66054563,88490166.46367556,349205803.49315035,647692016.5758547
105136358.66004337,73035102.93762171,61049084.217856735,217794481.32868516,457015027.144207
105450583.24352868,94924299.98645298,68567531.91451184,305192505.4542534,574134920.5987469
77290685.73435277,77397199.3722443,75398077.29628664,257111675.51919192,487197637.9220756
93117498.60653357,74818208.0269729,66855836.24365927,321644144.1648547,556435687.0420204
84618851.83904839,74689897.52076133,63829759.41029452,336746811.1496569,559885319.9197612
93256600.31639281,79266772.6933962,58070728.014571734,283793842.32180035,514387943.34616107
100706117.60204218,78974755.1959145,73300227.68917826,384577557.93594134,637558658.4230763
102988339.07212284,79887090.67896582,64198329.84587696,226962102.57603446,474035862.1730001
84887819.53890197,72848393.87099412,67903057.56918669,299729129.5440105,525368400.5230933
82846509.52108023,61254340.14491876,54005872.51053508,300059374.84255135,498166097.0190854
114786915.82486366,80093232.04827604,71536250.58744721,349328706.1275643,615745104.5881512
76588006.38329539,77095930.34037778,60302886.16756048,328551385.7893816,542538208.6806153
89348176.14035216,79209937.69839634,61327320.02376053,325550561.6748733,555435995.5373824
121770393.9483808,73073064.26503219,63974014.579817235,310690902.40355486,569508375.1967851
98911843.30447398,73411928.36022973,46987062.19066495,327273655.8325828,546584489.6879514
98502447.1564661,63975214.33789477,57874630.592085436,348235721.2874946,568588013.373941
109962863.42025629,89398468.124135,70208272.3468199,317568107.6991862,587137711.5903974
85398560.42359619,86285948.12251687,62568163.740240335,276830189.69911957,511082861.985473
102522144.71882854,78547669.35428526,79751012.79893218,296511995.7886554,557332822.6607014
86446294.23708841,68281458.26474695,63307472.405768335,251667332.43340963,469702557.3410133
80657096.37717347,63344302.261774294,66311922.78702271,325009621.27757436,535322942.70354486
66103030.06401578,83373811.87357,90395615.04778853,331378247.64727885,571250704.6326531
78698860.158239,103027013.29542515,63370277.239328794,309835387.6719887,554931538.3649817
89752851.6199748,89477838.89079288,73764283.3672637,299654875.388726,552649849.2667574
74886576.59160767,70677555.83811752,56335764.31741634,291819183.3066208,493719080.0537623
79674228.84173687,62748343.8695089,70544931.22364207,286632562.3310236,499600066.2659114
71180472.60719468,71283139.74012035,63983864.39441485,244848609.78864688,451296086.53037673
91964703.54293585,68256080.64539695,77810354.75016358,333360308.09450877,571391447.0330051
81798282.6497043,68825361.41514781,62422387.80858914,318924303.40327406,531970335.2767153
86852637.81418253,74153633.58926111,65855896.247217074,283070756.5941055,509932924.2447662
82544300.43874885,59076073.43924787,66767901.739255205,308460827.2361127,516849102.85336465
77048550.72236842,92139578.94917138,71479228.47740583,279614696.1608907,520282054.3098363
100032154.84726703,82205004.55450973,72149792.60321501,298800389.91333365,553187341.9183254
93731746.26831023,75058990.17020097,70581605.7456675,248441435.4549764,487813777.63915515
81354471.96131669,91400067.35234706,64636786.01539225,286830112.514675,524221437.84373105
81171142.77495201,65078662.15219547,47538272.7533184,269587621.78497887,463375699.46544474
89126053.90004908,76021141.86521484,65051949.05077996,304824219.7439859,535023364.56002975
102728671.7259451,77269035.59262273,62862778.97745369,292336640.32445073,535197126.6204722
95685894.04153335,91489978.29919432,66501380.320534125,313953867.09041584,567631119.7516776
92063571.81248108,68704356.93508644,63848770.5709816,252954111.49969304,477570810.8182422
65693712.51692658,74458939.64961514,61360426.579475425,304041786.98984665,505554865.7358638
86958394.26459713,67948063.24155636,62816826.86351386,258293419.6917463,476016704.06141365
108966774.0658741,68448107.30560315,62891161.04241801,265224970.293555,505531012.7074503
95549225.42145601,74782510.61415985,62130763.59846016,330757100.87113124,563219600.5052073
87619922.73359229,80871998.11403918,60315918.37957792,254743987.1394491,483551826.36665845
88718063.44348028,73642032.91562869,70355771.02200265,305409855.6985222,538125723.0796338
90119431.16916572,63569389.75328335,77118204.2521088,305282635.19444263,536089660.3690005
97514944.55740163,70875701.87322561,67168057.97017361,261885883.59065214,497444587.99145293
93755346.7036964,74251064.07479613,66022129.55465467,329411304.2112965,563439844.5444436
71587385.0428854,67244947.75985038,65481695.23682132,381113425.3794904,585427453.4190475
85300746.95650788,81075939.20253032,66844335.61823662,383649421.5389776,616870443.3162525
65923752.94614666,72212817.5459555,52326590.225407556,213682652.01973847,404145812.7372482
91462625.97624688,78182904.5019652,64824310.813342385,300262880.0840476,534732721.37560207
143229895.12266254,82668732.96942921,75211341.89141311,296001469.60777,597111439.5912749
91429977.43230878,74839999.73069806,62754464.37178367,370253380.3223017,599277821.8570921
105299378.7580613,80695266.98337856,52194164.36527865,278097781.20357853,516286591.3102971
134444697.140197,81749888.40812726,79968245.29398024,381314276.4581088,677477107.3004134
90320087.88262103,69608390.40179771,47904794.578512706,302371243.09545815,510204515.95838964
76540654.12402919,75406529.40485439,56264219.11536867,283155134.6274371,491366537.27168936
87680116.0343434,78600679.48130701,58697237.29816869,340436231.1910642,565414264.0048833
79258121.85148358,61381585.627164125,59459380.17629741,291753737.7693319,491852825.424277
89479712.03905639,89591557.56634921,68749917.5901392,307729709.41194445,555550896.6074892
73085769.4260243,80385235.58008647,68200412.91051036,292886925.6533467,514558343.56996787
64282317.86054536,83911556.2948259,58153768.66436286,276805101.0852521,483152743.9049862
92358710.81887724,67153724.60582088,52883025.67660767,223610294.14868072,436005755.2499865
97881197.43023944,73359302.88834766,92930018.48663253,294458274.40145963,558628793.2066792
75243994.73063727,68950683.83193852,64713628.50054456,283726250.05936503,492634557.1224854
96192665.77532715,69503510.07858096,54491528.439911835,234707878.91892204,454895583.212742
61081965.98306717,66126550.1554642,58780652.86884906,270185885.21889865,456175054.2262791
106421964.93855835,91752781.3327586,69459183.01761898,255732169.46745208,523366098.756388
79642224.17356573,69567560.15987734,58606674.428846456,270306568.8083846,478123027.5706741
78543388.02829908,71077848.68034215,59206457.19822881,301234202.24966824,510061896.15653825
92388653.94770691,69412914.06480403,74379079.70842314,277821280.31894374,514001928.03987783
67304294.62211585,74990439.831868,58553449.94660078,305067395.9884632,505915580.38904786
59345523.924159855,81911809.52754742,71736700.73603791,261433958.58022386,474427992.767969
68819490.35796538,87491387.4977207,62981652.29858176,275761614.255284,495054144.40955186
60667876.20279434,67312451.95288415,59688660.17081117,317080118.85484946,504749107.18133914
69703448.0676528,60690241.3860829,62676576.59763324,329438103.8623394,522508369.9137083
67808951.10327569,81448449.06883542,67018751.07172348,347005690.9606217,563281842.2044563
86232789.47348836,56731935.00980404,57663749.70205925,323982134.5037564,524610608.689108
75578565.72983652,70448760.58506294,62127832.93284208,212906962.02046862,421062121.2682102
113970739.50074123,72875366.99183527,70310504.30635613,306058300.7244462,563214911.5233788
106664466.06314462,83487643.9266289,67686725.26481748,279485897.91806793,537324733.1726589
99093285.048461,63103955.35432197,66808604.023981206,265038665.4990551,494044509.9258193
106573370.91536883,81145372.48611704,74265635.8939711,318936858.30407625,580921237.5995332
65869350.06839232,64658125.51193091,65733157.82641396,304028203.7754976,500288837.1822348
105363558.89675558,83228905.58387567,61929832.75819084,276484955.088411,527007252.3272331
88657127.64892413,58479129.417569585,72617917.050217,320087855.6904107,539842029.8071214
106143329.01967166,66299584.252976544,73517925.46862292,399999926.9370949,645960765.6783661
70581819.12942529,79300896.62552783,66207646.85863954,255077329.64273125,471167692.25632393
94370158.89468656,85310508.33921374,64805845.37127216,350429793.2682226,594916305.873395
66778638.25051393,60280591.53192135,60035722.22056845,290863796.8030304,477958748.8060341
77753594.3933414,81418668.4395935,71742540.9205028,344165404.87706995,575080208.6305077
85505150.85801814,81227224.72379072,64272193.06002743,385006187.8062688,616010756.4481051
76567749.89413953,94229879.20987962,71648703.27098863,269585102.10050046,512031434.4755083
108568028.75709951,81154910.86714749,76215313.6885578,366077992.76981485,632016246.0826197
92057647.02021772,71953919.46653341,72843665.07488236,310397003.8392792,547252235.4009126
97331955.78153495,60846288.93976992,64222795.875307,275806089.2619995,498207129.85861135
113642003.21805488,86845355.5809411,73077229.91354206,335185246.4489719,608749835.16151
74322006.84707518,88528476.15637481,87935859.1791621,345058095.48844194,595844437.671054
112502959.83756071,75503147.65625268,61051672.425111435,301035103.0603641,550092882.9792889
93498560.72046764,73879896.50172299,69971482.33990362,319214978.7003311,556564918.2624253
74323602.62605765,77928682.92443699,73093466.33207975,317999076.1421957,543344828.02477
104886439.37166345,68952779.24540788,68055921.78397197,266406632.49629185,508301772.8973352
72958344.48071648,67953826.82867078,55779211.16108393,270775873.5452944,467467256.0157656
84267969.62325512,83182101.70220308,65784567.6785372,255288241.50329494,488522880.50729036
104675350.21216096,72015457.96840686,65050565.74393127,318565064.55317974,560306438.4776788
90040598.4030778,86985110.59848721,73988846.49375737,286916097.9159086,537930653.4112309
123614282.02742092,84242033.42749006,69366262.65121338,349178371.5265478,626400949.6326722
90762120.6996463,80422919.49993367,91079819.96532857,320535962.45136744,582800822.616276
82881331.31554566,76253477.82391185,74847967.88137841,263663715.343322,497646492.3641579
63658649.29796556,66218982.885668665,50363687.738363825,266726552.79126567,446967872.71326375
94515586.07146607,69932591.1782884,54265856.04978241,290704232.54541576,509418265.84495264
100125205.14378628,64569414.492354125,68885710.9943577,333559959.6822707,567140290.3127688
101603780.91166861,90693758.28745012,93090710.89014156,323292216.7729944,608680466.8622546
88751650.04118034,72823055.83961743,65044013.80822678,360343440.9537475,586962160.6427721
70309539.03092392,65619302.2233697,72221785.26355475,343912562.41801983,552063188.9358683
82281332.4529236,82898224.71875878,70941233.08255266,370458928.4539834,606579718.7082185
88254727.42613986,85908146.97593477,95008040.38187139,359990943.9885643,629161858.7725103
87899556.4656998,82876762.16958484,65541810.056541435,402886521.53922075,639204650.2310469
89759301.88220155,74229647.10966793,59395439.041091815,335919510.19151866,559303898.2244799
100199692.8981979,74158255.81593761,70747651.79431032,260167986.6981901,505273587.20663595
89829754.86682971,80732293.53235836,83052911.49168795,296144388.4588471,549759348.3497231
71064120.69110726,65517739.31796342,52358163.79853925,329947712.8723952,518887736.6800052
111753045.1360414,83542440.15175985,80732685.63697216,328505986.0571489,604534156.9819224
85889746.14935705,72983263.76695397,62587754.116655685,250447326.77049688,471908090.8034636
90977541.53947026,76483842.865288,72576643.98715769,315108326.5778218,555146354.9697378
84965083.87818271,68417832.70080593,63768105.53382207,325256331.0815477,542407353.1943583
72617315.22915895,73753014.61299482,66237094.36876389,278835765.59985036,491443189.810768
79372923.46100138,76510062.04491545,57528351.07881695,306120489.3781996,519531825.96293336
75559102.31732327,83292350.96989861,89515962.03426526,298477476.98547465,546844892.3069618
94996726.77515645,71351725.76366514,73326536.34897472,268716143.8753564,508391132.76315266
94184503.18127197,70020413.26487547,62726691.09411493,265323141.161488,492254748.7017504
99482825.81640168,71190241.8259628,69360986.04159674,294896421.7811491,534930475.4651103
85623866.97721943,77095541.42795864,60630757.52398624,305682600.2163025,529032766.1454668
111425944.93281594,73542643.23809823,76244352.97812617,374669682.7185057,635882623.8675461
76523508.57391591,62457350.8821257,62707894.09029094,276692379.694476,478381133.24080855
117628325.98878802,81778731.21622625,63200497.93370448,266904747.63093722,529512302.769656
103837862.88160959,74125823.8981405,66575301.494855285,340510668.6486268,585049656.9232322
80700701.45644923,74384803.26194401,65013297.066172004,326902948.6947086,547001750.4792738
95860698.00282887,75805903.94100235,66951606.974075705,292927343.351501,531545552.26940787
68832327.45460425,74308691.17039725,80572787.82326074,286815912.51605743,510529718.96431965
77053808.72001563,66921722.455285676,67814571.83419809,318193036.62961125,529983139.6391107
85021786.0971217,68059183.72075069,63789657.8266066,249508367.70677367,466378995.3512527
89234121.18458691,84604390.17657468,59560425.621683896,251354632.81657422,484753569.7994197
112305575.53887488,75102638.4022122,76605515.79014072,310837070.55720633,574850800.2884341
84975273.9188568,79589644.14712895,60493803.46347568,303621695.80887675,528680417.33833814
82039798.90844719,64444645.58397297,64085882.65584013,288516209.3521383,499086536.5003986
85042386.56967473,65805162.743613176,75176953.3634261,342719023.8323953,568743526.5091093
101767771.06734088,76087425.73759662,54442337.17119773,364446623.54419976,596744157.520335
86358860.38073252,69648161.7110805,66982151.63345865,346431412.3676354,569420586.0929071
86886630.67262515,88141525.44769537,79701166.25228213,285171091.28129405,539900413.6538967
78288132.46533205,82950292.2131211,49227756.95514758,280301992.59144646,490768174.2250472
69349917.71367815,68384908.56381354,60134846.81815171,281764220.7421862,479633893.8378296
79826650.68803728,65719514.46814121,81277494.13999698,390948817.6162396,617772476.912415
72399871.00743267,87586931.09620602,65822747.92930802,311649659.56022096,537459209.5931677
86328766.73783694,70362483.6721182,71932584.08398518,312985892.2378907,541609726.7318311
80800361.5167432,64340609.94632934,55285987.78632234,237500597.07643726,437927556.3258321
87378818.2016754,66314116.09988472,60623591.95329468,344692982.1276096,559009508.3824644
105672946.0017465,79199140.94954574,67397466.46581714,382171881.5967544,634441435.0138638
94792311.21097678,74679010.12608153,55730767.11579609,305516459.77644855,530718548.22930294
99593979.41967332,72916780.3333394,67903969.01943758,293363339.21366996,533778067.9861202
84675377.64837447,56723181.16303781,57110556.99405026,319773778.1401176,518282893.9455801
78821348.8884011,74834354.8152041,59600119.04490626,308480084.44466186,521735907.1931733
84235954.77015427,67749789.82366689,73710954.2961512,343987686.9041986,569684385.794171
79156497.10290238,78858468.04577422,70974459.47516385,333993582.8701206,562983007.4939611
66485285.31993693,80386810.29846145,61948512.13784859,287765703.5311667,496586311.2874136
133049417.46264423,86729302.55076881,68578454.04718469,242805331.05122086,531162505.11181855
108945692.92900985,68530204.19960457,57174476.29248475,281275676.985812,515926050.4069112
109411590.60003766,87607332.44307007,69766834.25781791,324787362.18301886,591573119.4839445
79213826.79278941,75676238.87160942,66077480.07803711,339562435.373831,560529981.116267
101817036.07225189,83454697.32732904,66440431.44135304,335518240.1115396,587230404.9524736
85932989.02353592,66944888.084654644,59797258.25967065,296521909.6226191,509197044.9904803
100892500.86052085,77015154.02515076,58150897.893743284,298061034.6423374,534119587.4217523
88806875.15761255,78078904.92906976,74581296.52868141,353317376.48802197,594784453.1033857
79292194.03039028,69367243.9303343,55921982.73655991,313695240.14758277,518276660.8448673
109980891.29439598,77352311.99855807,65739144.93235618,361719337.5500238,614791685.775334
94561884.26414624,81521999.28111623,59346471.542662844,323047481.5291713,558477836.6170967
75151448.04162091,64550747.517256066,58762021.43731919,271897332.07678384,470361549.07298005
84167503.80479644,63924320.144015566,68887319.54546013,344412286.55364245,561391430.0479146
63844591.01058854,79392906.65356249,59732036.25181208,327411474.8851785,530381008.8011416
86257288.57161471,76170778.78908058,64642521.28540255,348020684.3883838,575091273.0344816
71506636.73927456,78047265.69984722,75022612.38792863,340534414.161532,565110928.9885824
126541224.16226315,77904364.94121766,76760191.88592924,314333582.0309412,595539363.0203512
106251684.03759502,79522756.96929993,65167888.52643497,355033320.0781453,605975649.6114752
80606370.54200888,63507572.24527854,57500516.74116908,310547056.25726783,512161515.78572434
108985383.92862894,81087118.96247356,80550362.95834698,275721751.4151972,546344617.2646466
81232231.46776305,72437304.61743452,63612014.640760064,302845511.5108796,520127062.2368372
97410748.6430725,74133522.07683906,67027721.53668261,303690032.112305,542262024.3688991
75190527.779842,72631029.54104418,63111984.90618085,293439807.8502191,504373350.0772861
87652605.7864825,76863586.49651778,63075793.052314885,348749534.79769886,576341520.133014
72313954.93537752,67115808.8663327,86238740.56917876,284068515.0229029,509737019.3937919
70211200.04158412,78869274.50607866,51615009.95822892,278998258.1049119,479693742.6108036
122967932.5406158,68831920.71057811,51443230.63631544,240285228.5593222,483528312.4468316
100701124.97325897,89536354.10151793,67081766.71398714,336096740.23398614,593415986.0227501
108954262.80001046,98397571.4148056,72308647.22993132,245222168.84296098,524882650.2877084
76465641.85604455,70319343.06244573,61526662.24529738,290109981.78115225,498421628.9449399
104321034.56867692,91829533.89067014,70738858.25234823,358104907.01694244,624994333.7286377
92348607.5684552,77678431.18417984,74517692.67793673,316869893.11886173,561414624.5494335
121246936.37756875,69461462.54536594,61377597.257616125,293823349.06621015,545909345.246761
93566136.62890832,89524612.17977127,70704127.14087398,266907809.61455292,520702685.56410646
99804568.17467335,85619492.5753399,55582355.83677152,295517105.457264,536523522.0440488
67603061.51058586,66529592.987490185,55264138.714780495,314807791.2100331,504204584.42288965
88854872.89167058,65886468.31157992,69347040.10635102,257894834.6363614,481983215.9459629
91942116.84493697,70114726.39295068,61484909.15462588,314928018.7054208,538469771.0979342
94802835.6643291,90509953.61435664,70595750.19489951,325856307.8160644,581764847.2896497
81304149.38531494,76497599.54231572,69437669.3646127,304411053.23927265,531650471.531516
65329676.865341164,74062872.80470563,66884915.65186912,280345994.1886771,486623459.510593
70995481.89567743,86135554.50925496,72566599.49965131,305668140.1919347,535365776.0965184
72690684.69576885,66417007.32290817,72104629.34914306,311117256.4257434,522329577.7935635
79848055.13796608,79122834.81809168,60581891.89571267,354930642.01623553,574483423.868006
108302717.96201502,75746362.01863688,62194659.34804118,222673888.95047697,468917628.27917004
68788599.36464705,61785349.08163373,60750487.51301627,280895625.9833065,472220061.9426036
70305924.87151118,70162852.86107923,66900657.32471824,320946973.2271431,528316408.2844517
64333854.14914953,69989447.10299002,53087493.2605781,316277187.9219626,503687982.4346802
98876055.64033358,70592165.7685395,59099731.99179024,279648009.06195307,508215962.4626164
60796824.41334601,72902793.65830036,61309551.471184544,330998056.0793391,526007225.62217
73141678.40718967,68085281.9716068,52217912.71222392,252919701.40659812,446364574.4976185
72169331.24485298,81795744.60952687,61798430.667861804,304855881.59613436,520619388.118376
82049337.57091223,64827205.7426837,60499450.51780039,314342588.8011877,521718582.632584
71872034.5103299,79974821.91064435,60135290.392013095,281842094.15855944,493824240.97154677
94943121.49652328,71866023.25076292,65286799.97639317,291619149.57954955,523715094.3032289
89033453.47681879,58086253.28538006,47819765.69840222,294984527.4161698,489923999.87677085
102964845.70312496,71141386.48866768,63251614.505110726,310512493.6434006,547870340.3403039
97446737.0137816,61754927.57317265,55164936.413187034,275727038.0231867,490093639.02332795
97601701.48942338,104185663.08711168,73566519.41990516,273840548.99506855,549194432.9915087
93010636.6620077,89953004.35394046,71930038.23355016,284482447.648911,539376126.8984094
101667400.09483434,85076501.32076193,61881355.00723161,316946713.74312377,565571970.1659517
102308788.93764533,90453097.38153696,71095668.00682482,302756444.7093525,566613999.0353596
106147395.344935,69197746.59657037,67973749.53010271,260415085.95770088,503733977.429309
103430790.3114698,76786747.79802088,78055290.69018653,336528444.70209754,594801273.5017748
71694308.94379018,85817708.86335571,82218738.32932377,357927180.29213214,597657936.4286017
77195121.86363433,71460722.68555994,65010627.82988194,277519253.38516825,491185725.76424444
114354638.34225693,82291099.95080099,50470100.58886253,299893585.7257473,547009424.6076677
82478875.46730053,74503466.1197213,62492225.45451882,328586602.9676351,548061170.0091758
104334286.09893924,81898961.48023063,66236599.905179426,306004555.96045923,558474403.4448085
87482090.07963523,69421315.5698923,68255863.51169628,320817500.54233557,545976769.7035594
111606429.72171964,93040893.84867826,67229949.11364709,343359503.3407285,615236776.0247736
74889346.6860078,79675996.50747846,62647628.68153508,267593138.17370412,484806110.0487255
91207885.02454607,56456575.38896894,47802640.923741974,268661005.55597234,464128106.8932293
88366903.5613644,73148266.05868411,54002489.50707939,262983190.42972487,478500849.5568528
92846067.43455587,82560137.55270493,68473475.56917931,353628583.33495843,597508263.8913985
92938112.84807703,70828500.12791187,62409729.62121461,254116013.369698,480292355.9669015
85710752.05666792,86196590.22808036,75279480.65649296,373146310.21987677,620333133.161118
83079003.02926594,87933335.08857389,68224667.77535632,367760942.53989875,606997948.4330949
86903242.73902027,82517689.80505022,81316810.59202532,315306047.2591316,566043790.3952274
90311772.68597372,89023422.02431291,69466901.83195992,268596429.1422466,517398525.6844931
122912455.99813208,77922744.2009553,69687450.99546164,354850856.8317367,625373508.0262856
79111039.70122653,66265058.21126762,63999291.661060154,242372796.97977334,451748186.5533277
83278526.68292782,77476974.0960007,64271916.96075276,253419513.26706207,478446931.0067433
112570979.76644053,81612962.50041188,82037517.0942869,314556308.8181647,590777768.179304
75744971.74058166,76040537.5538721,63769698.001638025,262958298.149819,478513505.44591075
110350734.95040785,74713440.62060998,53647678.58642588,337867499.35838187,576579353.5158255
80442138.95030347,69660996.9517237,51454200.705316424,346773958.8833804,548331295.490724
70937596.5351231,73117177.59708273,71427154.3568941,323361876.3580516,538843804.8471515
86378821.13180366,62394616.98002184,55418309.69276706,292757882.7117468,496949630.51633936
76879475.50612375,75719625.30377531,70885388.09364706,344991349.8420452,568475838.7455913
71660343.2905159,93809367.23102205,77643043.16634913,321441963.77950543,564554717.4673924
103831737.56212614,104047323.25715607,63976370.78650686,303518933.68738335,575374365.2931724
59585847.859566286,71379832.44465302,65477854.76868489,298804536.51521534,495248071.5881195
78529922.46137145,58657146.6641237,61784159.843768634,345276525.702216,544247754.6714798
79332740.72795826,78374060.684071,55166081.60707705,307449549.7934495,520322432.81255585
81883702.57277845,68704662.80273089,57718809.97688633,278702318.1089259,487009493.46132153
92715675.70927745,66321222.41474229,59940756.69551218,292536336.3051852,511513991.1247171
73134299.66116747,89989679.37082633,63098854.42490481,282145472.45462036,508368305.911519
74562010.90234654,90404029.54083236,74789918.96353216,285314372.1592254,525070331.56593645
104109703.16508207,81084189.37303597,70796237.81062852,300047155.17899865,556037285.5277452
77345735.83082466,77009500.21015362,61731947.56535109,368653627.01874274,584740810.6250721
71167316.30033258,86784746.12689254,67776620.06013477,319703995.8018273,545432678.2891872
99655145.73474813,72938742.3756213,72690163.71256489,227801285.08504862,473085336.90798295
77711071.80236395,66639068.03417221,53578026.379590966,278406787.4430576,476334953.6591847
92764932.14060332,83704003.759153,70979182.19351692,289642837.7697922,537090955.8630655
92516685.07561512,78248752.51216581,75008317.27631204,344391061.6797832,590164816.5438762
87634598.18866175,68692464.89443018,58738133.30359559,275199385.31198424,490264581.69867176
82914446.86057724,77605976.11010516,72261074.76673268,309531158.02672684,542312655.7641419
87433424.01927719,77422249.42472637,62624009.3939628,270568022.1830944,498047705.0210607
65837072.06389997,65898951.08955062,64687396.602195695,274504328.08675843,470927747.8424047
83949337.70060755,79627923.74341013,71408993.4821276,274915231.2094459,509901486.13559115
102305410.52648492,89884553.57489403,62514983.07119245,278014251.3240043,532719198.4965757
105534124.32429077,78134907.48316072,52050347.12497842,245928157.74781844,481647536.6802484
83794040.08947769,65942669.02883299,59258635.36394048,293589231.402075,502584575.88432616
110217755.9829231,77610458.07820852,76936781.75926192,374247950.93025357,639012946.7506471
109725628.35009858,82856324.56850722,55087839.01820626,310612661.1262157,558282453.0630277
103149988.87888302,78323814.53363878,83230303.71254998,357207383.71984476,621911490.8449166
95516367.50453864,88078122.74508381,73395629.19981451,237874101.84831783,494864221.29775476
80508624.6792773,85820219.2197617,62675678.971204974,295698212.92269415,524702735.7929381
73771864.52409595,90034408.71092975,85293561.90472963,296171246.8498847,545271081.98964
89289460.25479399,70732947.87944657,69165216.78925715,324339071.0980502,553526696.0215479
99313386.56231457,81446365.97131276,97103991.622922,299325163.0452174,577188907.2017667
66311464.45229093,68349220.09411639,51557478.25148956,238090626.59136978,424308789.3892666
74287811.36669253,65976013.78266463,55111348.79893838,304474545.9831629,499849719.9314584
80417782.4857432,73187877.53481728,71939942.69850834,283160135.6336133,508705738.3526821
83590642.81951046,78631239.71581317,53043549.69204545,219906322.46037486,435171754.6877439
92178045.99364123,81575079.26712386,87164749.118128,333846693.8918548,594764568.2707479
99441242.63697314,76656727.37960003,69321628.00223714,374034113.10118616,619453711.1199965
62063833.47572981,73904260.78935911,82142027.01456791,328779721.2995236,546889842.5791805
113592211.02586995,75145304.56402066,66767604.60249457,307284992.17926717,562790112.3716524
61140517.88118736,61357535.695104405,51909117.02889105,307786003.92366284,482193174.52884567
100279403.0065676,81551088.64589411,75690084.01040585,311305037.2453032,568825612.9081707
105717496.40527453,79583194.58164458,68701028.70211439,300155915.2687805,554157634.957814
97310022.66663426,74318453.51003417,74093211.1737564,274654874.5849239,520376561.93534875
73135739.84632942,79171236.27438457,65630755.492035255,288657019.8517879,506594751.4645372
100567337.86013128,73283882.13886872,64234169.121623516,354681294.3274456,592766683.4480691
111583217.74011631,96505720.16601199,71565667.87787761,366635982.66896296,646290588.4529688
74913342.45354423,66218365.58108996,46801584.4794339,334358744.82067084,522292037.3347389
75939685.74438687,72686436.94082688,57686245.45002612,317039872.7460187,523352240.8812586
82116766.08041434,64575139.824069425,64939431.86199232,253052533.16963848,464683870.93611455
76263537.7731951,57884135.55354484,49556173.74188424,282163905.6561262,465867752.7247504
63669046.706060186,59726056.66415155,58636380.36057809,270464678.55692464,452496162.2877145
119976544.04227427,101113605.76165615,68376752.8616904,337389628.04673386,626856530.7123547
98325565.8235354,72992605.91149479,54912425.28286599,290110529.6069738,516341126.62487
84827202.7602617,71919336.98234715,67968407.50466597,279593544.299537,504308491.5468118
72516696.43716879,73914033.46711472,67501452.54764141,265776502.16768453,479708684.6196095
101181713.27480161,64161419.56186716,58256238.935958706,282934884.07155114,506534255.8441787
78760518.30572471,69671251.34710026,79077322.11115699,285558708.0366109,513067799.80059284
128924617.12855314,87467583.20356126,72664535.89274472,335227023.4255171,624283759.6503762
130769087.65652585,74386980.70667414,59035804.82848086,272782505.37560457,536974378.5672854
87657991.6278464,62428948.17936939,61242315.74037808,356713092.0820553,568042347.6296492
89348238.27551559,73983485.39943802,60846286.320997156,330134543.7262391,554312553.7221899
76405005.72523925,91410361.66243778,88636755.18729906,341482516.7070668,597934639.2820429
87047281.82143122,85689928.10286517,78925412.87775396,292745711.3149244,544408334.1169748
80155936.5539246,64092322.983910345,64383452.15226769,321153171.6149974,529784883.3051
70254264.95388475,68755456.56158131,53269602.95510421,257305512.36765966,449584836.8382299
95252782.65094116,71339747.7516838,62548982.70569332,248033929.01190004,477175442.1202183
89858812.332214,76234857.5730856,60803077.65731196,292096393.7770724,518993141.339684
89762519.42893465,69727392.92832442,53687228.92742426,353620924.82606155,566798066.1107448
78797746.84824774,73550385.71931438,72980171.87945753,465640632.8029415,690968937.2499611
71450567.06211393,76622485.54526468,60091182.801366255,278890247.838785,487054483.24752986
77708303.10298222,65105211.97193353,61284871.35991954,248324621.12300125,452423007.55783653
101485439.80153278,79271190.91855688,71414643.03546804,295780449.81954294,547951723.5751007
82227691.97912095,77634477.15138961,57801608.0477305,283047688.5984498,500711465.7766909
75992802.57818659,66558967.59105004,48304523.39223142,324476221.9313808,515332515.4928489
78128466.8954332,84906214.32460397,77790988.28660604,275356525.64336675,516182195.15001
73258876.20901482,98325470.28028189,89046523.29144597,332667787.88481873,593298657.6655614
90877338.14747071,71424555.81913066,68033953.51909953,280874232.8196223,511210080.3053232
62981329.46239091,60687263.9226159,59131563.62429189,253636223.84345293,436436380.8527516
86273437.94757476,67061084.47718587,57224989.864360474,320556019.31631756,531115531.6054387
90733486.52890457,76708448.14884584,73808140.26840374,330865281.804894,572115356.7510481
109941151.13630892,76063668.17036735,63855090.79345566,260893184.5433206,510753094.6434525
81418239.35765189,83760942.75230558,79753022.89423487,358446254.8295121,603378459.8337045
65429753.45419491,80806636.82168658,53346309.97365709,320712035.9244615,520294736.1740001
82220047.22191718,81443378.97264962,57757277.17298039,338837448.78633064,560258152.1538779
68971769.30891639,66803333.77207359,54811616.952618726,234146690.19455123,424733410.2281599
88538094.14707577,94078245.3702025,98846899.08504394,345945810.1653292,627409048.7676514
104284065.870098,81409569.6314311,72979722.9187955,302459944.08341324,561133302.5037378
89975254.03632307,81555906.98161905,63601268.29664752,300928579.52492833,536061008.83951795
86395756.48280561,83550030.53614408,60437675.03159089,298574982.0093698,528958444.05991036
118448731.84651108,93315927.92521963,86040873.76045327,333031522.8455842,630837056.3777683
91807992.65135704,86446708.71916755,84016820.29458049,260962941.5572012,523234463.22230625
70643299.94063337,84400717.51845609,65686162.726831526,283039430.6625838,503769610.8485048
71339957.16977124,68204294.86383876,52809811.68922026,361916254.07685846,554270317.7996887
86895181.21340653,75537882.0759592,70649338.92535941,345306318.1341799,578388720.3489051
101470498.94692114,89162784.7848072,66072763.32409712,299073173.7694417,555779220.8252672
98637020.69484185,73638556.85843314,65773814.63203732,318003862.8689117,556053255.054224
98892503.05412494,63776270.262499824,67633351.35798128,293901422.7201396,524203547.39474565
97669206.45484613,85417052.44763193,84459912.0222732,382038608.7195496,649584779.6443008
108194742.10251465,94419222.60413511,75766221.51429099,323094162.8677824,601474349.0887232
100290066.0863177,85487627.68926485,67437209.76896441,324555990.19553375,577770893.7400807
86719187.18798344,68872746.47690438,73982231.11109626,311995063.63035744,541569228.4063416
121070320.6241203,67954532.12044898,60534418.99483781,297655078.67978823,547214350.4191953
104630323.26093392,83060701.9300451,71961379.13243039,275928455.0086529,535580859.3320623
72459307.81055677,75744625.03156109,55389689.56376777,273438018.0918762,477031640.49776185
94491639.12700999,69193013.8791338,77412247.59580553,361444391.2273417,602541291.8292911
67806044.84018452,64548213.838853434,46350540.00357555,250560888.90458575,429265687.5871992
98595279.0979334,74602812.63358012,69871056.58434434,259045326.5363961,502114474.8522539
99095261.5534533,73480415.45682321,65873666.80709808,300603484.9294739,539052828.7468485
71141594.10132933,63612871.27422429,68005348.82843444,314764860.25136214,517524674.45535016
103177233.58621874,82085522.36422217,70143112.45593166,255654910.32708794,511060778.73346055
83512761.68437684,75125525.33763991,82645147.05646175,347103847.2156669,588387281.2941453
111528174.87382784,86221617.70846662,65007742.98637616,311986660.20941633,574744195.7780869
90570072.42131208,68873570.13830468,60845560.23941919,288975863.2161351,509265066.01517105
112777430.34351502,63445403.89749966,72212506.42333625,275864888.2919959,524300228.9563468
70005470.6961517,82977147.01500645,73481509.3009174,362315969.97605515,588780096.9881307
99138540.67282619,99392128.03628404,79336662.15028848,320734973.2518143,598602304.111213
92130955.72031559,88959411.48424001,64414763.53729669,284886153.55214804,530391284.2940003
82998222.92336003,59021385.55874645,60470639.5239178,234258779.68946716,436749027.69549143
87952092.01536053,84266517.21118917,65115812.81546366,371242731.9617104,608577154.0037237
69021200.66379537,82819308.84987776,72859297.13774295,256867185.30731142,481566991.9587275
134612016.70191413,83364346.70059481,63733169.70194159,260581831.56271863,542291364.6671691
84188824.86989477,74398733.92784323,66143081.11392361,293458215.7064801,518188855.6181417
96515044.19444853,74468436.60018857,52475057.91982394,282876390.39928496,506334929.113746
59690462.279730074,72749203.97636633,56261720.396279454,295323394.6919036,484024781.3442794
107633164.08476076,71543544.05311078,74240774.19037436,297235025.7494823,550652508.0777282
115474369.66443929,77761143.4363616,61574810.72931111,325920729.4942989,580731053.3244109
81329510.77589154,67975755.6183583,59401592.38460148,291826784.02395004,500533642.8028014
108118680.77266538,63914576.52441849,62760103.19543762,319086839.8527063,553880200.3452277
89951795.07376646,89158789.31005718,69974438.56483607,306642244.9443436,555727267.8930033
95885035.5830502,78658744.23026343,64390354.02564664,322426455.66956747,561360589.5085278
78555144.13562916,69260203.46254985,59347218.13682065,343004735.54069906,550167301.2756987
52064755.62312924,70870355.9236235,62175084.84268242,243648429.31287155,428758625.70230675
91642439.57963943,81314509.45265616,73058299.33081737,231485356.45267135,477500604.81578434
108538651.67934519,73447590.29436333,71809458.76025851,338312218.6562664,592107919.3902334
75785190.94449215,79564569.39412233,63647495.95928338,238143003.79843977,457140260.0963376
105140266.48738815,72606195.84964453,59406326.949035436,282867723.4135297,520020512.69959784
91093904.80420038,76356539.23758337,70857643.56877431,265666155.4837395,503974243.0942975
77432853.6403014,73096973.03465423,80772832.25872162,313674235.7998616,544976894.7335389
103760026.3817574,79519474.33240753,64321933.81210682,295938657.16538703,543540091.6916587
84887346.61907248,81103739.43879607,79665088.15863888,333697913.10936934,579354087.3258767
105466326.23136885,71082569.07637165,62070596.527277194,275013358.8575287,513632850.69254637
91711701.70008382,73855449.7380575,71474816.22116545,278222552.262663,515264519.9219698
87810961.47567514,82518002.16307233,53479696.35789931,371809176.8937585,595617836.8904052
83341953.00799733,59621846.42863712,60878801.17606892,292863867.63265675,496706468.24536014
86071731.8147875,85082550.62346537,75464372.12800527,328498059.4208684,575116713.9871266
93726641.65323883,76434741.44263926,82158740.27706444,271119465.24419457,523439588.6171371
89180195.11530629,77070503.37524424,73283647.84531692,283685997.1054651,523220343.4413326
65961230.713637754,72742735.8440483,65796508.0132006,357821352.5872663,562321827.158153
71155112.26665945,83041753.81882855,89338606.6768877,314980779.49402213,558516252.2563978
70920994.61801916,69287647.95586482,62836641.87877543,317109082.6298555,520154367.08251494
79327960.6148371,89143466.61666656,61298803.902225375,247864154.6502884,477634385.78401744
104117687.0783976,60926871.95563981,59769302.43375019,417932057.750753,642745919.2185405
87039915.55469699,66838927.51451865,62317998.10144306,294896417.68620956,511093258.85686827
89480579.056976,82636188.569382,60515330.23363649,364612473.5380449,597244571.3980395
90699111.51756127,83510011.99691449,63867330.18474592,353163188.1861282,591239641.8853499
83691011.1872458,77855587.4087115,59548949.08151321,265047636.95312393,486143184.63059443
97368551.8898807,74136510.73579752,59582824.492847644,275541753.8228455,506629640.94137144
97536279.72614485,72594290.08691515,64479609.634491764,302377363.56380826,536987543.01136
64151981.48310246,59897748.222770095,61142017.35232104,267311828.45224312,452503575.5104368
103287595.28228517,88424983.31539597,77382765.16815783,396206872.24565196,665302216.011491
86055262.99309146,81781521.484484,63425102.28316944,402050420.2583297,633312307.0190747
119815207.7171168,81903933.02311645,72907817.02632788,368732209.862533,643359167.6290941
85177116.65779105,70173833.17919235,70857322.19713901,310008985.60794765,536217257.64207006
89801332.48461261,69578161.92492318,52129054.8964089,293090844.78222185,504599394.08816653
100807653.28558923,76625461.24833634,79411560.04271124,294370085.2602868,551214759.8369236
73655377.52062604,72680747.85579199,63494588.284077,327132015.2753279,536962728.935823
77029959.2391502,86658535.44327301,87156006.23692174,327190046.9774773,578034547.8968222
106529463.86249918,70493954.30600204,73870069.07431187,351440885.500262,602334372.7430751
100139537.15598704,78390190.87283868,47593192.092283644,262421838.5603858,488544758.68149513
78890632.02080268,66449983.718370155,63067087.331927806,282902035.36670107,491309738.4378017
76419943.64970478,65361491.55187393,56597928.216455534,328323456.2387249,526702819.65675914
78448330.4025249,70012570.4756642,60105088.91671343,306489657.06096315,515055646.85586566
93818150.17375799,54441972.29498323,65580327.90718881,348187465.812318,562027916.188248
73708685.7611859,65479050.487122,58298066.011081666,266375984.60057217,463861786.85996175
90391899.05545378,61283006.17679932,53217972.02363947,338325043.5487899,543217920.8046825
75162477.03941281,84945901.6636459,71297206.55095044,253718919.95032024,485124505.2043294
96547566.74991159,76832289.07516435,63327506.80329162,310651169.3366263,547358531.9649938
94094755.60906634,84022452.13537525,79524952.84295867,337037789.8475682,594679950.4349685
69965629.67945543,68545135.98152676,88460176.74095058,350498661.9378502,577469604.339783
127447999.45042613,97447523.82826102,77177988.5733012,336571278.3942785,638644790.2462668
86698587.1971154,62186871.29184908,61067914.65552859,337041118.39335096,546994491.5378441
79223286.6460988,78095649.73495969,73386142.20816357,281444502.0165234,512149580.6057455
81127719.28057759,66567153.99497075,56538374.49792732,249480711.15645614,453713958.92993176
75497489.57336043,86777676.96194999,61870706.95067395,306865049.3694382,531010922.85542256
80460552.59127553,85627440.86509812,80499701.26590383,355939295.24660224,602526989.9688797
91589737.24444924,74931683.45895308,57236877.00069663,367369279.0008029,591127576.7049018
77218796.59486394,79932816.09418847,75784320.15195864,295935539.5268803,528871472.3678914
102978550.63711508,86321700.28571524,86358863.38461168,312043350.30183923,587702464.6092813
70978691.9693131,68516545.46039501,64021062.60390201,300261750.66756517,503778050.70117533
81882973.52948962,60183227.046098046,63334106.68412307,369718475.4583618,575118782.7180725
93938444.34109935,83041297.31936876,73656353.51622404,330060681.7346761,580696776.9113683
101239661.49587108,82403534.61418809,66467076.458493754,280831592.4024872,530941864.9710401
83799353.62433474,78208057.03029345,64191049.03367034,313958014.7629332,540156474.4512317
93561603.3806485,85140036.94388783,80911819.43560322,326204338.46304834,585817798.2231879
70730061.93775354,69741784.47169888,63214254.95479769,241140818.79807413,444826920.16232425
108926510.3720313,81370266.44610932,72179683.33524461,367325936.9525778,629802397.105963
78837251.11847533,79483023.40953176,65920310.17829444,298530741.676976,522771326.38327754
77064141.33137026,89696360.2976741,66940436.0205862,335173536.02200603,568874473.6716366
64588440.996610954,81475883.08401087,75335254.53329408,318176294.35415363,539575872.9680696
84095522.49182351,79050619.01097679,87818916.9205,267021017.17606115,517986075.5993614
98842509.01998842,70476050.45850545,64522346.79716914,292705617.39137644,526546523.66703945
81426877.06714876,74841921.17260416,57120971.951412655,329895826.4424222,543285596.6335878
65430260.113441974,75892312.55968669,62235366.78254207,260961566.7334586,464519506.18912935
90080590.26770084,64052643.55820219,62124418.56546662,250851648.77909058,467109301.1704602
93893639.27041183,69557502.85401018,60762569.02890834,306409575.5899705,530623286.7433009
77059825.54304247,73507914.97128104,54001449.55838308,310099922.2565392,514669112.3292458
115691279.04192051,112017540.59310894,79616945.53425233,362586587.6680455,669912352.8373272
65572051.71593383,84859988.28409746,74189415.54617316,297659674.6108364,522281130.15704083
106315930.13528371,77299169.95493488,63900025.79231502,320350609.0668362,567865734.9493698
73553420.6419685,82392556.28854716,59485444.56462721,264162636.37683597,479594057.8719788
75385844.38634436,80383358.43766469,62157110.08630976,257528249.45486572,475454562.36518455
79146696.19702303,74176383.2050459,56487219.59104357,255725298.56339943,465535597.5565119
122289877.3120144,74398784.76161921,64584385.094988,291177850.7833665,552450897.9519881
81517701.78445785,80526618.2442537,75302384.13683373,304535704.2589855,541882408.4245307
71542254.86620125,84301648.14864458,67144410.4131801,375081775.1653614,598070088.5933874
60867036.276777394,71747809.6461018,79000826.95513237,301854009.9031879,513469682.78119946
84115038.85747214,78106673.4934434,62354315.77772279,290080766.4999306,514656794.62856895
82615589.82612191,69925011.75165631,73636684.52337451,326719257.6128012,552896543.713954
90779233.53952302,84319212.43219241,66945144.79718818,282115519.4342556,524159110.2031592
79185434.76578507,74474939.05630127,57403052.2685165,276788947.132028,487852373.22263086
80290037.21789229,95461766.89578284,51797205.51911111,286496362.7616065,514045372.3943927
114966943.63014972,82177200.14907548,76026455.34589845,322164176.5431907,595334775.6683143
78369121.68178494,57341668.24370458,60007888.37146369,264734814.69369894,460453492.99065214
76717612.62075448,69787700.70824972,77808924.59841219,413454688.87384176,637768926.8012581
90294693.5436557,72701405.24132295,56588334.79279569,308308854.9411551,527893288.51892936
116025085.98275323,78911332.75395858,51627634.74751993,312125450.32793504,558689503.8121668
102114568.94108967,65680595.593472384,64351726.84417745,315164562.8283708,547311454.2071103
86192932.49695243,69281206.08817714,71751678.61813864,293914305.1479646,521140122.35123277
68748895.02675563,56914458.16198603,67173326.21219358,318410516.46832347,511247195.8692587
88445217.9242319,72565954.37281471,60973575.05210277,262734627.84844598,484719375.19759536
81385977.26430379,58654315.930565216,54304580.6101954,273307675.15048826,467652548.9555527
96154899.75935204,77453498.10981016,73664373.17432182,366090323.2406295,613363094.2841135
103311501.76024076,83504322.99249817,69543619.96865642,278378209.93878305,534737654.6601784
98178634.76402724,94914430.51025993,75855981.00074045,400960260.7988086,669909307.0738362
68305712.57829002,63020907.24055344,66658704.65816005,307972117.8371117,505957442.3141152
107628117.36936843,79683565.48560499,61668215.39777421,294278801.11000425,543258699.362752
68227960.50112635,63190956.44516081,67659422.49433036,331555552.92713416,530633892.36775166
92427655.25233355,63217810.96817025,59057248.92031668,253302148.79155228,468004863.9323728
105288389.92440765,74251799.5839437,58327174.229616806,296585622.4314998,534452986.1694679
78710957.18293871,88254557.8581523,63829083.25009906,260014247.55142373,490808845.8426138
61777061.60811798,70133740.77289279,58397378.29432896,247474079.2491847,437782259.9245244
105502623.62755357,85830560.57346264,70085564.13597128,366229436.83462214,627648185.1716096
96969127.62485367,70893813.81781748,57234477.91179024,321469649.6976927,546567069.0521541
92922783.701706,78738774.21180914,60889100.50075382,321333953.24277174,553884611.6570407
77270429.8026785,73180471.36835054,76591000.63799457,290808206.6469722,517850108.4559958
67789007.45786747,63655036.93215243,68003005.11957884,309365116.7545365,508812166.26413524
85426578.39092022,71426885.29577716,68162437.60787144,276500802.42824286,501516703.7228117
91582858.90781449,70725138.15071955,57911178.3853856,272407665.0528633,492626840.4967829
82119740.85526077,74654405.00366014,67166107.83090256,199452253.44089112,423392507.13071465
76627795.62386104,70639951.52058816,75990365.13689761,275686949.29020286,498945061.57154965
89511344.61234884,90984328.89576106,60888348.89674734,317427699.7850497,558811722.189907
76693826.505645,69737308.92447925,57502404.6195038,267907747.68971333,471841287.7393414
134851892.11209768,92619213.14854184,84076568.85373642,349951245.0415144,661498919.1558903
67428828.77697329,75144823.38428482,73334947.05806369,281521581.7041737,497430180.9234955
101786852.97758377,85500937.19677283,87231208.18692213,314335533.50157946,588854531.8628582
73151028.55096851,70142128.78966105,74904888.04844408,251732880.15483826,469930925.54391193
62619068.51570045,71332469.45293538,59691105.64734359,293978571.91279787,487621215.5287773
101461133.52963118,73896290.84943101,52886921.78698262,364752129.6353933,592996475.8014381
74336439.93470897,64951280.19107965,69908407.72227606,290326785.3961348,499522913.2441995
86327164.5997282,80285391.33789873,76742570.01675764,305166997.2661568,548522123.2205414
111240837.35786013,62847486.9706131,68166352.80736652,274805072.9739638,517059750.10980356
108640934.20181598,81318709.38015924,63669902.06357967,328649350.79692745,582278896.4424824
100617767.97008395,84664580.84913129,61688886.69964794,286541969.1678661,533513204.6867293
87151085.5164761,75734095.74948017,72106782.95551895,246505648.02512577,481497612.246601
92004171.47163422,74499823.93630092,59567061.7299529,272269752.17745304,498340809.3153411
84262742.63699763,49825358.17886083,51202626.95054811,248970649.16619083,434261376.9325974
94975056.58689149,70701891.74573736,62947637.37466388,357321163.45499325,585945749.162286
102261057.69255514,87569906.33618951,66660410.1803388,329643196.82339424,586134571.0324776
84001907.9075041,73773789.62528679,68352996.19839266,285575075.3722018,511703769.1033853
110761807.02558713,78875258.35607134,73402981.682362,371722308.5729405,634762355.636961
102873743.20394896,67148954.21650773,67059762.88481241,333987930.27422374,571070390.5794928
100596415.6304625,69128934.1221121,59440917.3063688,330526520.76726484,559692787.8262082
77192989.39995526,71512427.36707118,77049622.26618473,311843386.91786766,537598425.9510789
77626686.65595621,66980919.855838135,64792829.636532284,256466282.22854415,465866718.37687075
83821333.44537078,78385407.9867804,77813257.43518561,342637829.5221016,582657828.3894384
77784833.15765217,84968853.91262744,66139377.89342311,266281218.96380422,495174283.9275069
84838129.33520961,89296470.21360081,71735264.52347992,315311288.258438,561181152.3307283
113349422.69880396,68464345.12261975,55428392.352059595,240977196.90052736,478219357.07401067
92570506.67657217,78641422.48470421,80768167.72904176,329911181.0344386,581891277.9247568
81742536.92630404,75013737.12466684,66340746.46452584,250829047.54419118,473926068.0596879
134602043.8540068,89174531.87761985,74489876.79346126,343507222.9693375,641773675.4944254
97699761.45361313,76835939.64126347,62074985.65031451,322073642.0258991,558684328.7710903
92764350.89362566,70289865.90958484,76099654.71271618,323792059.7929274,562945931.3088541
98019582.03280233,91777949.99303482,72043998.27338819,328442440.54832894,590283970.8475542
99286698.19155604,72085644.87342827,65703856.52730187,307535051.41766745,544611251.0099536
74828147.29688239,96066923.94379163,60756641.8315773,261705014.17678767,493356727.249039
107635777.01836064,86680469.67728092,62601619.47262113,327041627.8786788,583959494.0469415
110316567.1431551,79993889.76691073,93330915.18451767,273681861.099262,557323233.1938455
97456191.7524253,89303286.44716331,78964454.32760525,315480566.3645828,581204498.8917766
83244721.23399626,79271606.58620282,73774313.91494578,336024576.890514,572315218.6256589
103012285.8043769,70263920.25454311,63061119.01349577,268926922.24401027,505264247.31642604
81979081.09468034,84381589.2860681,69480536.16909617,419243740.47021073,655084947.0200553
89951187.0849741,77173560.22823252,67467465.95638786,284800421.6767191,519392634.9463136
86403968.1830355,86510758.54757476,70491960.7116709,285464514.5573958,528871201.99967694
75200224.71203946,69864730.97751133,63760923.165469445,342702856.90285707,551528735.7578773
70360515.00714928,69862610.02082375,63990642.190103635,241929386.1133974,446143153.33147407
76310051.0737947,68262513.44001195,57039517.76088969,296748227.79528767,498360310.06998396
84994261.70550218,70965219.31098114,67499879.2676033,370513374.7947006,593972735.0787872
113386546.37943678,64692306.10362683,67575831.38055189,296753988.58415645,542408672.447772
89401880.2613735,73096786.06781913,66075470.260758154,308741367.18937,537315503.7793207
79486186.54510748,67195800.29367729,59235077.67337003,300707688.05864537,506624752.5708002
95987457.81400627,85835368.01325043,65874205.92420629,318154190.36951625,565851222.1209792
101740831.11244701,90169156.2329441,71042028.85492529,307397548.2798217,570349564.4801381
89918319.86046964,67109245.45785566,61561601.84457207,322462805.7169988,541051972.8798962
96649940.44951072,75508421.18347825,68118333.41637225,279170590.33230114,519447285.38166237
97607202.54821897,77377912.7545283,64924264.56588113,291711160.0392884,531620539.9079168
86334021.50033206,72106144.98853937,69890513.7821743,293379309.97549933,521709990.2465451
112549099.76382518,95505092.16559976,66339858.10407706,314737776.39179933,589131826.4253013
78578692.6710174,71578428.70254153,81179725.25335257,306631857.26805425,537968703.8949658
92386543.04761292,82082904.03293554,60766891.13580022,272445508.02360415,507681846.2399528
71892029.44155768,65761832.20838142,43858622.964386106,288732298.7226512,470244783.3369764
121176721.6373628,83413211.81816632,59356178.25541818,279200449.01428604,543146560.7252333
81029380.55358356,66551358.28038394,69007621.35482314,333211227.57797354,549799587.7667642
72476594.4712869,79353141.10381517,79507768.79280572,396489966.1027238,627827470.4706316
137982220.48499167,76098905.9488605,95470785.11848949,321832056.1737616,631383967.7261033
79314359.90142262,77354095.67580175,61682511.83214737,313400413.63471586,531751381.0440876
70590875.17450932,70572009.43048216,73577847.04152948,307248742.38570106,521989474.03222203
89207963.58144332,80814945.93539105,77925958.51366046,263413526.11673394,511362394.1472288
95765258.32513392,75369650.76163115,67612725.59653436,345974579.63982046,584722214.3231199
72028419.12769331,64834774.63641916,48611447.515552744,260716049.04992226,446190690.32958746
107915471.82906637,78769830.20577599,58052648.28294293,280795190.8373861,525533141.1551714
68719445.47196926,63318783.54654146,63219161.96663203,257846704.49061984,453104095.4757626
104216503.99796876,78596951.76463051,68513570.46185052,299113862.86476874,550440889.0892186
98697317.78141584,85681723.79297018,72772570.87054437,336714048.60324985,593865661.0481802
84295781.54185958,80402742.24229664,64767166.92897904,304332041.919705,533797732.6328402
83455581.81128179,71476668.92850098,59219388.76936139,310824458.76960695,524976098.2787511
107573387.25859894,91374321.48626624,62212399.620085664,354849344.9522328,616009453.3171836
82876054.25545721,80636794.93343034,60543624.89476608,304248712.92624825,528305187.0099019
91701107.33154489,64851661.82523785,66873079.02087163,351568191.83085686,574994040.0085113
84802724.1358737,88487414.61544853,68526313.55901885,343053328.61656356,584869780.9269047
61130934.4302541,92839921.96098801,83340922.40812892,315441710.9629143,552753489.7622854
63592084.23115404,73243158.3862376,53632344.472740486,302009832.1059175,492477419.19604963
93149223.90550247,69295530.59625056,73060168.24326673,339646575.6325892,575151498.377609
101958092.00916983,78933044.91637269,57350986.83497668,331031586.098647,569273709.8591661
83512698.79687005,64189595.2310004,72254953.87600367,389691451.9893907,609648699.8932648
86633800.87721685,97510656.72097193,73773454.80703068,305942013.3567791,563859925.7619985
78833266.51558265,89862777.01196252,63955399.8265023,333034737.2767291,565686180.6307765
79738461.77164161,70716739.43192805,72065896.18694998,295192540.9254193,517713638.3159389
81734182.99772345,85477097.60502951,83313308.22776239,350006507.10782456,600531095.93834
78526952.09634587,70063500.4457154,64076949.54585113,310655295.99648094,523322698.0843933
74447974.11256675,79818705.94976234,67303832.02896094,251460975.2155119,473031487.3068019
75153973.64268064,69421345.29538408,62498755.03826642,369229968.7110207,576304042.6873518
90598325.12602817,69665403.56948029,65672690.860710524,289755989.4609741,515692409.0171931
91863298.57384883,82349603.71970877,79041089.214658,319519360.6217947,572773352.1300104
113381172.084655,89703527.5360433,66155969.25073939,400054167.7033645,669294836.5748022
91896201.85693555,69936067.94029696,78029024.24962598,399695626.34294665,639556920.3898051
86747954.83711606,71721010.10961007,63221693.09317166,325183174.83513904,546873832.8750368
107010705.98030642,85150546.27564174,71018951.21123964,372913070.98920995,636093274.4563978
82946716.23759764,84759934.62151842,66467797.45873562,323166432.59712493,557340880.9149766
85636342.82946537,75306569.79036286,62864489.243779495,350593531.3566327,574400933.2202404
77550250.137069,68036789.62652591,80594913.02623376,353155809.0128325,579337761.8026612
59522122.21310764,65382524.624877274,48826210.747824654,248650945.71630254,422381803.3021121
52757181.32654277,66843160.18738204,52877129.79815141,284743263.23868173,457220734.55075794
67225439.10978186,72435714.44929262,60562830.462441154,351182732.9174429,551406716.9389585
109323059.23158191,87713778.43597195,68413887.90666184,392025422.536431,657476148.1106467
68005966.28057218,61170860.94229814,58908581.7802618,374683835.04159784,562769244.04473
84427509.5201451,73968042.47611193,54957125.139402136,323558058.7640316,536910735.8996907
101588994.46202412,86303583.01536144,65232823.844127245,283633744.0898865,536759145.4113993
70896240.00545025,73322442.75311212,56455000.188779555,254222994.97452354,454896677.92186546
81487240.43172204,70829148.95338973,59968385.625783734,311354264.64726865,523639039.65816414
88318888.95360975,73827938.32785271,66798252.37386281,271630410.97195077,500575490.62727606
88690657.30914325,77738783.28727372,55854829.237103455,328412202.3926116,550696472.226132
75727728.69433472,74482208.45940101,74486003.17349894,347083221.0328359,571779161.3600706
87688742.26894078,73078111.66976516,72800341.83673617,335559979.93070686,569127175.706149
78986084.41819412,67890554.38874912,49041571.363006614,284863001.7221969,480781211.8921467
86060659.45413686,86516601.4940553,72551880.76861641,367101768.9263254,612230910.643134
77993143.04764305,84625978.30668218,64272578.506583795,333203489.6664264,560095189.5273354
69040463.13831413,74166935.62980677,50852134.00350957,275380461.65569603,469439994.4273265
93579642.28006591,72818818.96652521,57629360.01368947,323642178.701661,547669999.9619416
85774959.52133824,71654190.9007496,64772148.6935575,407867500.84826916,630068799.9639145
104900796.93946986,90765078.00720978,75695145.47677173,326725981.00242263,598087001.425874
59417664.06921448,64503855.24175577,56859576.23864282,231700086.1261396,412481181.67575264
72453803.40514173,58054253.597939245,58260587.05059247,315677635.1903953,504446279.24406874
104118755.74163517,83115291.63704188,61867719.41729004,242500532.7063372,491602299.5023043
65821988.81870908,61670683.96128356,53595366.96735153,277524180.1157687,458612219.8631128
74135106.22007649,76283321.46323553,63629003.889200605,301272263.3294129,515319694.90192544
104678412.86995389,69218214.8413011,67754419.55372445,304050402.28409076,545701449.5490701
82672879.4355507,83283714.18021825,75778796.54257126,284269455.8655917,526004846.0239319
84700762.79669766,78100608.68936163,64533417.213664725,324314284.1809226,551649072.8806467
91224634.72921097,95008108.14269373,60459913.008828804,299872393.57530457,546565049.456038
75400178.72221427,78957263.2373217,54810503.91135469,303035409.97556883,512203355.8464595
78838442.8973172,68339332.65388688,52952003.15281871,270419041.78140366,470548820.4854264
103748034.80664477,78934239.01696153,73164017.75683206,380091744.1178122,635938035.6982505
90970269.31245627,72037939.94474107,68555726.71000049,287268072.9073712,518832008.87456906
80440533.01908384,62697230.983552955,67871001.94251217,287654936.3543152,498663702.29946417
89788445.45335987,67974220.02694173,66667559.604562595,276777611.3102796,501207836.3951438
85251225.27742642,83793824.58911121,75338627.35865833,316027074.21486527,560410751.4400612
65703384.01649891,100838384.73532306,89202991.62839292,363144372.12018543,618889132.5004003
77298834.45733684,73088558.09389628,60461135.17661532,342598872.1581409,553447399.8859893
90952022.14838284,70184260.96018846,60700853.59778637,336997248.9945131,558834385.7008708
112677747.60956688,96228672.46429464,80912926.31465432,318450339.7785602,608269686.1670761
51894137.17996905,70017199.4626703,61595145.70246663,299360235.2334671,482866717.5785731
87963896.07720098,65428066.726880014,66509641.41037266,323488396.65414745,543390000.8686011
97277121.6040478,87027392.66677064,75523951.70364375,304088801.6811647,563917267.6556269
86224276.74138395,76714499.07697631,67115488.90528016,342884301.94015497,572938566.6637955
96676590.26033409,99026841.37619402,96140090.57213156,345001260.66123205,636844782.8698916
47176741.18168362,76373434.9416027,59428503.67647053,268008281.47987694,450986961.2796338
81817340.20526402,71242994.3230521,68911910.62043871,255259430.77470088,477231675.9234557
73384399.44523041,76144228.74647965,70317192.07026887,331766472.86218333,551612293.1241622
76881171.91561615,66062239.503175914,58290837.12550001,299117036.1819426,500351284.7262347
110628402.13122968,63412593.118160225,60878824.177235804,252826675.8010507,487746495.2276764
66934100.69643912,80141780.96063353,70646359.80200295,325902855.363277,543625096.8223526
101067307.23320068,74454851.47569665,62908758.75676027,386870575.2557564,625301492.721414
83831601.4431526,82111172.85521527,68010072.55992521,249388415.71725953,483341262.5755526
62857646.61234936,66091133.015449025,69169035.2990478,331007995.5538559,529125810.48070204
100954907.42040774,70200700.99544378,78328275.49006554,282499429.14729536,531983313.0532124
90231331.50584128,76605884.97760884,65085373.08754754,354136815.3879322,586059404.9589298
77896454.41210069,63477971.25946324,61118972.370018184,280169729.4294705,482663127.4710526
149776304.221993,93028530.107594,70938355.51858403,281672454.10869884,595415643.9568698
64533842.11946108,63147592.14871823,60859363.54924245,344105425.8141873,532646223.6316091
104367730.01788135,81396175.8344831,66201347.629731685,316897785.3376577,568863038.8197539
80257625.46208386,91079274.53547412,69056540.92247723,309162652.3874658,549556093.3075011
61157837.09005957,68655906.5858469,68294201.42143373,267378871.280036,465486816.3773762
77329581.8779725,81159389.9770713,56451163.42740171,332173345.80165315,547113481.0840986
80084231.28554781,71374976.92042059,56046742.90876933,303324566.2827701,510830517.3975078
129310241.05009954,91077500.29965131,65949484.40722488,354535173.1215928,640872398.8785685
82895684.69960086,88177845.357676,76886601.01189323,227935549.39235145,475895680.4615215
74254925.62149715,81836928.73003487,68503724.99145739,274050941.70058626,498646521.0435757
78793749.2678409,59681054.815186754,58912691.11870139,372878783.1318374,570266278.3335664
99205741.19627392,100917569.21662827,82949742.26478781,371997409.4501349,655070462.1278248
119632017.0756255,85403890.24483651,69257293.66740589,352062995.3763357,626356196.3642036
110069341.96748193,75907338.82026489,61636810.801155895,305187127.8015479,552800619.3904506
99628675.57017082,86012579.38337441,59202299.244274616,374124257.33647525,618967811.5342951
78698221.59346263,72114095.44864756,57702644.59644985,399113120.6623612,607628082.3009212
90654915.69162498,69593226.96269247,70851660.41585822,335705794.48953784,566805597.5597135
84625294.29096831,83295154.90508106,62019928.71903511,285411774.96331954,515352152.878404
63204994.04766177,60719273.04405356,73117090.15227382,367287757.13497543,564329114.3789647
88131560.87489082,92439321.06834784,70175310.93323247,305675680.2232855,556421873.0997567
88000715.69784331,75171177.0569874,64163433.5263776,344361950.87266684,571697277.1538751
89330044.05580828,83085048.61204614,77513396.16545823,333573091.9020686,583501580.7353812
74658031.67996371,62845998.92533596,61624026.20971196,287749483.9086371,486877540.7236487
88436973.51068667,76207545.92955199,89939037.84924573,281575635.4055111,536159192.69499546
63410494.56506055,73571475.58567643,60966077.68570957,307060586.81136006,505008634.64780664
95755428.2188035,90163319.98958938,59571831.80508974,283135538.16854495,528626118.1820276
93406078.65972339,84493801.95853151,89851999.21887703,369848848.1321213,637600727.9692533
86418470.34389721,68529049.89122164,59243139.133246794,274293532.296249,488484191.6646146
96855798.9107001,80287282.13711788,58162672.6753464,282532369.6922225,517838123.41538686
100366067.4194227,81827682.58201803,73536096.66757348,329307601.6299989,585037448.2990131
113153901.26654594,82968415.589335,66598673.32560211,277786712.6086954,540507702.7901784
90764424.62035331,57937870.314173415,58141741.20524434,281420801.7202836,488264837.86005473
70090816.18977438,65065973.83575944,67277879.9179753,308482285.8546711,510916955.7981802
88641099.45226823,79139472.99354218,67970853.69605978,354893450.8419817,590644876.9838519
88948820.09025614,64601629.61602605,75206534.82225141,323064805.653104,551821790.1816376
79355163.294309,64457691.024029724,64383715.01899192,293583309.8106783,501779879.14800894
112210458.51695085,77429059.11022894,61366295.2820294,333274893.2779842,584280706.1871934
101136213.7340829,80255583.29795688,73944445.57563975,313676034.55889404,569012277.1665735
90535871.21803303,87808442.52735151,75598176.9817307,312589563.65211135,566532054.3792266
108295122.01775561,60835618.97336013,78274260.44346856,256361816.20585456,503766817.6404389
78875766.35863003,74042805.89427555,63797155.252028026,337462757.2434782,554178484.7484118
73618442.83033091,75477711.33370338,60782057.26819311,307533390.8821922,517411602.3144196
86308055.94822903,76747441.79021728,62095939.35942446,282938071.29971784,508089508.3975886
91313505.11704816,85759418.40681419,64811925.80786736,277332326.02165604,519217175.35338575
96210042.42896737,77529991.10657492,74008074.09395728,282837544.36916804,530585651.9986676
65584514.43570552,67085923.81666296,56231739.94403968,285526840.2944402,474429018.49084836
78752679.97313438,81010685.56844774,65031025.64716695,309741066.140574,534535457.32932305
89437381.34649251,78286646.67030577,66788307.06344467,324587707.979853,559100043.0600959
76775133.22420685,86907219.6355522,67177943.27581343,265448660.12016246,496308956.2557349
89874399.97042643,69455249.38988039,69105118.34355368,393655017.65440816,622089785.3582686
76886887.01688698,76857776.97070336,53413575.04383809,304253430.2685857,511411669.30001414
75675842.24642392,68567964.01188529,55077295.047443844,313181920.2837687,512503021.58952177
102473391.99800651,79156008.83202758,61315049.81194543,361061513.80337113,604005964.4453506
77333423.38954206,57698722.12499769,61930150.74369361,256946168.29372507,453908464.55195844
102167058.70203823,75492292.13209203,71585187.43785475,365268954.7281735,614513493.0001585
71859381.31010033,68230497.89343284,61847854.179270856,352898908.2552706,554836641.6380746
78481531.9415721,69378928.70421027,66908389.092592075,282876373.67981756,497645223.41819197
89364243.1526952,63976759.5770142,80313877.75267303,269200034.36040217,502854914.8427846
82828367.13652562,74941349.78050266,82120883.90965487,274911713.2337303,514802314.0604135
119816560.08083083,89265111.02853273,75741481.47802879,286449149.0905119,571272301.6779042
95560243.87384562,71474349.63877791,75399108.37808186,279911915.9462427,522345617.8369481
85641884.28176941,71087586.76871641,57140972.52557951,317969950.313121,531840393.8891864
95015757.88018757,89227818.24028043,57404280.113472804,337725144.9332614,579373001.1672022
130257477.06332739,79120537.30160668,86501703.81687903,318359361.553211,614239079.7350241
70001765.14766918,69896138.21564397,71217671.95323578,278374394.8186315,489489970.13518035
79214423.4264671,79748441.54930775,66921043.02396993,327428359.5311396,553312267.5308844
90593366.84859534,81138764.20056917,64611710.07785132,312901448.71060205,549245289.8376179
75172672.0751624,85391130.22638837,63537034.42200321,346044248.8300674,570145085.5536213
84005820.34199418,77245041.92481835,62543391.18910908,267455178.0649447,491249431.52086633
65949741.54661024,63238926.11889798,57896554.25023116,295777612.1623163,482862834.07805574
102523864.09999266,74990343.00825247,59877609.54381998,252110813.2315449,489502629.88361
94176613.23415942,90857713.22779596,82925204.88560352,354979098.44045293,622938629.7880118
96597272.87837467,94760976.03137599,75629085.75375982,346056017.81882197,613043352.4823325
82841218.82764983,64277732.38469184,56756855.69459076,288438688.25921035,492314495.16614276
88060976.84745166,95276282.68379158,73089053.43749069,364519669.9544678,620945982.9232017
81338790.71204562,72265815.36327763,55033721.244321495,265853790.1139582,474492117.4336029
94886857.03181316,77645276.26241139,74971991.87597445,321464945.65861845,568969070.8288175
82422148.97500733,96294434.68749821,71553819.7769858,361953725.94256926,612224129.3820605
81781135.00096855,81410983.19366154,75470005.13447495,323597366.4987202,562259489.8278253
59814804.50796008,70017609.78455643,72011882.81219591,325804687.65447795,527648984.7591904
93661872.95031925,63399626.98914372,56694427.41756033,302864177.5303679,516620104.8873912
93131587.39833723,88881497.61163415,69477068.08170559,327700543.4724197,579190696.5640967
87436916.79867016,67949903.04876262,48352500.39648406,293572334.53562665,497311654.7795435
89671321.85722038,71312766.267112,53259324.10389316,308929055.632938,523172467.86116356
83572250.07455242,80381788.79929669,84029319.11688633,253297882.53544986,501281240.5261853
77965213.8981936,72425470.96521434,76393222.19868548,259588236.92087448,486372143.9829679
118902092.93810801,82940868.02808331,69163552.95085676,304683372.2854634,575689886.2025115
81323346.7419535,84548609.54280631,60446976.861544356,312559184.1438719,538878117.2901762
82004436.57060638,68729879.80132644,85851296.94010338,336894049.1971309,573479662.5091671
96207043.97192313,88747287.83449091,59820779.151509166,369089700.2118471,613864811.1697704
58353304.82106873,63577408.880086124,56602242.75901609,306487642.366994,485020598.827165
90316534.95350914,75250371.61951952,65877832.79246731,271701447.0432104,503146186.40870637
68616402.13336861,78387280.23233804,71397110.8750586,371689423.7812098,590090217.021975
76844482.03846356,80114170.97927152,64662371.09667687,348114428.231515,569735452.345927
102714217.53860088,80934607.7704521,65847487.38110357,342435802.0574796,591932114.7476362
96726698.13629417,71995145.6876907,55642224.4889948,281520856.7042267,505884925.0172063
111160023.9077707,91795165.6111059,63550744.39073434,269165105.85828954,535671039.76790047
106956349.06500556,69916068.20001061,68867835.57934408,285192747.63491917,530933000.4792794
112983955.86140946,73839950.72772674,76186047.72229262,322295879.53773206,585305833.8491609
90802010.70707296,61177703.50169085,46776488.42118884,267836649.60975116,466592852.2397038
90725139.72522685,67435911.69370002,55505990.993282124,308104994.4964324,521772036.9086414
95433517.08374093,76452921.28330216,73114197.46403372,273059401.2222974,518060037.0533742
82376213.89098361,90876324.15509823,71266262.07929413,319308287.5490972,563827087.6744732
126161795.81122991,70407118.8243926,72299723.10276179,376276759.84857506,645145397.5869594
82787189.79355454,83063661.0194491,60714956.5078659,277522515.4171563,504088322.73802584
92753293.05260202,84633733.52430788,79135173.76566248,384888768.21970415,641410968.5622766
86271101.83927943,87140401.27441706,66966702.93747551,342833574.5933403,583211780.6445123
90154267.84401156,80732323.44267598,71343781.17585719,259365949.37167057,501596321.8342153
72841131.49979739,73933026.0737521,52812171.35500283,315497919.15384537,515084248.0823977
100269814.27481683,81578838.54749998,60107015.96651069,351607807.69071335,593563476.4795408
120847610.33320126,83354623.30134697,74555594.87242372,325095441.84545225,603853270.3524241
94938348.56253147,76523280.42904471,66381085.96897023,338798993.60799116,576641708.5685376
126965965.91397822,70502703.5366445,65044659.76461532,264525372.59760392,527038701.812842
112532173.51419637,75345682.09405293,56503027.27968552,316384261.52132607,560765144.4092609
115310210.75681053,87541373.67268065,73083314.18718854,332546800.52374864,608481699.1404283
109384066.38267148,72426620.26330645,64993470.00950431,287565225.3367968,534369381.99227905
72332663.12828799,70232568.20793302,72028344.6700865,328375520.4204686,542969096.4267762
96686526.0414435,79237711.7059168,72012606.23821881,284969501.9632286,532906345.9488077
82990914.8109605,76943565.94517566,68375865.68162751,318495410.81779486,546805757.2555585
85297291.79263528,72496274.9098484,94124410.90020013,366329136.7423677,618247114.3450515
93172821.53736815,75204778.57262878,62658562.156432375,296015773.6914262,527051935.9578555
91394790.17272562,61907185.345439926,50689363.32965973,260639203.70033157,464630542.54815686
90149224.2151034,74592011.6877048,78322270.48246542,267147624.20092732,510211130.58620095
77321840.96321547,88268621.23439455,70645737.1227645,346408796.7189397,582644996.0393143
121119550.57002774,75680099.45422056,66730494.00592849,297117605.10042053,560647749.1305974
63770504.992923304,68396292.65790291,68756750.98987888,322313317.7006762,523236866.3413813
96296714.42382725,74534449.38120236,61079071.50628258,345470442.838908,577380678.1502202
80532115.71394505,77326700.12671183,67446052.56752288,361944597.42741627,587249465.8355961
101886097.7538875,67887394.22514392,55463190.06715837,309422677.7422999,534659359.7884897
86314063.0231525,72041660.35858388,72889330.81296611,316888264.3423265,548133318.537029
87943614.61202131,83437207.52008526,65644989.25662027,367029676.75480056,604055488.1435274
76868721.65829197,79788582.38688631,79140174.0014533,272026258.71622473,507823736.7628563
82542591.98081666,85761150.8611428,79237600.96731322,314955118.8252596,562496462.6345323
77528581.76656362,82751800.57515253,78005270.25963616,278732705.25827163,517018357.85962397
71916310.51947913,74771160.92830537,69758466.74554412,296607542.63589287,513053480.8292215
97229699.45956902,71866317.454922,50667797.29686919,270937580.94760144,490701395.15896165
88095487.79732604,73890558.42447162,56983311.78314376,237757842.60740942,456727200.6123508
80316114.34815411,82857838.23190247,78919100.79942441,366569016.6553849,608662070.0348659
76526516.5042915,64669536.87604188,65074345.18005422,320840238.8467774,527110637.407165
92979386.13855417,61197354.07991231,54905572.53892621,284726420.4024428,493808733.1598355
94284575.07893658,84642504.0070046,70566802.60213816,324749612.52340615,574243494.2114855
88401207.64085524,82631639.69119525,70974125.86111666,314439859.40731657,556446832.6004837
83539484.98031762,76079738.78855059,69791741.93698251,317857595.904987,547268561.6108377
92691820.68325125,90108768.603453,73315817.59319308,294421632.79236734,550538039.6722647
100463501.23618431,67119202.62901883,55853846.786471136,301032896.00208265,524469446.6537569
94726158.4531385,67163122.11456579,60439353.84606225,275106861.34191495,497435495.7556815
80669459.45994973,83381532.06506868,74149619.59174185,314500640.54012895,552701251.6568892
79907217.36676009,63845569.488922074,72455926.1155995,327523434.9356841,543732147.9069657
77877014.77508847,80605938.92989679,66546331.85447306,296006365.89905804,521035651.45851636
93502610.76584451,70974637.14401677,62021394.68123378,302415288.6101246,528913931.2012196
80504599.20991479,80742438.46944273,84006039.26440151,297011849.5834015,542264926.5271605
66796158.17308068,56856299.502434425,56682678.75596216,263627934.9061472,443963071.3376245
90159634.33004014,77866857.44426967,55296542.404618934,237255157.95451415,460578192.1334429
91440236.74011782,78141840.2947816,63735148.2865579,250185688.96427304,483502914.28573036
94045913.9952799,89669282.7243458,73359357.7059974,287761562.10377103,544836116.5293941
87832354.89502764,65105573.55917585,70429353.22413959,307750814.47267574,531118096.1510188
65703111.72782376,68938279.72468941,65781244.333481364,288749738.44294846,489172374.228943
83438851.61772154,65414052.19207717,66325682.91566439,278773625.5833553,493952212.3088184
61742131.2899911,67421284.61406676,69018840.75355038,289458474.62846494,487640731.2860732
115193454.44754851,85181861.61098044,73439000.20657153,312215043.8335239,586029360.0986245
86259502.62690346,73644008.81990731,62894147.04238756,318708487.20459336,541506145.6937916
75070920.87148266,64969671.29737322,53728920.4212457,360258491.1606998,554028003.7508013
94937948.91082093,80363511.15422337,59964577.38108285,321410907.8870663,556676945.3331934
85595091.43506469,77683128.58208048,59284880.89983993,302483839.5657772,525046940.4827623
81485376.74855433,68603429.33079611,68844200.45325713,254955364.21557638,473888370.74818397
95462891.33252828,84073335.61912625,62385614.85308852,276020091.3150237,517941933.1197668
84148285.95205595,77992219.3612054,65392407.27923179,319665121.0135444,547198033.6060375
115655451.3636986,76518686.0757886,55157488.76908729,321991950.2279403,569323576.4365149
114189359.22679076,84658299.180545,61819258.4360963,299408605.3768826,560075522.2203147
72906463.77776584,78708746.03316593,56359174.207491346,283003966.46484196,490978350.48326504
74251855.49837624,74463833.98426849,62029148.62959853,304544151.35056555,515288989.46280885
87520637.04086795,67966878.1471894,68066792.87191974,301815087.5562826,525369395.6162597
74440069.11329594,95107517.56377292,75628796.57797256,314464156.6414755,559640539.8965169
109390440.20757121,99108164.58216137,73412061.44648817,333973402.7343363,615884068.970557
74446341.92154361,72187385.05873387,62500535.54079568,304549276.3720011,513683538.8930743
91981093.42962326,82176504.81357676,70387276.83495688,271014690.65341496,515559565.73157185
75039239.8245514,69059322.18640395,60831887.635991916,332947174.3439646,537877623.9909118
72389748.24575335,70009975.62723784,70633081.48228426,295756467.21007055,508789272.565346
93880762.85432309,76153205.77965246,68526107.11101654,299497255.3460265,538057331.0910186
97039488.28716844,65232215.62076729,59977918.99028207,303943958.1736559,526193581.0718737
94988928.9038987,92195960.86024061,68573035.96032952,370909623.69706047,626667549.4215293
78473474.9792777,86628653.70979089,76141485.11031662,286453729.43029356,527697343.22967875
91603007.20779,76506395.19556752,71596627.58091263,302881197.5636975,542587227.5479677
83021004.31204659,88153169.86465055,69059784.08166046,342551718.6536294,582785676.9119871
84116950.79027823,91506571.35044526,65506769.74179785,287602744.54179823,528733036.42431957
111322190.61119509,76410765.87128471,81460412.71770003,356305822.062223,625499191.2624028
85074738.36631614,61383397.53731837,60400219.827743344,295472596.0198984,502330951.75127625
105131441.0571018,95387665.95455097,67621549.60081176,343527708.4658187,611668365.0782833
98579707.45708199,88578161.43154009,75187747.97803427,255152136.8776123,517497753.74426866
85064211.63039573,66224093.466253914,60927784.548175626,329794380.82161295,542010470.4664383
91575310.20056348,87864412.98765786,73176851.40040843,272448381.4812276,525064956.06985736
58242305.04161939,70653031.45238097,60781795.52389802,263137449.25828105,452814581.27617943
66417485.2435911,65729046.96239916,59739549.67631767,315123996.47696626,507010078.35927415
89882427.27330522,92266219.47315545,63296805.214398034,339325987.1557738,584771439.1166325
87870994.82895318,82605266.56432638,64903590.07727709,345385915.4513793,580765766.9219359
91429862.98489158,71122553.51005124,64460299.918767825,292793255.613036,519805972.02674663
94314175.22940859,67604415.65104127,63172356.23364469,312157950.05674684,537248897.1708415
87670347.64016227,89021191.4459537,77190077.31351729,320298924.6046464,574180541.0042796
90287191.62877153,79372412.0971983,70697260.21628802,251925607.1392295,492282471.0814873
83097084.58732589,63419999.89770287,71254826.12812701,302617675.1751963,520389585.788352
84549250.08116093,83820279.8538688,72084851.91870248,275287411.8791737,515741793.7329059
86223330.71152245,73029488.09675634,52828522.79256009,265310616.39700234,477391957.99784124
84682050.35376367,74604580.5709253,54895051.19031512,331482007.02484626,545663689.1398504
85793638.59176129,76154886.86709477,69259234.91198972,281157072.39912343,512364832.7699692
93819749.99647275,74167497.95643866,59134616.6692843,316151819.4145741,543273684.0367699
110738232.46942377,87357396.10170896,79283246.25204577,304531718.85765237,581910593.6808308
67522155.57360211,85301655.87558801,86692035.83685504,390565500.3682336,630081347.6542788
82642439.70357563,65799911.02170301,54746638.07249974,236346487.6558091,439535476.4535875
85721189.21619813,91254543.39401427,69827581.42204805,324556901.6187957,571360215.651056
108698807.71551576,76358001.4868164,85597292.93703362,409046983.92590165,679701086.0652674
85396023.18661857,70858875.91396733,69671354.26881789,294257906.1113047,520184159.4807085
72463788.9869545,84613074.80005306,78631961.32145466,325342606.7795526,561051431.8880148
71240592.5142547,63073722.69971067,61205290.29658682,276507451.44492924,472027056.9554814
82572235.74565619,84585482.85299633,74937854.1460875,370864793.2448599,612960365.9896
74415108.81404403,70565242.01005366,69382062.50098044,321290212.9742849,535652626.299363
111462455.5338517,84465953.78521919,87329543.97457221,351145674.41050494,634403627.704148
103377655.55147947,76199555.79098123,67059373.56331016,340170897.31776136,586807482.2235322
112910399.9242613,87787730.70785464,70603655.573113,368575059.3573576,639876845.5625865
61391802.08467729,59639109.94063395,63388148.69434229,293657685.8206162,478076746.54026973
96087689.24952209,78379848.6936715,72073006.499109,284269179.2436226,530809723.6859252
95550218.66030407,87154724.22183716,81195352.16692397,408838302.96150446,672738598.0105697
90684358.2621842,79252120.29443778,56243273.89848768,276572354.2953535,502752106.7504631
84552755.21392459,85320261.45421411,64227801.97670185,334541506.1277837,568642324.7726243
87185300.56094673,74561463.80858397,67527285.35762803,292005223.7831336,521279273.51029235
81417502.30463353,61541073.435785085,58661160.75528097,274285306.91771054,475905043.4134101
80291781.38751896,78377783.28006761,71898628.68233071,319509305.9459572,550077499.2958745
102278477.7229018,84331048.82023084,67275497.1011508,293306304.11246383,547191327.7567472
91687878.04129772,82249303.13424349,80778193.98005871,369323995.90481544,624039371.0604154
79964679.0714913,73751294.83932027,70248352.03120811,347834297.61251235,571798623.554532
101358137.4704625,78168182.35871154,58207485.70141236,264430163.66478053,502163969.1953669
91099693.18642569,79962584.96198563,59378017.7102753,299674189.619175,530114485.47786164
96484122.95999292,68178438.32402925,72630244.41291739,295765557.2182679,533058362.91520745
106664364.53722073,74904288.08113368,58998545.19502361,281464242.1211786,522031439.93455666
85889244.46067442,72517417.47290671,63129829.22390301,311405103.16433173,532941594.32181585
84849840.96911018,75060187.33431573,53575433.99510134,302140302.319448,515625764.61797523
85971049.31839491,91363468.92292775,63567753.12042515,248944302.28127044,489846573.64301825
96281068.62247898,81012202.60590407,60569988.92458428,251784583.07160026,489647843.2245676
111552030.19815628,94751817.04572505,54693813.8254765,282435653.2562558,543433314.3256136
113840218.53567733,76523872.4135857,63706754.464465335,293452850.69545263,547523696.1091809
72878758.32215203,60014219.57422102,67222241.67051339,241397407.897018,441512627.46390444
90730448.4465007,85071805.50297923,58362242.78408495,268440474.51802593,502604971.25159085
105908081.63653973,84582792.34030384,64992455.467753865,352519320.58904433,608002650.0336418
105795468.97525221,82024950.26321942,62074832.65316144,288722830.5202655,538618082.4118986
91300553.62853745,75246032.83870564,73796264.74593285,262152564.3764389,502495415.5896148
68649032.0650677,73608689.12020878,60493234.47790977,275351558.5662172,478102514.22940344
65704165.91917012,71535357.25685169,62801272.13892654,320879449.7687518,520920245.0837002
88175569.58510922,75138335.91732144,75677060.80699854,270242249.98253447,509233216.2919637
95029916.64959522,63984957.9947865,56171805.15341036,250985997.03965288,466172676.83744496
98841165.95202875,77709957.58516122,67151649.87045948,270120726.2895867,513823499.6972362
83121477.2398024,68930474.42518294,66260476.699416995,269187936.80183905,487500365.1662414
107904447.23771285,65821604.527000874,57546922.63530569,353556952.0500414,584829926.4500608
81337989.56866373,64360929.02171979,63120774.69072716,280462888.5629397,489282581.8440504
76282292.29788575,65055698.11472017,85375052.0381678,309588693.0170386,536301735.4678123
64067607.21995226,84326582.338709,72446944.32787088,286225203.32634634,507066337.21287847
75103532.52410612,79521114.64720614,64646086.739465356,243024762.51466352,462295496.42544115
116105646.55321562,77240916.54421656,81039874.1492765,372642877.3981135,647029314.6448221
74291441.1331181,82689660.0595841,62543042.49315935,243544844.46957666,463068988.1554382
81475399.80186816,78463837.16219723,63040556.34339016,290989710.3695325,513969503.67698807
104734005.20462933,80315748.80765018,61924719.14580968,327362778.22995764,574337251.3880469
90012704.24940772,57290996.457634866,62204688.118765876,306058724.42669076,515567113.2524992
87489396.36946931,84422857.71649122,63646969.08738248,316490433.81505394,552049656.9883969
67854497.08784077,75357635.22723746,81530625.50421007,284278639.42285407,509021397.2421424
77217200.02790979,68207995.96720032,63692099.363693334,263866939.22184175,472984234.5806452
93293754.64508788,85219022.60094209,74053107.39759557,258228072.06662422,510793956.7102498
102274423.66733377,87928119.95352823,78175946.93468337,336097308.4514789,604475799.0070243
90337813.3919827,86431242.70917362,87607450.90867795,295608417.1418597,559984924.151694
103642172.33417767,78361793.68195136,66680425.45752861,257047098.29874203,505731489.77239966
83320101.11607265,67130749.99661553,59304656.53551271,258244441.0104876,467999948.6586885
81158833.41178809,71446174.23662248,64862468.790028684,249980584.44505903,467448060.8834983
69187002.62681426,75296881.53123604,58904112.332745716,333411901.65359855,536799898.1443946
90411339.11340715,82301185.92012489,80840928.02876493,310800126.77434087,564353579.8366379
79543041.44778052,82428904.50979663,72032438.28709424,305936812.2029234,539941196.4475949
108975248.1376119,78113453.36483549,68134169.60974702,309228572.5941038,564451443.7062982
75085797.22532791,74229414.01439561,76415893.91597913,330317560.26618725,556048665.4218899
87642836.49268731,74782889.9282403,68293448.59092875,333958381.3354214,564677556.3472778
96145026.78188226,74884252.79912497,68733655.14670345,324781000.4326524,564543935.1603631
74217890.06351298,74812952.68702275,50230158.05946306,299852104.71059096,499113105.5205897
96935080.0531663,84982180.8382942,66433228.4782638,319494582.8116572,567845072.1813815
109543814.42608368,94358566.85351203,72986193.97143756,324195959.4762886,601084534.7273219
104187750.09692849,66631776.81300952,61088840.728258036,345078365.0136223,576986732.6518183
101947923.90350175,82285449.22130491,57694068.25650137,295666345.4230516,537593786.8043597
79346755.4412742,77396700.75383787,60057398.866510406,264350951.01536614,481151806.0769886
62654280.00743319,81307730.82646574,63230531.88184967,306857753.83363163,514050296.54938024
87176695.01179154,67275781.13522372,54189698.08528061,255611188.61583054,464253362.8481264
77671521.98670349,77340070.48730174,60045423.17717029,363406981.07978976,578463996.7309653
102799591.83238459,86728649.51705277,69491017.51321186,372023061.4649965,631042320.3276458
84215960.03438944,75234819.43751395,66974228.30192697,330526020.20715904,556951027.9809895
96571980.85850224,73729706.85800315,61720512.194391906,321872879.8856833,553895079.7965806
97790948.14818521,74641220.13971953,54786313.49913054,284064746.35480607,511283228.14184135
96365247.54703785,95895537.60945687,63372028.479802065,293387120.7274738,549019934.3637706
81935891.1492601,87755789.25732887,69392924.66744779,280803996.0743537,519888601.1483905
95369975.16511738,74121439.3412364,56932604.741157085,264721648.50627726,491145667.7537881
115120740.90154578,84730610.37283769,71299568.86921008,305539492.86271006,576690413.0063035
91384838.36185434,79448533.44758318,69858801.910838,314067638.07488114,554759811.7951567
100225544.78995627,78756318.33263785,60277211.518069394,278931334.8661037,518190409.5067672
63521555.03440937,89506859.74984445,76400835.35355002,289323756.16755503,518753006.3053589
83359398.81129879,69990817.52914198,76504889.05207051,265693281.99942067,495548387.3919319
88821382.39403148,75472313.27322091,72766425.85254359,307742367.9967886,544802489.5165846
65807864.057624914,69358955.56517185,55627765.7173115,290897474.19792145,481692059.53802973
109723297.85080354,65586271.802955665,57575851.01598127,273624819.97784334,506510240.64758384
82037937.57370384,81756563.23209427,66356622.93627208,321372253.6846494,551523377.4267197
78892438.28719273,76398729.54462704,72087271.00291368,285421091.8447352,512799530.67946863
98831916.12011075,78772414.36638522,76550863.57233141,309786986.4600771,563942180.5189044
92698028.9831298,76807053.95106441,65883204.989500724,313932749.6723623,549321037.5960573
95036281.75651635,67177899.58140308,74989013.66245623,250974023.01269203,488177218.01306766
78150072.50238855,73433975.87473698,67897599.18711793,365458307.0636483,584939954.6278918
64761566.24783705,67089889.943296924,47812630.304043114,277982452.25381935,457646538.74899644
91085836.16550525,92360528.52817276,72696292.71618116,357640145.0149727,613782802.4248319
95754723.76209716,73927379.77791733,55657614.03653354,301049170.079095,526388887.65564305
68672798.37126844,83723239.78926216,66237982.92024275,351096321.205257,569730342.2860303
80752978.94637218,77149636.47108911,67765966.56027783,304677634.77384263,530346216.7515817
81370288.76645313,78393952.23326604,59643165.43944173,258793895.9336804,478201302.3728413
106412099.59854549,86594909.01862147,71167980.73210554,380880663.4615222,645055652.8107947
83547555.96394035,87808004.56236029,71262761.64841938,278929836.2473497,521548158.42206967
117241622.05759716,91254371.16058505,71579540.42283867,344570640.1332062,624646173.7742271
81748476.44877055,82535152.0234611,51195687.471537456,256093437.41472515,471572753.3584943
102014214.93004091,76621185.57733624,68700660.20886335,264022069.22777864,511358129.94401914
117238370.37388793,93383825.5823378,71565378.88540356,303140995.8150109,585328570.6566402
102839986.7150456,99330308.11473943,83338063.25972486,424420115.70836914,709928473.797879
75233147.34763119,66955589.27106599,53967582.04546135,300739115.81688213,496895434.48104066
89695109.72381411,75261709.16099006,72584236.7806749,358593683.9335259,596134739.599005
68304720.46447305,67208750.14260729,68117013.77399528,286249956.9518031,489880441.3328787
76743776.76464792,83160069.25500168,58252700.3463013,286875907.0179831,505032453.38393396
91920479.415598,72082757.81230885,71242866.15576142,289200936.9013912,524447040.28505945
109275147.23217067,78946755.29440193,73820590.30732563,343027954.84084576,605070447.674744
78870118.25165981,58687749.90372848,61722552.30948395,294479704.36095804,493760124.8258303
95326164.93158196,75653789.48218067,63066027.23809622,379485664.95293665,613531646.6047955
68890312.88683246,78525553.64547074,61489274.127747916,287535143.5486665,496440284.2087176
82890065.86517838,68569707.67713156,67596392.04291955,355504511.3056894,574560676.8909189
94025169.15427795,78346926.40579075,59817692.46350687,316539195.24401796,548728983.2675935
123175358.14932989,78766478.81804551,65699168.844071366,287443267.7517186,555084273.5631653
80634098.19137865,54454292.191357344,60307377.791901015,261834524.5306369,457230292.7052739
67385582.61803111,78307050.30602942,57743169.66319573,282927131.35973424,486362933.9469905
110291695.4415937,68215251.52048954,53645243.010196134,296706195.10952437,528858385.08180374
104833364.05717568,66160966.58095873,66458286.33833478,322752846.1378784,560205463.1143476
62711544.25650363,77445032.3046725,72144912.56896593,298885404.9275521,511186894.05769414
106574440.99293113,90817148.77489805,72868490.1448987,301621029.63133514,571881109.5440631
74627472.67345828,73147322.63033642,68841468.74687627,294400138.70735824,511016402.7580292
61337534.97615517,81356540.95528775,67725967.27907519,293249096.5066173,503669139.7171354
100038898.52388215,93627256.23691945,52034562.60382929,308331197.4589874,554031914.8236183
69396376.61388385,76551698.46013957,66186481.6154424,326584974.8305416,538719531.5200074
80507223.75427371,60201866.616919994,56721465.74919329,300613004.2508929,498043560.37127984
102606200.67655224,68971951.15456475,72614763.34183854,287279641.8996318,531472557.0725873
92419449.79362813,72706020.53573601,66597916.790686645,336832586.88577306,568555974.0058239
71650765.06904766,67294069.22526148,63423354.95783255,391630167.3577381,593998356.6098797
75949295.073997,93351657.68134892,90104767.29538691,329758366.1983596,589164086.2490925
83141991.47908878,69505026.85608813,63015829.58429798,253716861.03025997,469379708.94973487
86149717.00058757,90217233.71151182,65768440.39516044,300240153.5311306,542375544.6383904
66412026.82887462,74705871.51696208,66403194.65075179,305157964.3653209,512679057.3619094
84231856.0856872,73000137.4807607,68826373.21640775,305085793.07727855,531144159.86013424
91719445.9510015,78917523.77813166,76908113.12647848,342739382.8666132,590284465.7222248
89943343.77297258,91330078.43236239,74919873.28715141,370781568.23440874,626974863.7268951
96109679.54929516,62896510.686625265,71985394.76225291,310770148.97006637,541761733.9682398
86485390.980922,78472008.00698052,64202255.58735925,311086142.1844388,540245796.7597005
79321846.22926919,86296613.1151323,68130387.49406898,296342158.3554977,530091005.1939682
75202137.12925272,75913063.73673114,66810765.745214745,318322013.8777701,536247980.48896873
73979894.08470698,60943335.06389742,64367534.535645545,350759284.7379827,550050048.4222326
73990536.59171258,88094128.44887362,71654796.83642985,313449451.666216,547188913.5432321
81829088.0797221,63932663.353974305,68988723.06735939,276704679.07565844,491455153.5767143
76970231.43528679,82960335.63114575,54253414.4628169,244978898.20876405,459162879.7380135
86955062.45973787,78676808.88843006,70941169.24954619,299994645.6497916,536567686.2475057
130778342.26366483,81264903.75971621,67972036.93157221,283127911.31235456,563143194.2673078
88955623.82302567,82076468.33752456,78702219.78310472,269494143.75289047,519228455.6965454
83839330.57078019,79423117.42351237,71892140.75935243,311906098.2979882,547060687.0516331
95121797.29071298,70698582.6492128,77682080.77710462,352974624.2118648,596477084.9288952
70310515.17771447,64017455.597781844,53645743.890284926,306999032.47796243,494972747.14374363
70991608.21207319,69913758.0753172,66451423.582396254,299223852.6587636,506580642.52855027
90899379.8936146,67929559.92657888,67977298.8796557,282919100.31747055,509725339.01731974
82790348.45175606,77308491.6566171,67091766.825466745,306540637.31163603,533731244.24547595
77330739.89014742,71542557.71136703,63953116.19875554,255920478.37148452,468746892.1717545
80981953.02954233,78265777.32978033,57152954.4719073,336125402.7190014,552526087.5502315
106869536.42278777,69024771.13865289,75760250.85085969,307789876.8489993,559444435.2612996
93252935.58801654,72965690.53076388,72863660.682489,325699687.9181826,564781974.719452
76548042.38280609,64587868.50935102,51573409.23524505,288046524.5590284,480755844.6864306
95580601.40174995,83771949.41673122,68189745.43185563,271241257.01847774,518783553.26881456
78184336.91571589,84811914.1733695,64679162.43672717,310321764.78283405,537997178.3086467
73408732.43997398,76092155.58263676,61845144.099302426,336927103.91652834,548273136.0384414
98708538.01498502,73920607.40069753,64935418.24271205,284323067.42200273,521887631.08039737
69476614.52210703,65469472.22797277,62688831.15859267,306690918.7209184,504325836.62959087
89307333.95678216,73898557.65245041,73097143.50778522,313506390.27907133,549809425.3960891
97603477.52680588,63615484.91820317,38951551.10677936,272786128.51841515,472956642.07020354
69417311.738582,70518065.7842674,60860704.609363735,354398862.21684444,555194944.3490576
92976809.50656663,78713799.42847708,74335059.48707303,328077589.2628908,574103257.6850076
81044951.19147876,84711073.75958744,60183796.59927303,311471040.72886395,537410862.2792032
68065513.31765756,73662331.16816369,65587245.36548532,365904314.1502008,573219404.0015073
67876074.88809693,67082538.94702382,68055619.97088815,313782219.68329006,516796453.48929894
89762665.62861578,68599217.04935098,59241525.85711091,339054602.5463122,556658011.0813899
86491562.2662327,79329801.899713,66264232.77619101,266824499.16419527,498910096.10633194
101274434.1239639,83442761.64102438,91123430.84098631,295905708.0436689,571746334.6496435
99486369.73161267,67394596.59099,64752043.07992632,335922039.9657419,567555049.3682709
62581381.74152372,68939435.30371892,58041274.494224556,268288217.2927866,457850308.8322538
92756950.55222848,87841822.12632309,69225200.4904591,319599811.68035585,569423784.8493664
88819002.72218998,76439534.14815298,58273891.75386813,335630044.829736,559162473.4539471
91429432.67249551,80516204.33919375,61657299.5902355,285595601.81806964,519198538.41999435
84782543.02575272,63344968.94836242,50174088.20708827,261302426.86797097,459604027.04917437
94819102.06529309,71930214.76485713,57615855.94439905,267136650.15353888,491501822.9280882
81075255.78683478,71861762.1246513,83081229.42065729,360938903.15823364,596957150.490377
102760470.06800677,90404451.73163201,63660984.13935499,266891906.33363456,523717812.2726283
73042642.95824586,85288873.22210787,64034240.236773655,263552952.86977184,485918709.2868992
81391965.41794275,72888946.9982649,66742684.22159,312507198.0096598,533530794.6474575
76376285.09209633,79937112.04150887,61911480.589184165,294972554.29743636,513197432.0202257
97346238.0327287,72455157.32221968,61061539.30378983,318803606.89761657,549666541.5563548
76015688.48226978,70566802.68938679,67833525.25802208,384464585.3783525,598880601.8080311
96086009.79717442,82162783.68803692,73099380.05944175,278056165.97767884,529404339.52233195
88837324.01708287,76164946.33883122,68787492.61611673,311630975.25277466,545420738.2248055
92675097.42978822,74437765.9435853,66264789.6150771,264235597.64273763,497613250.6311883
82852848.43083163,88334110.89110376,72613974.38186622,314603776.8153222,558404710.5191238
118147858.86779529,69676173.35683492,57166636.31013635,356763793.1325772,601754461.6673437
87852171.90952647,74128355.24537039,56771560.0429029,308214124.67733955,526966211.8751393
95152814.43109696,68410654.19915374,62683593.660646565,286808904.8791705,513055967.1700677
90857025.12731883,67504474.40031849,73298196.70063132,343305594.2121176,574965290.4403863
82280753.85530382,73256123.2642941,63792281.80093393,274781767.5339874,494110926.4545193
81230072.71313539,72590139.30014019,78137479.30096911,351557015.64601725,583514706.960262
101288127.5084976,82170661.07455741,60352191.751415394,299129880.0470681,542940860.3815385
101871024.69741198,68175727.42405805,68971686.81539987,398747814.2219342,637766253.1588042
103371848.30159707,93128591.37424976,74456912.36769822,357571731.13373655,628529083.1772816
77737661.76541995,81285903.14786215,72752096.72575688,323445836.54533964,555221498.1843786
107666477.05745275,75017089.59660591,65256928.46775543,307460376.88651454,555400872.0083287
73951951.31367256,75260497.99934845,53048379.72764968,324366169.5437967,526626998.5844674
87861688.76966116,71785720.89265896,58523280.18687835,286242249.0498911,504412938.8990896
97369400.1879038,83128131.21778595,63488274.11959473,276182445.3323661,520168250.85765064
96881628.20443287,71706716.38181399,65496048.44303158,306970505.03844285,541054898.0677212
91676718.31425482,84993908.5043618,59701940.12540699,240989407.87475094,477361974.8187746
79632759.24601465,91795290.02893011,89991360.17325109,411169738.6043752,672589148.052571
84554118.79869556,61519097.3356117,45874653.73422632,254624612.72130772,446572482.5898413
84485195.99325044,87806374.83210024,77419721.52001335,328702784.84375256,578414077.1891166
75625797.29717706,65949088.23718101,63674759.47323357,321941287.3237658,527190932.3313575
92856058.42669886,68504823.41207618,68764818.55980937,320059373.52908576,550185073.9276702
73467346.29647547,66866140.6833461,67273376.18317041,293349426.5178791,500956289.6808711
112480329.20653908,85431613.23948014,66557174.268626854,308998385.0069809,573467501.721627
88097621.51841164,70128795.36543868,57453595.48065589,316689106.3839424,532369118.74844867
99848680.05792442,84146251.83923912,83167851.31853895,305795431.2372884,572958214.4529909
114024103.28598358,72886929.08620754,58731507.43153695,241739760.0876377,487382299.89136577
81199302.91702197,70653377.93517348,67946393.80662917,312721117.46399665,532520192.1228213
72042415.05642608,69649087.13106932,60222027.779749066,240011291.30427885,441924821.27152336
74530509.99620232,67189068.2934518,73705138.48138528,315167877.0947667,530592593.8658061
96963424.51394865,65571159.86587833,72289394.90124382,357090302.64894813,591914281.9300189
63325267.894950345,65243567.20435586,64422704.34591798,319688021.11971873,512679560.5649429
78229173.23402552,71680937.75697897,59659746.90977743,298620518.0360507,508190375.9368326
105637059.28819434,72717454.5749704,74094316.02222729,285764192.9980533,538213022.8834453
76138808.00453633,81116364.7883376,74923078.02937138,347298371.47712785,579476622.2993731
70639271.59743837,68755303.79612179,68929502.28018396,305167833.8599016,513491911.53364575
73431749.11143892,77174823.79642573,60330263.55996344,365440682.6401742,576377519.1080023
111685100.12136519,86314469.4610109,83159108.70018594,329208979.1179572,610367657.4005191
98580265.32274942,92811725.55133153,74342979.41319452,310222411.6846221,575957381.9718976
66375011.250592984,70855231.15761545,69460556.55012164,339801719.72884166,546492518.6871717
94543823.66356446,72817137.33292568,51671739.13799818,270202941.2483089,489235641.3827972
83059586.26068893,72599204.89157502,69561488.86500952,385306382.865265,610526662.8825384
88950244.7973474,74559694.25182272,63669358.79909506,305549498.9149848,532728796.76325
76374900.62714325,74884082.7570903,68632297.59930423,313579061.76113296,533470342.74467075
93837569.69458301,81356598.17675985,55320413.64935387,315977511.3174117,546492092.8381084
78322933.37430862,65446569.30625365,54170209.54917123,300306307.9233114,498246020.15304494
84154360.23541284,62167795.70457604,64346411.52195738,251560289.01417005,462228856.4761163
89182618.43356897,78630391.29934253,74511012.8993863,385879853.5347367,628203876.1670345
70088509.9647054,71989772.36816116,61596891.34120852,311909989.3245407,515585162.99861574
90272440.53147088,73645514.88332127,62070231.482325904,263072992.19252476,489061179.0896428
102154834.43896279,83182725.54153329,77247815.86409342,308266964.37735194,570852340.2219415
78500979.98991446,65612914.13371324,64510326.26204349,264539706.2153248,473163926.600996
117253317.06170522,69984737.18857233,67437335.89873822,365253383.2082383,619928773.357254
95988893.76896617,79374864.82631318,60348250.09933283,255396615.55103204,491108624.2456442
98653109.02705763,93132481.8957445,68647242.15840036,274979636.9792696,535412470.06047213
58829830.32407677,62154459.140691906,58469393.10510196,346574643.62345344,526028326.1933241
97133832.50313771,80786840.71335755,65068474.92908934,285611927.4905788,528601075.63616335
109223154.08229433,81971014.22420914,53934777.00311947,270961892.2089194,516090837.51854235
76009810.91247432,69262021.68288913,67384637.20979725,298889228.28532445,511545698.09048516
86141075.85864589,88324653.2632668,64554382.52971691,379993556.8956436,619013668.5472732
78319261.70320527,75043093.2347746,63093035.327532105,304401558.2663014,520856948.5318134
93643173.0770592,81319170.54094335,62402668.27410932,265724143.3598046,503089155.2519164
130209986.99328566,78819074.85184176,74948635.59121442,263368151.21945304,547345848.6557949
83389200.85521035,74239677.1180336,69004593.9455809,224281604.78599128,450915076.7048161
89559290.84128428,67048124.11536361,65418328.10245528,266618317.99423838,488644061.0533415
76043088.52569251,71484308.2804836,56350468.235581666,275143733.7780881,479021598.8198459
72037772.85436776,58975580.13160271,66425047.2974858,255871640.01847592,453310040.3019322
84747973.89817044,82482830.40600987,63343385.06902786,275887698.5648099,506461887.9380181
90425360.49698783,87308418.62916668,60962695.74883111,297214572.2350145,535911047.11000013
66079408.64136761,68294032.51273142,62308521.077906355,268194910.92027453,464876873.15227985
81053843.93425284,63620392.00241725,61764163.17083215,332321721.96088356,538760121.0683858
73156500.63356118,68060514.31842922,66255158.13731844,345674060.0739927,553146233.1633016
68660836.7933922,70698649.89606811,65249822.100408554,296817075.44435877,501426384.23422766
58654649.80309633,73704186.15904616,75964291.4198441,316175930.46599895,524499057.84798557
73934247.8929134,69092398.30572629,77523070.96077746,347343580.0426779,567893297.202095
96620220.63521709,81169429.98330276,63181234.11079491,296435602.36715454,537406487.0964693
86126491.81333514,80864236.43892638,80931588.04233824,365489834.29845077,613412150.5930505
69477157.91897483,74177575.14990066,70253956.52820706,329766724.832059,543675414.4291415
78848728.77779631,104145566.98557454,63970821.50447853,273824355.27021253,520789472.5380619
90531956.4927372,98008661.91984884,66433694.31780057,302583273.7396038,557557586.4699905
103628369.1065158,78980373.6994994,65284587.16625042,325873545.1833992,573766875.1556648
91098007.8759431,86576139.96665469,81385144.63741925,335740015.76500684,594799308.2450238
91378749.03430668,78843014.41763958,71290100.77450135,313240672.14491796,554752536.3713655
87199448.16842793,87382584.47891988,83632158.71181436,274365311.5447481,532579502.9039103
87348006.2224913,70314599.11449742,61729622.613271266,311389805.93586177,530782033.88612175
97076369.45828749,76976751.85223562,53335385.27882502,259365789.86367658,486754296.4530247
100671136.57431439,57297270.91939375,68611527.04422668,318679790.45721215,545259724.995147
107669385.07885022,78023306.5484356,53082401.35850152,305018182.53170055,543793275.5174879
106955822.80432262,88695467.20187327,65932286.63036684,312548362.3068073,574131938.94337
80075352.34710741,67910349.85970008,70299666.00890073,266153308.6788017,484438676.8945099
75577713.54412085,64857844.07746131,51429832.477557234,286530072.72119844,478395462.82033783
105035275.25345479,77709057.8903381,56505944.254671514,324353895.5315572,563604172.9300215
114233019.65004449,75093409.53001504,63332529.46548153,320679029.3557322,573337988.0012733
113071357.68263243,76021148.95478311,57474766.540364616,317724743.14103603,564292016.3188162
99112604.92075822,78403329.54367085,63189202.85743287,339179920.11587614,579885057.4377381
94902883.22599249,70993118.03031626,65054478.631866865,258336887.47100013,489287367.35917574
97332464.4939349,75699206.0906181,63135421.272271775,300302771.30748117,536469863.1643059
87772675.48883365,84516279.24334162,73983294.65654422,310200424.86210656,556472674.2508261
98552337.61019208,81953084.16659017,65305870.64542458,301791739.65923476,547603032.0814416
85162340.47821303,80246393.81191035,64540436.06462811,290650008.4372437,520599178.79199517
119530115.47637025,91117366.33610567,66403478.40687154,332399092.7040862,609450052.9234337
88876502.12639913,79970024.67683145,68631831.56629615,353902561.067837,591380919.4373637
92170710.19806868,76517706.98537198,75259761.50231928,323119455.88578594,567067634.5715458
88921039.87657402,79266300.35366695,66544014.35282326,306449383.329525,541180737.9125892
79387690.97084406,68312734.65697508,55859329.357338056,246270943.6133565,449830698.5985137
75748545.46614645,72245590.65002798,64881668.518141,291721299.16305614,504597103.79737157
59803114.293148465,83798577.35001348,76080587.67842445,332396103.87396884,552078383.1955552
118363125.47718158,72860853.50449184,83045738.2270609,288206209.0042612,562475926.2129955
90606546.14388502,66268675.09359318,62817055.74292547,310648653.5679358,530340930.5483395
85074184.91108608,82183648.60210998,68857741.41979627,291414628.7210074,527530203.65399975
79640844.10561773,81875138.3592062,62587891.731408976,335470215.5919842,559574089.7882171
106069877.2218974,65618153.27013685,72247651.58043788,390191881.0843906,634127563.1568627
90799232.0935685,82308119.03921232,77363396.73911113,308744346.0370432,559215093.9089352
89791062.06623602,65825438.503648385,63534724.01975565,315303793.59866035,534455018.18830043
94722614.29981586,87699130.6048856,64208916.60191788,288354355.5952984,534985017.10191774
118136206.0635662,80127260.15549412,70617298.76206125,309877407.98010874,578758172.9612303
76455823.12766299,89101365.92381254,65530934.49342797,270092440.3278271,501180563.8727306
81135028.53406651,59419984.60685115,55127086.08680466,254627152.11180982,450309251.33953214
96271203.55362287,72009749.10647452,72341282.98235887,364179217.2740059,604801452.9164622
98829023.29377308,76373610.20682196,67919430.72886163,257747552.3139159,500869616.5433726
85359545.21542695,68574841.58001056,68736123.05052656,409100110.5243462,631770620.3703103
94475060.87706573,61582007.65681894,58511419.68681097,294489397.0946552,509057885.3153509
88436491.94800773,70170242.10561937,65942306.118320145,261891340.22086465,486440380.3928119
74961873.17096367,79233463.63701665,58920454.01098953,315336449.3560941,528452240.17506397
70034797.01915687,88783260.79763474,63155228.80316322,296481281.8302872,518454568.45024204
91949471.059274,72158452.57428108,66067820.58672612,323922200.1909616,554097944.4112428
101710053.23666523,86351043.22072096,68889523.74340995,306539582.32755333,563490202.5283494
127036830.7005272,92493011.94446023,65824094.879615895,314942005.08759344,600295942.6121967
82650947.08600432,74020555.81731091,56289475.22458384,278328346.70084876,491289324.82874787
116558630.01620702,86903087.88758802,52972287.39768957,337378563.8661479,593812569.1676326
103833282.92227484,75961179.46211937,72819863.98549463,283063190.4272041,535677516.7970929
80881864.07114296,88952665.8318544,67776616.2501545,250214434.11201072,487825580.2651626
86328362.1935051,75246328.51461641,75798207.45567179,314828992.77232414,552201890.9361174
81514758.09380342,84563804.71027601,69618129.6889342,285179674.9422145,520876367.4352281
104925909.00264822,81161932.53642745,68757860.88954285,316438999.75678855,571284702.185407
73467323.17575586,68877572.74231255,62767537.78740661,290561804.912041,495674238.61751604
106917724.90370975,81732567.07784335,76383166.39446807,318669265.77072185,583702724.146743
103280376.90459174,82797896.60919695,69318413.91573147,310646275.41017413,566042962.8396943
74847561.10830203,77945949.54658937,65704776.86259992,286847959.96176654,505346247.4792578
104113541.31160794,68576902.30164357,61070473.453078255,333911945.6278842,567672862.694214
91727540.28877138,76559816.83559617,68512076.87024783,313893823.22970325,550693257.2243186
68403233.58607706,69181532.33181453,75743981.22132926,288057076.5660587,501385823.7052795
82874162.90722841,70671301.81820412,63281819.058614515,279600785.8134783,496428069.59752536
94277377.99056642,79249466.7641871,74052219.63457027,278655172.1578592,526234236.54718304
82582185.9476563,73238170.0901306,68442734.82774296,279035275.11649466,503298365.98202455
100980399.7356746,90232561.15535375,63608176.58977008,290117854.6272279,544938992.1080263
80086955.02981289,101168945.62775543,69990699.36713646,383485452.5518711,634732052.576576
71197627.55084825,64836350.35587107,56323779.85522221,261077633.24374953,453435391.00569105
83545773.67492744,69447275.32751419,57646773.154659346,333471724.26571006,544111546.422811
106088254.57871687,88783387.27410191,75879963.74510843,323576006.14351654,594327611.7414438
80535810.0040387,66955484.72966575,65186769.99241144,261741268.0606818,474419332.78679764
74375821.4554774,83862346.97291912,85130807.4044075,340719794.5210818,584088770.3538859
104113464.30923419,77009773.07366845,57398666.42046669,316870788.0885885,555392691.8919578
95531908.4798552,78342469.20359917,65407546.14062534,340539472.78571975,579821396.6097994
74473406.50848322,67154379.98721372,55162883.3426626,290218701.7740758,487009371.61243534
73264956.0174944,67601047.80185701,57261711.79465828,281542108.2702187,479669823.88422835
68724807.74871048,72835057.67085381,74036014.0971387,315355720.8889183,530951600.4056213
111622156.87357652,93892713.71027331,80262506.80910029,329239611.0836535,615016988.4766036
87522737.03670514,83192365.41212688,65416657.80266187,246538750.16495115,482670510.416445
94356862.2937042,67992700.7330422,56689733.7651326,290729120.98339295,509768417.77527195
85889564.18331991,64433300.54312343,62993461.71371289,331174019.7931709,544490346.2333272
72791926.73315154,84614222.43552269,56592551.073387645,376471691.88139254,590470392.1234545
81649607.34436724,76250257.3208832,52613924.36691528,285753652.1744204,496267441.2065861
90457861.954882,75981399.29736266,61957417.37918486,268904285.666328,497300964.2977575
104515537.47911794,79579177.358627,81839261.27537064,303838822.6502261,569772798.7633417
81342471.10810654,82313079.8472555,55996836.48736505,255868544.10284418,475520931.54557127
103963982.81400304,69177053.43109776,51926437.99114307,353902095.04230267,578969569.2785466
69762194.5472412,73905392.46574916,64829887.62905146,217979749.75522116,426477224.39726293
83553556.6645648,79377313.99837822,69902033.57555361,343406962.98183525,576239867.2203319
81960985.6783384,81478875.66018024,62330745.326114304,256511033.00926477,482281639.6738977
70843965.09992996,61324604.55609328,67326372.79645808,251151083.95654723,450646026.40902853
91120197.13179278,74543688.05411293,64968433.474263966,354189477.69480985,584821796.3549795
81295165.57695176,80386205.28686103,67535133.20028144,301847949.3753803,531064453.4394745
126041089.13699003,70051278.12600282,76488522.13733917,339562986.15147936,612143875.5518115
80761895.00998417,90275702.36891554,56549569.027000256,279983521.1006484,507570687.50654835
71863715.82947515,76389075.12291217,57223729.62837007,308130503.5538454,513607024.1346028
84642786.06316356,71522941.25707382,67377273.02416122,294746418.90018076,518289419.2445794
73256252.99882185,101097845.60344897,69056976.2870168,243900095.8467702,487311170.7360579
76206245.57352915,63766308.50575906,67266460.82106324,311563371.8996234,518802386.79997486
92957697.54269846,73987218.3524457,63520894.578283116,288477033.3828337,518942843.856261
86081397.1845959,83567122.88600932,71356261.67527509,331164594.1445335,572169375.8904138
94471086.13987434,85833602.11818887,72194686.43635814,328024595.3632092,580523970.0576305
105495524.25610119,73590581.54428455,59733525.48715636,259192865.63563126,498012496.92317337
89800183.68234465,61851000.657175,64391418.52109264,293353208.87571526,509395811.7363275
104584400.41724859,73387716.3068888,64426621.359246396,344071195.8819681,586469933.9653518
108830111.38831855,73982577.35911967,67847621.17824104,317212540.0811271,567872850.0068064
92585409.30301827,74842767.15994368,76765247.39940596,253874643.22692633,498068067.08929425
81520659.54064637,78930779.56342311,70476453.46685481,362000058.0518891,592927950.6228135
105654770.01987104,76913496.11210814,78516279.68156275,293540062.13638663,554624607.9499285
101227039.62894137,97029072.95765679,85059192.72425039,335560718.91695386,618876024.2278024
82695488.36312635,63028203.746739715,63350653.489167646,260382808.13001475,469457153.7290485
76806127.69787909,64446812.614499494,58028291.09104094,289082899.95831376,488364131.3617333
91114006.62896748,71717510.26578738,73505175.76367828,303553841.4144602,539890534.0728934
76872724.72267224,75918892.78280973,82607327.83985732,333182501.4254275,568581446.7707667
82284969.4676498,62965329.20187893,59447449.07108613,299406086.84693503,504103834.5875499
81959809.99086778,61914848.68264507,54774612.96274358,337178899.32886297,535828170.96511936
109720204.84473258,72372995.98777972,71324544.21813796,270559468.3217735,523977213.3724238
109199870.81724837,82389299.13950475,77611150.44042625,262649245.68973246,531849566.0869118
97203907.49580479,77934018.24786973,74405702.1508965,349361918.68123233,598905546.5758033
88131504.998235,71175625.4933016,70640512.6364905,305436475.7870113,535384118.91503847
75832683.81007954,66300265.703782536,51978510.55794519,266918615.67281458,461030075.7446219
104050709.40365498,80859956.72354765,64414351.6507097,334600172.18489665,583925189.962809
76323759.16332464,74658185.23730384,63608762.94616757,328595683.67018604,543186391.0169821
67743004.95890355,65149868.66102341,50232690.277259454,271543162.1696285,454668726.0668149
105878377.38516803,75020977.08970967,62726600.258639514,332868770.88336354,576494725.6168808
103483363.45019394,78313258.95998174,73414175.66313308,277358129.2480313,532568927.3213401
108740198.02091841,102544538.98679101,80508856.59679484,258995899.7992392,550789493.4037435
79750383.60130219,80048550.16945902,63762279.31447605,350391362.21670085,573952575.301938
95820992.24786328,71659152.136023,65213121.69654558,272730442.58714956,505423708.66758144
84695007.94025052,70914154.9680363,73709736.75039493,395936250.3868233,625255150.045505
69345951.68094927,57863664.93614037,56596884.938900836,239373137.45972672,423179639.0157172
87855698.49106598,83121242.74542877,81802590.68818016,330697284.6757229,583476816.6003978
84551764.7491724,60140145.34610412,60204261.713901184,293643636.4934039,498539808.30258167
96603669.43161923,71774785.28849505,61773644.08102919,251760996.67739853,481913095.478542
60423151.69573491,61616706.224021666,49116990.792024665,287266037.2607171,458422885.9724983
80264102.52082968,70187727.80650714,56608340.56120824,200469952.41192743,407530123.3004725
111033654.48188856,71622586.35755649,62504484.88577664,253665361.38191092,498826087.1071326
101894549.47656687,80157852.68046924,61878809.67072059,288436687.85325235,532367899.68100905
114095505.23802854,80210692.77932818,67352732.42619772,276921372.0844745,538580302.528029
64386305.248654455,69746003.8463583,64924222.450127855,339612576.23256946,538669107.7777101
60838672.53963465,61594366.020253696,55250932.125458054,284255245.7751862,461939216.46053255
85205844.99527629,74650873.64286138,68734498.65388136,276421571.0549278,505012788.34694684
101279802.64921135,82774105.10383323,66532190.04132119,370166907.82361686,620753005.6179826
111892303.69544224,89692275.53355607,50248906.17555542,348016126.2392832,599849611.643837
99044228.63566582,98759406.98801413,85759858.92949484,398743236.6848611,682306731.2380359
100383865.93976915,91815886.43168683,91194449.57638784,343888085.3883408,627282287.3361845
67797244.24135837,69376132.40025428,65523798.821209356,302649864.45459735,505347039.9174194
71426823.04915847,60251612.30017614,54351304.37534578,310983490.97086895,497013230.69554937
112321796.45898943,89601138.23867159,81463170.39090908,323243915.0547202,606630020.1432903
65978029.39371293,67783084.02623154,59993690.435103424,276706000.82018286,470460804.67523074
87975130.92876455,80246144.53346226,74759054.44486274,305252129.4276605,548232459.33475
64291740.56368738,67171418.12621188,61844476.18136008,339273249.4936068,532580884.36486614
79628161.42149602,79099437.08322531,69036933.47019258,309820890.33243984,537585422.3073537
101221300.31724408,72939005.93738864,61352954.94491952,298139172.0958133,533652433.2953655
78711057.41165335,78850651.82559998,61165999.99375695,307103250.35620683,525830959.5872171
85820162.6068051,77736198.02818498,63061012.620327294,289940639.982822,516558013.2381394
88559104.65561646,78175887.74031879,66861227.9667043,372370064.81330353,605966285.1759431
74413753.95413016,72875241.12024795,53301372.38021484,299660520.5433416,500250887.9979345
72944732.50226212,70774876.16089714,60659993.66678481,305069822.50562507,509449424.83556914
79819880.1124704,69639023.48360232,75157727.45275867,321450351.94022125,546066982.9890527
79714369.79072417,72443151.85980402,78270096.34267475,306874726.8174286,537302344.8106315
78094219.98542124,68580753.11018221,58940385.26228026,273473139.1331611,479088497.4910449
71049382.53312579,63806625.7982267,55016123.122569755,305787648.4169248,495659779.870847
82043111.3492813,73286386.48152463,75366581.17984557,363106314.91032284,593802393.9209744
83355659.9211366,70038718.81463823,57525377.42785041,316155600.2670864,527075356.4307116
84395495.68547416,72246032.86912465,58649121.32088418,269286242.1106472,484576891.9861302
91794183.08642459,66146147.437921874,70572061.09684573,287472141.66550076,515984533.286693
85143071.79159154,64865945.082828976,61806160.85304791,284201415.45308876,496016593.1805572
86511351.40910284,90040880.78657924,72181345.58404146,288104269.811778,536837847.59150153
77819035.82878296,79442285.35895441,77814595.44556211,327786074.80029845,562861991.4335979
97376464.39310218,83726770.17322578,81912836.69084932,258925430.83865285,521941502.09583014
97041873.14287648,87353639.57885934,60064518.68453781,272455743.3996119,516915774.80588555
76100343.16052294,67835789.9149063,59044713.02260103,300808608.75785935,503789454.8558896
100175422.39581381,88982471.34899682,64359657.94906245,278961819.3713228,532479371.0651959
107663277.43310699,86022168.4978744,71181161.76946464,331991502.3792778,596858110.0797238
86792718.06876074,80772248.94425495,65035556.61424794,314392974.8883198,546993498.5155834
68470266.25347646,66544179.62520901,56820345.165759735,276672415.64314294,468507206.68758816
75183022.47200972,69192011.12020813,52610693.011073455,303477628.17571586,500463354.7790072
86063198.41917206,62317352.17406206,55211724.10568056,297489377.18119526,501081651.8801099
79944846.75848311,68850929.36144818,62554608.530779615,309261346.9110765,520611731.56178737
69288628.18546736,76976879.37263344,59413753.24712905,295265882.8984605,500945143.7036904
86714692.43217012,71521126.34693539,57086213.60195099,282704373.7314806,498026406.1125371
113133963.04601873,68987665.74816577,79131108.76234788,307190391.27917653,568443128.8357089
87703319.79051104,67217936.73632033,57421236.70029458,274639785.1557141,486982278.38284004
73761721.3221231,71524689.45364606,60713162.178813234,365897847.62806255,571897420.5826449
72354571.70400521,73822015.72578788,66361188.0589677,267897944.32816368,480435719.81692445
97347070.86897893,74521424.94974561,49162959.0277863,305653444.82536685,526684899.6718777
72924943.12935598,64753686.57573244,66373149.189678796,287767584.8023219,491819363.69708914
101014660.90463087,90487326.66579731,66332426.56775361,339790026.4480211,597624440.5862029
77270901.0250681,95829429.05894038,66212883.43103296,349159080.9314489,588472294.4464903
99824966.00565739,81392395.27833252,63327475.790481165,298511868.6333553,543056705.7078264
61770388.275299594,72229518.81806229,65835177.57298991,305696612.6605208,505531697.3268726
54171560.90350561,59028530.1773205,52810048.21143625,289221310.0263134,455231449.31857574
91343726.47479442,75413909.62358275,71252069.3372764,275482908.5850981,513492614.02075166
96160365.5855374,82197149.62981226,71799103.95852299,306732352.68135357,556888971.8552263
116917334.81716253,86105520.71352248,63234808.66107936,314812606.9360085,581070271.1277728
98375977.77514687,73080121.13279457,74644934.71059589,327030102.4083925,573131136.0269299
59929902.51876281,72361826.25267313,60107384.02081547,313137290.55696243,505536403.34921384
101443312.39547361,80557009.22515315,83286681.44666909,317774907.5168142,583061910.58411
96385187.79237638,85436996.7998133,68939612.64272146,340391725.9818389,591153523.21675
79286326.45478077,70934048.8042787,54632179.96326487,296542188.4239257,501394743.64625007
91870557.70725225,88245645.61164263,77333663.71003482,310376374.6639578,567826241.6928874
72213288.11419368,76656784.5711914,74619331.17101859,341115435.3287485,564604839.1851522
103747652.59494887,77250660.20074435,63707671.11572316,278349635.75949955,523055619.67091596
86430817.29865544,75266549.49015673,67402386.75987223,301006836.89939666,530106590.448081
85361618.09281531,69241569.68234085,71056725.00252436,309790309.7494519,535450222.5271324
84805494.6846178,69373049.81892045,54282197.048485056,334395495.3804216,542856236.9324448
95308041.81501426,64377514.95563088,68099458.90256111,336325782.1304006,564110797.8036069
88962309.4185972,91945409.46452305,73273169.79735811,269820215.90390515,524001104.5843835
92459701.16597205,79335086.12093319,62838007.39884147,322709924.7012641,557342719.3870108
66768994.643487975,80315577.23756887,59720871.18672756,265382446.4189072,472187889.4866916
85632747.08681284,79678808.1538205,68565789.80082981,283079010.3543729,516956355.39583606
80419067.32719806,65557479.24361979,60280573.9333938,331956230.8217576,538213351.3259692
87148432.47542347,84034255.53749238,81738043.02990834,302206490.217572,555127221.2603962
84640931.31928116,97132713.92529692,86333086.60767199,273751297.62250257,541858029.4747527
92785707.19430748,77189576.9132915,73651552.01728158,287498716.4295522,531125552.55443275
76236642.27003676,68277710.40723662,58576288.38584167,320857767.5076225,523948408.57073754
72178355.8218616,67853530.49678192,50381181.323052496,315803417.2918017,506216484.93349767
106893786.74437892,76748162.5027333,64963018.30997385,320638307.20213413,569243274.7592201
110433781.73801883,84172551.5368809,64443561.57727219,254414837.0316377,513464731.88380957
72946137.46015143,73707195.00509594,59619219.752256036,301905527.56274766,508178079.7802511
79818178.8367789,66014534.59524632,53965176.886870876,341973272.40441227,541771162.7233083
100550107.62464923,95990649.19809692,78141318.7561014,308770055.1621623,583452130.7410098
107792991.89710404,79549429.74026592,70126812.77596904,309561940.56978095,567031174.98312
54401080.76271125,82304705.23633733,69910862.98369612,320344016.0654274,526960665.0481721
86349476.93469279,77383126.85074204,61954962.666907035,322127316.0078022,547814882.460144
70737744.27138563,74155186.53419329,68889615.99543636,298840909.67022073,512623456.471236
92544117.77426569,68795395.26292998,56853566.22713081,299172984.8241577,517366064.08848417
97218113.36719356,62820825.47447502,65626436.036830805,281109798.4289941,506775173.3074935
84556492.18712051,64745342.271570005,55882552.31528312,321765029.7117281,526949416.48570174
87668102.30954549,72903292.22825289,64108888.49629595,318452065.8914544,543132348.9255488
93581747.82311113,76667160.20203778,75855588.97522652,352516264.80105555,598620761.801431
93176172.04591952,77746864.36898965,72419468.89504959,323635884.19023323,566978389.5001919
103355021.54246335,87754005.60986915,62786927.57202329,269508428.959007,523404383.6833628
77944631.82798629,83045805.52393608,56336295.65452878,308316351.0781151,525643084.08456624
92420829.29221654,88195856.43556876,71945231.84784019,270065197.80842555,522627115.384051
74788657.40672727,64123730.17745152,57272548.826289974,282831734.7090362,479016671.1195049
72360743.74231558,86456315.69327727,58670747.23469373,348191186.2784831,565678992.9487697
105433994.38589185,88138400.64757398,65457103.563572824,321053734.71936345,580083233.3164021
71075291.0516131,80716125.45340003,66120714.47551808,291034538.6572982,508946669.6378294
71688286.08149728,54686542.54115385,50481487.71748014,313653442.41127104,490509758.7514023
81759866.51895235,73549545.30226175,70153682.84204543,378536519.2560797,603999613.9193392
107821714.66836885,71377279.84663303,51952833.80234939,375774816.9665705,606926645.2839217
125417388.18256797,84461763.84215915,60843462.071285196,338397804.6055235,609120418.7015358
85712883.72128473,74826579.15395354,72914390.96462467,323375197.8808289,556829051.7206919
72125047.630966,70216256.46879512,68293267.09894565,322053861.92463565,532688433.1233424
90944939.28415763,85579028.2822061,66580145.19725376,314787206.3121215,557891319.075739
50791898.91082647,63920266.39155277,64930201.95322507,282853022.229521,462495389.4851253
80934056.81882444,66350474.293805905,70098278.98357949,324468060.55489117,541850870.651101
99531652.34951006,64250217.479133934,61176075.28815856,285539383.08140796,510497328.1982105
83376395.73925097,70162765.49527402,61216231.269816756,326846196.1135062,541601588.6178479
64198202.050766475,87173915.74773416,72329377.36779016,311888395.6280242,535589890.794315
100837879.4646405,66514836.626896665,58485969.8220518,288613742.294191,514452428.20778
108524242.92976545,79548041.070621,72093118.53175797,292687248.2520639,552852650.7842083
94278896.29945342,94018815.9148122,81420021.6541592,323671376.35709476,593389110.2255197
97170504.54659629,83375792.3249815,73378149.47123459,358327684.2313478,612252130.5741602
104080467.13620798,78066875.58625701,72979945.33797741,299900235.08978647,555027523.1502289
75224460.65610689,71343113.97677411,63165476.25048611,246716192.61863425,456449243.50200135
100089761.76970917,57044605.634178914,82054246.81111228,372322861.1644561,611511475.3794565
83638004.99359058,75471177.73718552,68090948.58703972,286130137.6955406,513330269.01335645
89939848.21188498,75377403.64059538,65262967.194761895,309765252.58205,540345471.6292922
70664950.1663698,72894265.74857625,65257979.74652652,305788749.61676985,514605945.2782424
84245295.90229815,86115903.19890437,66447541.92374681,316191430.3221316,553000171.347081
107344373.39541382,79050392.25170131,69876396.6031554,307201366.93298805,563472529.1832585
106319147.83664595,77270709.9997085,78543510.70690566,315069420.742242,577202789.2855021
75994674.12886311,79788453.7469396,64345516.27052202,325470975.1859132,545599619.332238
56329254.29406847,68966794.25951752,58328520.68618744,257257477.91265184,440882047.1524253
79814127.25322342,69811813.6977224,63094634.299468316,254880188.88122088,467600764.131635
91738570.08136274,90141988.32806778,73409704.69030505,348209567.6002892,603499830.7000248
103915338.42382622,91347367.2907023,89900848.10296254,315659590.569991,600823144.387482
77729809.8503319,81167754.56016956,73175133.9640501,342457694.7444454,574530393.118997
118018501.62280612,81618973.62146586,73069611.8825448,281766281.90149784,554473369.0283146
122761267.21004763,79108627.88668218,66328492.295069575,295394000.45417285,563592387.8459723
78651216.310659,68339770.76007092,59064862.875287995,250345418.85885927,456401268.80487716
76902330.5696494,92635625.05261625,77349546.88083833,357286513.28204834,604174015.7851523
105299780.49339166,98168187.66241205,60144033.20295586,265071225.43491876,528683226.79367834
76675997.82323197,70015256.80550486,61129373.394041345,281057040.00831807,488877668.0310962
90325077.9508515,77028880.93089606,61123154.62861893,232988874.68965593,461465988.2000224
74388354.91475423,68900498.30828439,60991749.82609721,259201336.51058963,463481939.55972546
80616122.88079715,65609439.52946901,61021375.53285145,260113719.57699266,467360657.52011025
76123234.08415231,63446460.00222229,59764339.329650626,263990313.996572,463324347.4125972
100837074.01155396,82428769.83440585,68397588.22557384,282726503.71544325,534389935.78697693
92687277.01042004,83572619.81212354,70109240.93695003,374803943.2078206,621173080.9673142
93869062.23712468,85998388.82765336,70905658.5343001,338734953.5462124,589508063.1452905
76761289.51708682,70124606.34496818,66073072.284442626,313644864.86526144,526603833.01175904
94592992.54786634,88026623.81599472,59528036.234385006,269179232.7464689,511326885.344715
90473659.50653304,70586119.37247401,95985525.46910042,351377139.46857435,608422443.8166819
86120863.24773374,71505453.451409,60850992.1230032,297687948.5961827,516165257.41832864
88785913.82274485,72491632.14664853,62843027.98138357,349547009.750352,573667583.701129
108853978.22176263,82394700.81148508,59138071.09076586,318629168.23577565,569015918.3597893
111854080.0355854,94325862.22778445,80010753.85687982,384294846.6510413,670485542.771291
87956669.01884721,81990868.2671824,62866680.84745995,313150356.0312067,545964574.1646962
107899952.53910965,74616361.82898338,60121995.42396467,301354535.28948957,543992845.0815473
84099296.83987957,81358738.86784112,64179970.544722304,370271436.25080526,599909442.5032482
70935375.60555795,83938019.5120841,61875226.69612157,245044078.32765764,461792700.14142126
90594028.61658695,74543199.61390695,57632619.500409335,242419010.73770636,465188858.4686096
87091262.55625449,85158932.74369779,74113183.74428381,318205976.75155354,564569355.7957896
94158275.53740352,77199060.83019263,56425594.00570665,249446476.4751965,477229406.8484993
84416293.72884482,74159024.06102273,72200740.2219538,338324450.6086777,569100508.620499
96081832.48019409,75320386.75879058,56278043.55238531,307183358.54250336,534863621.33387333
94859326.51068568,58874173.24433255,54346607.90022771,262399012.54110646,470479120.1963524
88876504.05445217,69663227.28660458,63600406.59523416,292141788.47971326,514281926.4160042
85013456.9972156,69660786.15730394,59038660.44229689,259438049.38524708,473150952.98206353
92680555.49258125,82425034.80016537,62565406.67912595,360699615.44572055,598370612.4175931
82923275.53082329,89784318.51978603,65222733.7364568,243768402.69943905,481698730.48650515
93009590.29238631,79475307.67569704,67850263.1786585,285950904.4895586,526286065.63630044
86726467.65315737,71653994.55185078,62230400.200841956,328672783.8237006,549283646.2295507
89818918.52463274,82208852.43880305,66473475.699974135,295256986.865154,533758233.5285639
72499453.85056627,69932025.37334394,42536792.215954065,252972263.71591958,437940535.1557839
86072010.27188022,80984375.82850437,65587268.03190905,317938650.6863244,550582304.818618
61511760.945496805,69854880.29724158,51052466.208602406,245596829.16443977,428015936.6157806
84632903.59897573,87594407.47185598,72931040.13289706,316225266.9450783,561383618.148807
86935623.56283475,70037237.06506513,59932135.439595625,309921040.67624843,526826036.74374396
69856738.0520672,77502761.43886629,62593695.700072244,329709455.93603367,539662651.1270394
101717875.26833577,64964907.813237935,58545694.27185621,264786951.1718059,490015428.52523583
65235824.044153884,63249267.588313796,80303857.15063252,335084798.51302433,543873747.2961245
118548973.46217838,89792712.17407751,66122770.73035294,297180357.55364186,571644813.9202507
95825272.19057459,81779720.43697421,63966376.82093088,255910193.65263215,497481563.1011119
147642089.1928191,84371937.16258045,68822722.8440599,316988146.21329653,617824895.412756
83883200.97595982,76515855.27924159,76956277.2569373,311306276.829686,548661610.3418247
72392397.697449,71611252.01180173,60250129.184654765,347663295.0347168,551917073.9286222
105197142.60536046,80405722.70775035,58853570.4005806,259118067.1754895,503574502.8891809
87419402.35725039,79164338.26331355,64251972.57214771,287124382.7205234,517960095.91323507
79310120.62113321,74285235.95840298,49021118.75879757,248571115.99508557,451187591.3334193
78876296.60166384,85524511.4834641,62451525.15949075,309288126.22316796,536140459.46778667
90429772.27830231,89142925.26774924,82019575.01326768,323376259.3432234,584968531.9025426
80814164.71878134,69284373.91314054,61533954.611714326,281896619.97874767,493529113.22238386
95292608.17626175,81514386.80137177,73353061.56294458,363567742.0421323,613727798.5827105
117520363.69590576,82614469.35769467,79504015.0273104,309455535.8387147,589094383.9196255
105431359.70810245,89814685.89268255,80703264.08457643,328798934.84984446,604748244.5352058
78356261.83984272,63233877.18045991,60617216.01453366,349097570.32588655,551304925.3607228
82986462.57482079,82397024.47102255,75161480.58949623,305894297.25111866,546439264.8864582
107672294.8026487,57058268.240925856,51717722.819083884,252460042.38073003,468908328.2433885
76479895.20043479,76799824.53354315,68028560.73378673,320341662.01821893,541649942.4859836
95942663.44230932,69691350.62174802,55607518.58419868,303608871.35061496,524850403.99887097
78836124.44141147,62047966.62388945,67853008.73237823,352553388.4446432,561290488.2423223
111905650.94604363,82292689.89286111,74783966.12130621,371212064.2116335,640194371.1718445
78695060.16639589,84529509.0379479,70716821.70052934,346395035.6718342,580336426.5767074
89845902.88004878,88995020.25450741,72430510.04898715,266258174.41378576,517529607.5973291
110035617.38732699,71912701.90045841,76225349.53088924,311429853.5918718,569603522.4105464
105279584.49174096,90548105.46702336,75593528.61954997,339665810.80162877,611087029.3799431
93314392.46166722,61248973.00330506,61745933.84090882,258579023.1473847,474888322.4532658
89631696.67019084,67113081.46676658,54723230.54368757,345964539.63889825,557432548.3195432
103498243.01327716,79083059.46579169,69461337.6921075,301296637.88982546,553339278.0610018
95540889.80531165,71863595.95624463,73156296.22626182,301927453.1400432,542488235.1278613
81537413.37887006,75143640.41036814,61024096.216642,309399771.34069633,527104921.3465766
80017331.87656571,78785444.21869993,76952025.66845338,291271774.272288,527026576.03600705
85403351.75968067,79891535.24817052,63915022.658209264,319792103.55530065,549002013.2213612
95319644.30464894,88005252.32144965,65628094.07945164,276647159.8066776,525600150.5122278
83016601.6644171,67304195.23159958,67047135.738730006,264141831.53710228,481509764.171849
126709882.87321681,96207434.97536498,74692857.26767899,355921425.9901696,653531601.1064303
67099810.84586823,95974371.04456183,66393382.650688134,305593700.25677633,535061264.79789454
64786027.272441596,75256057.40797864,56507785.01741277,294824521.1551445,491374390.8529775
79928813.7708316,65886006.391635574,56364775.422776476,296325924.76678675,498505520.3520304
71028415.09530829,66628812.217456,66815839.05452799,405451396.8812164,609924463.2485087
94139297.55922954,69655779.65650138,61416115.66736698,298127154.40142655,523338347.28452444
82462135.31010738,83406799.97726075,70090596.4082009,345260402.97271585,581219934.6682849
82925369.11321296,87687604.37833476,68356177.63010435,277769526.6190308,516738677.74068284
123589702.74899925,66717964.11762866,58894132.133885436,273726001.57269675,522927800.5732101
130317093.03504334,102706006.83747326,91582868.7596811,327882593.0756112,652488561.707809
128614402.33575895,86728309.82871035,80418051.84378895,331778365.03828204,627539129.0465403
86519858.41557574,73793517.4120139,63654152.14399262,322576191.1455266,546543719.1171088
92489774.68456787,76848909.36462139,79705341.78050318,226892905.9878634,475936931.81755584
94627466.81817628,84228719.8530712,79340332.10439797,319119054.55020815,577315573.3258536
90160494.35178061,85930687.4435246,83024243.09281814,314343106.5608926,573458531.4490159
91017192.61267328,93285502.14267454,55928778.62414157,275218505.8128823,515449979.1923717
110280985.56660533,91060997.90804584,76852676.4957203,305874705.30883175,584069365.2792032
75723062.48692489,68844404.4295983,75529784.68290828,289225584.96806806,509322836.5674995
88635913.253581,70020735.26925495,70734263.8694134,288781037.9356983,518171950.3279476
85855611.63926099,62440401.023826115,50374315.60127213,280198640.56308436,478868968.8274436
70533473.13415334,92489748.72809508,55139739.45127588,269514881.9993572,487677843.3128815
87441490.31814073,73009124.83657017,57046793.71259562,262154092.31299686,479651501.18030334
74414741.1359888,71026801.42250788,80133362.9182961,319022807.380665,544597712.8574578
105395800.56429578,84237381.49830218,79642649.63996159,233639971.04235467,502915802.7449142
83058081.26512995,87533585.0199457,65110757.9419813,375834569.0574129,611536993.2844698
110600286.88998,76085342.18911421,63335023.48112582,269159406.3815284,519180058.94174844
78844177.38915345,64518203.04370171,64629884.86424945,251928798.68003824,459921063.9771428
96060294.00439072,83645752.6261594,56773176.674725294,354165970.0242543,590645193.3295298
94683885.49708137,84551560.85266975,63394016.170811914,327206556.2273143,569836018.7478774
104446383.8685701,78387028.01605551,85913321.78946899,327827744.8435922,596574478.5176868
104687385.61002515,82056010.9201714,73987890.03515194,260665033.37409544,521396319.93944395
92546873.50004093,70862826.1937445,58353263.16146845,358983355.318612,580746318.1738658
84273098.53713074,67257203.9802943,60139735.8945787,253253291.0333874,464923329.4453912
109718157.29057282,73986262.77088623,70744148.68557161,362086643.4359601,616535212.1829908
80495556.23723406,79472565.76991074,59190800.67515032,393646275.3330954,612805198.0153905
101316117.94509634,77007595.60710557,61254748.01301123,295988246.20818484,535566707.773398
82586904.07927403,94189204.27014367,62025689.52997614,310057337.7030636,548859135.5824574
86952224.30734877,75032183.57772012,64875743.11875508,298633761.53167564,525493912.5354996
100294064.89851965,84281842.94313005,73099467.45221789,222599376.34230962,480274751.6361772
91496800.3593126,63551269.24779287,66621468.1761212,355817513.9577324,577487051.740959
75186323.1234447,71398472.36976379,59383150.40695433,339133999.55287,545101945.4530327
88545188.09326386,93238982.41788594,75401292.24015018,329185350.9289619,586370813.6802619
88165695.12577789,83853656.76423104,55973280.70734026,297919874.33987004,525912506.93721926
86235191.16354151,82546590.03523743,66738365.99535539,272716025.00543696,508236172.19957125
87310660.2803589,67179590.08330597,50050593.90464201,305967298.81781596,510508143.0861229
95681524.2341833,82031644.69267455,80032349.30289334,297816330.1586115,555561848.3883626
69346775.56529702,71670855.4756468,60924417.23508932,268483978.6221845,470426026.8982176
86099926.5133297,70712159.44931225,51581981.23451345,270653779.3410472,479047846.53820264
72698341.2753384,75010110.3271147,60020010.9108606,336512745.01045233,544241207.523766
112745761.86829989,87254916.3327465,59174487.90941642,358171632.7190825,617346798.8295453
112238739.50859012,80764040.146201,80635606.05700389,302619612.93446136,576257998.6462563
64679124.87595235,65142507.72294813,74635459.36829358,259220250.19234538,463677342.15953946
87201260.2084767,76406365.45852421,62303034.159414984,285273641.2085442,511184301.0349601
88222786.27282906,71510920.9291933,54516112.35539511,296211219.4670163,510461039.02443373
103563220.14481121,87490565.92953223,64290327.24093046,265892660.50248626,521236773.81776017
83328127.51167455,90274698.22054271,76174559.21748859,346638038.4136306,596415423.3633364
100564104.40838788,82520128.0221063,69977352.84548284,336260646.96816105,589322232.244138
79904604.72169007,63369053.39717965,66506864.60221358,345282727.9622065,555063250.6832898
72909867.6717395,80354013.67407343,81415078.79806992,320739692.5137924,555418652.6576753
76500875.78756975,74936473.3236882,60972919.294062994,277127922.50278646,489538190.9081074
93472257.86385934,64243790.55013,52302904.94890463,284246716.57736933,494265669.9402633
86896955.6042692,79122846.30252464,83842762.83202684,327482092.20521927,577344656.94404
95974789.8053525,69492293.57655506,70294412.90309897,288924674.7443008,524686171.0293073
88211084.94988479,75351611.51454782,74482407.13924572,269350276.45355564,507395380.0572339
60501134.502164595,68345842.52011316,65209876.864204876,304037391.0334574,498094244.91994
106231236.79400586,83712802.03352934,65149114.28609321,234923614.3623285,490016767.4759569
83955989.84207293,84963668.96171728,65773248.81017939,307888132.9378855,542581040.5518551
93295441.00821914,68731247.16419095,68655382.51213899,367872281.54805064,598554352.2325997
84827641.83791703,66386209.99462515,61966719.30274718,229144915.77631146,442325486.9116008
92042135.53936584,81174434.37702441,83066821.25473465,316739254.841223,573022646.0123479
93103286.01614562,69931740.15684146,61542977.09640615,249442260.5083629,474020263.7777561
84529637.99456386,72952772.45798813,67191306.78318366,283267504.62329215,507941221.8590278
88379691.01946087,73454867.14845523,62720469.1566234,302467213.1686378,527022240.4931773
87775700.94106807,83221594.21486467,67576470.87699711,296384585.4348056,534958351.4677354
84719118.5064989,69619927.58257589,60995503.73474812,373905374.11464775,589239923.9384706
75349769.72784124,71294575.35524054,60867714.74593716,287676059.8593183,495188119.68833727
82702632.61278144,77661255.08452582,54207035.273133546,327203321.735218,541774244.7056588
96505114.23780738,67464075.03084232,48477662.25107871,250085897.76482216,462532749.28455055
83884035.53715298,101624116.75849426,78953196.69051123,264794096.066793,529255445.05295146
78089481.88925692,73769969.93964578,66750505.81794667,261145126.22785205,479755083.87470144
85342995.2626131,69711906.86954649,55904985.9051637,298709807.65987176,509669695.69719505
98713587.9596849,86259537.21586414,75070228.8768788,300443178.68754005,560486532.7399678
97780193.06653915,80945525.40204029,69409567.69767179,289245415.1857489,537380701.3520001
80537803.40803808,75386549.33401434,87450839.60234514,336534400.26546866,579909592.6098663
79076910.04364873,67614860.99719745,59058694.161159605,375879138.2479749,581629603.4499806
81806710.25897048,83292662.20040323,65255456.807712086,314944857.7391622,545299687.006248
98996447.79240748,73321470.37537162,60906416.982651606,360676624.1996275,593900959.3500582
102101376.38580714,86418036.88032575,77231669.96200739,337933109.6038507,603684192.831991
120472086.45014092,82309390.1250241,74751916.16031021,268696157.762362,546229550.4978373
76415676.75287488,64297538.84336859,71185902.54186429,227165914.27368626,439065032.41179407
81766719.68587695,53082147.02185971,51605189.62824172,262087081.875369,448541138.2113474
108860360.68288594,83783075.86615428,63233124.02761816,344598123.54955673,600474684.1262151
87457334.23840776,76487415.17949066,57447172.10172099,262727015.72735754,484118937.246977
76414005.02594988,74257799.2415325,65445211.800460875,361115728.9711297,577232745.039073
92754611.32301313,56456741.6068845,60766559.55421689,246049543.9486294,456027456.4327439
74709463.2211008,66905350.385100536,57392061.9371832,247667196.15133637,446674071.6947209
90096439.80100173,65145377.32246941,64943446.04731246,386786508.443322,606971771.6141056
70486028.21283798,70176449.86767682,46727806.75671553,267509618.30806512,454899903.14529544
96661859.08780959,84664341.9323839,70141036.5346378,345922096.34568536,597389333.9005166
131107236.81484479,101730077.97758842,71862373.05327438,271609907.77549136,576309595.6211989
81716436.09247187,67224732.84608164,66047874.44582736,262501572.8841192,477490616.2685001
86196864.57257146,83618408.3958681,67778021.7502818,276981122.42729044,514574417.14601177
105259407.10599561,63932827.86902782,60094514.7322306,292341295.10914505,521628044.8163991
87430397.95261753,77754835.33571714,71694779.28943232,309815789.014993,546695801.59276
82216442.8828398,71644013.4268121,59759043.14788728,323166339.4783583,536785838.9358975
78630656.05665648,81977195.82048674,67757085.2195418,289888441.71009946,518253378.80678445
96286291.26519522,71564343.91103394,70057772.26352423,315137025.98471946,553045433.4244728
79265357.97198182,79164524.39373864,71169164.2206947,354740062.0175973,584339108.6040125
101800225.43889235,83425526.02184933,60668070.556066774,399353613.48929965,645247435.5061082
69652814.95114112,80703580.11800219,70097593.13878256,270243357.73184407,490697345.9397699
85489207.23336247,75078409.17409846,76645788.99740297,290241700.3809558,527455105.7858197
83625465.72029045,57562817.764906004,72383786.24108523,268168813.713592,481740883.4398737
91894970.87965722,76119348.31144118,65591379.57473643,333784146.73314893,567389845.4989837
113969186.07083365,83252000.19910976,75490751.49672706,330533984.7966241,603245922.5632946
102641354.50156963,74861346.45185928,75473421.32551815,357562006.4382989,610538128.7172459
103715417.97615269,73348608.76689677,64642094.25931599,311062773.1523334,552768894.1546988
70019341.10222405,87054004.22208375,68582904.71616545,320068516.1169717,545724766.157445
79510977.35082315,63941554.21972127,57009138.37581259,296096257.6024741,496557927.5488311
97138423.15823624,79461952.61843714,70623802.80718099,299252241.9011266,546476420.4849811
94421019.18990524,91963146.53693138,77975169.28203444,354154181.2350288,618513516.2438998
91412172.63123794,64666600.794448234,54895653.67319669,302435238.2034727,513409665.3023555
87055311.89323002,80040533.66182779,82279739.33603331,350510849.6581236,599886434.5492147
106686112.48479277,80542861.10932223,62342742.28689187,300631906.7545093,550203622.6355162
76663374.43826789,88487090.98414214,76418904.00229318,338607694.2286666,580177063.6533698
106294861.83994192,63039563.08887984,66658212.34004122,258793808.46545172,494786445.7343147
87106676.17682718,73397040.5163768,70464357.92987128,316352187.0347622,547320261.6578374
108169544.42639492,74551139.16094896,72415972.6033682,317584316.1203009,572720972.311013
67116055.24149257,64501039.12459595,59648419.193072595,331090730.5246414,522356244.08380246
93930499.19506304,67637762.11463432,62340828.21048763,374955086.4602199,598864175.9804049
88775128.73389633,73580692.58070031,69221083.36413765,335157599.8798793,566734504.5586135
81064533.32919592,79329395.74469511,64308226.16641718,329312478.51021373,554014633.7505219
89610255.39559123,80960144.58530697,62052120.87270103,274423119.2746997,507045640.1282989
101464148.0816987,78046732.36584857,69822322.8307673,299204559.1097113,548537762.3880259
100707046.73507547,73302312.91063909,64741012.48452844,331182173.30153066,569932545.4317737
105228289.42690904,74758026.56575142,83919185.7754616,334826765.39422196,598732267.162344
73794409.0864325,76468794.26145212,62542283.62282151,315032712.4874019,527838199.45810807
86611493.73087971,76643207.12879623,59471798.94298749,332674428.89196396,555400928.6946274
72468754.01650228,64207815.95083329,63652784.15447497,356144617.9604497,556473972.0822603
82420309.52238882,81473633.96641548,76848074.79390545,348543952.7210849,589285971.0037947
82968346.09896533,66344019.57024888,47985843.39061808,269759706.36447996,467057915.42431223
105314596.60926582,69763581.19822985,70305323.00274818,275701355.4610044,521084856.2712482
88701934.33197935,82907295.2577578,63345161.03646695,309714544.91416925,544668935.5403733
81599532.81389777,81328143.46757837,69479656.8938377,311648060.7925396,544055393.9678534
111926961.53341496,86939224.0430856,65403047.34391361,305482646.87749666,569751879.7979108
86154410.91991591,76604758.21634072,89330986.65445444,341848447.88799536,593938603.6787064
62945547.41968997,66388900.71298755,48623501.998328336,267383643.4652772,445341593.5962831
63437267.70384042,64028490.54934336,50347809.818630174,291802691.38679576,469616259.4586097
87215478.08822785,78818211.66971692,66215301.46883383,260260588.2902175,492509579.5169961
94682552.34205902,96810239.6903575,76871722.749326,307631019.73560315,575995534.5173457
69380620.55629392,65067467.12379787,64446120.81413896,336277259.4328557,535171467.9270865
90928186.70264512,84266028.43457317,75112972.28670596,336096814.1870662,586404001.6109905
78480389.81484157,75816202.05859816,59241137.57351895,296444792.4578944,509982521.90485305
91953156.26010452,93504445.56471238,61701067.43819455,322597119.5399927,569755788.8030041
110553298.80826335,87667992.4823327,78543733.48073813,345230879.2990331,621995904.0703673
107362200.05944766,70366355.47152196,55164181.73970326,290084125.0357921,522976862.306465
61695513.38204946,81106657.47070086,76465404.68460397,300080997.9109462,519348573.4483005
82180740.36149564,74464483.30983773,65657382.33939064,307507709.9759763,529810315.9867003
95362901.6363938,76132785.7749883,74411709.01399714,330239114.41028374,576146510.835663
79130430.9669582,86857413.57085173,58925027.19799002,295980724.9653438,520893596.70114374
101812785.15674987,72512485.1386818,68007128.4249609,325672771.21105087,568005169.9314435
75981724.97947238,73150733.16475958,63243565.92776977,281049968.8503298,493425992.9223316
126075522.19746786,75762762.6896093,76316735.9719463,302938977.1293751,581093997.9883986
73279703.18674834,74036069.53213955,69738752.77432062,341026562.95320046,558081088.446409
111997157.76481634,113178702.11618239,81283394.05739276,308537177.8109582,614996431.7493497
93767455.94005786,75026870.84308568,73736622.18796977,269248822.15732104,511779771.1284343
127428555.82914992,91560067.70247705,59905429.84065673,280256836.7965728,559150890.1688565
99382997.80377266,89802376.82932751,61318972.205950476,330012855.63494134,580517202.473992
63844617.60797572,70183163.59794192,71406423.07474181,287568676.82000124,493002881.1006607
68510011.10498606,73281012.3378683,59571577.01866943,316828565.7841787,518191166.24570245
75680536.73703805,67408587.17971024,49050547.06885571,285020416.39660347,477160087.38220745
84989561.62999745,65961546.971838444,63754267.79627832,335120652.4540439,549826028.8521582
84248841.5410724,77888504.65435599,68750843.72166978,268004918.1467681,498893108.06386626
121223146.89183038,77668845.12746358,73751206.37795271,343931316.67266506,616574515.0699117
85280084.87601233,81218209.06627388,69747624.35795496,263464280.91569906,499710199.21594024
82688947.66574588,70059279.28446132,60311225.82336537,254176816.28935957,467236269.06293213
104447057.37044866,95395591.30152543,82325254.53691976,380228309.10771585,662396212.3166096
82525414.57730626,69836404.40265791,58005093.41252607,314890932.2514727,525257844.643963
90437307.21612105,76055960.97842178,77258584.01422204,331377282.5054207,575129134.7141855
76248250.08705379,68241932.48865968,67952599.54392478,341359630.8086526,553802412.9282908
95262898.94402607,96661279.13456039,88881237.4662033,352017065.6338621,632822481.1786518
76249190.01350391,63460699.30917717,58141829.38996356,315921588.17269874,513773306.8853434
116840656.96961126,85342953.10551742,81177311.30711034,315736169.7010481,599097091.083287
96353571.46387012,85612488.439613,55193701.93979664,281284379.79790276,518444141.64118254
101532463.83533537,81314309.75209591,59547755.88128719,226359509.91011795,468754039.3788364
82246434.35359506,74484529.47716202,58770408.80072868,299925180.8680379,515426553.49952364
94574437.00075291,83761684.9461216,52254918.33823189,249708813.34072188,480299853.62582827
83055891.62750092,80410818.58030297,71368338.76256754,328778669.4585771,563613718.4289485
82014466.42586288,72268223.23973428,59132044.788995184,321863525.86031824,535278260.31491053
75255590.01050475,81196282.14049241,68810376.89017051,306868422.96729225,532130672.0084599
78502552.24601845,63546062.90271299,56522613.87912769,277191978.5058763,475763207.5337354
59675680.048861824,68259866.86366354,68729225.12069355,322870196.805937,519534968.8391559
80546448.21732038,75154136.19357397,61227755.19391386,303255053.724411,520183393.3292192
111600470.92499727,90008457.93717945,76545152.07870598,303766709.8960949,581920790.8369776
98335892.93881804,64366066.40175837,60504599.58425546,314499723.242667,537706282.1674988
98186137.06545809,84468764.27910495,71986742.66378416,307296348.73847675,561937992.746824
95054066.7405523,69522320.07134351,58030423.34207038,295077133.3434648,517683943.497431
89660558.8982701,62030249.2740636,64405493.26344583,324749084.6690923,540845386.1048719
86135284.71803853,99835059.62489964,67913166.92527504,301147717.8650308,555031229.133244
81861615.79709308,74365828.53741667,62708390.524555854,254892193.97077212,473828028.8298377
79899714.43184882,73775054.53596213,75054780.25733134,402688607.1517231,631418156.3768654
108002631.96231207,73046977.97416583,60798125.24892975,292826219.71620893,534673954.9016166
116055808.2017746,79666085.1669034,58707649.08627439,281669947.6572789,536099490.11223125
98448040.07353324,84715771.10866071,67975288.58563302,335392195.44015247,586531295.2079794
60598742.105105646,70922042.5107245,69342754.08058622,276475702.8200159,477339241.5164323
76276572.1356708,59516071.99383487,71638033.62853307,278915203.5251538,486345881.2831925
90640001.95525202,82321292.53719832,81841280.72125216,317381001.4654441,572183576.6791465
79990847.47965807,76137140.23003604,76517469.79272999,308877346.91453433,541522804.4169583
74842401.87452678,61531563.363618456,51950906.08411249,310426111.81233037,498750983.1345881
82843333.26793274,70129641.73035769,58551707.39310229,296091544.17252123,507616226.56391394
83927185.00957507,73105663.21548484,76125884.69985649,374353583.37169814,607512316.2966145
67388188.10950963,74552359.17368941,58702775.966797,285764431.51870733,486407754.76870334
91635859.43680657,75099109.19044384,67814635.32368076,330819647.7498833,565369251.7008145
91420376.46913745,71389183.51830678,60001107.788694724,250753352.5071621,473564020.28330106
76062116.84082122,92545075.53420438,64458513.60616074,267866825.6206519,500932531.60183823
91792267.29456967,76021380.24071713,64798107.539942704,356487175.14268094,589098930.2179104
95223951.85755858,73030880.35182048,62219096.74878986,282501271.1922883,512975200.1504572
100320947.29324533,75817095.99147291,53898815.088583,288684901.6563999,518721760.0297011
68180536.44237423,92623498.13057238,62675324.99408971,299050506.7991952,522529866.3662315
90889412.46148594,74305512.89456096,63447903.297881074,315923631.044233,544566459.698161
111352478.69745061,87899173.98911668,84925258.80429053,291662093.7581074,575839005.2489653
91754567.63408303,78381832.87653136,69988444.20587601,362825178.4033129,602950023.1198033
84178429.37257354,72045542.82491356,68721853.73128158,249116467.91954157,474062293.84831023
83962177.04963483,74294985.21612214,58543438.567464806,332875816.7000984,549676417.5333202
73566545.4335768,72087202.53109248,66163814.599899426,353067424.55172276,564884987.1162915
87060646.0699833,84762840.85229868,74994196.05779544,321439861.6184073,568257544.5984848
73245947.17713374,61986786.883808285,60895365.01197117,274504764.9548797,470632864.02779293
101038749.31733613,85768254.4291621,68566115.53642496,272396298.7022838,527769417.98520696
94640322.39335898,68933530.97479169,58408894.32073894,261984482.6945191,483967230.38340867
85295027.92472881,86681114.16730653,69495002.25661698,296161072.6283928,537632216.9770452
68305239.80308399,76745449.29031175,59421555.64605772,299759652.71261567,504231897.45206916
82398857.69975866,82769845.00465737,66835192.196990445,305191473.6390749,537195368.5404813
94262367.02183789,98797640.11672725,82006072.91507049,325410796.3291604,600476876.382796
87252617.75993259,71639749.53913988,57650719.85759341,274878597.75989544,491421684.91656137
77064677.22559121,79801843.51564121,58817726.20938211,345742817.6153129,561427064.5659274
98369093.73699662,78399551.1151518,67477465.73983274,288277479.9172135,532523590.5091947
91062513.1231365,87146733.58835095,64411545.36235692,256904614.76310378,499525406.83694816
97602921.51765873,81055407.6063819,59843546.40452719,275191890.4072701,513693765.93583786
75998999.94214386,67848644.78950998,60160401.42106823,284994469.29414004,489002515.4468621
78576968.33464254,68098866.53712109,61076181.40409503,300940240.05380267,508692256.32966137
82900769.21229567,86008716.08681627,73474909.75209652,262775979.24813887,505160374.2993473
94837431.08254404,83186341.71298122,65455227.09327805,258130089.46326032,501609089.35206366
87320672.97360525,76061598.69056493,57865588.21571434,249466791.86564124,470714651.7455257
85993764.83033158,73850832.91542208,62098534.07985921,296123804.0955433,518066935.92115617
73090544.8235968,69538760.65641198,67068525.55722286,290262582.9704109,499960414.0076425
66722956.78206624,67818917.02298784,54545959.61328802,295297483.99236137,484385317.4107034
91776239.5734931,63572211.646205425,67541260.01446788,265189676.97054926,488079388.2047156
111941881.01912984,80088249.81936915,59248065.80214753,262220099.0786855,513498295.71933204
92207247.74580222,73670117.44717403,64762780.55661052,363886318.1321896,594526463.8817763
77969668.04988335,74714348.48233674,77032472.9565117,324774233.6011383,554490723.0898701
67425093.37305975,76108229.69252837,56544236.04358075,343170355.96349573,543247915.0726646
76441294.20170845,104079508.62313478,88356224.09323609,305846492.98824364,574723519.906323
87487892.72433901,83087361.65739612,75158797.09381744,333048292.9053992,578782344.3809518
106571244.03052336,78524649.66825715,65015444.68491953,293105888.267576,543217226.651276
100058362.24922815,81898472.12576653,71166128.35334158,342574287.3399896,595697250.0683259
62793022.51611799,73219545.47588512,65251307.29088046,364461874.0153127,565725749.2981963
68272727.50653388,86180422.28206527,68895737.60018167,327636135.4975093,550985022.8862901
114054199.4626116,86293399.47015242,74310355.53509174,327068034.674369,601725989.1422248
80710785.02566487,74536862.44694687,59892096.95236043,294801003.9719885,509940748.3969606
59992773.54926674,73468376.02310468,62552246.89490098,286365260.390082,482378656.8573544
90331575.20652783,65012792.7484147,78206442.34354928,309126364.8342758,542677175.1327676
85194783.39300182,67719073.19696897,63156336.64933596,349317089.9392539,565387283.1785607
102943986.51828532,87219099.23215957,75379439.55648914,306088983.49250937,571631508.7994434
69135557.41094585,70545967.06763361,61332431.3952679,333733856.4110299,534747812.28487724
91637503.824076,92717152.43977785,82760499.95542793,310711075.6620417,577826231.8813236
65419933.04217441,83675596.52999477,79040908.28628677,272751993.8923431,500888431.75079906
111050178.81112999,84021424.19725487,71323633.24888508,378115603.4059626,644510839.6632326
108162061.54988748,86158003.80481319,74624981.88978966,341453622.9568562,610398670.2013465
81796220.31728105,74533611.42879148,58634901.854442686,283782805.49912435,498747539.09963953
82235198.68786108,69788302.73977262,64620777.68734139,289157958.29702836,505802237.41200346
94511575.60525365,64266971.893635474,61298401.78577847,299282222.6002009,519359171.8848685
82976039.92932907,73770123.12079622,53906256.06231776,300792755.52514815,511445174.63759124
96737564.08645773,82487606.2347107,77797532.04205571,326984663.3371956,584007365.7004197
94155766.65040642,78850046.12905009,73145855.55633293,261390572.61751664,507542240.9533061
75580563.37014626,88493929.25137952,51924473.04145614,285742391.4933771,501741357.15635896
105216616.68512946,78566243.00727281,64675619.28860617,309161328.52762353,557619807.508632
82413353.04560207,75405456.58436497,60490679.17205673,337869747.7994088,556179236.6014326
109531729.88988401,78919062.94377515,57839508.00242451,279430715.1870728,525721016.0231565
84675970.74156226,80144804.89267589,59762123.82480582,273074921.7171236,497657821.1761676
94639421.98203486,86410020.08990067,64994808.21086254,263420987.1204941,509465237.4032922
147555982.7809107,93864424.32057443,72327922.11404625,353302799.95573986,667051129.1712712
85487075.84104647,83743103.44411384,69901353.90297504,314411941.0464008,553543474.2345362
85636078.10954228,64128154.685022876,77563524.03583235,279567534.90364313,506895291.7340406
70140751.12073906,70680722.1317355,56377368.35926264,288250356.876534,485449198.4882712
97361668.74178532,87535675.51752464,77620195.34722365,309973680.65469533,572491220.2612289
87903267.86468087,79921138.40672034,54763129.09089233,311986413.35224414,534573948.7145377
69056596.89245646,91361436.32760826,66680581.667784534,302457385.4115202,529556000.29936945
77094818.13174076,68816610.12825242,82412641.27350305,353870129.71991235,582194199.2534087
68047719.94873197,85590768.08950096,78425505.7850671,309223013.0216034,541287006.8449035
91597986.17410609,76826727.95112142,84136054.62718906,294983428.56514484,547544197.3175614
89271054.2199836,72820975.86475624,54889186.3466963,373073929.89523405,590055146.3266702
72174132.40094052,74787570.21822785,52686521.05068678,273971309.3885071,473619533.05836225
93304533.53403385,70261940.23596098,68966374.39695905,296388415.8462016,528921264.01315546
105011384.35287593,92899119.64772157,67686952.79304133,315395626.0862083,580993082.879847
89807944.59837708,82295833.52762407,68471438.93872432,316175123.62214786,556750340.6868733
83874095.50893025,76447832.7649004,77028577.49098977,340194237.75154865,577544743.5163691
97572250.77819397,84868333.13453308,68356119.62111494,322066624.3427311,572863327.8765731
73296867.5634037,84711006.73439932,49000989.15377132,282236578.2250536,489245441.67662793
104689232.67599279,67767489.75419265,67031274.924728274,280350459.1182168,519838456.4731305
82206635.03688921,83761871.27210955,70033139.06999533,246210969.07371506,482212614.4527092
74584490.66821212,82212451.09432694,71114374.72888061,380511084.1165782,608422400.6079979
114177163.40779795,77767621.45965618,91464656.9155871,332323324.9932926,615732766.7763338
74748982.891466,68307126.4936482,47910173.69391719,334642999.9992543,525609283.0782857
112581508.55713823,71721492.35941519,63985712.14411418,304990686.151334,553279399.2120016
74776704.7112755,60015345.295347914,57980133.985280834,277549045.8794409,470321229.87134516
81948912.47302149,76995991.10002989,78334414.72558868,306353113.21819043,543632431.5168304
89621016.26343665,83284605.001729,73336452.34576266,293375482.6169338,539617556.2278621
88564321.61288907,81358581.67134859,59461741.12429675,345252114.9029578,574636759.3114922
109677831.54879232,73748955.37977888,67894777.05338725,330157909.12773645,581479473.109695
79911667.62965424,78880983.03856069,67948317.14483748,259343108.7831093,486084076.5961617
93861907.24332415,68154611.1016953,71066605.29445258,284309610.01647574,517392733.6559478
84984383.22252595,88654256.53370158,74401414.29398222,280406026.8470528,528446080.8972626
74126174.94039018,68448506.3837484,65623759.383960925,312856256.12819636,521054696.83629584
76193998.92497623,64505050.51042036,63351561.83883027,290100840.311576,494151451.58580285
123192446.2793887,82657485.84051193,86845606.34568666,287976452.4915364,580671990.9571238
67786579.29422106,63160023.8628423,69374558.59204523,369170161.08353674,569491322.8326454
76940990.4568232,70144240.40456931,55202459.933858186,234439420.47454056,436727111.26979125
97840683.23131497,80156588.6914321,68135824.31029089,262772753.29126894,508905849.5243069
113399260.33811307,76215963.3346761,71797009.17538638,263889378.6014141,525301611.4495896
84587382.80175553,78168567.34818567,69310001.26132146,314060021.76033956,546125973.1716022
94394923.87192075,68003223.72120564,65050869.29704062,304532778.6145343,531981795.5047013
90504090.62164511,77393874.98075303,57378421.4406705,253343379.79659328,478619766.83966196
61173060.72899444,77179477.73717655,71501895.74801922,340361390.2952967,550215824.5094869
91599350.6377866,60157447.9435434,53448833.839311995,288947692.80686414,494153325.22750616
89121181.10804161,74540358.59343547,68594743.35256773,307108898.44723016,539365181.501275
88910957.16315533,71003702.90513954,72330859.69971843,294354410.5552926,526599930.3233059
70471468.5784248,66339794.00152609,59126057.15068091,327001138.2210387,522938457.95167047
86619653.01052006,74374326.19314434,56457703.5995687,320011450.44347525,537463133.2467084
78562392.10841401,73472781.88504112,77107610.89610627,333410236.92764825,562553021.8172096
67191722.00267516,58479842.50355039,57939301.704229206,249457345.44284153,433068211.6532963
96752138.9169657,78301950.20579174,68695538.88420652,284489692.58240503,528239320.589369
115256166.27833727,112574930.42954583,76333077.43477365,341525153.39102745,645689327.5336843
88579075.77738717,74120467.52382855,59329831.42085811,261227390.4474356,483256765.1695094
72707397.98512213,76531026.48166883,61491862.49668295,221872524.90546373,432602811.8689376
93647165.43563503,77005538.55017011,78314322.6934543,331807761.149966,580774787.8292254
68820631.3047777,55755582.23329296,52682901.43643052,259801128.21799946,437060243.1925006
101426165.05728081,78678239.25409877,77461811.93502994,273118396.10849833,530684612.3549079
101785837.77670592,85665316.07855242,55170388.41436002,343702159.151218,586323701.4208363
88522937.75011288,79902322.2338247,60903792.316367835,347163437.8393185,576492490.1396239
72124615.45316939,80251131.89848275,73426429.0240325,279666899.77016014,505469076.1458448
119810218.1914368,84007060.6322653,76024438.53416263,267910047.35935855,547751764.7172233
122415934.44536732,71353205.8543531,74523283.44858058,279420970.152234,547713393.900535
78978194.78592516,81511313.51317158,76213921.26715149,273502503.22870433,510205932.7949526
103847295.09869608,89336212.83800954,63865087.21982688,369086317.9213945,626134913.077927
69061481.19340172,67160941.87722917,65449432.14575864,271224792.83605415,472896648.0524437
90971194.38489725,79008763.23924296,65831733.20177483,336013846.4775928,571825537.3035078
84076424.21224251,77523765.00463894,76095783.8402017,345323817.1984869,583019790.25557
98905683.16085885,68578971.47423072,68081286.41695218,275127207.41230077,510693148.46434253
71029279.4725914,72047586.29763661,57249902.997040175,319355157.601849,519681926.36911726
99358402.87615894,62929766.97659817,56042835.79330306,243629560.45792392,461960566.1039841
80980704.05953315,78877880.36847234,64818649.1367553,283694294.6371767,508371528.2019375
107393874.45134862,61142578.39684408,71163579.6634462,286401429.27028203,526101461.7819209
86123922.73112042,71407887.958403,77305091.12178457,272843169.95929164,507680071.7705996
87372001.53620598,80920849.67317392,55978865.633706816,264527614.00261754,488799330.84570426
85162945.38653679,68331740.87917496,57377522.70492425,279744284.07759273,490616493.04822874
96768169.77559002,74900115.04666159,75199579.67493609,280105033.34575707,526972897.84294474
71365537.50365856,90841626.16833529,64710288.17199502,263812457.81503257,490729909.65902144
65978330.68210795,80884633.09021722,63772017.66076271,293410613.8681907,504045595.3012786
85012745.81006001,85057400.6002962,67541761.76370223,404512294.8096399,642124202.9836984
89096103.1589699,86453350.04799844,76660438.85536136,317948376.2483702,570158268.3106999
79384177.21355233,77413245.24342482,70236567.45112841,289255751.5828167,516289741.4909223
89562134.19898011,88316657.79240021,89861305.25833838,366782490.90305555,634522588.1527743
117518304.2038928,75725150.90031864,73240401.55302332,365563024.44575787,632046881.1029927
75547257.95020969,69652506.12155993,77599211.47128128,280033643.1671923,502832618.71024317
70353288.56994236,86476964.69329798,78970450.48093341,336703136.07989174,572503839.8240654
86571911.35571963,72229120.29041363,66900302.616620675,364357572.4503155,590058906.7130694
90604053.44924387,98595738.36573777,66110959.92042138,311071708.04356736,566382459.7789704
82150634.26464772,66240327.108239494,61140458.42446086,309232254.9143798,518763674.71172786
94845061.59876058,99664055.7482245,78293308.34530242,371355423.0795992,644157848.7718867
88135873.94550274,92601927.83109635,95113748.08675961,359729944.66742927,635581494.530788
74390852.86787857,68904473.09351265,64941718.748404466,315814661.11744034,524051705.82723606
97528034.08040768,82322438.75103436,68823887.42446543,288264464.3420723,536938824.5979798
92993810.09590226,95670271.51346551,82147652.7446837,348647527.14932066,619459261.5033722
102839370.17236876,75692657.39806938,62838604.99745586,276533693.26574737,517904325.8336414
85475714.21402256,72158204.06526896,74569891.4805881,295262024.7326166,527465834.4924962
76688301.43125564,92508856.00427596,67143928.90189244,315864420.17853475,552205506.5159588
93744161.88988462,67848248.41487078,73468148.02242953,332984546.20627147,568045104.5334563
111927571.87036233,74462906.30265236,67495462.26881756,307974671.43820506,561860611.8800373
90972205.5323837,64958970.12708883,63048800.04130732,252003639.3600356,470983615.06081545
92358556.41171663,60301273.46793436,48543681.78991035,304232691.6605395,505436203.33010083
79896001.93930471,66567222.125537336,72385132.86082117,318830457.3347037,537678814.2603669
100278392.76613945,77062267.80614349,92199645.73056857,308847446.5242821,578387752.8271337
115313616.49364534,80511893.1680626,56688655.262290955,313009220.8494848,565523385.7734838
91716371.70370936,68181447.4470397,56906755.1643615,290106469.8565496,506911044.1716602
92231651.9487361,57948125.91811005,67411827.60692805,282240928.0476436,499832533.5214178
70459074.03122707,80837932.9459889,66515686.155757576,351338502.22668403,569151195.3596575
93543657.67990479,77313594.0385227,65658413.23591075,322083970.10719943,558599635.0615376
81619921.19211332,67943399.70757593,67583283.2811456,297656197.8861374,514802802.06697226
87677990.16879931,86414284.03652981,68653968.19005863,311313338.8627068,554059581.2580945
79223165.91193843,78265225.1058655,69207542.37384847,341746028.81843793,568441962.2100903
79483932.57242736,70685806.60680136,70031424.04904617,315225428.0083369,535426591.2366118
75427766.43168889,85635752.99984665,56082873.1193004,322804513.5912259,539950906.1420618
71213818.98088229,90373565.54458055,58123278.179655984,341011471.03777564,560722133.7428944
86075315.83189271,72736530.86041784,66297489.458309636,326198652.6147893,551307988.7654095
75449724.43970168,67027100.54508875,67155866.18754321,247710577.69108912,457343268.86342275
79419040.975032,105851815.845555,66826837.84505203,358208879.7229232,610306574.3885622
79397147.709454,79015412.69369286,72038456.56448896,354567539.69338286,585018556.6610186
84455704.62343957,95062052.5057937,67240695.98657328,320191770.9923972,566950224.1082038
90701473.90688632,67457075.13141437,61055916.72964612,301135758.80622965,520350224.57417643
81377305.59361379,99316111.01543795,66262696.910940565,356869418.36380565,603825531.8837979
100027707.95179805,78385725.17639524,60964294.849333696,274606928.8363577,513984656.81388474
80266245.93880495,60771884.918344505,53310654.68920724,238507989.46099243,432856775.00734913
108182672.39010522,85835327.25434893,77328952.39358206,343205222.939581,614552174.9776173
89571152.48210557,90637884.38864046,66077047.602683224,313153102.4015336,559439186.8749628
98290557.97109921,67135067.73790263,91529998.56408423,327396347.8211847,584351972.0942707
89213587.47774033,88449491.575639,78385777.79785581,323084836.04943997,579133692.900675
89044310.35452123,64275509.53561406,57917330.14636131,308291389.5419858,519528539.5784824
93632689.23700425,89056529.01565269,69759768.07127887,266988460.25887203,519437446.58280784
103287686.5762759,93348881.04577456,80779851.93668158,320276453.9627295,597692873.5214615
103083708.69507438,117449845.98001651,80707482.58015871,286446210.15416753,587687247.4094172
79392897.60866764,80083940.38310564,55407230.34661295,298338322.4012944,513222390.73968065
92684551.10386439,92131468.87864,83728871.40864863,362551919.06316143,631096810.4543145
61680528.4684297,78254047.97140642,70907413.36775914,317921954.91119623,528763944.7187915
66103459.88705656,65340550.992351875,53089970.303382106,224883486.9700016,409417468.15279216
87167243.91067892,69401497.04431835,86967479.32650328,316450100.3414533,559986320.6229539
107283463.12193108,66548763.8418064,59702363.364886455,297724024.68370825,531258615.0123322
75404387.54007111,70134101.89845015,61699515.310974605,288641652.70170116,495879657.451197
117374592.8946827,85045201.09510235,74726766.88858853,338612963.48307866,615759524.3614523
96197197.20452838,77077908.55197453,64412933.79990031,309213188.1253372,546901227.6817404
104956265.46471013,90395884.53526105,69753620.27655609,343128017.47682285,608233787.7533501
84532412.43877423,75867288.42417723,62279460.2004769,293633388.7629103,516312549.82633865
108103963.88093579,80763277.94762135,69856173.64934781,263531794.11086383,522255209.5887688
82994449.73810409,73189027.38189572,58776583.079951644,295352697.72924757,510312757.92919904
81415611.26171838,75625425.26251413,66568079.32221279,272756223.57946175,496365339.425907
81813979.49583702,75686264.786105,75558971.57717863,323369296.0386259,556428511.8977466
78436897.73144382,77802765.65618195,81045388.59275667,355471168.5605452,592756220.5409276
95199554.4095569,84420429.5907527,82255367.43418458,367130009.8570575,629005361.2915517
95493227.81935559,87893067.1700166,62005441.58020258,255849005.02668983,501240741.5962646
89429706.22984104,77151913.70005576,62429357.74794537,330677415.6508381,559688393.3286803
64714167.33432462,66869339.083940454,58008965.529307626,240401930.55660966,429994402.50418234
110792459.38459483,68680873.16361533,60183974.682997845,328553271.85988253,568210579.0910906
96713390.68063001,68555105.96826656,69245801.35803619,315847719.31342757,550362017.3203603
126710271.32319976,86791390.16240819,70375365.21609457,285108226.48973024,568985253.1914327
77409830.41028656,67340407.04408924,73424990.95035176,308908824.6533425,527084053.05807006
95470089.74804735,92528905.69564082,54403173.45734692,342834425.52163714,585236594.4226723
87985022.02952886,80189171.95190091,61229235.64913633,275309014.90355885,504712444.534125
94309154.11221665,102028076.31000365,84213109.2692617,383786869.5233593,664337209.2148414
84567390.68339908,70517527.87732445,58317557.32831227,277164630.8661682,490567106.755204
62775628.56847922,64967492.565835424,56708157.914589785,281941655.5652508,466392934.61415523
89067423.12660743,79740547.31262046,67336511.5206392,287314085.10921186,523458567.0690789
63681052.361826025,66314614.81080625,54505748.83627425,301243049.6867119,485744465.69561845
100877502.28166845,87666510.46079461,77331842.46202296,316104194.7025695,581980049.9070555
80214998.41491595,68505668.40003537,52686662.71959671,319495317.4738581,520902647.00840616
84801867.33858576,65488746.38851451,56318110.784393735,261395528.28350374,468004252.79499775
87810870.23797874,86225518.90301687,66723074.56633589,238181962.40443328,478941426.1117648
84605601.7000444,74234920.77284056,63589510.74743743,279830293.558554,502260326.77887636
90298035.84691243,77298484.9579297,66488839.59233888,320287553.1888978,554372913.5860788
81407130.2275076,70834374.60792734,75279638.35125592,332508985.7934211,560030128.980112
99556065.03080828,90355506.90681756,76087908.69307703,356639384.70210147,622638865.3328043
67720045.41101983,73579165.3510881,62678404.28631277,361891922.0756642,565869537.124085
101174501.8960105,73187788.82037719,68743317.06383766,312950505.46171594,556056113.2419412
93789338.0162168,68785386.77851465,66591800.77279123,294731430.1560641,523897955.7235868
91243010.40562317,70721613.21019854,60080803.22775143,338450183.9309898,560495610.774563
73692622.61433013,65434575.20406504,61102462.77051941,268914929.8038181,469144590.3927327
75684145.95954289,74599575.8605162,54308288.835894935,257468408.45142373,462060419.10737777
121174814.94933029,86469401.29859476,65195660.61835466,323712114.9468848,596551991.8131645
95501946.17861794,87144736.29791206,69198282.10767533,349101701.20758086,600946665.7917862
62919909.63996848,62560956.08128433,60874738.76365013,302951960.3357447,489307564.8206476
75360587.67360973,75867299.14167814,60680176.30868334,288081238.8157978,499989301.939769
102760464.94008614,87734211.51183046,62913321.05379553,270500816.5643743,523908814.0700865
81650745.35201785,74747872.54321346,60420920.84209126,334830971.7011896,551650510.4385121
92196831.73829782,80773389.95384677,58493762.347115785,340096477.49142116,571560461.5306815
55516439.09882121,75644020.39186351,71335331.10912427,292775460.9090798,495271251.5088888
106925974.99518545,79129016.64941643,68636287.98991346,321599780.14310753,576291059.7776229
145269009.027203,99793614.64964095,83050777.31730556,299227061.2430509,627340462.2372004
89236454.14421767,69648538.82658082,70444446.07769673,311807437.38310057,541136876.4315958
72836467.8859558,73749340.71761715,58269938.80365074,298738436.8486096,503594184.2558333
75999328.02676757,74003909.12515007,70753452.81595317,306150813.1576606,526907503.12553144
81916412.56520085,76816436.98181061,71750010.97414574,273368809.88935107,503851670.4105083
90925128.63994521,89455908.09171608,75721830.57375173,321540183.2880973,577643050.5935104
96615747.43758415,82074160.3109433,75053183.95981924,250861711.81058654,504604803.5189333
68001383.17151506,80782303.75129935,55642447.228155784,306203069.3758991,510629203.5268693
82427482.50923587,66975301.08552524,65199292.639457606,306689112.4668283,521291188.701047
122271202.5359197,76449322.74139972,80473227.38053162,334409515.04916734,613603267.7070184
78448370.2646053,81485656.04956032,72109059.71318679,313575135.0122397,545618221.039592
91007275.72068122,71727596.17501062,58710976.46792473,321300701.7599147,542746550.1235313
84135973.8543002,74795754.23297006,67688601.7357766,314986349.9881806,541606679.8112274
69366630.60206261,83827590.57244441,68583727.767355,301588054.68387985,523366003.62574184
93437267.21910693,79447840.69044071,74022248.64484811,334496035.7802787,581403392.3346744
97831823.8597722,91305528.57814844,79618648.10520451,318361911.67294693,587117912.2160721
72855371.94400758,88583698.32117595,67432602.87334877,292833681.17748326,521705354.31601554
66034639.16875916,74303410.30304776,65330973.943546385,253359021.36086532,459028044.77621865
93773458.15185168,73044853.16277018,89924481.29981771,306422567.71309197,563165360.3275316
81337278.5954493,67716132.80064015,73037408.48010986,295341500.0601675,517432319.9363668
77649811.53251164,80435022.45472082,56911332.92377209,316442465.0733426,531438631.98434716
115997109.99887885,86683079.49491176,76663534.1114597,354447765.7050783,633791489.3103287
114673012.83239913,93124475.32852991,77003144.09878045,358442300.4579799,643242932.7176894
75673162.56481172,80608895.13250841,59439658.8720424,285257258.72794026,500978975.2973028
53232016.190632336,71275554.34565765,57593698.06665728,329980525.018426,512081793.6213733
92830951.9331955,87892312.88480848,61866039.62668869,342293900.43857783,584883204.8832705
122183390.97084385,89734271.815545,79446238.7532406,331159582.37428045,622523483.9139099
80180153.45833138,81531087.43312286,56503409.88977605,280685573.022918,498900223.80414826
65672607.419347316,65796918.639311,65943173.67406998,316826246.296855,514238946.0295833
87921877.31325918,77763037.77632605,53349722.83046596,277480050.7582055,496514688.6782567
78193392.00508766,68806255.59952694,67635799.46409528,274310242.3571149,488945689.4258248
79159360.83016941,58509156.14574003,57056279.619392715,252797422.73150042,447522219.3268026
88321082.96847066,68387510.68419805,64179170.19395278,294489978.59084785,515377742.43746936
113983410.03963843,85650479.72190577,56803941.20845078,257537620.40205854,513975451.3720535
87982360.4771201,68495894.4908529,44597562.248018906,320205555.4413086,521281372.65730053
97869082.79336484,82967888.48138605,64205705.40355373,320576423.7096206,565619100.3879251
77905813.05679801,75960818.94304812,58750211.39936949,351500826.4599708,564117669.8591864
67818895.19557875,82881616.88787825,67500871.7663903,290283291.6967257,508484675.54657304
89571658.79432207,83336511.32182938,80771180.06534,334126062.4573956,587805412.638887
75615488.10175619,74159589.21233118,80328040.84547047,370906500.156503,601009618.3160608
100869039.08636427,86230313.03902464,76298844.09103481,364999451.9795486,628397648.1959723
81058556.36392635,64012828.91579065,61857659.607252285,268182104.34360147,475111149.23057073
73651646.84330542,67400740.89226563,83528546.90862185,322832927.03156155,547413861.6757544
92411427.94376963,66962585.47525275,50675935.570964344,257070081.169289,467120030.1592757
109793929.980769,83343238.6645084,74820369.87586859,345554159.95603067,613511698.4771767
79328536.71766634,87438694.78360361,64401490.8510522,359499278.10465604,590668000.4569782
93608841.3300607,62904477.75113203,56329830.23447166,234749360.59040698,447592509.90607136
105065203.96661441,79164529.04534987,52254606.17023294,302233118.57952213,538717457.7617193
80019873.24195212,62884225.091109544,74259114.50947934,311200264.004389,528363476.84693
83204873.20736939,71906193.99990183,53823702.30623094,247854799.74403843,456789569.2575406
107131760.19530009,75496122.41830991,67042449.91624306,242106773.17479596,491777105.704649
70613319.46190435,77842808.75800677,68720005.64140254,375422357.12930095,592598490.9906147
108132120.67316408,77809894.65861405,71633040.27216573,300935684.6255309,558510740.2294748
121188675.26860397,93638285.01358318,75037023.90552191,328982418.07483757,618846402.2625467
109910996.53724557,85758464.86191687,84813485.95460741,254930801.25350228,535413748.60727215
93892980.35535862,72920619.70341054,80450323.73581558,380355606.1377355,627619529.9323202
87667715.32715282,90981491.0687196,87764147.90058635,334190150.4340341,600603504.7304928
129560251.72852887,82954181.89607514,68621636.8084436,344145519.68223655,625281590.1152842
82404503.91425453,75879565.03658588,77722428.74242808,316926861.3935767,552933359.0868452
66477174.03299776,74664327.6145167,59244396.80262392,325486945.8161039,525872844.26624227
97493127.68045793,92511088.69030699,80245910.601683,368705199.9555534,638955326.9280014
78346994.61857429,81506364.94116375,85158268.83090125,300374254.1892773,545385882.5799166
116338259.76698254,76253425.72586967,61042602.04313718,310430459.520747,564064747.0567365
97801500.96362643,86783847.6964692,62680359.24174847,320252708.4738702,567518416.3757143
78140781.29576185,62509330.48096165,54292527.767612256,261132113.75774226,456074753.302078
94805048.570898,88599921.8879708,59352302.70579276,313489932.0472529,556247205.2119144
72230422.36903341,78417854.52425766,61312422.01444786,264811587.73526755,476772286.64300644
99122071.92273684,73215466.70646556,63269422.93899394,233029882.3059768,468636843.87417316
101481276.12436195,86600570.69873837,70422980.07249813,262997297.9771392,521502124.87273765
105843483.91318826,73635201.73261216,62682565.39203427,392086679.1817801,634247930.2196147
77914844.479113,80825567.43335442,71808224.2706208,326008210.25221586,556556846.435304
91236446.85273822,80305962.8994576,69983970.78117284,308526393.09953433,550052773.632903
111086518.00707829,69092486.80611429,73029822.27081446,341135336.5221288,594344163.6061358
97527627.81074493,88808549.34446089,70116240.43156481,253018824.87195063,509471242.4587213
86204177.54740788,67698220.96391243,57784035.520986415,252732933.26384446,464419367.29615116
80790095.74366315,69819453.70853478,47909965.39083594,302481551.54099375,501001066.3840276
124443699.66201225,88479774.255664,70313803.04959716,313020608.85129446,596257885.8185679
81522544.20695966,75735741.21065842,65372937.07540723,275208777.98637027,497840000.4793956
114181566.21267338,68137555.38817443,70196934.51722333,303601689.337726,556117745.4557972
118236977.8509015,84819773.87985875,67610619.23936196,301867018.3388254,572534389.3089476
87767039.24926727,66795061.34952286,57308960.600465715,236759814.77451465,448630875.9737705
75225611.0614313,74400821.71198764,67169834.62971422,242344122.271628,459140389.6747612
85312640.5204989,80819336.21554413,66318728.91980892,284686476.2106719,517137181.86652386
81637831.16438176,70437804.15455018,59146548.305906,299909835.1404416,511132018.76527953
126196987.63120915,75949313.78797111,65304961.24594248,303459549.55626243,570910812.2213852
78118262.29832079,84267458.11382048,51580278.43927728,271695035.3368145,485661034.1882331
99418537.44664446,75784781.99108846,60435830.64877498,313907607.9899347,549546758.0764426
100829952.55613947,80590162.52482665,62151009.9159846,318426366.18522793,561997491.1821786
81770133.6471148,81743724.89067483,80737044.35220316,238099333.51247403,482350236.40246683
88772912.9897198,62536146.87257566,81720606.8351467,298458059.4751542,531487726.17259634
98279767.40151814,77879805.25490576,61178797.4644352,269791145.6781938,507129515.7990529
112417877.30884288,90026864.44501698,90666322.60444978,337117161.144092,630228225.5024016
91322968.10375491,74570359.00761692,63582283.843884185,267237008.0920576,496712619.0473136
88389100.96641137,69689894.04898345,67309456.38704212,309407621.07381356,534796072.47625047
91319493.76898496,93318553.9524874,71652998.11196841,345145150.6644544,601436196.4978952
121124642.4902958,95346554.70493805,84928280.93816341,320315612.5871092,621715090.7205064
90474679.69670412,65907718.92866133,66376789.1730474,310646277.6084651,533405465.4068779
87535138.13848688,85764276.26547782,60113199.16925055,362906851.3335133,596319464.9067285
100756051.17588843,78001766.39744167,66273556.91333707,323373782.10126907,568405156.5879362
111256857.22522546,81377789.2827098,70285516.00322479,312703335.92685264,575623498.4380127
116008709.0786013,77809070.7365965,67828956.78932734,364833619.70880955,626480356.3133347
89285354.2554645,87250057.15765229,62783029.4410116,297369984.4209319,536688425.2750603
110609920.22037834,74287928.49429502,65403713.29859527,313242921.316512,563544483.3297806
74432612.9771158,69995891.23641352,64056037.040436454,300706785.59197235,509191326.8459381
107053476.31945118,95262061.82724752,66314138.12729142,315890909.1299886,584520585.4039788
97151171.70494787,92918417.49776345,78585869.62343211,334748872.3707001,603404331.1968436
97031362.27881128,84280244.35275736,62164424.30342425,309997920.235808,553473951.1708009
110163167.12554158,78349945.23746444,69056638.1581317,301105688.2186481,558675438.7397858
60205189.48949289,70139908.14500831,64578471.79858142,281636761.18394125,476560330.6170239
72486052.38946491,65925483.598944254,67430613.9566004,377726304.5163841,583568454.4613937
108817872.40277818,68518795.98999003,71255449.82029496,285564771.4223215,534156889.6353847
79443998.01825698,70643819.73622409,69301352.58783148,341030550.7852076,560419721.1275202
85849601.15647914,75129955.11211176,69408770.4783949,328365614.9836919,558753941.7306776
105283204.6016293,68480233.55937232,64375324.08634461,265804035.88698322,503942798.13432944
86499414.72448127,74008043.42878455,64970023.86482788,275794723.40693,501272205.42502373
68725739.40197203,56615399.563176595,56831124.54328847,270950364.97447,453122628.4829071
78261213.34524636,86514521.18813674,62367092.25737248,356733423.7966098,583876250.5873654
113107034.08332315,64446439.62116138,63693134.917127475,285062784.6900181,526309393.31163013
54707724.177801386,57950210.01842746,62840437.49256723,367383742.9892399,542882114.678036
100770790.73234545,81637729.70049214,68523505.96621183,375843751.1674068,626775777.5664562
123015483.29069453,76890980.36455728,53665427.28535633,228867454.95296484,482439345.893573
107767793.88031356,79416809.21954197,69767003.53701636,252857202.17731538,509808808.8141873
77299018.5107709,71569517.86927442,65539756.83276504,288036811.3261135,502445104.53892386
73860640.00445665,66945244.632339016,71611545.43842952,314753171.144927,527170601.2201522
96189963.8249573,70145784.93138681,45390804.50998632,260214524.9573372,471941078.2236676
75908187.1479667,76782213.61075078,96979955.53055683,361308768.2500908,610979124.539365
135155599.22110575,89762977.40879764,67626884.60533401,325621097.7416176,618166558.976855
115982972.69267273,100290146.86734198,70388626.20649227,327681975.5922628,614343721.3587699
69367292.55943349,79476725.71237323,79558975.94734567,319929133.9632334,548332128.1823858
78368485.74267495,77438978.7515945,69414756.93473229,310890231.2394354,536112452.6684371
89739814.265614,75080422.0735435,74139847.5124013,340387102.71430284,579347186.5658617
74504777.20146996,65349163.11697991,59666133.37065938,318028002.58238596,517548076.2714952
89300319.49373323,71040577.2514554,66442748.715595335,291730797.36265564,518514442.8234396
100413313.8917254,81660800.6029996,66167076.961501814,315399918.1383276,563641109.5945544
107649937.52200897,74747766.87425613,69881609.0528531,306594636.3338736,558873949.7829919
93379493.716531,71669279.4790615,65702273.46659471,343782590.83107316,574533637.4932604
75056787.66013782,63092652.40902432,52051371.00296451,246349779.77203834,436550590.84416497
95931015.01673824,66116712.71688197,60722506.17321934,316663973.6670855,539434207.573925
93225230.91084069,73902748.72056353,67146514.35772702,308882518.7556787,543157012.74481
84131911.31087334,73674147.67017369,84837291.01087512,353681646.3331848,596324996.3251069
129741237.18929985,78636699.91273408,68213014.00271958,265644405.18122616,542235356.2859796
76604284.95121798,92052607.40036753,66446661.31773374,385800082.28083307,620903635.9501523
71463431.1398006,64414722.05644183,58540445.9506998,288164895.17501956,482583494.32196176
101100676.77386677,82906510.6602792,65809250.314207144,302491475.7757748,552307913.524128
82864052.0415305,67689894.71651658,56561880.91843218,326201293.0880979,533317120.76457715
65074757.33179838,85842334.31249936,65234318.18780128,279370047.38912547,495521457.2212245
98175729.97503513,92805519.08415833,82416000.29705746,346960993.9392675,620358243.2955184
103787300.45608369,64935952.49418934,59036147.579067685,263704787.51961166,491464188.04895234
106102612.90225095,76121564.7845434,74111498.20275837,333907409.5391504,590243085.4287031
75960032.48144375,68927078.57468323,73338915.22613327,282402262.96833104,500628289.2505913
88969311.55286607,69847430.91663805,61623854.80265723,295522388.50723624,515962985.7793976
76932525.57877825,66208331.60780252,64096828.12998019,270249792.674624,477487477.991185
76590905.56278726,66305144.57697229,61404417.13538309,328526805.03496176,532827272.31010437
111001971.77822427,73923138.76720987,85778070.28648731,289237792.6385409,559940973.4704623
103732219.36335878,72831831.6971353,59307470.4561466,271879187.4752776,507750708.99191827
86478564.38449077,81223683.87044434,73419234.40928672,281750512.7904648,522871995.45468664
74426596.62420662,66046259.767127134,60940792.96947574,286954802.42054355,488368451.78135306
74898676.58779114,75850740.02384496,85399280.52890691,304810284.248055,540958981.388598
81359183.54673019,79919785.9593901,62781272.1314119,325747064.1468047,549807305.7843369
77729078.9165308,91616051.4851601,73575493.74826466,295266789.2300715,538187413.380027
79362305.78569755,70205949.84025045,74809698.72000921,268750050.38032764,493128004.72628486
78361488.09876518,69618375.50254714,63183465.67299379,289054696.4300223,500218025.7043284
68682412.57539065,68842357.96280442,61694878.194482885,274978596.4774873,474198245.21016526
97346260.14618358,86768775.15169656,69573877.01909342,320805349.7520236,574494262.0689971
61696561.698967874,67023115.3190427,69045000.32434042,288116097.78860927,485880775.1309602
77496425.64277923,96387610.52280341,89413192.19161266,352351016.06961685,615648244.4268122
104655953.85299848,61342045.072219774,55947060.55766727,272479700.3960588,494424759.87894434
83973901.7078248,71307124.49202178,47469449.419553846,291829797.24583185,494580272.8652322
95140537.67335697,93396908.48214403,65765550.17464561,280591955.03694504,534894951.36709166
56776812.95130089,66747702.32519598,67686269.94672252,280116170.35933924,471326955.58255863
122921072.78977951,79865899.98029089,70281425.83022167,266763047.82275513,539831446.4230472
91312742.2674,61191860.61006408,65978561.56280692,324541703.6448629,543024868.0851339
108415350.4733899,71074195.17057344,66579296.55696441,324509328.20867705,570578170.4096048
93608533.76179455,69985196.26830101,48379143.85625843,291876505.53031933,503849379.4166733
85104034.7506412,70892736.79978661,70220911.29682548,305251372.5489098,531469055.39616305
70600847.782541,58044245.60718917,51095166.63441475,366314700.5038694,546054960.5280144
97909099.21399422,79851401.49922107,66502521.162495986,298149806.0505746,542412827.9262859
105131074.8856358,75029131.85813418,71327588.56285952,298416261.92999804,549904057.2366276
118983912.6237433,88970969.21141924,83407415.2712397,306896470.80489606,598258767.9112983
103310939.57246491,76284686.67956509,67852285.83298816,370787461.0041193,618235373.0891374
73796219.57732219,75019080.22724174,68409881.23701814,324587122.81868833,541812303.8602704
81134454.04903038,95266348.2218209,61720395.839742154,360870510.3686029,598991708.4791963
105940079.93740676,99063912.67742138,61715723.70785881,278290109.2489028,545009825.5715897
110743006.41049533,64687859.099424146,52072405.074124046,268739235.56963634,496242506.15367985
89930841.74920265,92108835.22992802,69966374.9263773,292909068.5858338,544915120.4913418
91666850.41277106,81261640.12705402,71766654.56437942,306292866.29651266,550988011.4007171
63765469.51738384,63763675.07407408,71263190.61187683,310213179.05535406,509005514.2586888
82818162.26529491,85588087.39871776,60380255.10467916,293036465.9596052,521822970.72829705
89153161.17271861,72688008.03751746,65782575.91368366,296455382.46317625,524079127.587096
69700494.40058537,73868029.90185995,54915973.12623939,294803948.2679868,493288445.6966715
108673376.89821814,77446795.86123294,58853605.59813705,293175593.79054475,538149372.1481329
76329937.97108164,79089298.03138953,65341646.65067374,369998197.198273,590759079.8514179
105060282.16412364,77999108.5353622,73644319.75492594,300230356.02343726,556934066.477849
87683455.45380384,73086098.31996788,71256927.8883127,364233726.2198153,596260207.8818997
99105941.15968792,87147435.60703789,78582831.06963642,343046654.03987557,607882861.8762379
72664460.07116544,88870785.85455585,86002680.06008148,319340742.0808331,566878668.0666358
82181696.87387541,80591701.23428024,71901865.91668913,304831016.73920006,539506280.7640449
71387215.83394727,75342685.83945233,69291761.32752259,333343474.15815103,549365137.1590732
92224931.30351418,74702888.44024205,74117251.45972489,315111003.9685277,556156075.1720088
80950964.12384,73287997.45982422,52656923.25779816,280852183.91082597,487748068.75228834
97372157.13055018,81156258.93360972,81875124.42846102,313414868.2004189,573818408.6930398
94286008.97491208,84891739.18665867,91691736.95802465,338778383.0687446,609647868.18834
73779533.59679171,80812693.78780995,83481072.63516784,311243367.67501795,549316667.6947875
99781678.13137019,90429290.55286412,80689726.79491548,329889861.3372652,600790556.8164151
77979286.6137015,73507727.1397468,68287754.8745341,338934111.59356254,558708880.221545
91998543.40126261,73729194.72788474,69979592.95242748,340054454.240582,575761785.3221568
92673767.3913187,70061225.40388037,62859389.62249253,333201448.5045212,558795830.9222128
69882950.20628756,56838450.15277159,69215314.14501566,316915269.98785704,512851984.49193186
96106407.42758256,68705628.67070504,69729190.35307097,315882389.31404185,550423615.7654004
67666034.88193719,84696326.71417946,69052419.63910599,295598717.5660383,517013498.80126095
82085789.36370811,59484262.87571744,63974394.954875074,304151974.3106543,509696421.50495493
84539242.47300732,87594879.66294938,59224556.32575478,280149892.31747264,511508570.7791841
76109782.16082975,71455871.22712682,64345701.75080878,315293637.6445614,527204992.78332675
82494514.48338874,67913187.70209317,76825554.16315585,411976334.5594492,639209590.908087
89232122.13911921,70102387.81842223,76316836.8292108,265041278.09127805,500692624.8780303
82655841.9271046,69380187.22328478,55304014.82289749,279745718.8085813,487085762.78186816
75937348.10256955,73863595.14255318,64885229.706840165,280787457.1460027,495473630.0979656
82184125.77776898,73114673.23404652,71305542.56253007,303432458.1841465,530036799.7584921
99520290.91063848,83909133.64737226,74261138.12626216,371301699.9353087,628992262.6195816
72896337.55392715,69189640.69819282,77427883.89235508,303604050.63338476,523117912.7778598
55561309.9267294,67119458.95599428,61850532.03512236,217671093.1894395,402202394.10728556
107976030.56248246,73564876.63299115,68843522.14715849,299657603.89694655,550042033.2395787
70950424.82512467,64183162.590779796,54453432.73801046,323018657.9951038,512605678.1490187
85171678.75337385,71273308.86281654,57538204.59578474,335650029.1178196,549633221.3297946
110252120.142511,92030263.94713493,76904109.50120457,333343839.83650345,612530333.4273539
71777966.97941045,70781620.35095882,58393371.9875953,237202282.12876245,438155241.44672704
103292863.62355429,72979418.19559853,75816519.13346381,347903796.78316027,599992597.7357769
95339781.81309824,83356681.58410199,64145367.32460062,377779517.24857867,620621347.9703796
87812289.73703612,78930803.30421436,62140944.1501192,270368237.91321653,499252275.1045862
94134883.45841111,79407294.04969782,61568145.6352278,254901132.5595059,490011455.7028426
71160114.22185498,83441405.04206263,62861938.58285743,290701210.7262512,508164668.57302624
110007667.62925783,70473132.3439845,59787028.52720804,271111842.41836524,511379670.9188156
113002476.61786388,101603766.81256288,82659205.79555742,362368311.70150477,659633760.927489
79468326.97522132,93310079.50806463,73559747.13330917,350436333.31658614,596774486.9331813
85746638.86520427,73505356.76740555,79305112.245099,337367719.6019486,575924827.4796574
110025905.68998568,82626452.1619576,62815897.40091965,284317199.7249793,539785454.9778422
88657807.0235966,71060836.87207687,56464809.02704354,334449756.24232525,550633209.1650422
79921190.18230398,75816166.0894557,67939680.00149895,285918791.0905322,509595827.3637908
110015757.51549095,70515080.13687062,67239106.94803695,313470146.18101954,561240090.7814181
86453545.09337045,65392849.13944562,68927638.8041386,330392245.0044537,551166278.0414084
78265839.71707182,80584239.76833026,70170337.52317864,267484469.7067817,496504886.7153624
76062011.8814492,84147472.26308404,70701984.02320883,291973677.44315845,522885145.6109005
76006647.95379464,69508701.65177801,59882942.49532796,266909465.70138124,472307757.80228186
65981392.986037925,81494022.522891,74730365.32226606,271357244.8231589,493563025.6543539
89132503.4557007,68917296.74606499,61683423.805594616,285281626.2625066,505014850.26986694
81433188.997508,94432873.1699884,68080101.1745273,284547630.6058884,528493793.9479121
77182840.52161843,83510757.11229146,55918228.46449732,269511667.8665468,486123493.964954
109945720.78592002,82504667.03785096,71016593.76672798,400149753.2917942,663616734.8822932
90717031.55465855,70761194.61595193,62266777.60029437,261781242.29181752,485526246.0627223
106635739.3487752,85122832.73617554,80144251.72211318,371580029.41246283,643482853.2195268
81611040.01341084,67222368.09529783,62216789.966818295,268062911.8017857,479113109.87731266
89542315.46454506,87256926.44128548,68582460.31872435,316482921.7780612,561864624.0026162
85907161.18298548,83214834.73494002,63232432.0729859,235788014.287768,468142442.27867943
94038046.75849718,86774050.51189096,73859855.02676895,294317237.49997145,548989189.7971286
72714211.53593288,77325536.74945506,66782911.9153266,300354651.816684,517177312.01739854
116762402.83562039,72893034.90227196,81879421.97346707,322044864.11170167,593579723.823061
64997630.26917321,69741123.59397759,70038319.05919774,292344218.79629326,497121291.7186418
68863571.31821011,70780827.16162209,57036514.24329791,307650083.4047871,504330996.12791723
98706042.27862509,69286923.84423588,59072331.02942971,321093200.4179742,548158497.5702648
76002164.24205296,65104452.70330896,53467899.53279338,296285379.28188914,490859895.76004446
91634088.76023623,71120752.22801548,64600826.23273481,358930946.01662207,586286613.2376086
74612747.70974709,58638763.10175329,62149357.22739262,288563756.14721787,483964624.18611085
77835173.31899852,79970182.84866142,73885730.50963536,243260815.85740942,474951902.5347047
78554268.3930601,97130082.60745843,77540193.78598355,348976922.18105423,602201466.9675562
105227052.22107679,79575370.38914952,74963124.17582951,343238546.07784444,603004092.8639002
95070287.33078715,74778633.01740824,67407927.56924,285806351.28927046,523063199.2067058
87387084.84940656,66531641.040354155,57039635.537401356,280964374.4247535,491922735.85191554
74976319.16740467,69376978.63259697,61801235.33812358,310336108.6242397,516490641.76236486
101525259.92147782,74668485.84483041,77692686.2513266,352891230.3599267,606777662.3775616
94539717.25678821,78900597.8206855,70057570.16552736,355484054.4783052,598981939.7213063
106084619.67834046,92825717.66890454,72949925.8098583,339349424.6267751,611209687.7838783
108142340.66418874,74359304.2665735,64042028.08727526,303064272.4634712,549607945.4815087
100721109.90386477,87399205.7872628,68692730.54657677,262172974.30465263,518986020.54235697
90714648.9918536,69064481.85969001,53435522.152064286,248024671.41486943,461239324.4184773
91887173.90777127,90121184.89799407,71334538.83982638,322842115.20465654,576185012.8502482
105395706.88352798,66470280.41312495,67502468.70327806,302790228.00157374,542158684.0015047
95482479.26857749,73469305.64206761,59537244.229722366,301125114.27175236,529614143.4121198
113567081.17884381,89249999.95467614,67611882.93127793,267262474.29719624,537691438.3619941
66615182.038247466,83348500.28272343,60054693.34463172,287614249.2955912,497632624.9611938
107756234.13789596,66271414.19770595,75777742.38483264,302869085.03058296,552674475.7510176
72556355.66760354,70942410.20267344,58223467.8001298,307700270.8024921,509422504.47289884
78610462.04442477,59612323.13582328,57960076.78049761,246427447.2301274,442610309.190873
90108529.4401347,66851898.73562381,59367113.038179696,299549169.24032223,515876710.45426047
84290799.82884449,77737921.68019222,72096418.03334883,272511111.2700071,506636250.8123926
86313235.1728823,51693727.02854217,58250193.19496402,275434957.180796,471692112.57718456
74500641.820155,76163642.72517478,75142063.5894111,296571401.54781693,522377749.6825578
74963004.36896369,74954871.74409553,55478326.67155302,269425205.29601747,474821408.0806297
106064618.01255131,80134901.37109146,54765231.72024125,238417440.8366397,479382191.94052374
89501154.66610895,84572491.18721367,57031622.707210936,312390723.0072372,543495991.5677707
107913936.61678441,99329925.2933403,77674211.18898551,344824795.23459756,629742868.3337078
61972547.29308696,89759947.94736962,64381729.0523384,274258472.8557054,490372697.1485003
83715758.82380192,89786047.35786301,91509636.3593861,338922249.99459136,603933692.5356424
102322201.45333518,79310807.29578428,60108232.644146316,354752747.4792988,596493988.8725646
78938508.61219619,88842037.42086741,81465002.05148847,347896021.1442147,597141569.2287667
116884217.39460802,105249435.85434398,75292330.72855844,296106021.8002078,593532005.7777183
64699595.71819706,92170461.70009406,66329263.27186139,351479867.01829773,574679187.7084503
77446879.28361952,88486471.71177086,64085635.60471166,266544340.941122,496563327.541224
84344165.42171623,71034347.73020922,68849892.46102872,303582221.1178044,527810626.73075855
96429721.24696262,75288725.93056664,61266736.59095192,279659048.2102232,512644231.9787044
120997260.5359538,84133298.79383099,55679315.545630224,279019900.653862,539829775.5292771
88571255.84898528,94514289.78470828,81549333.0488023,293826552.7954016,558461431.4778974
128453395.69040519,82794667.18517141,81486697.69833434,284302592.55338967,577037353.1273006
59397868.43263872,59288654.96593513,39580567.28961353,333122258.6545709,491389349.34275824
90256022.09029135,68934756.89096797,67201336.60677117,309775526.2096814,536167641.79771185
96325250.55627204,89510595.0041268,68650637.49583401,282187114.66626424,536673597.7224971
99569284.8625082,86043083.16720322,70942560.68259917,403022321.0233955,659577249.7357061
81303045.30052869,67513848.3778901,65877423.73502589,278143105.601364,492837423.01480865
94409951.07252151,70382570.23443657,61443089.27833069,369572637.4480476,595808248.0333364
81723817.66124806,68385907.72681913,72424603.55803052,272891848.18365866,495426177.12975633
78048379.39223348,79325036.3638351,74531910.48626299,361310384.49953395,593215710.7418655
77372917.39203066,79346818.93065147,63065958.68400582,281247884.34101063,501033579.34769857
105739187.08905582,74617591.82405294,68722021.9090837,313255310.22705156,562334111.049244
73466311.34237969,81843916.24800059,71852260.72623412,248154736.85431877,475317225.1709331
91169563.94442302,70313092.13980773,73168426.41584837,262552703.37575513,497203785.8758342
82369063.693571,78335376.85779989,67034672.100608975,334020113.18291634,561759225.8348962
68383963.47073202,87160446.89471729,73008125.64191265,367632614.98345745,596185150.9908195
100312923.81305856,78456753.54410778,58042433.11656306,277857229.2767049,514669339.7504343
112487823.16780269,94617696.4535513,68255191.64908245,227187061.33063856,502547772.60107493
84287681.68590002,73053736.36427929,62979003.43704807,318379735.5374247,538700157.024652
100344613.44265756,88085865.29235835,74644509.68940347,258832332.70402855,521907321.12844795
82570823.5388656,98082502.49239543,76207670.38348009,335975498.4186821,592836494.8334231
92375594.25391597,80895653.90812744,51278456.59909601,280279155.0172467,504828859.7783861
86680362.65042764,88123741.86614455,70476069.89257428,259226579.73540223,504506754.14454865
93425943.28014663,70452561.49198268,55753694.70090082,263872936.16753203,483505135.6405622
95123019.8704112,89764859.39751796,75257115.63166846,343326054.1362717,603471049.0358694
94070827.2270376,78336962.5817341,73031102.21671394,237054342.3597084,482493234.38519406
88773209.79172535,67729026.80497722,72504939.60627823,302993460.3388065,532000636.5417873
87641217.7426427,64037596.12853274,69612587.1168281,326247838.34687865,547539239.3348823
95343291.96870984,70702734.8461969,58930487.80793115,302212678.1154636,527189192.7383015
78028944.37312965,78033526.51148184,51271481.75352519,270782425.6047222,478116378.2428589
116282665.20580511,85467585.31414394,72101801.80196069,396501656.48185223,670353708.803762
59992553.33760467,63635156.36907827,57125407.84073472,317262845.72177637,498015963.269194
100335676.0108182,71089509.79902783,73130637.5568911,296676110.09967774,541231933.4664149
105881974.00777848,70590738.65184961,64091444.35484235,284557248.7839323,525121405.7984028
103276108.04561792,74449647.09889306,65987458.577910006,322784922.2775974,566498136.0000184
95164984.1493936,86001089.95510732,71631655.53815801,299509896.5520019,552307626.1946609
82458519.84146962,75369754.99647579,67556399.0082008,300366389.4292405,525751063.2753867
87476539.86850306,63920311.013818696,66728904.21548998,306715345.99859583,524841101.0964076
102384260.37989195,78928435.1690019,55212006.403755985,281306473.98081994,517831175.9334698
84460085.39516942,82324207.15353562,53249844.2168673,292169008.82769215,512203145.59326446
94684885.03462449,71837809.87319702,65551206.70549344,281586789.3675188,513660690.98083377
77591902.66992761,70702824.02487855,58505991.3218536,317024214.0522494,523824932.06890917
77525095.8450858,66765750.27053401,76706512.1139784,347676183.2112036,568673541.4408019
64728161.50574844,65119978.796622515,62566754.2667625,306000200.9029623,498415095.4720958
68690496.69281493,82417410.0759166,73997627.46045403,331782595.0736945,556888129.30288
108370863.43577042,84237187.19150984,73747755.1439773,378633586.2731238,644989392.0443814
104026177.3788058,71877261.29549094,70526787.9260242,285838518.8685738,532268745.4688947
94540636.51080385,81898811.11358303,58113314.22618243,293268608.5707818,527821370.42135113
90992144.60066883,73068247.18004076,67712548.3463778,334928930.4478995,566701870.5749869
86781748.6726297,78019967.3375316,78642004.90230012,335973023.68521637,579416744.5976777
90058102.8215196,68634946.13505855,68833120.65348461,316530651.42238265,544056821.0324454
107111563.61730717,80171821.49359335,55226040.363401726,241624924.8102652,484134350.2845675
98111629.66552727,73186787.08018129,69114670.03363751,311286382.22816885,551699469.007515
84908827.97278099,74810254.78600667,59137070.30194116,295206659.8305539,514062812.8912827
79415679.17290081,71373728.54704274,61587919.561450504,289448032.10339797,501825359.38479203
101085882.7950997,77528190.78625417,75989818.28895135,377279488.25056314,631883380.1208684
100003440.66645728,83504778.52841416,72022730.0452816,346950185.6186378,602481134.8587909
88464867.51332252,85547897.1342047,74589041.48766528,303997653.4609217,552599459.5961142
100660677.7927371,79458621.64396717,67100724.17701734,291039875.7143239,538259899.3280455
89557544.52026595,85904266.65579486,77255933.02126195,332982744.38538265,585700488.5827054
95997408.11988993,90085773.85931334,69961877.49325745,276051987.29900163,532097046.7714624
107410270.84285356,75054588.17087206,61478518.73283362,243822481.6331988,487765859.37975806
95562414.00986932,64434778.05126877,56944051.79928999,309963998.51058495,526905242.37101305
97895686.43663183,72464951.33024682,64324464.709552936,272857045.8281198,507542148.3045514
79876066.51471,76935432.89397876,62169370.581812486,291506005.2213167,510486875.2118179
68974730.14552055,82251032.37881726,71246691.93449785,340680273.4847248,563152727.9435605
107226305.67341778,72509125.59670775,63060135.427954875,241804411.34596732,484599978.0440477
144199328.46075034,83840003.79787773,80568056.0410275,281661169.20378697,590268557.5034425
102294419.26658025,97790201.6729385,73407283.31422599,285038301.3400926,558530205.5938373
85290993.44499832,58555262.350314595,59148867.36089126,317987570.3044494,520982693.46065354
86710005.87481421,73554890.06973045,69389417.84090668,329132585.913553,558786899.6990044
66852014.944585584,72393670.42974964,84867200.3656923,274987194.5848873,499100080.3249149
86023166.7229446,94941112.21312767,82259791.56098786,308576608.6156222,571800679.1126823
90134730.49117607,76660191.37825572,60814238.07508173,296151064.4348645,523760224.3793781
83384481.58991632,76324448.17620425,60368956.13433136,257038917.27927843,477116803.1797303
86633347.9905149,92637165.0322653,72194096.41850692,304652854.7483345,556117464.1896217
98401225.23962909,76802971.93754601,83514863.1585261,322897092.76442605,581616153.1001272
97560398.72270204,71553317.7140988,69004904.07977338,316304879.4471222,554423499.9636965
86422379.51863247,71675541.8184037,59794365.796480745,305230698.5604684,523122985.69398534
96448820.57401377,76730283.66964342,69115669.1170946,307106471.92922413,549401245.2899759
88594803.69051579,74632253.84954666,65803652.236052305,414052529.032573,643083238.8086877
91670437.54484683,82927895.35342857,72325785.55750734,304444918.5587661,551369037.0145489
107287518.70338951,77131346.30328962,76439959.00616358,304810260.15935117,565669084.1721939
74781261.57821426,76667131.05542445,57527291.507234864,312485450.20013064,521461134.34100425
72028742.04012889,70241476.33195037,53287569.122990645,395702645.6143202,591260433.1093901
66915700.48915914,71751690.35083385,72552338.78101341,347442162.26033795,558661891.8813443
99945765.13346945,75673313.26347232,78170979.86451475,352727465.50473356,606517523.76619
90223749.0184329,78856573.71430524,64837586.819933146,273935484.6537398,507853394.2064111
106315422.3624461,92627944.22623366,65322882.02262873,304494445.7686038,568760694.3799123
85227822.27149123,75426716.12801969,66264254.73982396,339235308.24604774,566154101.3853827
77372973.44267814,67173329.26986644,72189081.11944655,291037601.6583822,507772985.49037325
71238646.2818375,68734775.21236576,60150453.509604864,351414614.05944324,551538489.0632514
101128833.91684747,89858134.6981792,78701122.36120382,360218102.951416,629906193.9276465
78109159.61419854,72545966.16856492,57214925.141392596,285202890.1494707,493072941.07362676
97304639.08423276,79243407.28879333,79105127.74707569,280354551.55995774,536007725.6800595
94481365.58520661,67098525.69911224,63919728.48821723,325504653.60684717,551004273.3793833
84263216.23499878,80478582.18565442,60184503.44187414,246881756.01037547,471808057.8729028
95344539.99251908,94988317.84092642,64611508.02861698,355920262.27632153,610864628.138384
87816480.02755849,65332011.35874831,54400896.3083365,286997641.4623823,494547029.1570256
81738542.8655496,64447293.59156304,50354958.74285552,254483667.3008316,451024462.5007998
89956987.15875821,76587943.01184899,62587938.364047684,307803237.6112261,536936106.1458809
103011771.60425006,82716522.61845446,68180287.07557566,344721439.5719104,598630020.8701906
74782725.17979297,71615558.83738048,62306599.57689546,258265372.77876163,466970256.37283057
81537058.66073257,58985562.95982941,74515402.71150005,274713254.1279937,489751278.4600557
112425707.86517677,80974734.17889571,73789690.05320325,298413827.7201105,565603959.8173862
90160633.31272984,82665731.2607845,74112667.8897821,344858725.0594216,591797757.5227181
82212829.85036781,71043805.75796838,53007212.09935085,304293366.8212908,510557214.5289779
103712788.88310161,95397071.44079313,75974844.10382189,295019817.0562176,570104521.4839342
66455052.587577954,80704590.2140163,53646474.76907049,278559240.87252945,479365358.4431942
84131023.83533534,74886602.60187727,65789918.32191906,308317890.81357974,533125435.5727114
59234488.009888396,69833975.37136124,47694693.86259654,301772965.92770964,478536123.1715558
79790048.99266322,58142885.87307768,53539460.29102618,264084575.73671624,455556970.8934833
105527515.51245545,81295158.80193931,71675647.67796782,358803862.56721526,617302184.5595778
85875544.16864955,82742814.34994276,74052682.46380804,271858071.0893736,514529112.07177395
110407285.71478818,68144168.34584936,71703970.07072021,259189716.249596,509445140.3809537
96021902.43743905,96445106.26632716,71368050.77020912,308059010.15759975,571894069.6315751
96163522.32002045,74908867.73202978,82061673.502799,328002275.2523314,581136338.8071806
82849369.26178971,70677403.10661109,57243124.48104325,271496508.76823384,482266405.6176779
82445650.86394908,71029649.37650026,59236213.48167549,374675746.5443045,587387260.2664293
73946218.50826494,74564570.23741548,69515267.40395595,329831018.8041205,547857074.9537568
86393308.2768674,73863436.81866276,68864314.07190116,316125157.86256,545246217.0299913
83665464.95035376,62952656.197369486,57785171.5340403,253753339.96618798,458156632.64795154
78371303.27159932,74570843.80011411,67897896.43999006,374675792.70196176,595515836.2136652
80016770.76671168,81619891.54233752,70066808.61468656,360112209.5176943,591815680.4414301
95638128.39369011,69173259.1728246,52208019.804770775,295883621.24918664,512903028.62047213
80131604.90211965,66669740.661561616,53615739.66793703,290906587.83411014,491323673.0657284
111022932.3523984,76684670.4842451,72349405.42523894,308913419.19736475,568970427.4592472
70938715.46339016,79056913.43928048,58089727.9975029,295814818.7216865,503900175.62186
82566583.35254687,83334646.74383672,60236519.884433046,313600425.5639677,539738175.5447843
76234334.48907904,69590318.74459392,41048167.31533852,341511573.53230035,528384394.0813118
95245764.31363663,71060129.59472446,56638384.80174313,275689160.29900825,498633439.0091125
97816680.22569413,62783368.79014865,60672611.32251107,359886631.3171989,581159291.6555527
72726622.66093625,73717808.73483814,83661132.21789843,344598067.1059034,574703630.7195762
88984361.0442384,81062144.78387068,64745623.854453936,353819636.86399114,588611766.5465541
81805748.99973091,59824060.85212581,57041146.9085998,256971448.580365,455642405.3408215
83368087.29604805,73113445.19198132,74734600.59959115,338239987.5425105,569456120.630131
90963129.95428097,76812003.85049544,58698801.04879137,230535077.23075873,457009012.0843265
88802665.32789823,83764489.39236763,67908175.32250014,290716349.16139,531191679.20415604
93942219.14253125,76660475.30617373,81398610.32082316,369584399.3006872,621585704.0702153
101692054.1212536,86011587.10933015,60238183.37989115,325567883.5298776,573509708.1403525
92625042.22805484,82750666.4811229,72786755.06768435,331049095.16394496,579211558.9408071
134398177.4483383,83214671.84659818,78959823.71260221,305583597.7195843,602156270.727123
98978952.43344826,87297155.61738886,73590435.37489595,383996130.323737,643862673.74947
75693267.90359208,69669889.20333676,64774426.30467214,331815280.1470963,541952863.5586972
89750081.27774794,88865700.2226356,65170507.88390496,269945719.04489845,513732008.42918694
91618984.73426393,76280552.0901706,70814696.62371555,308874993.0955942,547589226.5437443
82586427.06679948,74525391.25614963,65521714.54536824,292501451.3269116,515134984.195229
84416786.9123346,72107655.72942473,71441272.0659954,315504183.8337007,543469898.5414555
125171816.90042947,84154149.3183876,66156909.79673316,420073619.4918312,695556495.5073814
93179967.2706954,86616763.28866827,75043463.39924493,341526111.62911654,596366305.5877252
95018729.60033488,68328867.7881417,66535176.551522195,259664031.70359612,489546805.64359486
84806596.04828094,69548201.99120566,66388349.8349872,313985667.6764681,534728815.5509418
94192936.68369919,80060936.62617248,63125101.53455711,293837768.39511985,531216743.2395486
101057116.57778043,89020999.06691656,62094141.66496921,255618475.74754685,507790733.05721307
77625254.0557764,83632883.29730974,78635852.43602782,287366470.9168375,527260460.70595145
91606969.66588585,95118798.01800558,76205824.75937244,378823658.96897894,641755251.4122428
102332728.11129323,71044472.0616794,63595533.40406096,301699206.54110974,538671940.1181433
88674393.30527994,84921979.01289907,72592414.15471444,224448027.49680313,470636813.9696966
70672730.7306336,56366987.43106705,58948304.237575784,295314214.09035516,481302236.4896316
91254337.84496468,68833884.44848292,69003449.0152611,331251246.4907144,560342917.7994231
71328669.9974383,61391650.275226474,59784862.785226025,356951684.0689493,549456867.1268401
114490161.13408753,86394452.62316352,65037391.07925879,341093744.00437814,607015748.840888
81113151.76557912,68517236.91463935,48899005.690322086,283330461.3508045,481859855.72134507
78840729.09927826,75218899.24864244,49735845.82317004,288990728.8003383,492786202.9714291
59085201.81173978,79002784.7156351,69432509.16240531,297503027.7313198,505023523.4211
95431459.76532404,69382521.3130096,64662370.40685917,329506161.98395663,558982513.4691495
53132142.9088458,64594641.16308493,59589048.99344129,283756190.96732056,461072024.03269255
110126846.68961506,70476190.97439446,60547759.442262836,238350136.41875744,479500933.5250298
111068792.99099025,78143441.95874353,64529403.86174837,302712226.2552041,556453865.0666863
96561585.16627002,81073496.52000006,93489239.92067347,351370866.37987465,622495187.9868182
80946784.6630169,70135172.80057192,60740670.25010519,248828079.19317433,460650706.90686834
87766442.10289975,83434115.74425651,63806324.18943931,277380169.83066314,512387051.8672587
111169482.50403799,68201866.20769213,50371094.46652221,248166861.7318977,477909304.91015005
68143351.051156,75248750.33160007,61951680.12858301,290762747.4085128,496106528.91985184
104891244.46372308,73272013.67561252,72321010.68969281,369990608.974284,620474877.8033124
81071100.28725855,81507855.11320522,65685683.56920317,339716549.20170873,567981188.1713756
67805293.5650353,59445614.1137611,56139781.71021713,257363335.44641945,440754024.835433
80282419.9347085,72822683.19932708,70319424.02891338,293316576.96468073,516741104.1276297
76429131.06200968,70925683.48980984,58112649.20263123,262807082.54882225,468274546.30327296
67355874.06450607,72355235.29749392,59450184.70963657,328706551.4678238,527867845.53946036
69166199.12742183,67828587.11876218,76977717.25277176,279570366.096895,493542869.5958507
83966463.55633971,65572392.60864457,52928134.444149286,339851922.62266725,542318913.2318008
89629577.39348626,77772517.63192753,54639919.79117782,303665186.55117375,525707201.36776537
104966652.9579027,90640817.08964789,77774326.5719431,283321635.5560972,556703432.175591
91692300.29452813,83146093.61518459,55564463.09001521,258837068.8563773,489239925.8561052
100536737.05766839,86969083.38396414,58632554.50112177,328658101.0337144,574796475.9764687
88549094.81519188,83578521.17634635,63730944.84163905,327795412.3724121,563653973.2055893
99825585.43396577,75355307.36402586,66621536.265744,283446867.89727885,525249296.9610145
113611603.41732073,79696915.23330356,61515299.74542147,277845962.1500763,532669780.5461221
88996428.3003546,83407084.84800841,58618550.48038166,368808271.67637306,599830335.3051177
91627009.87322213,81224169.04747425,67313543.95996943,308480097.0649043,548644819.9455701
85161518.8214894,85138830.84967408,68965169.5203353,339186477.2593666,578451996.4508653
81354809.90203464,76629099.21939926,59963123.30183353,341783080.45450217,559730112.8777696
76308230.81077778,71117792.54567704,61387647.71876581,284746136.7846056,493559807.85982627
97904693.45220558,75325029.82057492,78308496.84971462,288957285.3121353,540495505.4346304
89605725.38392991,70015013.89882448,67333624.43890978,303082115.1665615,530036478.8882257
85069120.9804358,86812078.5777015,64372229.83972764,327286215.7007046,563539645.0985695
77104043.30844161,74980527.11528552,56528329.50079329,270714707.8653455,479327607.7898659
86068304.43072551,93569043.65105233,72610594.06805493,383640069.2408912,635888011.390724
90339751.60062732,73364787.35462767,78381738.3159613,332683314.32753783,574769591.5987542
78678606.05313678,78503144.82125518,64178090.32975257,240745658.87797752,462105500.0821221
101309515.16300246,89350304.07690148,88607310.50132307,348865587.9544412,628132717.6956682
83802711.65992738,83056964.78796872,75507485.95850252,382289236.35574967,624656398.7621484
86586928.60391279,74544800.65492974,60195389.28296877,315944320.6446099,537271439.1864212
68057972.39294823,78691347.41500717,70574844.297961,330489343.62977153,547813507.735688
89159826.28457797,91302386.44949165,78983217.03075448,301395469.25101584,560840899.0158399
79356112.33087789,67300456.34234472,66725717.07899271,268587672.1366816,481969957.88889694
103729621.69801337,92226758.33698876,65134186.81591506,302935069.7044196,564025636.5553367
87440371.70632443,84336937.50240798,83383713.76722303,267774493.39070332,522935516.3666588
82875759.41515622,72956881.42306958,54849913.59772657,273926342.7193176,484608897.15527
93391236.93219574,74850677.902373,54944748.11454084,404909324.76453084,628095987.7136405
91005563.45176752,77843810.50570421,58742937.18197708,305672393.962749,533264705.1021978
84944539.9675689,60831339.377118036,53125086.12736587,309935918.4504293,508836883.92248213
119057502.6280738,85211293.82592621,80606090.76531819,318509883.8635606,603384771.0828788
86007638.52959706,86054067.47201616,84495055.50007895,379267256.4024144,635824017.9041065
73517992.0696363,72652260.08302513,66245269.4679079,293593965.78148085,506009487.4020502
92796245.86155333,84858017.80632776,78119932.85348392,388944197.2636742,644718393.7850392
82726451.16345176,64242765.25628093,64201146.16302676,369398400.1712727,580568762.7540321
80794869.82718204,80974273.0671798,73198315.80530699,320365646.5677618,555333105.2674305
87304704.89999531,68426598.68534628,48334512.14395445,245983909.47040874,450049725.19970477
81924075.3449126,85173390.8488045,68013904.57077034,291416761.155882,526528131.92036945
75611984.38736518,79489748.40256916,78225130.68400781,358911196.5069691,592238059.9809113
96097476.81456512,65612101.79299224,60158885.63728621,367862820.1046493,589731284.3494929
104372098.10723954,66376594.706205145,62968387.08115654,310752233.2568848,544469313.151486
77188068.5252042,56702263.138281174,58924259.28302284,262872898.63691315,455687489.58342135
76920511.87110664,71002863.30094253,62716544.96267475,297797412.0821678,508437332.2168917
75696736.36095208,71852187.13353737,51920780.661105625,295385808.15872395,494855512.314319
55196367.15265342,66352983.847170345,67534230.16592014,265661602.00490496,454745183.1706488
97809642.07918786,89265282.9295421,47998680.17446923,281367032.81599104,516440637.9991902
55024292.258876294,67630493.62148437,60960082.997304924,220405602.6478017,404020471.5254673
118692398.32132286,84357773.35500693,63678914.53575706,362125461.77737,628854547.9894569
65414862.497072145,61867736.85605829,45378685.842461735,334024327.12072074,506685612.3163129
91974993.96969649,83125570.66633224,71245026.90881394,334048653.9188229,580394245.4636655
88305169.85493664,78748560.14763469,67938183.00454876,286674908.43137664,521666821.4384967
86559240.93866761,78416956.38695133,67750447.93595979,259059714.6666216,491786359.9282003
70309852.21075322,82132732.90270573,64719221.891577475,325030808.5836423,542192615.5886787
73215380.69877504,61705520.48907685,54306738.11992534,276892298.93639463,466119938.24417186
78396649.42251576,86262945.67106225,70469840.47543018,386066241.0746461,621195676.6436543
93042517.58453386,58454201.694820404,67712979.61501223,251657038.36614707,470866737.26051354
90487584.18720964,70179608.7753117,82719004.13939933,376732769.5717176,620118966.6736383
77439868.96279588,73002644.49280964,66360094.12256848,334618556.4708189,551421164.0489929
87616012.59241992,67684168.21558455,57944378.62305726,291651954.16940314,504896513.6004649
106269566.5783909,83627525.35208398,63525859.02772223,328632155.47485304,582055106.4330502
81967633.48144561,83171532.526308,92026155.74697466,318704135.93008256,575869457.6848109
99152880.97112352,71892947.63091479,64345546.93530428,302546230.0955632,537937605.6329057
84544610.0643785,100435653.93237475,71088757.73162198,339639565.2262525,595708586.9546278
64021255.3692879,74584631.57474816,73444819.04939406,291934049.03531164,503984755.0287418
58341485.47070568,69166755.71454144,61947623.47749036,320842491.23394454,510298355.896682
120339568.64526202,78357345.90433525,61829845.32157682,263971355.40808156,524498115.2792556
90018514.18480317,81019186.49343754,63682489.58545169,331963643.0014227,566683833.2651151
93955487.31198584,77791558.25437796,60241351.91279331,282504468.4344825,514492865.91363966
59098126.76186372,71602683.10929802,62939483.95896051,303849963.80727184,497490257.6373941
94543126.46398556,81045155.6376777,67299096.81696329,309602198.03865325,552489576.9572798
69645005.25047038,67608940.00894845,62410415.11716132,271971675.2040717,471636035.5806519
100086848.47388193,72771380.34222023,67273435.49207792,309281066.6551883,549412730.9633684
98278262.07007639,86769729.91994424,76299035.81323956,250815135.16014105,512162162.96340126
105585808.21254359,94809288.42409444,69120354.18900585,323500060.97546035,593015511.8011043
75613846.21285005,58839112.71146748,54071590.27127346,265686197.8945242,454210747.0901152
82390517.23839298,67257359.16419001,57436485.48607203,290362622.2372834,497446984.1259384
77088400.0103841,78801532.73480399,72041771.11627214,409142468.06589127,637074171.9273515
104434450.37081146,81539761.97742951,63957953.21654598,315218490.4332062,565150655.9979931
91890336.90252802,72582755.47414228,71443826.29918861,263246147.34927985,499163066.02513874
83860754.3127726,80435191.60359357,65141053.87253243,297508065.8927068,526945065.6816054
85304796.8485687,68761792.36824025,72834143.9485255,274626295.1581405,501527028.32347494
91766274.5229963,80758190.24199505,60715971.1417758,302589331.2996343,535829767.2064014
75386539.93392625,86464590.30481797,60160426.32071507,278539745.528499,500551302.08795834
71682774.027224,62234346.493721545,72621533.69101663,324541776.17241347,531080430.38437563
89189360.52928692,70910525.91239814,71673825.6247116,280696743.55853003,512470455.6249267
99026478.43177488,70824875.45929658,60043270.36006672,323076429.15176874,552971053.4029069
100145792.4747432,84141650.6087547,61369635.093150884,287230413.0320044,532887491.2086532
89426843.35319282,69391883.39642954,75081510.02495675,236333489.89342448,470233726.66800356
76983386.22953022,69757184.38096695,45160582.27364279,234122936.90723425,426024089.7913742
96392468.56331067,78127698.19094466,81080689.03527054,383549463.77714586,639150319.5666717
93470196.89887975,80160982.61992125,68363554.51335819,227486912.1067823,469481646.1389415
69753907.2302089,73194727.4983915,68905452.32994059,315675447.3838721,527529534.4424131
75594071.88792649,82103113.25749786,80419674.4628919,357184113.8109126,595300973.4192289
102183265.9810665,73958363.11475112,75087916.94661753,319258082.6850801,570487628.7275152
94652750.41152078,80875814.60911527,67159749.10916024,278705114.9966315,521393429.12642777
86068392.39291266,85038295.15241592,65527952.11094918,339934351.8668254,576568991.5231031
98133469.48225586,75519278.83363307,78354840.34808314,304877410.05087584,556884998.7148479
111055635.6397926,84528491.55066499,70015034.25994787,282464659.8524162,548063821.3028216
85984033.73064463,74099368.25315987,56279988.41617137,284810789.6182066,501174180.0181825
76675021.4336071,79092413.87083775,77664821.37056144,275284010.8286237,508716267.50363
114720762.38194105,79796370.64801578,61202925.432029895,328818942.893429,584539001.3554157
81190732.19101265,74179636.42600782,62050252.31053941,271990125.5573453,489410746.4849052
97928233.4791655,75593652.62206326,56062901.515786044,312037832.7401023,541622620.3571172
71897095.41968216,63764145.165444314,69961743.9108616,263926949.1520018,469549933.64798987
60180268.81772565,75184399.00603878,61799070.32738799,290059026.94620985,487222765.0973623
82924617.45610718,77282791.34059907,60616683.17072718,353439013.7763062,574263105.7437396
68847561.6653474,75936926.68529122,70080560.83230723,281819780.4002904,496684829.5832363
74021576.94063663,82468793.29933503,59995976.824652225,278604107.1995389,495090454.2641628
100523079.60915266,78915246.56247218,54753393.863805495,357512755.26005435,591704475.2954847
80111592.36747457,71263648.76255727,65968245.32766335,324581180.3923124,541924666.8500075
119383716.35977751,67468781.41082744,71043168.36667423,335457874.40489554,593353540.5421748
85313279.78806067,82935900.35789436,76319985.42943823,270888990.55473655,515458156.1301298
115410991.56719305,67740784.25610876,56257325.32223277,282392260.9160624,521801362.061597
118694339.94028689,78763415.4994382,68253059.84723163,364601385.5332143,630312200.820171
83113163.04100682,65703878.712274425,59111352.2112751,342060796.78397363,549989190.7485299
88203233.59503905,95359297.53991325,79043951.97758396,301267829.7367642,563874312.8493004
87924166.81758016,69094311.00188294,58781524.49337576,490969337.0537834,706769339.3666222
102659322.89416337,87231409.86542623,65609110.32015729,369403973.8969076,624903816.9766545
103996130.05189812,98429504.52501023,92232824.69098377,285695502.2255873,580353961.4934795
73007920.79105237,65100212.65778503,54818264.706256665,296910082.2345056,489836480.3895997
79640969.92827679,94716240.77099478,89868791.64188439,333695396.2220335,597921398.5631895
119273302.94531107,97026644.56504752,70635908.90530229,252214686.43292177,539150542.8485826
84216462.34421977,70090641.30857603,65381470.69273925,304319498.0722469,524008072.41778195
88092461.97868957,81036550.02769987,58755304.70516989,311990056.1993186,539874372.910878
81279690.9046426,76651467.36895171,73893507.04832104,271552959.01326275,503377624.33517814
83366757.06641279,74309461.29676259,61404942.81600675,330680857.5155827,549762018.6947649
77706108.77689797,69536156.48482423,58128353.22903272,331257420.87388784,536628039.36464274
80594984.12420847,78836843.8579014,84270810.68792216,320705712.1502451,564408350.8202771
104206931.19274391,96112535.12909444,83042174.12247238,328820476.2175174,612182116.661828
96652426.59821644,67141464.06802,57734051.44646548,272196684.39393544,493724626.5066374
124848705.04647999,75164278.50650233,61175256.50305149,266202678.25781173,527390918.3138455
95387027.95833068,78959792.56520441,76805377.8652909,342633388.9307146,593785587.3195405
69912365.7020067,65943243.746033125,72233730.6359631,298909681.1475454,506999021.2315483
105475009.9740948,78099477.52423424,60367803.09293768,289146800.1856831,533089090.77694976
74684596.11050801,68832833.67563435,64312166.826726586,317063296.7980447,524892893.4109136
67602525.71497256,71692660.3559992,59121036.167396426,272441822.59121615,470858044.82958436
89080753.10732616,71765014.30634472,76180645.41639988,359399200.6957725,596425613.5258434
105377705.73664042,75031620.09900154,59437891.81742151,300023125.540407,539870343.1934705
85133358.72527073,70554019.57701851,55687677.94859226,288573749.2518301,499948805.5027116
81743685.05590568,81203005.05382651,73076236.12158155,355683049.51761734,591705975.7489312
71281322.77788892,76151237.77927966,59791225.99321335,257405894.29593924,464629680.8463212
81423174.19404063,84773432.4981845,65724312.33017368,367079701.86044943,599000620.8828483
95220167.74637605,74185323.7757259,75552541.18789245,330659602.8341582,575617635.5441525
75110264.3021727,91187311.56818411,72520765.43694223,316351957.5597867,555170298.8670857
76042479.97548032,84544385.25618866,72601718.39453885,337212948.6967007,570401532.3229085
80400498.50409599,82271570.20538783,75551652.40362117,292826566.6807999,531050287.7939049
69503800.9187828,77309444.2887756,54315696.86723059,294749425.3322446,495878367.40703356
81180453.33412743,86195800.4576286,65989433.06803905,349088425.6378468,582454112.4976419
80314562.73206343,83842401.05411567,87226445.27119301,290079273.31322974,541462682.3706019
91383182.95187296,105652378.53313264,76251049.67319581,327105071.2956342,600391682.4538357
98944996.84009726,78690172.58314683,55214587.23344096,333625086.12586284,566474842.782548
63278602.54167425,67442606.31476021,71029082.46318069,292620900.5195876,494371191.83920276
78038965.30089156,82144529.609149,61132098.222694516,260879309.48047155,482194902.6132066
91127130.64730665,75262871.27189174,56966529.204306595,315869403.119005,539225934.2425101
93942000.11166269,74252135.00198641,63569429.863127075,317986741.4312348,549750306.408011
105521800.47337538,76915941.2845381,72728145.38975921,333792045.0308979,588957932.1785706
100394354.68016852,78933943.64946362,60810193.00763857,284451257.14705473,524589748.48432547
92129880.01384811,95066213.79001154,68510486.93902344,343929141.8161866,599635722.5590696
82744796.61025591,76171215.37920126,78849444.85188165,346617704.2340745,584383161.0754133
71487043.90027145,68098735.76807752,72345742.41613981,312136245.5905403,524067767.67502904
72553371.91079985,66410482.419382975,67148596.2138085,337437742.2252416,543550192.769233
87457657.01721469,101354015.58776565,81783030.77624054,319807826.07281464,590402529.4540355
76529010.23908146,66019268.56456059,64373408.70745602,281736130.124041,488657817.6351391
114014480.66488191,95797845.9886067,79655935.09340326,285135066.21394324,574603327.9608352
78307833.34700643,85860644.94680652,64404229.4836162,347311575.115362,575884282.8927912
94094310.15750153,77893900.73533024,61722980.79446619,297163131.3560976,530874323.0433955
89897064.92704074,86336926.20170051,62738904.76859893,295113151.18197936,534086047.07931954
87836166.20084676,82293282.98959199,61276560.83473074,258742336.36163715,490148346.3868066
97146766.56681956,65453119.43870029,73028650.0386561,302722811.8389086,538351347.8830845
68065935.27349474,68065318.93051682,64959446.547261305,281176891.6106862,482267592.36195904
87488116.09978746,82957356.17664583,66825272.203491785,276195964.8290121,513466709.3089372
83130921.84728414,88646650.9690782,85525285.51385306,260213697.18257058,517516555.512786
103856537.41325393,81503492.72473237,76765537.97090366,298951736.8497097,561077304.9585997
65701990.16209062,76356993.87198974,58021372.02612687,250390093.18563297,450470449.2458402
70609821.49419019,77761988.24763685,66777716.5363854,333418014.50668496,548567540.7848973
97070724.74347065,74279245.08261248,65418383.43948688,286183811.66951805,522952164.93508804
84319568.6753295,67546185.26414025,65845604.605826706,340302124.62656546,558013483.1718619
76517895.79968157,85664385.93805547,69605019.56385867,319629931.0070313,551417232.3086271
66430225.48011691,58075164.27169813,59175759.502933085,315388549.7995919,499069699.05434
78318348.00318956,90072028.38905236,76577015.01086977,288014754.3103474,532982145.7134591
87639822.40767233,101420766.24222828,64034881.16567405,329407133.4013453,582502603.21692
82815212.3282582,81617805.63320714,78718274.37235184,305442325.302727,548593617.6365442
104321329.82304281,102438330.57210156,76024043.68164341,354968870.8996181,637752574.9764059
79340080.09327881,74658407.56030044,63807275.31963196,329721460.8046783,547527223.7778895
105763965.37136444,78509974.07478495,81396667.56850903,383977400.11917883,649648007.1338372
99873953.91096663,73943913.3671524,61364402.67705774,272215539.6865303,507397809.64170706
101523776.68373285,68489698.1247162,69412825.68219653,270137552.36294067,509563852.85358626
99501875.50344892,78573592.78176697,79169700.03154488,364414350.3004175,621659518.6171782
109738908.49330336,94910889.2997294,74681113.93807867,280963592.42675364,560294504.157865
73681111.68608667,57566778.01062653,51356647.6547853,280752940.43460375,463357477.7861023
79732200.71400763,73040679.19718434,68498034.31400613,294997147.97627807,516268062.20147616
72867884.10112776,72621075.74807335,57576597.96770735,283377301.02311087,486442858.84001935
108129014.7836591,77452662.56191581,83397283.38843602,381566967.75817996,650545928.4921908
79481686.40340218,65549101.282594614,61468919.73537849,336478453.92998093,542978161.3513563
80624069.97502086,83029758.85248406,78560161.55412221,292306773.98978925,534520764.3714164
78259791.86742409,80630994.23890208,68354276.10006331,284608244.14103705,511853306.34742653
82425756.10128309,74530500.32474558,54233672.10638168,315999393.32462925,527189321.8570396
80772666.44622768,54234377.28371037,57231129.9697259,261557143.86288723,453795317.5625512
114290116.24839333,75631020.64087503,59020738.4293736,315174382.4460493,564116257.7646912
78455587.96146576,67907828.21958937,66581385.07795146,267371924.8066689,480316726.0656755
69056880.317817,88104694.55062336,73849916.47126047,306216552.0949772,537228043.4346781
87159398.60996617,80674924.78829636,75945026.06839463,290134168.0748141,533913517.54147124
92474175.83972202,72742569.76249197,63746157.91476851,306428436.7500782,535391340.2670607
87114726.92382623,82833771.67171857,72450766.16459604,263703254.36397842,506102519.1241193
70165470.46607293,69417579.43657309,77920457.6182141,283901275.7659605,501404783.28682065
84347997.65011244,70997600.99478254,60058918.49333154,301547519.29995996,516952036.43818647
109138001.57308495,84407886.21087158,63656427.32185142,419336505.02270365,676538820.1285117
88312177.10605435,71403078.13795438,76249748.17280105,296946987.5463534,532911990.96316314
113816915.50379767,73112050.8674925,78548827.7145774,325042327.57412314,590520121.6599907
107237070.85807791,99347707.31075749,65272929.40352476,361128325.8411353,632986033.4134955
69593860.64331646,64075134.703245245,55196870.93316621,302966569.9018814,491832436.1816093
87670243.32418174,74741841.92045648,66801387.85860131,326165232.09042406,555378705.1936636
97057868.08687316,88477986.64983706,87803302.97944124,330276027.8948049,603615185.6109564
80226131.11591297,80163168.98081528,58583870.86989353,274371445.7013546,493344616.6679764
102343452.17400748,77796716.17294313,58453288.504816554,250108156.54124936,488701613.3930165
87890949.56697355,86987753.3533299,79775828.8107523,326623378.6001333,581277910.331189
120301155.91503443,80881827.27623275,68181985.45830265,230754485.54505557,500119454.19462544
81178921.36258806,82622266.19723888,81821151.53277123,293201051.3025116,538823390.3951098
93908379.33388366,87340365.89810121,70321753.49436755,240914986.78546494,492485485.51181734
90730717.93035106,83851309.60438915,61596897.954676874,293369516.1980966,529548441.68751365
72476080.91575891,54238909.7606853,64328686.33822508,292382292.384473,483425969.3991423
112634038.20137502,89046288.65171404,68750072.59375148,309988663.8612056,580419063.3080461
95484313.09057994,86864499.53487349,72894122.08589397,358709231.4517741,613952166.1631215
83161749.28845483,67102737.42822745,62159289.70494921,303402871.7580261,515826648.1796576
71943704.98607558,62436698.77585574,63509945.93696992,281796464.5697162,479686814.26861745
84922409.35809925,72572331.50342058,77525084.25214551,364083561.8212484,599103386.9349138
71532226.390991,68421293.39221108,69077613.13460195,325567389.89502645,534598522.81283045
86630889.83129299,66637920.79670584,57776510.196466476,274345175.14763767,485390495.972103
91163333.28968908,93590887.42634676,66414084.8228091,276127604.69640756,527295910.2352525
85704610.27900136,85399036.6815091,58245060.785809465,352463441.36610514,581812149.1124251
84838265.15470134,69484230.55955727,52617882.59187226,309757653.1163615,516698031.4224924
84849952.0424673,77141122.9307565,59615273.734185055,286430831.08989674,508037179.7973056
80670687.69144882,73910514.30124365,60013814.82787788,248334767.30980644,462929784.1303768
134994225.7851361,71793143.1246216,68070610.30818664,250521718.04721317,525379697.26515746
63338427.23803549,71587138.67867863,64365672.89148983,345987586.39473474,545278825.2029387
92970113.93159242,75895015.8586397,59270676.56064455,352519005.7547129,580654812.1055896
101194038.62556435,68166602.75616665,64212059.81686514,305040244.49252594,538612945.691122
82511951.50907125,82163891.53560455,74936789.3538186,308858578.5788164,548471210.9773108
83372423.17042892,89570804.37589082,78569621.04446457,324560864.7606173,576073713.3514016
67181447.12932216,74641713.07918262,69939817.17487049,223522453.03372377,435285430.41709906
90797279.15020484,73198196.81541364,63581868.78935459,270924246.27615714,498501591.0311302
85162798.68585989,88898555.41295186,66615741.43866745,345452948.2827794,586130043.8202586
76643986.97298506,80678706.4034073,67063831.45329832,319117526.4251325,543504051.2548232
87307900.06204133,81981242.8574646,50235344.273612246,243572558.06817168,463097045.26128983
93231522.72270408,61026885.05554779,57086382.56650538,286551903.1781167,497896693.52287394
76376779.53708234,68184078.21268654,64710743.56738912,336070541.15871036,545342142.4758683
74799503.87195696,68781298.4294322,57571468.55815042,220316365.8416371,421468636.70117664
89209620.77605338,85218706.96709234,78161331.85833783,289860226.1847104,542449885.7861938
71368099.91925721,72906727.5799265,70673538.48669085,312736801.2061992,527685167.1920738
91343225.19155669,87750413.08037929,64329249.82443754,298884662.2520394,542307550.3484129
113302127.20911245,78946796.21955477,58812526.63294744,276065221.2025714,527126671.264186
75042691.73686412,76654913.6889854,58979676.90361217,304971168.80942947,515648451.13889116
77511275.25631358,57987031.72948838,60957334.591143325,295772814.6835433,492228456.2604886
94746808.3103016,71753120.0722689,59212014.915159434,309189991.4607999,534901934.7585298
111224228.33399767,80527003.30613911,72355840.36992387,302561258.29910755,566668330.3091682
68108464.44637856,80462891.5647952,73970457.05077465,339819242.68547845,562361055.7474269
84703681.04049015,81002253.01858254,75200636.56609929,380327009.3497204,621233579.9748924
102165705.85266191,79472259.37401694,58252352.404480904,302508559.2514236,542398876.8825834
90865758.97496879,83373584.11957313,80745109.8459616,318865879.36844707,573850332.3089505
122088157.21854343,67039883.30380066,67634318.65671615,277593185.3691348,534355544.548195
64256101.12711705,69378828.84186058,52435658.31946819,278829079.8066122,464899668.095058
87694862.95365222,86709545.7116716,58276911.08923405,331668366.912997,564349686.6675549
88588482.37196533,86013658.84208773,66040050.92838555,264082585.02509567,504724777.1675343
71760020.65124217,62724988.11505609,63845708.639185965,350492919.2854674,548823636.6909516
79664592.05023275,80179879.22657265,55984850.424229994,299512635.77294445,515341957.47397983
97062756.25688127,65970043.02504817,61399856.614230774,321095578.2445807,545528234.1407409
54515616.66433996,79822912.57130803,67952602.91129023,331716971.89949656,534008104.04643476
81630534.82354505,61450145.91552071,64334527.65791478,293570098.57593787,500985306.9729184
87657602.91221114,86392039.47396329,76158822.43212937,397436831.3675169,647645296.1858207
89383254.62046069,70662279.07454436,62860383.426938325,313488454.34987134,536394371.47181475
102613828.14281483,66661596.44332726,63481147.15760625,359375253.53734225,592131825.2810906
83917054.90489653,84008991.42709261,72719127.16132562,350604038.2826952,591249211.7760099
76601908.33534504,67338565.93404678,62510537.94593472,248562272.90348667,455013285.1188132
83521135.16380154,77598300.27917702,82070104.52715279,336353732.33231634,579543272.3024477
96391526.32263474,89059999.94221786,63247211.18035846,300199510.24507195,548898247.6902831
128598638.8323219,82358498.27456865,80077901.11429118,361021053.8973293,652056092.118511
68826801.92809719,74762446.82341266,65669595.36829475,313998025.5358249,523256869.6556295
77287586.97073555,65090736.11105827,58178233.82206779,287235571.23080087,487792128.1346625
105430979.22095284,98005333.31967688,87514375.0204513,369064027.60014224,660014715.1612233
74251826.53294551,69997008.6473925,64788428.37604008,278878980.93658197,487916244.4929601
95653091.58607115,84461670.61760733,73937077.38415064,355745005.88860357,609796845.4764327
75447420.22942373,82023598.71346408,62082979.42493918,270280997.86956567,489834996.23739266
94964911.50428483,89287723.05030708,75132814.01738353,319740091.64005834,579125540.2120337
91648706.89576943,78191215.18508281,58682168.28077863,257224490.78570625,485746581.1473371
86114036.44072579,76592523.19578968,66304587.5959541,329394185.0015091,558405332.2339786
84250072.33738075,80585953.40337545,66326643.458081104,377449741.51464856,608612410.7134858
88342453.6220148,100019042.54725243,76975583.35538246,315906997.4215854,581244076.9462351
75509586.42639002,62356258.564681165,53706032.45773445,256424322.88266677,447996200.3314724
92899767.4153836,72654897.26749384,66641327.64540868,352344828.9843376,584540821.3126237
85990256.01245545,96451199.91546199,63170732.29256633,302218888.0686997,547831076.2891835
79992344.55100302,83154185.97420844,52197845.46644145,245156154.0122998,460500530.00395274
85721625.68749793,90684256.01642407,72754532.40791766,270888962.44502664,520049376.5568663
71994055.22824292,88398097.8017608,64326879.584371634,274182367.6837276,498901400.298103
110484911.98698197,90246459.490749,83725133.92314267,294562642.5865207,579019147.9873943
68310810.76926555,73122381.69615586,66522550.19776188,315571206.9437547,523526949.60693794
110499268.44431739,65734101.96818424,70198579.80390464,269762256.2661151,516194206.4825214
100016103.53388372,74319386.37780432,60038976.32358617,277289215.5231024,511663681.7583766
69185982.73553401,72552664.24433124,58204263.706558585,320543446.53285605,520486357.2192799
96620676.49922502,94662645.25590846,75906514.09630644,341373026.43393624,608562862.2853762
109126162.07295027,74478223.04673982,55819099.23024143,299500215.94023365,538923700.2901652
69441017.89739923,95951302.3435298,84818263.65484306,421878222.88604635,672088806.7818184
88084411.75910209,81286868.4275786,64322002.55936058,336762631.84705615,570455914.5930974
71782502.873927,54290105.892329805,51840332.93064381,234823553.8305464,412736495.527447
110494717.35861567,99034800.51750027,63268920.04611553,359139085.7719097,631937523.6941411
101559857.77982135,65721349.686616674,60160937.25973007,275389395.73672485,502831540.46289295
98305300.75341435,67857752.26219647,62933555.80592288,275692736.83973116,504789345.66126484
94075285.02280383,75512357.59003168,62181736.13178647,292831971.6284033,524601350.3730253
120825012.69988881,78095931.70337084,60426697.73803908,320945365.9572662,580293008.0985649
85226437.63085543,64296698.25290302,80366462.38067693,301786040.69775397,531675638.9621893
82087370.62435605,76468216.97773133,80962946.55283141,263453582.31895494,502972116.47387373
91148611.9403392,97825497.51302287,74466630.25233771,278239202.42648226,541679942.132182
78985681.77498609,76216138.8047923,76905172.23398764,303266501.80124,535373494.615006
99551373.78303719,66447663.060485914,53255252.69409211,270567522.001387,489821811.5390022
109790996.19823864,80827314.73127645,71249190.65477008,322988817.7473552,584856319.3316404
104159337.69812249,73844186.60465623,71768234.65939406,282291528.44736415,532063287.40953696
119808281.48772456,74570051.81823096,60407288.00356313,318312059.5843432,573097680.8938619
88329364.4521245,79263727.09095703,69091161.45883322,272496113.41302305,509180366.4149378
112917284.7229694,89470440.34105499,84410758.67707676,309674018.95291805,596472502.6940192
93223207.8298694,79048146.73469695,77090258.00824113,362674963.2130431,612036575.7858505
89946065.46830243,64319947.712176204,76478621.93365794,331306153.4252306,562050788.5393672
79111760.07562055,78021941.60793011,55429297.10070908,329566698.62819105,542129697.4124508
68902916.03603697,70331113.83894187,64831935.187929876,337750978.94070363,541816944.0036123
88708640.55544417,82214402.1319139,68040030.38256553,307634730.5521828,546597803.6221064
88409868.83405608,74695048.43377617,53772000.41141866,264710779.68030107,481587697.35955197
90694181.44978829,74609136.33094351,64561345.45278906,291306772.59900063,521171435.8325215
75944324.71233633,69674911.83541298,60923079.35138385,295635060.1306679,502177376.0298011
92878322.38745,75609159.88874651,58617820.7130378,251894783.67600867,479000086.66524297
132190479.57661973,73405775.58878109,63114224.98012147,320553457.54306805,589263937.6885903
92395931.76988092,81891135.42901486,64862330.84104441,313799100.05648005,552948498.0964203
88068850.17979906,73576510.50687262,67188710.28574976,344060662.38710093,572894733.3595223
86898462.88210987,75909304.34657905,74935130.60434404,350380810.7599558,588123708.5929887
112386508.36545141,65816088.26274204,70698317.03896749,328609608.9202649,577510522.5874258
75676586.35569128,75870675.5166395,74034897.02411312,283723374.66466093,509305533.56110483
93612742.98915021,85526766.07867491,61320870.74605773,297519534.3628472,537979914.17673
91513996.2705788,70185307.95569018,57857239.0437213,288338951.9268378,507895495.19682807
99153429.67656891,84401507.72825524,62787996.31887862,327755146.90830296,574098080.6320057
76281443.06075323,61304542.64927472,57480961.384722,327713464.3408084,522780411.4355583
96867074.36788782,77927586.7371359,63996452.91483257,289909524.4202128,528700638.4400691
88740470.12707523,67539739.46951944,60542340.987635516,287702361.0397335,504524911.6239637
70241341.47532836,65776305.15849892,64457787.90463937,297934570.733221,498410005.2716876
83000857.58644906,67740452.71861763,75793274.15927343,282583887.8034705,509118472.26781064
90793256.85150678,72598317.875487,65334100.03076468,318813378.8136657,547539053.5714241
70025905.98276405,72357325.74205518,73445395.6404824,379327766.0493911,595156393.4146928
85411031.142643,76114011.60865945,85800026.64305422,369343271.3306491,616668340.7250057
78999751.87207371,69286419.40608332,70808885.37372412,272828658.6395442,491923715.29142535
103801649.10917637,82289478.43734033,73434620.40456952,306177033.1041238,565702781.05521
78841266.24731864,88066200.29167178,67582016.16954291,295309064.1339487,529798546.84248203
86095956.87799218,77596266.54653119,58903154.42922333,277853092.52491593,500448470.3786626
78990295.85815828,82047946.63862105,60903919.17663173,245157996.50867778,467100158.18208885
63642965.7515035,59794794.11510587,68958731.98117973,300023614.5072886,492420106.3550777
94496659.32017374,82458305.9257391,69116519.58102489,307689673.0960972,553761157.9230349
103086026.02705766,80393276.42273511,80725945.27526318,345769251.6108605,609974499.3359165
78993278.63658343,70266881.09950203,58319519.060465366,336742213.15312606,544321891.9496769
81730837.92802237,68390230.8112487,65476069.95507908,297174220.35792345,512771359.05227363
91420255.13441452,95684765.65049826,81019635.05923925,327696858.4284019,595821514.2725539
69599216.06625918,68255828.76355961,67750335.74103132,264116817.8964054,469722198.4672555
122872373.10804172,82397364.14205748,70341030.45685937,289867967.0881265,565478734.795085
94428416.23396876,67793222.09152642,82043283.19027898,369840833.8157653,614105755.3315395
102096529.45554754,67176849.87529808,65157928.7344185,345589991.20626384,580021299.271528
95896949.41196819,69266615.63557768,59334537.753988564,279604442.5153873,504102545.3169217
79175119.3914793,88833068.43998414,55623077.97485194,318734443.96227574,542365709.7685912
70905537.45890805,64988707.45781987,48176872.66395961,260142985.89288932,444214103.47357684
111076708.19780129,82895592.20014687,60381975.92076422,338647869.48803085,593002145.8067431
106215927.84767354,80549287.73440707,87299178.80307728,360847539.811059,634911934.1962168
97282008.86513728,71105363.70107909,69839167.75771339,314915721.9137552,553142262.237685
94778238.7449252,71662475.62313862,65908150.74377838,275814762.3610699,508163627.4729121
61834282.81019276,78999817.5798584,54792929.09423265,293878085.01641035,489505114.50069416
91984652.93537736,79993268.93663289,65462312.68690362,314996582.5175015,552436817.0764153
94039525.72728108,84277230.82177813,85035835.71345808,335856895.21457,599209487.4770873
88107010.07386543,68701048.59371091,66862286.817537874,326650761.0256837,550321106.510798
84563302.12521356,80482924.78795369,65157218.01795162,329177002.37352484,559380447.3046436
100931066.7464024,87273599.38295123,71561853.3332155,279413661.1998498,539180180.662419
79067735.43473311,79729822.84696005,89414674.93776244,315767954.9206717,563980188.1401273
93811963.40261026,72565200.20557263,58083241.32941232,272119730.2820895,496580135.2196847
62477874.94266546,82500256.17556028,51182409.40887819,278122212.9094807,474282753.43658465
72213887.04401906,65840571.99943976,72451665.90936072,313479741.96013945,523985866.912959
74716339.93112029,68649236.26672113,57289624.43287639,289179434.60786086,489834635.2385787
89656166.04220842,95326295.83866861,57760958.34565903,299584116.3430367,542327536.5695727
82910445.5909827,83929845.84429935,71447818.88279128,334651935.086952,572940045.4050252
92162826.334805,69203613.42644873,73751300.35225059,340046993.85002226,575164733.9635265
100978394.37348162,91044691.05650873,75422865.37381883,379568828.48756355,647014779.2913728
92644528.84206939,75230689.28777856,66032807.921378195,303490436.5660588,537398462.617285
80247944.09397464,90171862.12827435,72854674.86095761,319497471.1637024,562771952.246909
92802438.48772764,108889275.52317566,67030345.113404915,286510085.27724534,555232144.4015536
69910337.41137427,70467199.50692181,64957607.63227449,284365622.7192297,489700767.2698003
79987043.06992649,75867219.54126355,61824518.86163663,309889436.7690618,527568218.24188846
104243210.5528337,85693910.66543871,77947112.58164732,363821390.23086524,631705624.030785
91248539.49795732,75496990.2774747,60322273.678050816,284659164.7730113,511726968.2264942
80192779.2484719,81256542.78360903,70291941.9403868,336277692.2673453,568018956.2398131
72419919.34541704,86084667.58799455,65156052.98464193,269496314.0351064,493156953.9531599
81284876.47853808,99782933.47682686,70027730.35544026,304354014.68827033,555449554.9990755
84565990.26473919,74291980.0656931,59544945.998621315,300945686.65919524,519348602.9882488
103600182.20617962,82063391.68710056,60461920.97089339,289091648.2080836,535217143.07225716
79836032.2766454,75055315.90862691,76488512.95933832,309199096.67359304,540578957.8182037
85985484.49515533,93149739.71491553,79454295.47454873,346149427.61322796,604738947.2978475
119326898.64365554,86470968.17370252,56220386.14285139,327468329.55487406,589486582.5150836
67582856.76721309,75680614.78136279,52859014.14681255,272064275.5856857,468186761.2810741
82272730.27729556,68717412.39785251,60629964.60702668,332323229.14414054,543943336.4263153
77786230.8406745,78977473.97923526,59350387.33465909,290627133.0484235,506741225.2029924
91849780.73082909,68636827.52913843,54489239.91825563,304826613.42856884,519802461.606792
104390985.02274483,78554673.79433587,64235875.415759675,309540969.1397272,556722503.3725675
87986191.58473668,78429801.08573194,49609204.9589562,251853599.430147,467878797.0595718
76168040.86626598,75103544.30863045,66575027.46609175,326990790.79944265,544837403.4404309
90880374.55955006,66108390.05816851,74388574.61519046,358261610.7570034,589638949.9899125
71293860.3750005,75555563.91009595,60544508.27196814,301644753.2362613,509038685.7933259
103231131.78654934,101125188.13169332,81969627.45657712,341249064.10676354,627575011.4815834
82589053.93385331,76771376.48549621,77641365.91344433,314867832.48527104,551869628.8180649
75671008.88640703,61125714.90845844,63693031.36057848,303666153.9998114,504155909.1552554
78638467.19034742,83693494.64968048,64843804.391172014,300413612.4115728,527589378.64277273
86975535.87788741,73040218.12107971,66856529.55845718,347170427.65986425,574042711.2172885
72627282.87027642,77251225.13670127,66994740.31031336,310369628.34647053,527242876.66376156
100274448.49259259,79003622.54738128,71746832.84269314,339046742.93365425,590071646.8163213
80441273.49374776,77352464.07580696,64217639.319489285,297772464.76975816,519783841.65880215
82824272.74946305,79427291.5619551,67652990.17200792,321308121.3296603,551212675.8130864
86963652.83059587,63198016.61061262,61574733.49994608,296433956.24696124,508170359.18811584
90662541.46859016,71692856.90518677,56166912.6200738,312950614.4006037,531472925.3944544
83469444.43492498,76859480.19990999,63989099.544888645,301882814.152079,526200838.3318026
81153934.34744604,66956173.8522283,66084626.14573368,280445424.7876287,494640159.13303673
89527900.14278537,80277656.56668659,63114634.960435376,263492198.6013149,496412390.27122223
128612499.48041268,78202330.2986875,73979298.20705897,394367179.37032676,675161307.3564858
98967321.5841209,75651168.38917921,66017530.72654322,276959178.6827379,517595199.38258123
100432772.02954805,83893455.33406635,65326645.565431885,272255802.2701324,521908675.1991787
70577802.41703399,81294311.76660728,67822140.70075102,314786295.1977996,534480550.0821919
76440302.4189466,62381057.46457474,67779133.06802182,301682425.21544594,508282918.1669891
100844347.15858488,75227869.62044552,64643559.1779618,329077915.5611454,569793691.5181376
98059282.49337335,85698239.74135302,67506461.05821441,332512939.1131994,583776922.4061402
104157527.66248831,78282079.5187408,63710374.125207625,353973604.7065022,600123586.012939
78531027.08008651,79922872.27601834,66452110.690789826,247325165.51604033,472231175.562935
104483197.53020784,57666072.27254844,47352862.6275011,291855520.48583543,501357652.9160928
94888221.66322288,72071459.57977113,66218872.20674199,226849462.44704425,460028015.89678025
97661664.1453776,80370765.0712549,67747463.52434132,309038345.2662149,554818238.0071887
94375753.68141788,77224410.97405316,53545614.73750131,373332472.87670976,598478252.2696822
105698353.53478976,68536842.20106721,61685211.01525405,289515046.3982009,525435453.1493119
103654192.13072346,61681407.94344446,57982738.47301037,237028531.2504267,460346869.797605
83316016.9264294,71323570.05353451,64807961.57898315,280771677.6467475,500219226.20569456
77325829.09226224,79552803.70815766,70411458.46698724,330020884.2824404,557310975.5498476
84772145.20679606,70788509.1034117,63187251.20907759,316765757.33325666,535513662.85254204
61541407.46678296,73596785.41273116,65997034.30943955,303872555.1835349,505007782.37248856
85147469.38279667,56283565.638311855,55501408.50004775,348751908.9172306,545684352.4383869
87388302.20954986,73488264.89667153,65325119.743854836,315208208.2146152,541409895.0646914
96911444.36920708,75916650.30197802,69977200.81208484,374812066.8441104,617617362.3273804
102456104.68832073,103432799.94253533,69958648.00842585,385654236.1981613,661501788.8374431
76836403.22513625,77034626.56868862,71804287.61746919,292598728.6869314,518274046.0982254
88445086.6341047,84814642.1727155,63528716.24203501,368950623.35676575,605739068.4056209
69865284.0399659,90544435.4364885,78557836.8136448,317968627.884582,556936184.1746812
81762029.71432951,70737108.73415083,62879722.32015983,296826906.83249134,512205767.6011315
106623602.22132853,99987847.6307935,76606340.71468534,294301839.015279,577519629.5820863
79910235.8705593,73052699.03936626,57194890.08811185,255384058.37718558,465541883.37522304
122012714.28690548,85050066.60586281,64134526.57348165,337075098.65265703,608272406.118907
72211363.44136897,64250575.96857302,55405536.67390656,346429050.446265,538296526.5301135
83746948.08632338,56883642.53476805,67701755.72389197,287787850.7681622,496120197.1131456
64853760.533416204,68608224.08642863,66044195.46418395,314387601.7946104,513893781.87863916
116313608.82880916,73624504.74094012,66956782.57536003,282231071.3308907,539125967.4760001
68124146.10439916,79709668.23207384,69904434.64233519,318869976.5028215,536608225.48162967
93376600.3787694,71413445.22979575,57476007.26875211,294202002.8689142,516468055.74623144
105030369.83980852,95583277.60221358,80657808.93205126,328117916.31165737,609389372.6857307
91058131.42920414,76959285.74281214,58978009.94630299,297474099.650304,524469526.76862323
70424337.93501927,71474433.58708714,77079154.81297319,344183488.84009016,563161415.1751697
75223897.0370454,72985052.33295462,58264480.95034342,291358619.1749721,497832049.49531555
103029607.0285749,85229897.79340947,93982084.41243951,385114060.18496776,667355649.4193916
90103919.1943416,82908781.36399455,66948098.51076997,270447674.1399728,510408473.2090789
107490226.45431583,89664043.31734052,69639596.31708425,323946386.4017505,590740252.4904912
106379936.77381937,87788882.58389391,59693152.755379386,310353439.82469916,564215411.9377918
84898061.66041023,86019509.0580769,78311930.26663326,373011480.27439255,622240981.2595129
72913809.48253845,66753174.32327968,70669187.23879655,284849063.21863663,495185234.2632513
68350998.39636405,76584216.2368776,61038863.383791395,365605219.3987673,571579297.4158003
91443916.81465329,78366927.73409759,64238362.52397621,364221322.7136239,598270529.786351
92361816.04376023,73551878.79542482,59591378.939368516,293746346.9870865,519251420.76564
74569905.14642283,82718642.62060441,54548309.86850359,287388512.9158636,499225370.55139446
96158803.21335007,80947652.81122161,62671791.25673698,326526387.65835893,566304634.9396676
75671896.67796887,73506948.18742616,69720675.80526632,323487444.35182863,542386965.02249
78272476.6156396,85276987.27542365,69370046.51968595,338323193.7987773,571242704.2095265
111403936.08220184,91534123.08248527,82728109.25773038,335413424.6966427,621079593.1190602
99031169.73262367,80289310.0039939,59050546.52958824,308812647.6925255,547183673.9587313
90862610.00322533,82175312.82867293,67341694.72375484,282284814.9142338,522664432.4698869
96875537.07059063,66976020.83418329,75225340.0921246,302879209.2775184,541956107.2744169
90705123.17738342,81904584.02217072,73225836.68965194,267317241.45804638,513152785.3472525
99510487.59526518,81212794.87236646,63522352.065364644,278808939.2648411,523054573.7978374
82665375.8558727,64718105.208131395,75691080.5319319,367482986.4968132,590557548.0927491
93749827.23495322,75395499.55882941,64669307.02779013,330488974.8337879,564303608.6553607
115560057.4343701,75952644.63312371,59028125.397138774,355398844.27487105,605939671.7395036
65503697.99303253,63483779.505703084,58490220.04560026,241910397.14071998,429388094.68505585
104208406.09002447,87485810.47182128,66134322.10367223,358162272.278032,615990810.94355
109989210.16799125,79178341.40189692,64731413.66765621,395585357.1288818,649484322.3664262
97883781.70657197,80473479.40390262,80122060.17269135,332471849.89786303,590951171.181029
80425103.61084464,75417221.94065875,74068836.66474971,248350162.04665726,478261324.26291037
83276864.19213714,88357049.4975867,65833627.342263296,367907240.16820896,605374781.200196
109382370.0325689,79515300.63346203,63916577.67238913,294355184.8722017,547169433.2106217
133620213.35678892,104099669.11691734,78426696.61107805,306374999.1617661,622521578.2465503
88857873.29857497,78613722.13160847,57868317.14975783,298453346.2659394,523793258.8458807
107776825.7880474,64870113.7131154,69429873.73299854,356883841.787546,598960655.0217073
79720669.80453074,90687082.5513194,64929007.79209094,323462348.7539767,558799108.9019178
83027300.19295186,72642551.42351733,60092506.171758115,320757372.53933835,536519730.32756567
99905173.76605143,77907761.32461509,57344895.36909233,309395852.49306923,544553682.9528282
93305213.94692728,75372411.38680929,82565936.75979239,268456296.112423,519699858.2059519
61143527.38212956,64536450.27056353,65631004.4150307,263708805.83177894,455019787.89950275
74530221.26697604,81968420.70161967,71140636.14796501,324960769.3826599,552600047.4992206
98833036.65481794,74546253.53592561,63240491.42082066,330608389.52035034,567228171.1319146
70310976.88485405,56592531.7451389,54911761.361710936,314350320.4591374,496165590.45084125
90850951.61019887,84810105.07954475,54517798.108571276,304417350.3297122,534596205.12802714
96834565.72140993,66680037.043571,69959943.1048403,301612202.87596816,535086748.7457894
142612796.1920768,66172421.905724525,76141372.08909693,299658434.6798606,584585024.8667588
67311288.80794932,67529604.5723825,63927347.58412524,335200583.76688176,533968824.73133886
114898301.78795542,95474783.4183934,65850156.247597046,355014935.86650425,631238177.3204501
92847191.92053379,71576114.52563499,63180449.128520824,276265108.33658504,503868863.9112747
87727492.88510324,70051618.17086285,56630736.16296278,307571821.45781124,521981668.6767401
96445599.3706167,76196109.74422331,78341747.22008063,308378422.0801952,559361878.4151158
83080475.78937247,81240499.13757092,66571763.59627564,309501910.97937936,540394649.5025984
58246115.502553575,69584496.55228606,49893752.436845586,243583480.65663493,421307845.14832014
70418747.60472886,64280720.40553135,57009295.49688084,272624044.05178887,464332807.5589299
96996138.00436051,79993318.45269382,54239522.25249318,294790452.47562975,526019431.1851772
91767684.0919764,74125351.84375086,65176673.53144748,309615143.66857976,540684853.1357545
98567038.7959496,65238614.683038965,60900368.493760504,350760762.19773203,575466784.1704811
109415962.45673102,88397669.81349288,76030174.55719067,387444979.9507289,661288786.7781434
118559605.71661256,80389294.26897457,61569944.65582729,292937025.53770685,553455870.1791213
143193111.44447333,71049583.733231,63008360.36139234,256248993.76143137,533500049.30052805
88967833.4387294,66539372.99851099,61924907.80663105,236675772.05317405,454107886.29704547
96274164.12838368,89632353.66280797,67923989.14966641,306654165.77464956,560484672.7155076
84955512.10056192,77253859.14851841,66080329.05157652,332808821.74339736,561098522.0440543
106245440.7114494,72451330.52224842,63366254.83663723,333809528.3583116,575872554.4286467
69451743.23108739,57567018.66830117,59734324.11044084,305598863.3732136,492351949.383043
77682322.18444987,69344901.05145589,57717838.13758398,263939158.73602945,468684220.1095192
97451078.6971347,68102207.16448613,61752782.19831877,267644852.9031748,494950920.9631144
69078831.67804879,79820019.19214433,62309201.99772237,306840634.0844607,518048686.9523762
68497356.273645,66135281.246432714,67180034.30026357,404771622.6167058,606584294.437047
63550070.38257371,69210546.41623317,65332487.290210105,278992348.94378406,477085453.03280103
99916637.9011904,71016120.61278802,66118427.68417724,285550852.7971745,522602038.9953302
106014166.3077387,73576242.95552458,63428271.292175435,336036968.2786698,579055648.8341085
73970573.79344977,73902515.09125195,52020407.82837011,252162411.22820762,452055907.9412794
92711191.34059666,68828601.78645669,59784708.65610971,311917902.71917903,533242404.5023421
79483203.18575633,81951160.12839481,69400186.76062721,325529678.1452597,556364228.220038
106380386.7046748,82610463.35194178,83161425.84920524,361152601.14592,633304877.0517418
80195772.79084349,86700075.04580003,71438051.71027574,299524788.978662,537858688.5255812
91183647.6838364,87417294.98793581,73992280.62952745,390868693.10808253,643461916.4093822
103781767.17901807,84100115.2872957,61686169.24465659,296708306.3611775,546276358.0721478
88214521.96150684,82697126.3088862,73770207.57407783,321218058.81851053,565899914.6629814
88904969.560831,83071694.31094755,61926574.96750667,367124812.35410935,601028051.1933945
62832105.744224,83584551.28652751,66693529.25151922,343439797.68485177,556549983.9671226
92440032.08184934,80263163.13309018,72418488.29361144,343514242.72570676,588635926.2342577
82734536.31002465,84748677.87229516,60464121.40448739,300373471.2067429,528320806.7935501
99700033.87915845,88005164.12200424,74716266.38605636,304302906.7759215,566724371.1631405
100674491.59965773,72777787.81613961,80740333.42755152,315892887.34529775,570085500.1886466
68152158.13007179,62694719.15559055,60407685.338654265,296294694.6539751,487549257.2782917
119547331.94772546,72511821.00749017,66622076.093297794,270214095.89162767,528895324.9401411
80592264.2815433,90803925.38776278,61664193.76596466,324945916.29342854,558006299.7286993
92871317.51954755,76985552.48637675,70947926.80628926,271571456.10350716,512376252.9157207
113696845.88999973,100942952.8782707,75869718.4697386,428343426.72282207,718852943.9608312
81809706.55592291,78562076.79538573,78982097.27244495,302048495.88181406,541402376.5055677
69899388.79822081,60091104.22385926,75572619.57343961,288673802.7073835,494236915.3029032
84652270.05298296,66480075.606133945,69920558.51460324,278539968.86574215,499592873.03946227
80610229.02550834,77392288.15744786,58335130.16313951,289416885.1458914,505754532.49198717
109163037.19020453,84142572.14942616,71023368.0749764,321531739.7456486,585860717.1602557
81939413.77536124,94491508.4057883,65188766.63763674,316623968.4991106,558243657.3178968
88829198.7575545,85867207.66475068,79183692.44411336,320403761.783331,574283860.6497495
91363147.9629884,79888569.43237421,51656662.8401311,240117450.15238222,463025830.3878759
79154507.9293267,69778020.58587503,55000287.0700986,314421932.06745785,518354747.65275824
87237534.81863444,74249152.0370809,56398068.41861681,290801604.6329312,508686359.9072633
57263494.88720175,67893298.24978136,61741821.958933204,302702237.7317724,489600852.8276887
67885555.2021445,73795772.8068723,56687329.5619155,265349094.4079571,463717751.97888947
97833157.98638879,98571922.00679804,74386384.53628333,292397125.40832573,563188589.9377959
89882993.89249519,85406661.28006405,74685236.06241006,434484544.02299356,684459435.2579628
77768984.72740217,76347053.92212287,78886989.60796387,376358641.2566729,609361669.5141618
63816630.01569927,70876372.66003586,74923139.18383923,432549376.1358831,642165517.9954574
97611950.23969054,74830127.79574697,58724443.04434769,381883003.3306611,613049524.4104464
98002666.00980812,70857882.36841159,63234049.128649175,310687854.3420978,542782451.8489667
95142861.52360551,69965874.4548155,59794490.55162765,244191151.11795852,469094377.64800715
103007409.62817585,75978586.74059181,70651298.1060065,365237278.91144836,614874573.3862226
90333196.20459807,75722867.62420948,67676658.67201288,308429228.09305686,542161950.5938773
106468998.18790455,82540384.26358034,64941588.06419562,345522286.1233517,599473256.6390321
106201982.79010263,68189103.41055574,76938923.91802624,327143068.81294674,578473078.9316313
91254995.32167119,86372110.74366583,65235921.71114626,342746959.85932887,585609987.6358122
82101752.6452552,63316267.51959208,54318936.006658845,304476911.3762981,504213867.54780424
74955155.68791403,88564042.76752412,80019382.50703628,375840533.3110532,619379114.2735276
88968043.1111866,78763356.46823974,58259529.51327259,332191427.18549377,558182356.2781928
92677082.81890921,82388203.48864023,83729409.87938866,303106157.54659015,561900853.7335283
85464012.84792803,78671537.64090088,59871367.8682487,291642782.407312,515649700.7643896
94371153.8696027,74624190.05484997,77031544.68712735,265407644.94855896,511434533.56013894
104385816.94832242,85563785.04892129,65602141.35951246,276907735.64458054,532459479.0013367
62499783.50729076,64378246.51320725,68344290.2258752,298783576.75727993,494005897.00365317
105060135.53698918,73906121.86761598,71996964.49754664,286276564.78757054,537239786.6897223
74714200.0701008,72581220.89686829,59285813.397617035,246651618.35929805,453232852.72388417
84698672.41024952,76539766.0030354,76849474.94737482,351650960.37971246,589738873.7403722
106022860.81071632,86454960.95761421,73387869.2503147,275065519.77203095,540931210.7906761
89326275.3608682,81981731.10367464,81093710.92442338,348579705.02769434,600981422.4166605
106370469.68361303,70669722.3858808,62615005.952169195,314559927.4839481,554215125.5056112
105026018.56626973,78064085.74244632,67015964.36009307,332281791.3815562,582387860.0503653
72820733.27983977,87958599.14201483,62314959.2718099,243148804.9115403,466243096.6052048
87348647.65746427,92631694.88637592,76685366.2142678,350156867.2414499,606822575.9995579
87787829.77298966,74892086.03095897,54713074.47721082,223977751.1695548,441370741.45071423
89992479.74513039,89195572.57499562,73548677.730566,340595738.1972141,593332468.2479061
112382568.89796335,83731557.16169278,68930334.4152789,283461551.65031666,548506012.1252518
120557711.36054182,87040875.65636197,63835347.765556216,268416246.6940357,539850181.4764957
106586684.68613236,70657841.53421049,81093166.15565908,232191434.5875133,490529126.9635152
109519983.44296512,84777000.57404153,71153341.67719696,307782230.70416373,573232556.3983674
118045859.46052115,88450862.6378727,64459640.25637848,252909443.40981823,523865805.76459056
89719440.12212521,76589153.73396765,55457089.295700796,290194389.4369959,511960072.5887896
79550073.98193683,74617225.2691653,71012591.96312115,366546360.9257351,591726252.1399584
100871067.24516118,72373483.5874184,68389458.36832924,308499924.35985625,550133933.560765
70454769.96653712,75925315.3044531,81064202.67445432,319877378.69652694,547321666.6419715
67559330.15365188,72077660.31775369,54999987.43151865,318691767.00502646,513328744.90795064
94854703.8010752,76055662.68686596,63925794.27498923,295064560.901674,529900721.66460437
87323577.85428205,69635144.31125593,54118403.43505884,327975414.87123054,539052540.4718274
81988426.10962951,76510958.87650847,68225133.71110912,318169617.79775906,544894136.4950061
72263744.72658044,60099468.201290525,55332709.686637565,297872225.4922506,485568148.10675913
77612072.55502789,71145142.79628068,82117735.74851981,257467247.4118261,488342198.5116545
77276182.5006573,92178554.53667533,70399139.96171355,289387436.8108608,529241313.809907
105157559.31840177,79914828.97963779,65555190.192951754,312901562.17739266,563529140.668384
78484974.46628864,66072312.76115446,61165406.59381344,262180060.60375002,467902754.42500657
87357408.72676939,79317057.63952573,74373765.34533104,357942349.7190363,598990581.4306624
81721865.81191027,79445816.80900155,70969344.32959048,322507139.98952335,554644166.9400257
80762743.21149462,66421181.91583203,66070780.80280127,246815923.67448625,460070629.60461414
83546567.06608513,56122704.66882078,49779413.94138379,249859316.3426515,439308002.01894116
103951317.94448894,85749053.72230689,65755556.97544145,335123697.7677545,590579626.4099917
100528134.38724916,77155421.30819258,56982353.01689401,287741627.0579797,522407535.7703154
85851507.52956612,65777075.2042768,65051229.631281346,309009026.9875887,525688839.352713
93649932.01512611,79878767.76207764,73868303.2619834,308024280.2505009,555421283.2896881
90071960.53788291,73225257.05741327,60872804.18716061,347013494.2717551,571183516.0542119
62866306.925055295,78191745.03427596,60653727.952243745,272752726.91861904,474464506.83019406
90938544.71079172,64691575.13448607,56392105.85117518,262019496.43302503,474041722.129478
84170218.88986486,68802844.3118741,76563862.34310104,384125566.5777691,613662492.1226091
63085906.53639772,75306579.50248465,71217982.53807497,327922839.9383861,537533308.5153434
78484915.59944843,72244444.95783475,58799813.54320404,280172066.5956545,489701240.6961417
71846653.3437926,71876304.3554801,53320536.70940559,280102508.5311224,477146002.9398007
71403724.8899467,74491186.89047654,59610986.90994368,305417817.01407933,510923715.7044462
103699536.54062551,95102463.36157985,54229118.72296705,269705000.6969809,522736119.32215333
83076331.1642436,79383416.1642177,55092879.49776049,260970457.6527139,478523084.47893566
89047558.19515969,77221414.34805435,69641354.04591064,324956886.8160287,560867213.4051534
92067065.81097893,78790970.74281569,67737503.95602073,331867011.66237295,570462552.1721883
60928115.41032759,83860018.09075652,51583457.90045456,253987172.40375802,450358763.80529666
84097969.0505879,81579193.64525637,47530177.923293844,281734551.7237959,494941892.342934
99006749.12150496,87860947.84872836,65054299.65725841,297339232.2998371,549261228.9273288
79014130.13315569,71123841.41860716,56527538.0737617,262604579.20413238,469270088.82965696
93490114.77140279,78501111.82011819,71302767.33747038,319018943.26350456,562312937.192496
97620434.0329107,86412107.43896744,57037790.262575276,269800664.8955153,510870996.62996876
84035838.33686088,75272872.81472087,60627582.556393996,330548582.6154613,550484876.323437
119744519.13848993,83557739.57660665,70904394.9858965,346019418.20459354,620226071.9055866
64683332.053943366,71355275.17910464,70823371.50523469,284472191.03821534,491334169.7764981
71655968.6924705,71246344.44984014,63029081.11856361,268641142.80953336,474572537.0704076
121993842.43731752,77710105.87857813,59547482.84679369,295773863.7784191,555025294.9411085
100854456.58745836,78816312.08114728,71753690.53210488,282464204.4702988,533888663.6710093
110667580.09777476,85714954.95836757,79850718.42169979,337181717.7048807,613414971.1827228
99523196.21630085,70900849.6763178,61191315.4768427,347328797.6409501,578944159.0104115
111951913.96149255,70550403.08641821,67241484.98148337,290092373.5812641,539836175.6106582
77997299.20218465,76686031.05425629,75311280.96438535,330572507.79189134,560567119.0127176
82858087.13264401,79837240.2464164,64336123.53934281,318211349.3209584,545242800.2393616
109062673.55066472,62991383.22456248,68436074.91730592,253785296.9784784,494275428.6710115
106165311.09972063,73935110.15979412,57357480.28846962,318789041.3271901,556246942.8751745
92444911.76063204,68716327.95636974,54920720.42151803,282522788.4835184,498604748.62203825
71914314.71761423,64447067.96364276,61839204.656161726,263286525.02531713,461487112.36273587
93372848.66187654,91808111.44115943,70367749.11537232,319398766.4027437,574947475.6211519
120478277.8433276,71399547.39528264,75941118.63818653,355866799.61612993,623685743.4929267
99993395.17677277,91133541.61085476,74183837.15182793,298175641.14311665,563486415.0825721
103915518.7537573,90260637.35093707,81713698.73153536,327987094.41588473,603876949.2521145
77758313.26827621,75809954.56777644,73203222.93332118,350271723.62191075,577043214.3912846
81409173.00223786,77707684.5618567,56799096.69048196,328879423.98863435,544795378.2432108
76927077.37410562,80993641.17752859,58615472.16695778,334109042.0311234,550645232.7497153
91820308.2184011,70358438.96056761,69785271.83669513,286419251.2023093,518383270.2179732
98329856.30402172,75770424.82763982,54270542.23466282,259625209.0953881,487996032.4617125
81399544.90160105,87750583.64847814,77500624.974158,385791120.57119197,632441874.0954292
113647928.388641,75977900.36606582,65833069.38208585,291261904.21019506,546720802.3469877
78316715.56582317,60046151.10726929,59548969.30067233,250226678.76944014,448138514.74320495
86732027.89037493,97048696.06915082,68576794.94828616,320996280.65734327,573353799.5651553
100834879.85159083,81241889.65810512,70986014.95868385,299523092.1670768,552585876.6354566
84029082.79067077,67549827.7586972,69484576.91977185,249386794.861831,470450282.3309708
101880811.24462512,67041833.24120582,71210352.36302532,294969704.7407743,535102701.58963054
71595084.85166346,77812272.18704034,73420814.20041679,296582249.7113933,519410420.9505139
97875140.92391849,60006032.8638066,51810562.81676379,326531228.1466922,536222964.7511811
84139613.76514953,60884833.5582135,55498664.32352477,257066300.91455045,457589412.56143826
84920766.22670469,72479402.81685947,66088996.250153914,300539730.52371347,524028895.8174315
108423125.7291392,83976957.54751147,73738284.75860745,361818502.3525713,627956870.3878294
81944220.9619355,64865171.54478638,71225145.58244893,310064332.56479675,528098870.65396756
89175904.21689132,71098700.4630678,59884566.37900244,325736797.8081791,545895968.8671407
102102404.87866819,86349916.55546632,77259371.34525149,342217782.69316596,607929475.472552
89064180.0509497,74938320.03101473,75949797.49494424,301277350.13722366,541229647.7141323
92530950.12544635,70297412.53137775,59470195.477447785,287002444.81799066,509301002.9522625
76673361.42805439,81050793.59533277,57253123.97545828,298454387.3712776,513431666.370123
89078235.01432359,62044714.97829736,57891305.66170424,298183754.4456391,507198010.09996426
93405581.07889344,75498883.74378888,71751237.16062298,306766004.5910443,547421706.5743496
87398821.10690708,78389938.66538711,74678282.78136764,290895225.37001866,531362267.9236805
80667579.23556486,69215374.55707075,60840404.375754766,348116775.54478484,558840133.7131753
95584487.81226574,68192136.79615262,59298043.103669345,306918477.5248567,529993145.2369444
75424267.81563488,67725631.20387864,73229557.96732166,287124794.21675485,503504251.20359004
101613246.20305629,91082346.88095754,65840221.24225532,279694819.54144186,538230633.8677111
83435693.43093577,66447138.386104524,63309379.30809093,290453030.01254004,503645241.13767123
92391780.17043208,90608075.40298511,78433467.15470055,341261963.08563155,602695285.8137493
63653628.647948936,74585234.76373564,78646761.95312245,223087661.3751079,439973286.7399149
97386909.57198489,76613530.99925838,60402929.54243063,327354046.5222031,561757416.635877
114672973.75360464,88565763.67443046,68550720.18610105,280544547.59719175,552334005.2113278
89251285.81261723,84624152.45264,65993883.83431559,297235652.65190655,537104974.7514794
137030700.4698781,95504600.65791,85704962.86230612,281746636.6780334,599986900.6681277
77870535.38498706,74819852.98890239,57837770.880782984,353091120.5264074,563619279.7810799
109304773.96484578,75319991.44554448,82659300.65493017,322057056.30551445,589341122.3708348
132020234.21708554,85019450.45208198,76215666.21501994,376297575.2896584,669552926.1738459
107006879.382536,84564337.13196227,68811937.79753062,330290110.6806533,590673264.9926822
76523150.95868859,75193796.61976248,57143774.33229024,238710616.8338489,447571338.74459016
87915021.76381569,88210867.04420364,78319753.31031229,318441956.2147686,572887598.3331002
115359682.88130327,75934467.51400991,53672867.501470335,226191382.5891816,471158400.48596513
72178474.0949179,80121489.29889652,61751500.89926246,316245643.9333694,530297108.2264463
113514208.51129079,71157353.46959169,69396666.0612382,327121370.5892755,581189598.6313962
75979119.69947572,86250642.48415132,66519378.47299283,294373939.01133317,523123079.667953
122296083.09730649,87285797.87513535,79842250.12159492,379024796.2959939,668448927.3900306
78580990.71544781,85870381.74395548,64892134.098391235,287292351.3968524,516635857.9546469
83490921.81776978,70135697.49332151,70307486.51396868,316096872.2724135,540030978.0974735
80610727.4736827,80817126.66047548,65176958.503840856,293366390.15729207,519971202.7952911
87890487.99609882,80433078.25197665,70825289.61355798,298406156.5002166,537555012.36185
99878071.78081411,76494791.7840798,61887370.50446222,253742105.7414389,492002339.810795
102078252.89499234,78986341.8356736,69573896.2162157,349633728.12769485,600272219.0745765
80789301.7283093,63822057.269188985,61774701.77274916,305031639.5243608,511417700.29460824
83613359.7749295,89368788.47757241,52346650.45609132,331764432.84131676,557093231.54991
98987069.17044188,82567437.40101346,46406040.118175246,326909233.1903441,554869779.8799747
73989582.91690409,69147506.39894916,61612171.563088395,310132031.16482234,514881292.043764
96610959.56624262,86354384.11175418,77166108.11039095,329619026.5139493,589750478.302337
93214237.8915698,68121492.63118258,58120314.891076334,324187073.34981555,543643118.7636442
99719826.40834057,85295551.6490499,65728950.72318226,341751944.00562805,592496272.7862008
72409394.54906225,82630275.22731212,65368964.903795816,370089537.9224657,590498172.6026359
68350898.6694759,88280120.45838812,66057658.444001414,294139388.34302825,516828065.9148936
89971823.35476841,70719603.36491634,63782199.707713105,275580660.8664516,500054287.29384947
77946953.66343129,78484716.14340338,59661961.032312475,272122515.4618796,488216146.30102676
69997488.5479056,68312896.9709134,72804699.01535462,279040150.55982107,490155235.0939947
77566306.41489051,75789861.90942962,62631537.370646894,387327067.11442727,603314772.8093944
84967475.01273103,78645237.52136034,74773931.31741768,349704458.44866586,588091102.300175
90527498.59209174,75339656.16871814,83919593.773832,318757001.24706626,568543749.7817081
81252700.89910214,69513661.1080484,51683219.43791746,312320763.63403404,514770345.07910204
59876278.40909371,69840301.82553388,60685156.046304844,380512246.0430569,570913982.3239894
65038436.92908674,64172379.653771825,59490138.16117101,284350846.47414684,473051801.2181764
79861386.09128927,73908842.73060173,55918093.71212879,303364380.81380534,513052703.34782517
60131712.508480504,69746117.89110513,57891288.91625758,326808800.50944644,514577919.82528967
115513509.99087706,78073943.80527993,80354368.7637512,309863192.2774101,583805014.8373183
74707601.69071428,89896595.7499233,74347906.22654732,317305648.5404088,556257752.2075937
97352526.8432688,80540439.0010243,67600208.55721942,264592529.81084007,510085704.21235263
83510487.66835459,80986715.02606246,66588959.33431102,339955060.93537474,571041222.9641027
92733816.5579562,69732913.61525615,54825534.78198458,283777390.70409095,501069655.65928787
80185807.47867596,77628883.23418275,60829019.445573956,278099263.3594815,496742973.5179142
103227155.07671206,80438719.34378311,62939071.35170212,303757743.5359421,550362689.3081393
108756514.05542693,82776092.05081896,74515390.12171623,290618196.09135574,556666192.3193178
102787547.88101096,103243604.15310381,68815513.56502713,276515548.65187216,551362214.251014
89694229.1538538,84742061.84310938,68410807.9997553,274717442.08090913,517564541.07762766
85704642.05203287,81228054.65549405,64578171.16303074,326407703.4462187,557918571.3167764
105089243.6999908,81628337.34114578,68671829.18899664,341127646.02377975,596517056.2539129
76035561.6697065,66076246.81577928,59931711.056852356,276794639.3340346,478838158.87637275
76680684.585865,91316947.76328921,91166607.30377977,320504858.0217432,579669097.6746771
88498281.63083386,74722464.60762039,74908631.37741749,364086750.52796334,602216128.1438351
65607362.845646754,75381853.70439756,55266986.279102154,354888361.533804,551144564.3629504
93578054.3581356,70319836.22929686,62549990.069730885,288834162.1197363,515282042.77689964
94858470.21554294,87489780.87324813,61375492.355107725,374535719.7941994,618259463.2380981
112778699.51861382,72920854.60540095,66758913.57017305,371577783.7561263,624036251.450314
106243389.75626554,76556488.27531846,74014886.71836635,443209108.0554987,700023872.805449
88688972.28204064,71016066.47633529,65703206.79312527,310863982.67617345,536272228.22767466
80181848.87562247,78577703.35012867,57360120.438422054,272894207.07754076,489013879.74171394
98466783.21154128,63881946.80492264,69186029.94198391,240901411.68819278,472436171.64664066
66091790.70803303,67467801.70989108,63891659.26378694,346300132.6486859,543751384.3303969
88016389.30384324,74125760.85365944,70110209.22596024,278755360.10427636,511007719.48773926
89176817.47722185,66599733.88555151,63379542.31993901,293445983.06981593,512602076.7525283
76669315.27903064,75338542.73411828,66473927.65807408,347910434.09173954,566392219.7629626
67435560.37767994,71168591.01480085,57735877.0006882,322311893.70118535,518651922.09435433
98398487.52379926,82943915.52555253,63492231.93842933,337007092.5961573,581841727.5839384
68255860.46431156,58920819.733728655,50394005.773291685,276441129.2746996,454011815.2460315
97165424.94915478,55313076.75133112,68569266.92117576,303524254.6229749,524572023.24463654
67845663.7917891,72738049.13096526,72584153.20664309,330933420.1128968,544101286.2422943
103990425.65066433,67646061.27398331,60792747.59064971,266153962.53325725,498583197.0485546
114817664.77821457,87212034.44803278,99790706.60818762,324084729.2837412,625905135.1181762
77652795.19465604,72917749.71110554,75887877.72526908,300085635.736271,526544058.3673017
88963185.2196726,77310107.04717432,66930821.572200894,283768835.9513084,516972949.7903563
85311556.26063463,74169884.75506258,65265394.21528169,337356343.91291934,562103179.1438982
115611905.6347019,73628327.63075846,63536691.09120541,274655370.2012042,527432294.55787
89860414.32834208,72007530.42846018,66661818.49738931,344759618.39003736,573289381.6442289
58195832.447354086,73493994.28042269,59969880.83879812,310501008.03431714,502160715.600892
75545611.37408212,84581966.72622176,76070024.54243784,338644356.8542843,574841959.497026
99019920.19189812,71869189.34970608,60574917.88946238,323974093.73453665,555438121.1656033
77119241.47815761,87460916.45684421,66678898.956966035,326599508.27204925,557858565.1640171
122054188.82352495,75703498.80409607,68119487.26425265,347852053.07205397,613729227.9639276
101558107.91949321,75855647.25209802,62773578.20599205,293312958.8282507,533500292.205834
109963943.71156529,77671606.22456194,68389861.31253552,293864508.3741586,549889919.6228213
97639350.916959,79497146.2392921,60208951.63718581,267773465.1296392,505118913.92307615
63322625.26792045,64300533.631025605,66352437.33703143,347681886.1188833,541657482.3548608
97327288.41785003,83186164.83905609,68017069.61392403,338373782.9589078,586904305.8297379
91298966.99223197,94717686.74006538,71563563.61741115,369590015.0048067,627170232.3545152
100310898.37616609,85524853.38600835,55120779.26609465,328306648.7002742,569263179.7285433
85445313.89380541,71969980.63796571,54139560.29663432,288326971.83627474,499881826.6646802
87677764.80021466,65555583.97795168,52306097.756920554,300177745.27929187,505717191.81437874
100272209.44369039,80299915.76840416,78193244.82362528,316145877.6172393,574911247.6529591
86452206.73464808,68324989.48215778,52582856.582702465,352980701.61801904,560340754.4175274
104528466.38343716,67520172.65458107,65016996.55450562,297394848.3151137,534460483.9076376
83464286.18874641,71877306.34773567,67384486.15521294,334053686.4148719,556779765.1065669
93012470.07618126,76160028.27270837,65202519.330182426,338285485.504874,572660503.1839461
93926315.85878712,78051124.95259185,66847687.53857416,318707999.3929473,557533127.7429004
80906568.16563971,82269296.10736582,59714279.16569881,284944792.85441047,507834936.29311484
96173780.3722154,68273110.1024587,52887773.638213925,288149931.49667996,505484595.609568
66461842.399503075,61593660.55410324,65154139.09192255,289473368.75321746,482683010.79874635
107141542.31481342,69387005.28919321,63926788.71945752,314582149.91006905,555037486.2335331
72301978.50121655,82168678.66498621,71462964.79944398,258831824.80285823,484765446.768505
86682459.17388655,79466654.23708168,62689421.11342584,254482827.1598532,483321361.68424726
91184715.00827451,99244872.80787297,70457297.81695068,379478750.54523623,640365636.1783344
77310161.10154948,75922370.7491098,71749458.59035023,309563557.6369676,534545548.0779771
83147542.0500014,81873576.15038127,84895913.01036985,336756173.989819,586673205.2005715
80290763.22362186,73075214.59546521,87167937.87978113,328964848.1770539,569498763.8759222
79289618.64695688,65256864.00307918,49714589.22559599,291754100.60354626,486015172.4791783
96846622.90048991,74448393.95356612,65899555.667376354,265818327.38474834,503012899.90618074
89084231.68672407,80847716.57031521,63660221.47616271,368486266.07291776,602078435.8061197
76267194.3234618,76284932.05805555,72473984.59800221,307935069.0566576,532961180.03617716
84615133.87915269,64090857.5895714,72323391.5792465,300296870.0596015,521326253.1075721
95044773.62059969,83875658.50129128,64192098.580063045,298480105.82031876,541592636.5222728
107985484.19106984,70217400.44446571,83639823.87802513,294698836.971507,556541545.4850676
72197819.68196474,74038505.81654023,83813337.06256145,257425174.5171979,487474837.07826436
85260686.65654486,79999091.09640901,67602502.49578232,321139229.8174803,554001510.0662165
77735422.66714622,69187103.66834891,62006554.211926565,260512342.3852954,469441422.9327171
86586113.59505981,72648200.1490588,61336178.07624148,308850801.20318425,529421293.0235444
65153018.061997004,69378083.1649989,82115231.19222276,279535526.4830749,496181858.90229356
107141774.7429846,80248987.68997902,63796903.36457247,261396510.00939924,512584175.8069353
89180627.7073684,90471999.25536698,67764941.94665983,308276025.11186206,555693594.0212573
102523725.15328805,82120926.3695813,57218379.85320636,300138252.2011924,542001283.5772681
111103450.79568136,80061165.30879839,49589797.527721934,299423529.519021,540177943.1512227
84480017.01173219,61174107.09838015,49516539.8787209,311208357.5813408,506379021.57017404
77556997.44118541,66736626.52320242,61929015.73622185,274488973.00368863,480711612.7042983
88616408.09559739,74616775.77931462,56951094.60241435,276455525.9245,496639804.4018264
93615604.69148476,77715864.07853007,66353401.29363832,381866943.5462667,619551813.6099198
98038704.99306385,86238896.77142678,68720917.6789788,319327067.2653811,572325586.7088505
81390612.64470306,81963260.8428407,66885237.04909231,314940915.2414795,545180025.7781155
89480025.40255162,76391806.47568375,93970792.58682875,307265885.08083946,567108509.5459036
78264047.45075127,80459316.59019242,62506978.425949745,291383182.11175215,512613524.5786456
73282346.34339547,77435841.0882254,69796873.31975065,297118559.3608948,517633620.1122663
97784372.78639455,63025331.38192845,56825566.58944534,283487533.02013505,501122803.7779034
72281515.98590979,59599187.9965605,57015565.67864582,310277724.91302437,499173994.5741405
107083590.59894617,74851268.63161153,72687986.57730013,335754240.9358959,590377086.7437537
106000196.79144852,76397985.7123474,54242383.47867196,293553951.6988819,530194517.6813498
74139504.59961332,67476579.58320135,60081747.492209144,282292401.3983594,483990233.0733832
89207441.87555344,82969783.5069661,65621306.34685844,320617465.12946725,558415996.8588452
87415101.19477823,84834518.24508929,67532364.24064924,306220729.9122084,546002713.5927252
82132984.44974175,73685745.7993458,59212053.076965824,266784665.41112745,481815448.7371808
98743440.94621196,69077722.59197167,61770574.12175095,334294570.4842991,563886308.1442337
82418888.06986584,82684258.32877715,63459042.59466013,268870157.10005635,497432346.0933595
67552372.11699036,83580394.0138422,58898240.10281181,323987170.9687191,534018177.2023635
74304082.85901818,85451564.00481063,88938666.75043933,271571005.29968244,520265318.91395056
73301765.17880328,79999775.81446387,70789603.85480608,339009982.18282247,563101127.0308957
79552355.34730765,93766761.21583651,72413103.28031643,275296613.00496733,521028832.8484279
83743348.17274076,65625809.42285877,75008241.55603462,286911585.5309257,511288984.68255985
94364106.82710533,73381745.40867458,60904086.3785968,239120294.09489834,467770232.70927507
95974827.50074947,90367311.92317982,63966457.414919324,257175511.2240958,507484108.0629444
99180050.34409434,64794274.37525163,72277446.3748634,276909564.21630174,513161335.3105111
73084501.19346157,75246235.02920377,57455422.72869102,270248304.6377275,476034463.58908385
92294210.19973153,58235781.923240826,72437824.18629624,305666417.03676623,528634233.3460348
70898013.82640147,64568308.72640258,68590086.60220365,323245190.863115,527301600.01812273
108893654.58858587,73970240.87050363,68775765.21017535,323128043.4356567,574767704.1049216
97478730.78481998,88904144.40738271,65136333.28990897,304128100.4286763,555647308.9107879
79090065.14224584,73988397.35574047,70512516.06836691,254631205.4669405,478222184.0332937
104162066.34174158,69469151.66449468,62233668.58303449,344285338.9658869,580150225.5551577
91911142.90144691,80098611.47418086,58881183.20586045,263960837.11690003,494851774.6983882
101395264.06395553,73574026.08638765,62163014.45717376,334865162.99715185,571997467.6046689
73711908.10990772,75573294.73846175,65466585.06974854,302613731.83061975,517365519.7487378
80260226.36724794,69850468.38751803,55873009.78623647,306181169.7056284,512164874.24663085
78358884.03209358,83074727.78701681,66164003.465161845,271270195.71156025,498867810.9958325
83949245.68375999,71956516.2683998,72654339.16537403,296855668.1649597,525415769.28249353
83434647.32396235,88686259.11723898,74419379.97985043,384246115.3722338,630786401.7932856
106688825.50974521,71910291.19980752,73720474.36376908,371784403.607569,624103994.6808908
111470180.11492294,90188477.39694203,80766970.8768113,314596117.7248876,597021746.1135639
76263826.49358548,70885105.43791206,52237538.996026926,332710161.70717156,532096632.634696
83340070.21803935,87441162.53975803,60200372.31736637,341027813.29840934,572009418.3735731
80563543.41510873,64448099.60081645,74579445.86373572,350288121.63800347,569879210.5176644
90216421.19857849,76995787.86849715,70137239.25614515,316310774.4511592,553660222.77438
76816690.19098786,70512433.09554723,80164881.54068115,429855974.0905275,657349978.9177437
112004392.88171338,85124059.50319722,67624201.26799473,283215506.40866894,547968160.0615742
77558243.59632917,69523248.12193775,81588390.211781,390354520.32481444,619024402.2548623
98278274.60270901,69987529.025298,71669622.84888713,300352337.63901335,540287764.1159074
61776112.66403789,72755732.65007257,57328054.94132293,265468878.6018954,457328778.8573288
83780107.78510912,71200850.78518271,63919387.43639607,297140690.24718773,516041036.2538756
64580149.43772952,84738664.32136105,60118711.46908409,267949597.3462607,477387122.57443535
82738213.9650584,74269459.71091452,77533202.17930213,325377252.97514075,559918128.8304158
95488718.33219509,80191129.89226133,69835445.7798595,321651057.5039771,567166351.508293
63994120.64744831,68930309.61607403,71327759.64041276,481179012.6434462,685431202.5473813
71911758.36606784,76497727.26531048,61059834.268280216,376904006.75229234,586373326.6519508
70210884.25691359,77877897.35053188,55599375.32620515,281041232.4449027,484729389.37855333
86730063.31093523,86005779.09541464,61079998.82962662,325847983.6302211,559663824.8661976
87470576.76370926,78596150.34708928,75039644.29455422,271677921.47584796,512784292.88120073
99295725.3418928,73397081.84807307,74882824.47699688,325675499.7996958,573251131.4666586
84330363.36315571,70555534.45032257,70535777.96427429,354877106.75767606,580298782.5354286
80075156.51179959,65494068.46355726,67172954.7326298,254920052.1980846,467662231.90607125
70755711.3923001,64201033.68787706,57909141.746892944,248179285.3014757,441045172.1285458
63931989.504229814,62216606.809653,64359972.409023084,255376779.82019165,445885348.54309756
82583122.31615779,94120317.32135016,71288509.56168842,328414379.59401083,576406328.7932072
74948294.05033593,94406265.67621976,66865378.804342754,302441586.02584106,538661524.5567396
107684603.84919788,78177634.72563134,68220880.36372223,298702747.9165075,552785866.8550589
83453060.93779802,78644924.76489794,71296281.17390235,288595948.9361414,521990215.8127397
77139604.98939097,68991450.16929643,53357005.90119694,238161460.31302822,437649521.3729126
91458306.6965128,85739535.95574845,77148342.0762844,243094396.95973885,497440581.6882845
83851820.92949827,66418800.186992064,63491704.69490271,283663199.1984657,497425525.0098587
95878622.99019365,77588869.35148798,53567714.7820701,259711086.84758684,486746293.97133857
87288773.74362345,76919242.01202983,56199905.25702735,245538484.61510113,465946405.62778175
87996976.94696327,64851395.60359432,50900788.98210847,267669153.30944127,471418314.8421073
80646600.39155905,67557028.49066058,57653837.57282433,291476258.56125736,497333725.0163013
77708914.3240664,74750208.3689328,62222349.01290534,304780557.2983241,519462029.0042286
100376643.82418105,86569032.1830369,81915745.5371286,357992658.1027039,626854079.6470505
90603928.74894896,73021535.58549628,62266086.21510878,270406946.32979685,496298496.8793509
87271221.287585,82502961.27709806,62654290.23593913,301394346.14825195,533822818.9488742
78243361.8972046,76074822.99382868,61449660.7136469,274228568.52903056,489996414.13371074
78210735.42360392,78694141.95652597,65721930.86155131,289753814.14502573,512380622.38670695
90936025.6644413,73241945.87030905,74622133.79941127,279511795.64159316,518311900.97575474
84635533.38635564,64272983.66792338,59159122.597701594,240522626.38548216,448590266.03746283
98278874.73916176,85434735.30248013,76640904.6661141,320485976.5186798,580840491.2264358
75746689.03930317,67206604.99330458,74647672.62760061,364856186.8076201,582457153.4678285
88936371.27561,72027626.3570343,76161342.62827805,289527446.1973837,526652786.4583061
90463178.81900531,89708449.39276525,64113056.07022031,337540538.61236537,581825222.8943563
94789346.25981702,77206333.433611,59451972.496115655,273712104.620542,505159756.81008565
91345367.22702603,65254556.20928104,63331448.26053163,316457638.4599702,536389010.15680885
102111633.09105316,67117630.82465158,74305461.45876577,377243706.3882432,620778431.7627137
93128131.77452663,68522981.1966379,61249267.11064446,294746206.99139285,517646587.07320184
91068041.50546302,77053554.69227251,68899539.50456585,304851145.51727945,541872281.2195809
90989959.96510817,72863671.6835033,62597815.941173956,280277032.30475706,506728479.8945425
118548433.66477576,96621851.31375979,79416860.05400231,380515321.8086755,675102466.8412133
99102975.4878396,80003322.14570266,56933736.05039722,286759302.94037205,522799336.6243115
82652340.09749265,65965715.11249399,52137094.39999085,300038284.9227971,500793434.53277457
91859563.32335149,67297479.67809819,57812290.10730853,333372756.46217734,550342089.5709355
75773062.76730277,75187896.43764429,63679751.90772973,318702775.80271935,533343486.91539615
76035478.56462198,74548792.97799739,66234281.541312486,311475870.583442,528294423.66737384
88319257.46726893,79424357.76692308,87283337.32660776,438872830.4957135,693899783.0565133
78722785.18621716,56896563.772626095,62672327.01693553,298628099.2434649,496919775.21924365
103359023.4595282,81742024.92809384,69336795.26351039,353855509.4702211,608293353.1213535
106855287.08960506,67904772.20121856,58160264.04631452,289541022.2523348,522461345.58947295
88593549.51958923,74412251.70268397,69050918.35832801,344375773.5529767,576432493.133578
114912018.07450642,86621523.28962672,64185127.337250836,301980094.8049923,567698763.5063763
86161951.69487257,80546211.86829463,70750808.29614942,393660262.3819763,631119234.241293
80995179.57453072,78242205.35528341,87908120.53084184,305356756.19435,552502261.6550059
89258733.42027459,68600793.72297075,64136780.743341796,273819916.573736,495816224.46032315
103123579.8604723,80412199.98541498,61213955.49646811,331643473.8846612,576393209.2270167
89753480.66753381,85514797.34479718,60580545.296386495,314383235.6973817,550232059.0060992
98705123.58135672,74539988.4292892,56967067.51613578,292285491.01455563,522497670.5413374
106161699.84180225,90627057.80377248,68341209.0804504,269827207.62607974,534957174.3521049
81389573.46114618,70979170.74460317,67444531.14693373,300022404.76072556,519835680.1134086
77298086.42743582,84124536.25001958,69371530.4929288,326107221.5615371,556901374.7319213
66158917.06989678,54031289.1275268,47643076.085887216,256913420.04924917,424746702.33255994
95640078.02103265,59299798.92382231,72722560.98072605,311135500.3583488,538797938.2839298
108432775.24987352,72185119.1689179,69778779.83342427,311080134.66239655,561476808.9146123
99408548.93821467,76312598.81068003,70654122.91478167,351984723.17991,598359993.8435864
78572153.67640266,76436946.35708833,52547412.62499455,311791545.0306853,519348057.68917084
119260627.3436573,70769285.95086436,64948601.04151465,334905904.8638184,589884419.1998547
87647805.6667237,77660445.58999957,63647849.66516448,287703081.57067764,516659182.4925654
86005600.233648,76233757.12912641,57446678.53933568,292005496.09357387,511691531.99568397
112109645.67182495,76761459.45418882,58317975.68209025,291619186.0573833,538808266.8654873
77778011.2090228,63538656.32071029,62005775.29560281,271307973.53157115,474630416.35690707
78905816.93234229,75729761.44416356,54617084.61454514,237447563.01154926,446700226.00260025
97098661.68163723,62398739.845370345,54788713.223311186,232746042.10324058,447032156.8535594
80676433.7555075,78564184.97843876,67476241.38478115,403422874.3719467,630139734.4906741
103788166.84346887,71100073.93446945,56512038.439202294,398737061.23596895,630137340.4531095
103384353.10457455,84671856.58475769,70459710.5078423,322984677.9505439,581500598.1477184
68783174.3175677,73438904.41237025,64616776.34602538,270963953.5508017,477802808.626765
80002419.72206515,88902964.05400041,68895487.42115475,395090160.30226636,632891031.4994867
65992854.80797372,67264822.57883802,51336202.67286057,245338096.37153918,429931976.4312115
76375977.58988185,76590610.5325346,67760845.43259144,282811330.22569585,503538763.7807037
61040649.1247177,83252009.10036841,64581009.327378154,266882413.72959366,475756081.2820579
91133213.08510065,78707026.19669409,64690601.714129366,309198660.53676665,543729501.5326908
72481491.9371942,79674171.77638705,59041547.22435938,276609361.6447761,487806572.58271676
96756090.95188902,89543591.2920843,85789882.60778381,372102189.38962024,644191754.2413774
82797607.33619058,62955333.54713438,72102452.1176632,357519634.7454984,575375027.7464865
78310877.11991768,82608303.94284008,65174875.662637495,362572816.389294,588666873.1146894
80306136.14268962,93871168.55307572,78470323.90704063,397067803.81108046,649715432.4138864
80965558.83681439,78419132.76623248,59325568.239546895,327259958.0248744,545970217.8674681
100712122.98724842,103707963.75281323,80059969.72148153,357133574.9175427,641613631.3790859
80874421.26364681,79643240.44293523,64011071.501288414,306993429.9507553,531522163.1586257
89679485.09548965,73537587.13285162,65821758.039409295,290501926.1270325,519540756.3947831
82062902.02953307,85002106.97705704,70249477.9021135,324407405.77598816,561721892.6846918
69056536.27592506,75801443.44141033,69123954.82723477,292763523.7116792,506745458.2562494
121776570.85043478,63023947.17418922,68885370.96871603,329889575.5986105,583575464.5919505
95108986.95094186,79214207.32214521,72153264.77250913,345299037.4003619,591775496.4459581
77637708.17720981,76732810.06987198,64361954.93094856,266426100.17577025,485158573.3538006
97821229.82981077,73186886.79540502,54935734.90216616,273132656.38405687,499076507.9114388
76735262.73712601,83253495.37363297,69151205.23672561,362952207.5361239,592092170.8836085
78378875.42494787,82177177.18528874,94738807.95826021,347820463.2635085,603115323.8320053
100110861.92922325,85073288.15266825,58977122.8663398,320647183.27606636,564808456.2242976
91594456.73054561,74684744.08325326,59286362.687371194,320839391.7306478,546404955.2318178
74632541.76889266,93991617.99694708,72120227.25293238,274605259.42566615,515349646.4444383
80317304.39579973,72338640.05025738,85718719.79807556,291134085.10123724,529508749.34536994
85599945.00136225,71223017.02568066,68206511.08884704,287080975.05110884,512110448.1669988
72667130.5803587,71394829.34577778,61382600.58225674,276926489.7072858,482371050.21567905
79998782.57163417,85573340.62231198,66301367.76810129,269860838.01740307,501734328.9794505
80987361.0196593,75311551.52779692,55886930.94766725,351627439.14694345,563813282.642067
100205984.07965139,92646555.91378078,75681041.21228257,252232390.25200096,520765971.45771563
111515183.17590632,72833580.71378373,60245418.77770165,303051995.0642615,547646177.7316532
108744647.46795216,90361279.75971098,80102622.6499513,313566856.89048773,592775406.7681022
82750745.33895224,78272066.59431411,65585165.250224546,337118838.6176073,563726815.8010981
99606641.83456615,83979230.91525167,51455088.544778794,293955202.01753855,528996163.31213516
85700940.35475275,77291970.23930518,60750552.558684714,256411385.7922818,480154848.94502443
93921706.48143432,74278113.99372357,70452849.38363023,285924019.96533656,524576689.8241247
109402810.30406421,89941006.94347878,74411127.09260362,311429061.4593542,585184005.7995008
99962840.14098378,82139896.62949033,70801525.45052016,352116405.1465187,605020667.367513
109589122.99177632,69361058.99313402,57156532.082511276,267421675.1577575,503528389.2251791
68559373.42307582,71545626.1734985,68066073.2581353,302978965.61060715,511150038.4653168
80058871.56763418,85014274.36796823,69840484.26784769,323673454.84735566,558587085.0508058
104913093.48612349,78243440.84931968,86473102.10873123,310262892.9769184,579892529.4210927
120090175.64435834,73122782.82210317,70767771.55889937,287891670.80190283,551872400.8272637
104332253.4109907,75006472.82741798,68903068.09107208,285783529.08649194,534025323.4159727
101329829.26217563,72999625.74668936,80226932.0826686,284139944.3766338,538696331.4681674
70302632.57071981,80895083.67457393,62191035.012352735,300321540.8897645,513710292.147411
82821888.60523315,64642282.94435532,61128828.08754727,340163426.37145096,548756426.0085866
102405029.0020528,81071759.37771237,78253029.24443354,283074211.47433966,544804029.0985384
82779283.43950254,78730181.50709568,65737760.77255373,296164141.0099379,523411366.72908986
71953978.49347228,57294385.93958613,64114385.37821902,302006185.14737034,495368934.9586478
100759821.80975585,74769313.874602,60943147.71564342,298929839.1358789,535402122.5358802
99991510.64560501,76434496.06535272,73538762.47126941,278973208.13382715,528937977.3160543
84982182.64499725,75052030.87915862,75886550.2646492,321838589.7844392,557759353.5732443
115342832.98265351,69402859.99160929,65998728.90398427,309467582.0228056,560212003.9010527
96312291.0917263,70862289.8322053,78999644.29840256,316793551.7868174,562967777.0091515
73274641.83120054,73025893.8404391,61876833.54277952,409897159.1801646,618074528.3945837
103175491.42463058,79519580.48285222,67193492.18542245,343208470.786136,593097034.8790412
102334950.10171472,56385395.96317441,63984569.2429444,295714884.6104823,518419799.91831577
70691932.7424712,80331976.85906854,86859366.19324575,347253675.6389209,585136951.4337064
104012998.99649517,97556141.2022501,67017408.87580571,252973325.42806083,521559874.5026118
96881121.76797418,75747247.78090262,56482434.60636248,290790355.1683766,519901159.3236159
97983925.88367525,76811858.78685272,60945277.90729874,291704634.43908185,527445697.0169085
86936374.28208646,60863371.286740825,59411419.07108415,249118592.34614408,456329756.9860555
96914636.83652261,65092903.91480573,70540189.53197052,291423106.1775187,523970836.4608176
79945438.72991669,77201915.0344397,59626780.68394009,306553955.66930073,523328090.1175972
77560400.18639138,69495859.94286697,66322365.37566989,264623500.02489337,478002125.52982163
71223795.1841217,74805415.25221309,64503428.4916304,307079340.9085122,517611979.8364774
91905690.14624916,77529927.7502638,71846967.25734271,314914140.69618434,556196725.85004
63234482.43992627,57824601.990369335,72731460.7237014,302413803.2972918,496204348.4512888
101541264.7967846,75696271.46341634,66225773.16128793,289656143.040716,533119452.4622048
129435692.87062734,85706772.82735372,66929944.93694561,256858569.96178225,538930980.5967089
119625403.1805851,80235133.01926038,75432203.53777145,350226649.15996593,625519388.8975829
80978094.31447458,80881331.25728749,62723982.636756115,269382056.16234463,493965464.37086284
105085102.34023842,77957283.62451544,71928942.88105062,327420870.402839,582392199.2486435
96587816.31981559,65076910.068595454,58344640.08547451,281033082.4551151,501042448.9290006
76335957.40390128,77593566.98308459,75963895.98321812,367362342.6574131,597255763.0276171
82597206.66664557,77752966.03776716,70022193.21833359,331903349.0947327,562275715.017479
75767741.40731512,90965336.61574084,78461611.20830154,358956031.8935692,604150721.1249267
105743374.23942517,84565093.46806972,61896185.552546464,298584144.24556905,550788797.5056105
66946849.464223705,75197135.81164007,63276977.269010134,298236321.61863804,503657284.16351193
105752536.91818391,75421553.35449217,64812226.406327695,304429081.3053104,550415397.9843142
64951622.13304828,69034027.27625404,46357878.78566112,257684768.82514107,438028297.0201045
100007354.68847443,82668886.81729221,64306985.92317604,306754232.16869336,553737459.597636
73416502.27387775,73173441.70980345,90983539.39811382,404117608.7031898,641691092.0849848
87945934.739337,77675810.18984719,59376572.857582666,271028912.0233948,496027229.8101617
92415519.63174464,72579508.17310147,72499395.16588673,371634693.4243719,609129116.3951048
91979035.80814247,77942195.89072968,54889734.54361804,318093056.9628648,542904023.2053549
72613450.9623248,69570490.6413675,70525337.8418703,344298510.00896305,557007789.4545257
80930426.16875759,71377403.08470316,58985408.48103369,256256765.33849585,467550003.0729903
78778534.00061835,61732871.50911924,65435698.21586437,311350916.0155799,517298019.74118185
95397988.81574462,69566886.66379756,55697497.75071688,291917394.4139792,512579767.64423823
88107768.02683616,74998113.95208077,63547494.86579689,366646148.337044,593299525.1817578
93365159.21079412,97044581.25624456,85119031.90675122,402763676.62345994,678292448.9972498
73422696.01262605,78383788.81202182,62778895.603965074,248290852.38206306,462876232.810676
110815032.49612375,77676578.39304337,59825533.347848795,284933201.5725432,533250345.8095591
76768138.04100017,68246310.66763985,61079708.27366105,360124023.11326593,566218180.095567
78381875.46048832,89976070.24500467,77589552.26194857,335657475.9812523,581604973.9486939
98307262.80745633,78326429.47846615,78557130.96955629,340322044.9658323,595512868.2213111
66801071.42503557,74135782.84549773,70434763.88774422,297067905.3161131,508439523.4743906
88989092.84120646,71233089.60543323,54752367.60680823,242003736.0472671,456978286.10071504
68180078.02896398,77756273.04264683,48765849.05982885,261423002.49626023,456125202.62769985
77144882.00520548,71647256.18759212,51325399.66906369,297736772.5576737,497854310.419535
71123221.8566135,82819886.55315931,62608217.674099,298451509.23805016,515002835.32192194
87260664.39587153,78294774.077266,67158953.53825882,291695546.98678464,524409938.998181
92132757.94841215,81322719.5967052,62242675.10853344,317250180.3312791,552948332.9849299
105544765.44270599,86222277.74312083,78686413.75451808,328528329.6119799,598981786.5523248
75067083.44427386,66997373.77367336,64546161.401105225,332687883.7312016,539298502.350254
136241068.1998365,94319004.77318197,64737193.31534665,284725118.4765423,580022384.7649074
125608849.30559394,80650714.87194012,69837861.97815797,279316009.9357884,555413436.0914804
112048074.1650758,85349206.10402635,64280389.62288451,273603592.5829812,535281262.4749679
91605423.37132347,77354691.794262,73696829.65072489,333579066.77942264,576236011.5957329
83591520.27821481,70791731.98394261,62818427.36127768,280227835.23988247,497429514.8633176
85408547.8882198,75891995.72814667,59274245.7030674,318600032.6780629,539174821.9974968
82185252.90467732,68133872.0381465,60398654.87896591,302943190.2142562,513660970.03604597
88375344.03157395,80149944.09191433,75150141.93938251,366632013.6182991,610307443.68117
91287387.45807663,67966948.47394365,61390577.768015444,263917445.06720406,484562358.7672398
114437211.87417164,101824509.09148666,81817460.03883202,364748937.13716686,662828118.1416571
90783812.31025328,80119791.8041857,55998412.03964807,291489243.8989285,518391260.0530156
75731132.09586069,76144366.43735452,64996308.89587741,378394738.7320536,595266546.1611462
100996149.45645466,81310955.5458704,66460363.8404501,372666152.855567,621433621.6983421
86790621.25951505,78992437.06982996,67414166.17337947,292942950.35841566,526140174.86114013
87719259.16661364,60758891.95802413,50292283.92831291,290705286.9365816,489475721.9895323
112103645.06902897,83872588.2642193,64246161.770950906,259400253.0151451,519622648.11934423
98882086.04009876,73342112.64885399,70927362.68280186,323430681.99242944,566582243.364184
94150025.32902901,77741558.33057134,70157241.88665295,305586297.7662229,547635123.3124762
78772087.11581996,66540609.17643275,46868649.87957577,270605090.3994299,462786436.5712584
111230615.80948773,87498362.89994484,73079698.7241864,291409961.8319599,563218639.2655789
102309995.72426978,77834248.51237388,81320515.6135489,287253725.9884106,548718485.8386031
77338879.9793134,67159458.01955333,52290198.549273,254881780.69563794,451670317.2437777
88661370.90988788,70361722.92523013,40597730.008630976,304020926.4911717,503641750.3349207
66593568.18572168,76632669.81940404,65267383.638318904,385705661.62288445,594199283.266329
102303741.52448513,74446200.31738552,60980840.23673944,355035239.30128914,592766021.3798993
68851524.01969485,73743048.27061076,63193976.99670764,287569547.16082215,493358096.44783545
92287294.27183087,78796398.22844915,71055671.61005957,316054111.58588105,558193475.6962206
93240494.64311028,78107779.49708308,62069359.58094305,300976260.9835748,534393894.7047112
77780829.28309801,67767739.8780297,60142124.35720504,289910618.6242912,495601312.1426239
87701267.74227983,84710227.62949353,65073019.41326552,313233173.7837571,550717688.5687959
88871914.37164111,71246597.66582091,65032930.77897831,338365633.33429813,563517076.1507385
89851848.03572948,78655516.05752894,61742454.35346722,376784543.537072,607034361.9837977
78607643.0657477,61314302.43494583,66632103.48484252,294744263.9105607,501298312.89609677
83076919.9361705,70678367.41783223,79843024.8154995,329476182.69188595,563074494.8613882
95233476.0218815,79113395.32209095,69762764.09561008,363995142.2910393,608104777.7306218
83774115.33590706,63738899.46614367,68047865.95272611,319256760.29888445,534817641.0536613
88729029.91075438,80674370.46214166,64839164.78771939,305402649.9153162,539645215.0759317
85387970.06262587,70743279.95064886,73807280.95294914,263978796.98681104,493917327.9530349
127276572.28970914,91760855.66002019,59288661.74392317,295633001.9121914,573959091.6058439
84885631.05979654,79144251.67954835,59603856.30354338,298904137.10588264,522537876.1487709
85532773.85542706,69586306.02391802,57397766.57947797,324248943.5287557,536765789.98757875
66460518.56830325,75619348.82101497,71084759.70195998,300659797.0914513,513824424.1827295
87942423.93248968,87216552.90136136,64259302.466120124,285648599.7630047,525066879.0629759
80555764.01911013,85516595.11120923,80284863.49933113,274295344.4133877,520652567.0430382
102455939.76211359,86768445.04749542,84736233.89296484,342804718.1872617,616765336.8898356
86592024.4959873,86727787.41277972,75642252.69400318,411887227.4851234,660849292.0878936
101679023.69098143,80213044.5365498,59386726.400883466,279459526.99973685,520738321.62815154
69293038.65122858,70468173.94198442,70372444.72465122,305693017.55039126,515826674.8682555
102710310.97530477,82123522.21911746,65736195.50022283,310003872.8944638,560573901.5891088
94056538.57608339,78677803.39328569,68569383.41528344,282327487.37586695,523631212.7605195
81366161.44337195,97242444.78068335,83952781.57121494,278035526.4199031,540596914.2151734
59695324.955468304,70455677.28689648,69354597.87967828,286376381.11897796,485881981.24102104
102709216.53352113,79529663.56828652,66769065.93735039,335067433.24155796,584075379.280716
80087669.58102825,72220166.12236829,69660460.5845823,305345761.92020786,527314058.20818675
118387495.82580377,88373700.58996923,77288831.50521392,320176048.7003436,604226076.6213305
100321189.15717706,75690647.62614462,68891909.03150764,277226015.35714734,522129761.1719767
103002116.43260942,81731885.91036741,87077680.26978722,432348916.49211717,704160599.1048813
98546834.61559488,78866884.60307758,60466613.89571479,332287116.5317676,570167449.6461549
90194639.70862392,81606199.59334353,83658854.45436727,295147571.6669001,550607265.4232348
75209623.82661079,71612849.29082245,70363368.72459713,326854093.25741625,544039935.0994467
75555059.39352019,80396874.81599154,58008802.204656206,268570856.8842163,482531593.29838425
85610362.8285808,71096771.98855096,71389553.1620134,318483821.88246065,546580509.8616059
115703273.2496536,78863057.63569888,67437797.69688143,354289480.66963965,616293609.2518735
85947407.2704392,90139216.37700309,75354970.33382243,243376450.0175998,494818043.99886453
105305878.600354,88260987.8647673,79593146.26292706,259823583.0565451,532983595.78459346
78423650.02659522,69413786.4405706,57228150.94662093,355603115.5174527,560668702.9312395
87043758.66745406,75754026.43700238,70437070.88197263,329903979.8195871,563138835.8060162
51123910.810548626,62577119.3347007,49757807.57441968,289912600.576011,453371438.29568005
83265373.86722359,75446712.0907127,51316796.42017516,275880986.3427512,485909868.7208626
104258167.2398701,93259736.72770749,79102297.00342028,278508849.27396625,555129050.2449641
106694921.5714172,86615378.38630438,69659486.73226333,247925971.15267244,510895757.8426573
101595806.15160349,73581311.66324235,68694484.07893506,309514834.5325877,553386436.4263686
111569864.15097782,79323161.34880713,68281682.55735612,370702562.33973837,629877270.3968794
78483548.78746198,81635937.8249733,65911946.380171984,272346873.3516041,498378306.34421134
87224160.44223309,82438759.85104176,80144960.05903786,380609098.35274917,630416978.7050619
83187118.22946495,67184094.20183729,60346263.59910876,256874345.6620064,467591821.6924174
84224314.2146806,72587560.89143103,70531289.51711008,238822787.55535594,466165952.17857766
77541782.15885872,68150798.46114057,72194867.28056031,270409971.74348265,488297419.64404225
90431431.97047777,75609077.40363042,74805963.45104407,335916012.16296357,576762484.9881158
88917695.79553604,71700298.18033923,51888484.38128971,293876042.8092454,506382521.1664104
94940182.23584844,64686428.52469756,53830736.048702024,294261873.3906432,507719220.1998912
92075134.5566362,68721632.8577683,59509640.954374395,238307181.92334077,458613590.2921197
108727827.69203538,68858633.82611085,68796867.43123838,304483334.96721077,550866663.9165953
107212025.4106153,72783410.42139877,66377069.17147636,250499919.84415072,496872424.84764117
63934785.26533361,75990198.83369151,52292634.106202096,278758249.1042067,470975867.30943394
102538906.27445605,86063617.74841025,64930454.79918131,255976099.20055822,509509078.02260584
94621520.99709111,90525926.65616009,65899733.29231228,282080399.12117195,533127580.06673545
80177159.47876221,79764954.73534346,77460083.00475754,275111742.1002039,512513939.31906706
68604872.03209408,94437333.64552891,69384445.58016844,322066591.66864735,554493242.9264388
78061033.78205399,78538644.44218798,74426401.99475592,324621405.71577895,555647485.9347768
115246466.14361793,78071801.08159925,66035937.28553703,314666831.2570078,574021035.767762
93949131.69038133,79467419.94356166,58067539.33620591,307363013.61461914,538847104.584768
82135968.34797491,70208264.90782976,63975034.920730576,268209079.09568545,484528347.27222073
72709795.84845224,53995205.86976544,69953361.43551607,318087512.5746838,514745875.7284175
85592449.10536206,70165353.35183068,45436693.22810637,253736807.0031193,454931302.6884184
97800810.6128107,87089129.3541064,75917814.72230496,325081415.52951455,585889170.2187366
107457484.35523653,76826768.58238254,76600602.69735862,303104271.76372063,563989127.3986983
75731274.6354078,65628532.35007989,54357475.88374931,308363067.9786784,504080350.8479154
77428399.70014903,65751472.991267525,67273162.92703909,312735343.2324632,523188378.8509188
101742287.53076392,83620418.972016,63479392.34710716,307436960.8194437,556279059.6693308
88973092.60840894,68754858.92472906,55755632.264278114,267775305.29669344,481258889.09410954
120835452.22428077,78134945.89445402,79142854.74614249,303597870.9060037,581711123.7708809
100547709.60365604,87237231.69682895,78972599.35544178,337174045.49245954,603931586.1483862
108729615.42779298,83583686.86589253,85434538.2708083,272118933.70062137,549866774.2651151
92210067.42177412,79639051.32861057,60484667.81208939,320058406.733024,552392193.2954981
68695008.91657625,66852524.4339448,48677700.19060503,332976169.1351549,517201402.676281
84033503.03140499,96925960.51083279,79901417.31903593,342730596.8994129,603591477.7606866
79393626.81671678,66024619.43795369,65995875.682032086,297543850.18941635,508957972.1261189
70374243.70400202,60846280.66774671,53120022.391700596,347692414.13130814,532032960.89475745
124303405.98065113,84452151.87848704,71946793.72405474,303463289.69899243,584165641.2821853
75087102.41076878,86228491.87257072,85868344.08733925,295265084.56894916,542449022.9396279
86058721.32484904,72037395.19609594,61464141.12271093,341038944.6278034,560599202.2714593
70682676.336133,76581995.89734869,71173796.7664123,304047519.87206984,522485988.87196386
100615826.07896724,79967606.51838902,78698576.25556348,268373840.07397202,527655848.9268918
82470715.11816373,74528583.67391731,47561791.6921814,247421939.93557125,451983030.4198337
76554833.78331152,82441336.21522978,62191631.174415655,274430409.5426743,495618210.71563125
99405356.69642463,65040049.0907715,49008751.5188288,268376182.94977593,481830340.25580084
69162758.12238067,61361899.90420409,63839207.64175886,326252048.9882135,520615914.6565571
98950784.6363277,89016425.84811863,82291546.78669104,255399892.1514756,525658649.42261297
93730488.9799704,72772783.49239147,59729275.65451061,315901018.5837653,542133566.7106378
66102683.39246993,58387476.92733686,62824547.543740794,309198689.07452863,496513396.9380762
89138517.9462806,69096244.9315719,69565699.4304547,330522655.79795206,558323118.1062592
88407423.31917547,66639029.775109224,59652991.396251574,323170560.6955581,537870005.1860943
107859475.33908851,76909614.14828432,65432985.48389074,299375798.73755413,549577873.7088177
91132661.84392679,71882012.89604531,45985845.39068416,318382247.0367209,527382767.1673771
116244227.59479997,75686398.7697947,59327092.2726287,293113932.4152946,544371651.0525179
84628318.27546135,84799235.5163133,69336381.15103205,283748284.4517578,522512219.39456445
70609730.26585601,80175688.27742273,71391372.7150969,350824839.7874812,573001631.0458568
74682958.16601756,90855496.5341828,57081745.154554166,323075349.6045938,545695549.4593483
64231813.78618173,64814798.827536084,72977074.846037,336523272.8588198,538546960.3185747
79903909.77044094,70273425.63319091,64391356.96492141,318183070.468468,532751762.8370213
106561352.04669122,75558608.41284467,55232313.90116197,297528733.89488155,534881008.2555794
81048145.95342578,64414717.05362871,63716895.36598198,289712114.43974185,498891872.81277835
91595276.45375769,69407013.45737123,67729590.83646853,261231896.6512403,489963777.39883775
76381779.02562048,71810613.07237454,78652615.24772187,344954487.7524204,571799495.0981374
103626690.24068663,93213406.12198693,111281902.68069863,354344633.84457606,662466632.8879483
109481506.32575627,90075940.85464951,80895965.5102345,399431472.01407105,679884884.7047114
81544385.78432529,70762505.59925681,66366623.28804627,296124354.7190795,514797869.39070785
91771293.47097701,92218540.31190154,67708354.20800884,301040980.2100849,552739168.2009723
89676546.03025727,74597443.92973928,52366952.459636696,268801035.2731403,485441977.6927736
97355578.86976019,92120655.89130001,62726640.41848933,268094735.18155286,520297610.36110234
87631193.5385697,59953229.02795634,57007369.45497717,235490652.36563608,440082444.3871393
108585102.14301439,73187221.52389728,80414506.191434,362810691.56387985,624997521.4222255
78633315.25147864,65686168.34469325,60454216.98122463,290005507.13438725,494779207.71178377
92178483.15020387,70459743.35051115,70302237.63999419,316653201.85662425,549593665.9973335
82581462.91408215,69238595.82435581,62024417.786642194,270354303.90936697,484198780.4344471
88027890.42584038,77024895.77190669,68564270.78662442,376738426.5179974,610355483.5023689
85377790.94704308,85058084.85815842,70920865.30419962,304206173.83346826,545562914.9428694
85559626.04217197,75265412.30258046,67939543.71760455,274093889.72818595,502858471.79054296
68967730.96164365,77826427.7827908,72965036.90636672,339108137.71711624,558867333.3679174
89399255.71165802,83626602.68503202,74844394.75759558,346503628.93482417,594373882.0891098
75993687.20333368,64991688.40275512,58677978.63165961,290386294.417038,490049648.6547864
83894048.22801952,60742863.75648531,73863907.35573731,296768383.6981842,515269203.03842634
89653477.40514159,88422229.573643,53267920.63026623,276225515.7141265,507569143.32317734
81965895.1441089,72186155.28394124,63121647.852208436,353498451.65379626,570772149.9340549
97138890.80560862,87114519.75863639,70718934.08274879,267128923.2634745,522101267.9104682
62505644.63433981,59146265.77168371,60889894.81499483,291270032.4380596,473811837.659078
84321784.85063355,72381323.46796253,82045302.21004279,290353316.7692122,529101727.297851
101177319.83696109,78732403.11661479,67237872.27354468,351857653.6705573,599005248.8976779
110222623.5985395,78068782.1742786,74659520.61618863,328899415.0265421,591850341.4155488
87311869.20580857,77944465.86809355,61518540.43578308,289451284.61552453,516226160.12520975
79464760.27918977,82693369.13427395,67129846.23658991,264787920.42958218,494075896.0796358
77668178.87498306,51236022.307002336,52756887.785434134,278883456.2818925,460544545.24931204
85327339.88894123,95187645.61399198,77291711.78325796,342746627.2958593,600553324.5820504
67030355.57760968,68741997.65579632,58790413.96307892,266756089.48660266,461318856.6830876
76723199.4981659,59997643.59950736,51186572.33894652,309081007.46831036,496988422.9049301
85234763.00542532,71412674.50879876,64293716.98475963,343721496.78230953,564662651.2812933
87266766.44748563,81019665.27505995,61314335.079724796,279979316.11228526,509580082.9145556
92294135.59707138,95922866.49874641,86283051.15067293,354817371.8509849,629317425.0974755
89348615.57296306,89965363.99589504,77812585.64231612,247058214.29079452,504184779.50196874
73664502.80239792,76165890.9498968,52860406.45660822,259426862.0965119,462117662.30541486
77962540.42726661,72034652.20502737,62000308.77621391,287996193.3680331,499993694.776541
99529945.62790582,76057164.40223025,63740666.7334227,258929623.69098216,498257400.4545409
102753428.67786506,73097912.05159211,57852533.37076316,301761031.8467788,535464905.94699913
77128972.19657135,69655154.679474,65211117.45042316,289366332.06759465,501361576.3940631
126276254.7373597,82059513.30858837,75273092.68621297,254504960.8489815,538113821.5811425
75980200.83790503,65064446.73417804,54894401.44270498,300347222.9304755,496286271.9452635
102938198.02421632,82231786.81839083,67172086.13052729,286968542.7617498,539310613.7348843
104232617.59587614,100660472.80987377,76105748.04125175,360850861.54655534,641849699.993557
92137506.17625017,84086829.41630797,60164884.02556029,284102459.3962967,520491679.01441514
92909429.1942443,88811057.11123429,64114975.10547434,242774823.4664006,488610284.87735355
80519900.27591377,83989244.46140008,56672422.00434362,258117575.91953245,479299142.6611899
89412808.00754564,75521042.71749508,70840724.69345295,268709788.9693449,504484364.3878386
82785590.07220268,86344941.49498302,60142736.838879876,356317436.94871575,585590705.3547814
73505585.40075068,80758097.8026509,63984358.27113419,265471379.03596112,483719420.51049685
80537507.8079997,79600502.44545063,66871626.84843399,348124568.0517618,575134205.1536461
109750764.99051367,69942352.57685477,55970978.98725015,250691175.87739658,486355272.4320152
75512632.21227254,83679434.56867996,72637045.51180579,294359555.1955085,526188667.48826677
87053032.05253957,89469343.00804178,88432503.74394812,341448507.84477925,606403386.6493087
56965362.38023543,71514413.06523085,69879265.01579924,312724021.7597329,511083062.2209984
97967727.01967321,81430903.17265615,59162205.92031787,269777713.93679374,508338550.049441
82836332.75784808,85072535.5935446,62893492.24806012,319881877.8484238,550684238.4478766
91553928.03197554,92418862.48735125,71354701.83517553,258113762.36714628,513441254.7216486
96726170.58659814,99735106.79218148,80765060.44264649,299552499.7366031,576778837.5580292
73334764.0226676,65549720.3355525,77988574.76271644,300266537.68502605,517139596.80596256
78428002.55219892,72950576.38617608,62124188.407988384,357136398.56759226,570639165.9139557
74131387.18475872,84068527.97680105,68996254.85956345,355630309.7897539,582826479.8108771
112362801.20253736,81402365.78953789,66616790.17366811,310437768.1642751,570819725.3300185
85894436.13020946,62637574.06178716,73417201.25434682,315568429.9479497,537517641.3942932
72387891.19577473,57464171.806880556,44226346.58658881,293389574.72378194,467467984.3130261
78978336.87265371,70607365.60351957,67491378.62095723,285950698.3417374,503027779.4388679
95184278.33274186,78491299.39841007,66679809.6771397,255668845.1894581,496024232.5977497
76479695.15790285,79197827.75979824,61374721.45295295,343951213.1626753,561003457.5333294
126981768.21850264,89402013.61797157,86455945.93205225,360220497.0761003,663060224.8446267
80057071.83675787,76389962.83707407,83544116.66272736,303051794.53996706,543042945.8765264
73836974.98479745,64291669.20077026,59498375.84901852,259765782.33112347,457392802.36570966
114019514.0367373,82923202.13419747,78257159.59322986,310111273.38997465,585311149.1541393
72653859.68728666,62773708.279355176,54236067.725551076,295973251.1765626,485636886.8687555
94779057.26272191,83152180.64990991,57753875.99109679,297361884.94698614,533046998.85071474
73993994.02194987,76802573.2764536,69407848.26412952,268721303.9702298,488925719.53276277
101830920.28971687,103271718.92749621,83404743.58470763,325660589.9307304,614167972.7326511
82897461.44751905,73442621.46761571,59332583.63464025,304072856.51200783,519745523.06178284
72674044.02365543,58708836.640180744,60353632.71871994,290800186.9493446,482536700.3319007
79585300.2076506,64282215.20720033,63521937.87694453,264631300.81876943,472020754.11056495
85288972.7199179,92842131.19599606,77215087.89475115,274822439.7636613,530168631.5743264
71103974.13765818,73949038.09941357,54712732.40651694,229675298.9586903,429441043.60227895
94968802.83348139,80522181.55956095,71764346.60206103,322137781.96448016,569393112.9595835
86300614.21712607,70337459.82298644,68040653.1176745,362874975.27112263,587553702.4289097
80481683.15784042,66424874.11924678,54401072.79588197,259333631.72809765,460641261.8010669
90083693.98639096,59885240.69327869,63404085.54652842,317782537.58154947,531155557.80774754
65389044.256156355,63674000.16466663,60864657.18012792,287534045.4560799,477461747.0570308
94775331.75695758,76303104.65673773,77339008.40292922,305232169.8342398,553649614.6508644
74505614.29355742,64951726.2320407,66932628.70093716,301303383.8576774,507693353.08421266
96522626.92763166,83592385.45286061,54414206.097878814,257307293.46141842,491836511.93978953
74058443.97407824,66742669.9055287,58975168.19683151,327429209.8052994,527205491.8817378
105659117.69070637,76848969.78538571,65303752.49195741,280987762.86293983,528799602.83098936
88462416.14145611,78160552.93591002,73595665.8688972,343377210.8252659,583595845.7715292
60318496.891932316,68780893.37848304,72857129.91810204,291970205.2998127,493926725.48833007
104661504.82811917,76563837.00463869,68540039.41880503,270409507.56411636,520174888.81567925
73131848.08118583,79519034.61180271,73762905.72938828,313919446.8985173,540333235.3208941
71644911.6647839,73158048.51835816,74475587.8818964,380308680.28202,599587228.3470584
82895307.87816855,62113960.91407397,67075594.15575251,290382362.79894954,502467225.74694455
101424239.4111211,81356662.95786393,61807995.71407895,304065698.1851497,548654596.2682137
107534332.26913442,78447456.17669193,60078724.28197932,249312920.75987846,495373433.48768413
77064483.18664007,70579562.8464767,70066148.28818858,269058666.41263807,486768860.7339434
111844577.07378143,69003699.10456422,85299588.88007559,392960945.7861004,659108810.8445216
89201827.59920394,63244235.973670974,61072764.614529245,281051160.1486268,494569988.33603096
71110400.34789279,75148739.09781477,58789877.33919877,271361458.38037145,476410475.1652778
84409398.27123687,70693820.49784535,81921644.4250406,299360786.8638316,536385650.05795443
93587540.31820697,78645850.42405376,70195628.66010483,325827570.30180085,568256589.7041664
100427385.29289731,81037659.47704624,70328046.10703076,313572762.9161376,565365853.7931118
85296163.94397679,68157873.91673969,62691845.04004518,305845313.1623689,521991196.0631305
93009094.78267646,78851235.88412718,65525645.41417983,303063253.05643076,540449229.1374142
79808944.83473536,77339444.73977457,64403265.46771787,308863273.6845143,530414928.7267421
102366761.68706094,72716833.3240508,70469126.89931111,309883959.37462926,555436681.2850521
120538040.98674038,79882947.1797852,74903051.38393757,317335664.3468157,592659703.8972789
69823812.22338614,68142431.02524814,69094936.99049173,288857809.9479879,495918990.18711394
61114428.33695851,69957456.92617816,54740369.00674341,291392884.9308197,477205139.2006998
111797933.27304499,87998584.79257987,85575888.3727346,309011399.8358072,594383806.2741667
85231328.3356538,67110343.97314528,57862831.38505898,261903056.71522105,472107560.4090791
70741996.57524908,84979206.08882265,53117731.824301824,340198998.9013318,549037933.3897054
106467189.68742907,84360799.06298621,61229949.2266415,252247090.8685825,504305028.8456392
79875978.33926116,80190890.39984572,67109504.65879248,271892436.64251953,499068810.0404189
104811834.57237191,96383672.46579638,71681082.65952294,322058246.0652627,594934835.762954
68488879.88870382,68682716.60089582,66247409.17996591,313150147.7528337,516569153.4223993
80398740.98845209,72387781.64209141,61090078.7931036,287585593.775042,501462195.1986891
93323451.23932931,61578577.52903546,60481699.79453937,304665442.73856163,520049171.30146575
79594034.97631896,70532542.02247351,60391185.37329873,279551027.49882084,490068789.8709121
87290152.89111498,77265739.22290792,51848728.756003566,309833521.9642021,526238142.8342286
83250621.55556062,94142862.4588487,62298673.83715505,276634909.45869285,516327067.3102572
84419802.47120887,79240563.17383231,53187418.988070354,263371758.10413498,480219542.7372465
95869537.86806343,69695239.66963527,75578675.79547182,296574159.1936281,537717612.5267986
75510490.60682485,79039433.86976051,80380549.21992779,335204473.9286945,570134947.6252077
106712480.43700448,96690727.02342422,66177857.91711515,347676085.66053015,617257151.038074
68328700.0760136,75632140.55125909,64257564.66531471,347235922.8906127,555454328.1832001
105216221.62946661,84817725.38276638,72493274.877471,334262959.04059714,596790180.9303012
88074875.36151361,75740836.84582795,78342186.17718661,379538464.43085504,621696362.8153832
85251901.37991236,77822990.26502225,67240161.51363826,254399647.15284258,484714700.31141543
82633842.70504887,90436225.8716943,64566500.07392028,391676441.79652894,629313010.4471924
105214112.08383243,83185055.29127347,74203639.3485974,284844476.3905442,547447283.1142476
83581502.61439444,89027996.03374077,65251696.5013615,347464911.43541694,585326106.5849136
69949877.27944651,63040674.95508686,75599950.16359581,307708297.3032896,516298799.70141876
80002760.07858168,87351861.81754042,80486894.28715841,358861278.59522367,606702794.7785041
79601514.26860313,72118757.64716256,66694507.79551396,328364616.301548,546779396.0128276
80388239.3025953,76202240.9458819,67874786.67741376,354805793.8487693,579271060.7746603
98407213.75401331,65729294.5658856,61299203.31292738,265643300.01535004,491079011.6481763
95513523.19236293,86432967.79507038,70867700.71310858,304087990.7541418,556902182.4546838
88179292.61068237,78161483.01739764,61981706.481640264,261202114.38016734,489524596.4898876
62802207.57883999,81778610.00024533,70494002.97199649,322750914.496373,537825735.0474548
106794016.05619687,68931534.49431998,52468296.12094969,299168092.7435317,527361939.41499823
91401267.20167188,62983486.48232649,64157905.958570056,283993072.7532459,502535732.3958143
76634698.36125615,71117297.03122033,47720418.22747426,260703874.60136014,456176288.2213109
77906633.39637265,79114378.91183148,65365895.53091786,327284599.3780778,549671507.2171998
57975310.97333777,62970294.73136906,63566792.57749826,284271215.9170613,468783614.19926643
99851673.92494228,63717631.01178775,67786375.69645014,280691356.12576556,512047036.7589457
77509638.48849134,83083384.36729728,77928810.14975907,358961298.0635522,597483131.0690999
120875312.16756421,94864880.2990881,67260930.53506756,318583251.0403898,601584374.0421097
82319997.55679365,94951305.311386,82012323.69511797,319851006.8890926,579134633.4523902
100371889.732253,68151732.75934091,65804899.07320187,270924757.1998104,505253278.7646061
66545613.031843975,78367774.18460079,73072443.06761712,328182167.9814426,546167998.2655045
84689824.8750796,65317953.52384674,54064095.19716188,255731239.90439093,459803113.50047916
84004928.03068775,85449361.22702259,78316661.5727889,265004037.60607708,512774988.4365763
78044753.57561398,68293027.27935775,46513007.121108286,294978786.89659256,487829574.87267256
83837122.2335565,74450668.49126257,76647194.47884972,317923242.3735983,552858227.577267
81395429.07128766,80042534.15196785,76105167.2281359,327028451.57172483,564571582.0231162
97383900.58543228,76735095.35649742,66203071.772855416,309290271.52862847,549612339.2434136
77299859.78819928,69352082.1446567,74349041.51318675,390514880.5638335,611515864.0098763
112535291.41367918,69211063.63788962,54762656.72707839,252524723.82141992,489033735.60006714
89105047.55370341,55295459.98655877,54319598.685495816,331732936.89083755,530453043.11659557
102066162.83661266,74368391.63423799,62918218.4745395,321216073.57419217,560568846.5195823
101298087.9048488,74035284.53354673,64269897.340408005,283285892.21179307,522889161.9905966
70463565.36424828,70698139.10412323,61032644.27363175,255738577.57611138,457932926.31811464
96713941.94720781,82385787.20288126,74658621.74939539,289558803.6563387,543317154.5558231
63475217.31011954,74744245.66484363,59300647.7407735,265879698.89463913,463399809.6103758
71306924.91647927,70435645.58447044,76163393.27985935,294259075.7479644,512165039.5287734
73242549.9828975,78873514.97579554,67601299.44661993,239997518.78303036,459714883.1883433
96966181.71176492,99680757.1226524,54526340.6433536,258692567.89980227,509865847.3775732
55264897.3906401,68033663.50151405,68799470.41234456,305788809.5954533,497886840.89995205
108984632.53166546,88110860.47984247,87157756.89063723,378211849.0940511,662465098.9961963
81758431.02822624,75581621.49574493,59197844.46458571,288166499.8312152,504704396.81977206
88075732.9062449,75533906.37248921,77330943.79000257,304275719.4601493,545216302.528886
75115953.46404743,66544874.261454694,66984163.56635024,256183682.25712696,464828673.5489793
84443096.02217975,88069332.7575622,72399673.45205057,312455060.84941816,557367163.0812106
86707884.75142443,67488038.99628459,56884733.643097624,283934051.0159848,495014708.40679145
91079847.8904028,85753505.63370635,70329642.25160365,365164438.1878839,612327433.9635967
112769812.5983354,88434652.5030239,82685754.22446236,291867024.5548243,575757243.880646
72549203.11837745,77495501.1811538,56056528.365643255,282536228.2751668,488637460.94034135
98671148.9062466,92143911.35296252,69867958.6728572,291850272.14546674,552533291.077533
91800113.59406006,68020795.1698449,62136674.69165998,296860116.4841506,518817699.9397155
86818014.66677023,76810719.18783946,60080594.93547585,273819145.99864554,497528474.7887311
77374225.46665624,61432161.820705935,62637646.04692515,326069242.05666393,527513275.3909513
99068840.60012902,76001045.02775608,60560298.2468199,325282500.7981111,560912684.672816
96603146.67597023,79873880.09482476,83492845.98260522,323081478.50025105,583051351.2536513
83693188.05230789,71998411.68252909,53570654.22709756,310416045.19063246,519678299.152567
85747182.23651685,80414383.14718236,83976073.79003882,309860183.63599706,559997822.8097351
59972813.07666422,73905534.27612668,64882429.44470465,276192423.3239728,474953200.12146837
92936167.85102634,84549707.10968794,61914039.02221193,292475295.5415564,531875209.5244826
110473963.65814827,73879891.58925806,66962156.207423404,226093811.31475943,477409822.7695892
68785683.25319104,73443568.30239153,74118176.80233084,265754203.96201235,482101632.3199258
88255497.22565612,73073327.66184254,72880058.75926316,270047161.88650995,504256045.5332718
93425771.11151513,71684568.71661769,66594217.49170965,306086651.03962696,537791208.3594694
83761714.86495368,79692189.83352934,67493051.77213664,302378709.60868895,533325666.0793086
82369860.85522766,75804536.72643273,67486402.78828412,272722818.08883345,498383618.45877796
82461524.07384317,66526812.07122548,62090975.26289967,276497734.87632924,487577046.2842976
98664690.34155582,84589709.00210421,62366730.40012415,303541289.0474338,549162418.791218
96596859.2716064,76331430.3706675,61153863.42051802,263983974.01679882,498066127.07959074
99992598.1040139,87130008.27219063,68758877.64845383,340479608.91464096,596361092.9392993
54241835.54301591,79659143.0388871,63884845.77216414,305812517.16628426,503598341.5203514
82844749.49983715,88381880.4700797,61669698.99020488,359140792.3177567,592037121.2778784
92921354.65888056,82966056.77656625,66112659.9570874,264228868.0147893,506228939.4073235
101220934.73499468,81605013.90958315,80746411.70283388,315208631.42616814,578780991.7735798
81545452.03337362,87988175.72956978,87474252.89674097,330059643.88477576,587067524.54446
77304358.98261438,81320546.46503781,65308246.038155206,326492448.1638679,550425599.6496753
83661216.0146449,90316998.63017838,64975514.30461928,325119882.1579664,564073611.107409
80643295.88894081,72376928.06693591,61354858.59261913,323606375.53360176,537981458.0820975
101024220.9672375,83922515.33521856,68590240.31088513,315638652.2843715,569175628.8977127
100690837.06202202,87536052.89788757,51348336.11532936,281690609.8420036,521265835.9172425
84131671.01327974,81554954.67039901,67256335.92711338,333925959.51984245,566868921.1306345
73373353.44518904,75414452.25342515,72386454.35849299,261736019.3149882,482910279.37209535
130428521.08810118,95673041.41625808,74580805.85013789,292760493.3854088,593442861.739906
84796787.04379332,76360035.7151726,69605742.87713279,366242398.4223317,597004964.0584304
80806222.59350134,79824377.3968569,57495439.55774409,281505925.57984394,499631965.12794626
92630840.40265076,83566496.60952577,63038828.15425719,288762747.93373257,527998913.10016626
110187790.82246153,91775766.58149897,74272087.22286354,247159669.08412892,523395313.71095294
130376087.12376073,83181868.8801157,67933496.11942074,292766574.21115816,574258026.3344554
92625651.55449143,80676543.13567662,76070716.38794711,284906954.9410453,534279866.01916045
82951253.74071616,95131924.06204693,73980396.51072133,312645373.71367306,564708948.0271575
75001389.04242902,77973411.26468144,74625041.3123417,346574726.7393528,574174568.358805
83667581.47824016,78606719.41942081,81408573.26096496,362927670.2868285,606610544.4454545
76916557.88889767,55128734.24102921,59631694.26168202,315559553.3261916,507236539.7178005
73249336.08928138,73081207.6026894,62258165.26591421,301713599.7165564,510302308.67444134
79923414.37036009,86606838.78045934,70415572.2857303,282273068.6342327,519218894.0707824
101009646.42892142,67998050.93251514,74356533.98206225,348307372.71475685,591671604.0582557
108945887.65440777,78597230.64252198,64150015.90805453,307126318.28932214,558819452.4943064
86036696.04662956,70365383.96118364,59931542.29389477,282963361.5217603,499296983.82346827
72307898.07432978,78880873.92632987,65762975.4829042,293519420.38186526,510471167.8654291
73001903.83530255,63932501.63260576,76571803.82686055,288137208.1266832,501643417.42145205
96164883.5611968,79288370.73183022,48696209.22831583,349224836.7991314,573374300.3204743
97304311.6696976,71402873.04876356,64723894.50325976,264337976.26177713,497769055.4834981
116832675.270673,73233238.34895548,62468692.49236676,276461153.85029703,528995759.9622923
88337724.03603269,89415437.9417922,87267300.74760416,315600055.6255601,580620518.3509891
92653718.81793134,77892897.35576895,59650095.60992374,393507075.5244007,623703787.3080248
108475578.99701956,81733679.22987533,83345771.48609953,373820796.8211194,647375826.5341139
88358690.39826427,79261558.81993526,80461756.8826142,287465320.1994091,535547326.3002229
114013511.95760563,78800983.68565644,81868473.24749312,322794157.2900471,597477126.1808023
92052497.34126295,76741222.27076846,62513823.70213305,291623921.3694316,522931464.6835961
108760000.11145619,61252231.37764796,53145674.99594621,261447323.81383324,484605230.2988836
73377066.24461819,87124857.07956773,80021143.21036209,344511355.04458416,585034421.5791321
78740588.51729144,86759582.22895508,57294538.51046305,379996656.3838226,602791365.6405323
78152354.1406286,72025554.47123699,60973247.25355801,262119580.57956323,473270736.4449868
118697620.88053083,89402223.39450276,83257401.95924625,285139668.26995355,576496914.5042334
89771761.87016566,81359351.85242529,70259630.99381617,272119035.67360824,513509780.39001536
103598608.01050457,80256881.94527833,61044775.11935987,243075635.66086525,487975900.73600805
96105430.31794201,103247744.73183478,66694092.5919611,320244249.8304606,586291517.4721985
104180845.21729256,68433192.33709317,60607589.71600269,268223943.38283858,501445570.653227
102102746.55004999,91923792.15696637,73485371.50705616,289092535.19125277,556604445.4053253
81238378.50455387,69634203.4572886,56525336.33378696,287057921.1157491,494455839.41137856
95616655.15149064,82238731.72738837,68574924.23207311,311778071.4321626,558208382.5431147
86076467.69272158,65325806.02687518,63311516.272830576,277818400.5796558,492532190.5720831
70283324.15193176,75642555.92438456,60393932.82448205,304521433.09785396,510841245.99865234
99886494.84438173,70329816.23271906,65379764.65107423,245356388.0525219,480952463.780697
111465181.31031364,68776290.53296758,60770959.18841824,346107782.0609066,587120213.0926061
83993499.20117144,65717010.55023288,67645256.40314026,326890569.9645994,544246336.119144
78798836.65823725,70002603.43189849,60272720.68104217,288053243.3408967,497127404.1120746
64402908.3675705,69578053.67839314,77107527.50469214,281413449.25785464,492501938.8085104
79428395.61757736,64992791.3913451,66279629.71305698,344377440.4401555,555078257.1621349
105352219.9285214,68778588.40731221,68265665.7660714,359594942.4518093,601991416.5537143
94624070.38037305,81932187.46785794,64763215.491622336,313151460.493479,554470933.8333323
106301244.84170978,82676542.80689049,59774380.32863998,284921018.83836216,533673186.8156024
105841964.57434334,82562356.28663273,70234642.37257932,292892624.07979506,551531587.3133504
105492026.26343015,96280586.02657683,85533315.47766101,391817748.19530714,679123675.9629751
82339663.90756962,70906265.96848759,62818337.83997907,299839976.8034358,515904244.51947206
109667836.12377422,91719502.37210897,77190938.1975428,273646092.1993783,552224368.8928043
66551691.298809126,73597278.74057528,71016628.84655415,304696535.2974804,515862134.183419
118503733.94959779,72001521.59228896,57261190.5817224,272381199.591197,520147645.7148062
77931556.02844198,78839071.79036374,63268279.906707495,252455536.22340405,472494443.94891727
100591831.58121826,64154356.853876516,54922424.41491226,238401177.91441435,458069790.76442134
90148962.05615556,78346834.90482965,84141493.67030628,359616118.67253727,612253409.3038287
109854615.79426402,82915303.93008345,61945332.418910764,307596634.33021355,562311886.4734718
95886439.95276853,84345750.92286582,65577579.16181975,324867227.04056543,570676997.0780196
75104628.40017164,65221465.38008875,53861352.27919681,285839344.40160966,480026790.46106684
72217258.54963097,69430209.82916403,69969137.12964618,271138240.0949511,482754845.60339224
80441958.37677012,75346567.62497321,67407258.94403714,288174090.91969585,511369875.8654763
98919032.45100808,83838806.67163694,79376849.00245138,318634200.807679,580768888.9327754
80332450.25704655,69040471.52999125,65544983.258935064,287999486.8540679,502917391.90004075
79610796.59939651,70789230.13359311,58830037.33750773,300402919.9717934,509632984.04229075
69552868.55148156,74876017.32706839,70022222.68939286,287297627.2200794,501748735.7880222
118639163.16038163,81775123.03753836,57794393.18925146,288564587.84906024,546773267.2362317
88087362.26584406,80339337.96879935,65572681.85573419,271834826.029286,505834208.1196636
73181847.814443,67823212.85959043,58347307.9125962,255848880.84461346,455201249.43124306
77551651.94035788,79972138.42347771,81305693.83119087,350012760.8137268,588842245.0087533
107491681.12166834,89303978.00621031,78971631.85961035,311171115.00630516,586938405.9937942
89198179.80003014,72870791.53457355,63400424.74829375,302660843.2277016,528130239.3105991
97764792.5941973,82017742.02045044,67371376.6689426,310425163.11408174,557579074.397672
93476443.24337502,83508406.768573,57588465.15676004,262593157.2063414,497166472.3750495
104127693.3079398,78674828.46999681,64517437.124927096,295319269.5177205,542639228.4205842
83601895.79053216,80398122.58513233,59078645.34056335,298363775.34418726,521442439.0604151
90713687.10284573,80385702.4474774,69577085.10495895,328872853.50503194,569549328.1603141
79565852.55876958,66859366.74775148,83438230.09174554,307077014.5929033,536940463.9911699
84669654.65929879,81753954.01135787,82032163.25329661,303096642.4394402,551552414.3633935
74317550.77219744,63588647.546780884,73456465.74650824,272039631.51238555,483402295.5778721
86823966.07787725,67917289.75163922,53173637.32226602,276392496.552161,484307389.7039435
75047416.86243209,67912600.72286813,79260555.72564529,329840996.5937907,552061569.9047363
101236476.67934617,86590651.51118492,69525600.58493038,297095216.8862428,554447945.6617043
90754616.36951357,78306611.36730918,62682970.07666142,306028442.4680536,537772640.2815378
77881247.5390264,72725504.07758638,61881324.18709261,257414370.1350409,469902445.93874633
59846659.13242228,62697651.571471244,73744566.56351848,294687607.3363416,490976484.6037536
98746647.40381764,61252507.682743385,54244519.931403376,244040563.0200939,458284238.0380583
84428035.40841554,99929334.0504256,77690172.30401859,394010770.4339744,656058312.1968341
83726074.18494044,88279305.77863538,89450404.89459975,327586619.4648706,589042404.3230462
79992962.14515558,64096316.04023768,59121052.99515742,294129774.85120004,497340106.03175074
120726583.21748345,70552691.0227589,66098616.78358682,246711689.33188668,504089580.3557159
81447161.67039184,77680219.65478776,70483173.3323057,331099679.1388837,560710233.7963691
92938217.16892718,82565746.38752608,68985160.71793184,274956914.3512705,519446038.6256556
64830408.067987196,66804576.94306303,60453680.84618151,338497919.44875765,530586585.3059894
85814268.31837516,74127689.23935068,68392446.05474605,296784161.3927577,525118565.0052296
99294883.00155184,98507571.20252234,95942055.00336748,345503508.9380005,639248018.1454422
92041974.8901415,92451947.86853832,70481251.4521329,340476995.5831922,595452169.7940049
72712487.83165158,70458560.51096089,72563324.58651899,283898885.0546162,499633257.98374766
85437881.59009938,63162633.69314889,77701355.50243936,359860876.04414374,586162746.8298314
89874777.18156023,81253602.271179,71278582.38470556,365830754.8591459,608237716.6965907
80255542.83998384,81276546.82788374,76664920.22602892,364527963.2439788,602724973.1378753
60732820.46006607,65424277.79144174,53729668.98912542,288903497.9546564,468790265.1952897
63146179.2983314,55852645.094565265,73808378.61972786,324804428.9445279,517611631.9571525
88914356.9502987,79720697.08356392,68621213.98869428,346057340.7206244,583313608.7431812
78808202.1415663,75999195.53881104,67386156.41475767,270693080.30294764,492886634.3980827
106995736.6648142,75720597.46584378,75523723.12839161,319482289.30545145,577722346.564501
113283609.5378377,71608431.35145022,57793103.35224946,265198359.69400176,507883503.9355391
89089468.6017154,91375581.7719613,86056370.93403338,253023610.29848054,519545031.6061907
90765844.72870612,52995196.943167366,63007096.07157645,331465338.18462145,538233475.9280714
86647728.83443265,76736450.06338707,66876013.69890839,279134187.5529069,509394380.14963496
93450132.87437724,75271126.49244529,73852811.49949495,308683638.4049624,551257709.2712799
75975650.70609282,61776513.357454225,48267096.78250269,321259361.876205,507278622.72225475
81043492.95567346,77836645.88095401,81981136.56210122,300875526.32514936,541736801.723878
78870907.869101,73265749.02811442,64866539.80804803,374589603.23705834,591592799.9423218
112060943.53054881,86547767.52814649,84146585.16624402,321150530.2620274,603905826.4869667
91487565.49387786,74305739.55470617,56377850.39606853,335930068.33181626,558101223.7764688
94958564.10567938,77752912.98223105,67062529.86748167,257760849.12039763,497534856.0757897
74571953.18570717,76360130.69661897,61478975.51431735,291090292.5356111,503501351.93225455
85758570.46248755,70072744.24526453,56950195.983229905,242086376.93619952,454867887.62718153
85185590.65842701,81308632.94198944,55768804.43782789,292963735.79155684,515226763.8298012
91223922.34369123,68585494.32025096,75292045.23610513,297966636.00093305,533068097.90098035
85805226.29211244,74428680.80085625,53048326.21956363,323389000.9171819,536671234.2297143
74834615.70848483,71530938.13254906,68466994.77423829,360277897.4809907,575110446.0962629
73358414.88642895,69502805.75292051,74176465.32888412,326599081.2266086,543636767.1948421
97103313.55888124,69071155.37937905,61256454.84799997,291110221.86038435,518541145.6466446
76013721.58502822,60801852.82291553,56311762.879663594,334608624.30797666,527735961.59558403
88038248.81279236,89387621.06202939,72072054.89134887,288883864.6267565,538381789.3929272
107006633.71310833,81700038.11519843,77350067.89854479,282387365.10747546,548444104.834327
102990816.58932039,89415111.29731035,73855404.25969489,289924653.0219554,556185985.1682811
86567779.11794554,81537022.279792,69838777.91466048,332587076.0718479,570530655.3842459
102554514.36944848,73260539.85898101,57430869.22819464,292720876.95583737,525966800.4124615
82722449.75246729,82344350.66472232,59840409.59354341,336248289.01032066,561155499.0210537
108316794.32702924,79944410.25816861,68968720.89925691,283817602.24900603,541047527.7334608
79949469.09686029,71185042.19609864,75894910.14927834,309892501.1678149,536921922.6100521
70567187.9840329,74709943.53216565,71286712.95076206,307582163.44995195,524146007.91691256
110340648.26870011,87818753.57572946,62868572.113887824,286997902.4907954,548025876.4491128
90425189.52191325,63304546.57097784,64063442.30543772,242832718.6173214,460625897.0156502
102738410.77843834,87713087.81986488,75167735.59956937,295062709.96965766,560681944.1675303
89617569.4151511,72171166.43436047,57379715.399309345,281710824.6285874,500879275.8774083
97525541.52086702,78457504.09416528,80114049.68212606,349856043.60473037,605953138.9018887
96909435.72685148,64733192.64057153,60344401.73716463,260121987.94363576,482109018.0482234
84689338.82497936,69786517.96537681,60924505.362089515,334426296.3367172,549826658.4891629
94104044.72875553,86981288.76936373,58000568.39780364,300852072.62118375,539937974.5171067
101809321.9043101,93801569.10424735,60495758.45642991,292297963.74744797,548404613.2124352
102916137.87740819,77284636.7466585,60417897.68664339,250253563.13444182,490872235.4451519
74916357.14559609,60501473.215906195,60059924.678865746,322221471.56263155,517699226.60299957
71262157.4579977,74896702.48048662,71568904.88647865,308798593.5919915,526526358.41695446
67380929.9596138,75056871.68587454,64123967.631124295,295216220.4415579,501777989.7181705
79896017.4132779,75362078.54251176,69513832.1756561,404705826.32307327,629477754.454519
88790892.1929595,90986855.49406554,74186134.98643672,314575082.8054122,568538965.478874
89307328.58111526,66450567.53727226,65028119.03858672,238327958.9718265,459113974.12880075
75955660.56918988,74701290.27714238,74851757.21459754,368378935.84528184,593887643.9062116
83966284.35138234,76825124.15838552,74369622.8972845,268903470.1983064,504064501.6053587
93047573.93500742,70192405.10435987,62996147.763231546,283658619.7016056,509894746.50420445
93504805.86224222,82392577.46702117,76227050.43486634,330693085.82495177,582817519.5890815
89638394.6133028,94865752.04419132,60390399.063919194,369322727.959769,614217273.6811824
83252980.95354226,80442144.42985114,64816239.15667675,280654873.32571864,509166237.8657888
94244708.22298008,87363263.97751758,74306446.32244278,298282071.8047768,554196490.3277173
155494430.18657488,99652269.27236705,85735673.10916539,321895161.68816483,662777534.2562721
78900110.53074344,72033012.77415511,72987503.10173649,276441286.8580073,500361913.26464236
73496323.99416488,77917641.59005266,68466286.63037318,280830562.3843229,500710814.5989136
73226125.0744175,86362341.5058822,71652257.46128348,267665859.14850295,498906583.1900861
70890526.34085563,69645553.52276048,68566737.250673,325194268.7595574,534297085.87384653
104534818.7984389,66762576.3589073,65248455.20255489,354368556.43240017,590914406.7923012
107956425.83733964,83261376.9328866,91920549.45632757,357727885.800521,640866238.0270748
103056649.33818625,79450955.97754116,62042306.993815064,272864795.589042,517414707.8985845
89781500.43899368,74762268.2673636,53329353.92010986,256560161.86982128,474433284.4962884
82872801.81405057,81823031.91375431,67678135.20546542,305369762.58000547,537743731.5132759
74459339.97547682,73624410.66383936,75422318.35010558,318221656.4513475,541727725.4407692
68505718.45822215,62357705.0802388,64325930.732385814,288388771.19910794,483578125.4699547
86172604.41259775,70716470.62245344,68077443.0439427,294174895.72905964,519141413.8080535
84640389.57636002,68516266.53948297,70547611.77198526,298525611.7406586,522229879.6284869
96124112.98021623,67788235.41493,78052469.9154855,363827260.3288774,605792078.6395092
64229603.34698387,64727488.16514209,64144800.98992429,254681326.32705376,447783218.829104
85389421.85198139,79569125.49797542,65739393.24736781,324630498.69090855,555328439.2882332
78043546.68601501,57272575.18682046,65745126.68651349,330964878.06242454,532026126.6217735
130219680.23531207,64598401.23118086,69626362.73182335,243803362.19604996,508247806.39436626
115535380.7255355,85820836.87032662,63220226.47942345,334482757.1236284,599059201.1989139
79816632.34766099,77226834.30514719,67709574.47403772,374146844.05013144,598899885.1769774
116621552.17906967,75874524.27105384,76418830.9144051,329868550.3929946,598783457.7575232
69551767.17921652,66716005.981079645,81395640.03944711,328498391.84936666,546161805.0491099
102349985.61205715,77012044.78998633,63016905.64505408,302958078.2364111,545337014.2835087
83569787.87492336,63437035.472004965,54393284.30515753,309690713.81714725,511090821.4692331
82050292.99161693,75285260.6864587,67384811.19120874,316434272.29177994,541154637.1610644
104784551.39777078,69889051.81627698,69255250.4995553,334215642.51557183,578144496.2291749
102121961.60960843,67006415.053685226,65475185.98442343,366680189.31991774,601283751.9676348
85834624.96704915,80187809.37461878,73966427.70502731,279270720.3528833,519259582.3995786
116975032.5441569,86177875.1702926,75463010.14217249,263816513.5366792,542432431.3933012
99040838.86723472,83052299.8787556,83758973.68631285,314136490.15887266,579988602.5911758
74450448.91886194,67863257.14499223,58799651.1634664,256887505.28083813,458000862.5081587
107221750.28692101,92972570.84965272,71026427.4338638,302450839.2519656,573671587.8224032
65207060.61668688,77213700.88246828,79231259.41070221,294621907.88150966,516273928.79136705
85592169.42979077,79682375.65724076,82500837.97893737,329926089.8405952,577701472.9065641
89980340.23090579,78252749.68556899,56581293.26429927,248993427.01534984,473807810.19612384
76623567.00620991,83076324.31444213,65196712.70782231,287146028.6310926,512042632.65956694
79891701.23498113,73433104.05294845,79241178.81365581,311167580.1405423,543733564.2421277
76890269.16882245,74180549.95403671,79846611.29429176,299480205.93037033,530397636.3475213
72180623.22724697,68813682.36197226,63602237.19002133,322515400.5740704,527111943.35331094
102466487.2983668,69962096.2658054,57758067.996878,282478168.34474164,512664819.9057919
97310685.68122081,67457755.0992811,59068342.9535266,274227803.59094745,498064587.32497597
101403260.54799815,83708395.13312799,77273587.31804658,372812525.0954778,635197768.0946505
83042227.29243375,65623155.32025693,53963745.496860966,231342534.24597868,433971662.3555304
81030808.11280388,71601339.70160127,70452288.20731243,307707737.477992,530792173.4997096
80622294.24282417,73769111.04054669,57395226.67938429,329655857.6018108,541442489.5645659
76894970.96141951,64843073.99429576,67696769.16924982,321765158.89753944,531199973.0225045
66172692.01835775,78907416.26346609,60227986.878830396,284778969.7024748,490087064.863129
89859242.55942412,81996060.87393649,71959972.35357045,311194140.1347783,555009415.9217093
81474810.54973912,78595949.20890248,65712056.616782784,374778720.0441882,600561536.4196126
95794169.76429221,69881908.86640055,60771099.856452905,298103582.32308125,524550760.8102269
107381057.46189275,93903946.27141665,69644243.17554335,283127613.0503284,554056859.9591811
73575295.27390274,75395050.9147722,85501750.68565325,343488531.1895545,577960628.0638827
67562252.95339006,66050879.598330595,56954593.38236426,262714146.75740778,453281872.6914927
81955702.87612641,78312677.26080047,72179453.97111489,353117602.7829642,585565436.891006
94844642.29770991,61900387.25286342,54002669.272618756,279805143.71703994,490552842.54023206
89289200.81179763,84517542.93689698,69414851.832963,312895580.67130506,556117176.2529626
90592900.03482394,74539427.67224216,66416001.765702516,346448880.40196234,577997209.874731
86043941.89744344,75611229.46889792,65608432.81440366,352481597.23902893,579745201.4197739
73028806.4179311,89744227.62408549,60656038.822228074,279875012.66160923,503304085.5258539
98254039.04260397,88072342.23156758,59854097.98255169,266069738.03350648,512250217.2902297
91175720.82590772,100780621.47266594,86040189.24775864,323640344.3649329,601636875.9112651
59198776.831787325,70366620.98386614,65049402.742877536,286380128.7634302,480994929.32196116
76101059.22270139,75160542.49653627,58253580.52928689,364956179.2137992,574471361.4623237
111183719.17590131,86763940.6784265,71648896.59500137,292267385.7730681,561863942.2223972
86918128.60961106,91898010.69121106,79014454.29221681,330929049.8273733,588759643.4204123
101115039.05499147,83822145.31665118,72786142.43221529,352656776.5044534,610380103.3083113
94735730.39145485,85631673.97112803,71064716.265036,304488390.1171795,555920510.7447984
79879058.54486385,69074020.76893842,52237211.404572345,256333084.6985428,457523375.41691744
75010568.51744384,69365515.31102704,75835364.05784674,305773270.2613879,525984718.1477055
90650505.72787926,79239998.48567918,81324396.01810424,300867536.4561188,552082436.6877816
84155072.42069665,74574369.217254,74838116.19673689,365258266.11480397,598825823.9494915
94094007.23930112,89276823.04283763,72367138.18719319,309833183.19171053,565571151.6610425
105325335.32441632,84036542.0200405,63896143.73133655,342670422.03818876,595928443.1139822
84344351.81359562,72701968.26192328,71981911.1822567,306189059.1864419,535217290.4442175
92812608.28290258,83321052.22754396,62751865.65109759,317090034.1391272,555975560.3006713
108245024.44637546,71571751.60659142,69088434.16088232,279135650.9297021,528040861.14355135
102704923.0567378,88772710.50309198,68213923.2501301,402010473.2778786,661702030.0878384
104116267.94607908,85966518.79898073,75936545.13833418,357407056.755049,623426388.638443
74355320.7937971,75072655.19934216,68022761.08967832,291658258.4816946,509108995.56451213
93946628.62441348,89232573.00979704,67381210.9234086,308667434.06512046,559227846.6227396
76469237.41446124,60099035.852263324,65336929.770871416,295704337.46674746,497609540.50434345
87874944.41876565,68028275.775141,61856320.75777329,336455307.2946097,554214848.2462897
87219416.37319352,76366220.80144787,67846343.46144298,265840312.89049006,497272293.5265744
96386772.06317095,67349373.98406881,56711095.73621375,257578375.19022313,478025616.9736767
84794888.47216658,72608281.07258628,64731462.10727825,271674714.85515153,493809346.50718266
102443710.20267929,86917709.80308658,69089457.60505529,295483527.4093994,553934405.0202205
79481022.19636959,71900881.74137102,54370478.21605209,258322474.0586278,464074856.2124205
100086361.17036626,81306540.69851424,83210115.36019973,313526827.2816896,578129844.5107698
82302660.1136603,71658482.08568352,61876525.35428136,275951775.6268166,491789443.18044174
91075693.85337208,77118423.1694475,62752173.53228923,347768608.3553387,578714898.9104475
118156555.67841081,93290791.05172347,78315181.92051089,354304892.5498214,644067421.2004665
117398972.97644258,88885691.69974095,67042170.55824229,325578160.64037,598904995.8747958
96407207.36044566,69409241.60699923,62034638.78447406,337944076.16659504,565795163.918514
65123464.20702981,61653607.708085015,58268836.78488216,300360345.216494,485406253.91649103
70167613.93245691,71392903.75509717,72742312.08835995,311153343.92179686,525456173.6977109
101360076.72143063,73543004.31477794,59872399.91769512,327459223.9765857,562234704.9304893
92520375.62819642,67265453.08133878,57455155.824709326,348697047.24826735,565938031.7825118
75206600.24920866,81978353.27728239,63675957.841153696,302870006.3385692,523730917.70621395
91420608.07821056,60354370.90045854,50815322.16617865,282762189.9281499,485352491.0729976
77657354.65573081,83172398.82069686,56157016.011120714,314201054.75080615,531187824.23835456
69959051.67340736,69512437.45408046,55312420.39216243,358643089.2371823,553426998.7568326
70371743.61767597,71478975.9268913,51730893.5541786,341687510.51561654,535269123.6143624
92995956.85332042,78455348.15887871,80065650.99391413,325553317.6538024,577070273.6599157
90328874.13218236,77892132.1612491,71514603.18483354,293978174.60986745,533713784.08813244
84266120.94135222,82924476.60935089,70534985.28481296,307400603.99192846,545126186.8274446
69687332.16855218,85992926.28569691,63168921.07674966,339780849.42877585,558630028.9597746
89697265.75280865,65967704.45026679,72560747.88736269,316675902.21954906,544901620.3099872
108000408.82444154,78223474.98476821,73773305.35418439,256789064.17695743,516786253.3403516
80494741.79525112,64520314.02910267,58843655.40252415,307476611.977692,511335323.20456994
79160638.14828336,82264170.94981912,61190174.44385958,332594786.8729448,555209770.4149069
107558767.2367751,89723975.08891249,68814731.52823198,245163019.74727985,511260493.6011994
95729118.15203281,76617124.01825093,59417202.19823076,278867700.8245647,510631145.1930792
109727660.43236998,70308985.74386947,68813583.78578478,314117555.42153084,562967785.383555
82357052.10698928,80930286.82531713,81888845.37537399,311329755.75237256,556505940.060053
83877124.71041821,81056064.19457202,75386587.09032446,311249183.9556183,551568959.950933
83045902.45601048,58263413.579616256,53968127.68164366,248038423.28283033,443315867.00010073
97312742.2352454,75856120.81004973,64341350.4138157,302564225.335496,540074438.7946068
75864367.05706482,88225668.14725958,81004725.15147491,389437566.18527293,634532326.5410722
97293922.88395609,77754364.53403467,81379200.3307779,297123803.1749222,553551290.9236908
75851824.38083307,68789102.36943671,66871555.06017022,276528270.93934417,488040752.7497842
85064885.16418624,62898882.91628936,64721908.182569504,249985559.70389444,462671235.96693957
75115055.61505555,84676579.14709276,78520370.47051857,333729068.92153555,572041074.1542025
91143908.1269693,72301154.54139838,59275613.93727939,283293136.7852752,506013813.3909223
68436195.10603173,74167358.11185636,64677627.895200044,270332349.954708,477613531.0677961
112112302.39317371,86417327.30114901,76873525.02470721,303188430.95019716,578591585.6692271
87189372.42609386,81821220.65361618,69296698.64506228,372597040.41239357,610904332.1371659
84407925.79497199,71270143.40896472,69256128.06202589,264517675.37536645,489451872.64132905
101120262.81601994,67728678.78978774,68770249.75723536,282979104.91395795,520598296.27700096
94124153.05599734,85989106.946826,71083471.94144808,273218233.15396774,524414965.0982392
75541911.89860508,67723610.75216734,49875492.00827645,319599541.8512039,512740556.5102528
88759268.35634348,67021820.00753475,74749972.97331901,286128860.3040941,516659921.6412913
90778423.19518429,69821651.21460167,50413243.4717001,241980573.20335257,452993891.0848386
81164265.61274011,83061603.27634738,70972816.40112284,316857492.8132308,552056178.1034411
63206907.36653726,81925284.97433478,68331538.06014834,303140360.55572355,516604090.95674396
104547283.69297394,91589384.71666224,82711360.51655598,318556182.9837129,597404211.9099051
74262097.12138683,82260691.32131477,57347365.04568972,369550839.76530284,583420993.253694
87599845.61823359,67400650.98845507,54423960.086207494,248053044.79700676,457477501.489903
89190352.90499069,76439514.95767438,57286869.458991624,282458337.08256376,505375074.40422046
70051940.35258174,77518224.96445478,65139839.56868635,289895132.03708464,502605136.9228075
70953159.55432652,70154790.30837782,60022683.338106595,305205915.8189396,506336549.0197506
89571874.7613075,83903467.0574711,65028430.68342156,247089927.4856929,485593699.987893
102207708.45056391,70813222.66361356,56964369.354210556,291051795.69958186,521037096.1679699
91533080.89953691,72372076.62826793,60987312.403541274,284354729.0646721,509247198.99601823
109413843.10494864,80099712.23783709,61140554.32875919,269784301.93426573,520438411.60581064
83773719.33567536,77516904.49776061,70326403.07035246,313782148.82290393,545399175.7266923
76208995.54923218,70288984.71410795,69184805.53742555,267311327.44962564,482994113.2503913
80940200.36826082,80175471.6188968,74486131.99272105,307550382.1075802,543152186.0874588
81650308.43882963,64363061.785330884,65476213.703903385,347804115.4060484,559293699.3341123
131508850.01089463,87349434.65585478,71505821.10692826,284467101.8736596,574831207.6473373
64548637.36442471,72555014.44746205,83874740.17602812,369846654.56325525,590825046.5511701
104282111.90718247,81536306.67343614,71828398.50385791,237206726.3983985,494853543.482875
98534070.5769909,73180792.27783978,60403509.46055044,286533975.298435,518652347.6138161
82362105.7666798,69152155.70614918,63459663.23573307,280017009.1161152,494990933.8246772
88620301.13011649,64331919.64196248,60317840.71777148,258627710.58133346,471897772.0711839
78694637.63929643,75596159.92686762,54111672.529669516,263265612.65715933,471668082.75299287
95526937.60640535,65997661.040488064,77588365.82507785,359367590.6466597,598480555.1186309
80568105.10029759,68257089.04862465,64451247.678881206,253372805.43279052,466649247.26059395
63286767.36549198,67114064.12444626,60465887.17674245,296277823.83510226,487144542.50178295
79031941.63429877,86221748.63422209,57800714.46514375,261043962.87932143,484098367.612986
94275784.53437395,67739835.32850508,55025481.30179253,292651971.29518986,509693072.4598614
73669318.61108705,72133251.14123124,58835530.92766719,266043054.2835995,470681154.963585
62279754.762139425,71658550.50378127,54337874.62590335,281701074.08643377,469977253.97825783
80341634.73440523,72944433.62324709,63475243.06166637,306661287.7021753,523422599.121494
77614441.06793767,85559300.2468263,55193728.902143866,286385917.27804977,504753387.49495757
99704201.86378512,82893942.56647639,61527415.55588546,275320182.0230746,519445742.00922155
74222673.11960009,78631619.8738501,60649952.29634632,307126304.0134866,520630549.30328315
90978221.19100048,101010319.66526076,77087715.16065623,295440650.4416922,564516906.4586096
69025076.33878314,69913788.72816974,61956498.44502046,229807776.71490136,430703140.2268747
77787460.95632686,76750012.54688258,61766668.20261096,334380153.55067414,550684295.2564945
67948041.6407614,77766537.87995754,73001406.12946841,347364278.46103173,566080264.111219
67866483.29178114,74559671.84024872,59492444.94791022,250989537.70971543,452908137.7896555
81615523.54539376,67532664.96627715,69950112.69413891,323540135.7325352,542638436.938345
72511506.6775255,67132135.64899959,59302200.84945385,289920768.17930454,488866611.3552835
102458196.213163,85494581.69118789,70491714.04652849,304000472.1322365,562444964.0831158
65648452.602048345,82841777.95977527,63561026.4837077,361676639.73279166,573727896.7783229
89990130.07989885,96846445.64439283,78416497.56747372,275139560.82945126,540392634.1212167
79036056.66703348,72988229.0981949,58198722.781023785,281156944.6806917,491379953.2269439
70063116.90376572,72469212.46301186,65638554.42555868,268645820.6323736,476816704.42470986
118985773.46855068,82264024.2413755,63293265.261097714,252776416.75482723,517319479.7258512
88049097.02712606,74012816.69078602,71780153.65676387,304765375.89123625,538607443.2659122
72033815.96126702,88385981.05446827,72912774.71550736,305919063.2806165,539251635.0118592
89537750.80560741,80871236.47613773,57286902.6886868,301194735.8827511,528890625.85318303
81143042.94301006,79390117.64180617,61270332.27892653,279543942.3642877,501347435.22803044
113816139.85535952,93192123.09453206,49437514.619572766,331450203.3990237,587895980.968488
86185414.12352072,69943699.3401734,56663902.81472582,260925699.12748644,473718715.4059063
78211120.55549352,65189380.77095039,52498773.601920925,251487205.5099993,447386480.43836415
91843229.56944163,77452790.41821541,71371384.21677561,308511810.50206596,549179214.7064986
70742490.93577133,76844487.26593569,58037009.39002983,316959272.42064536,522583260.0123822
72355199.50668004,67384599.09799299,59518480.02294558,316285895.0743605,515544173.7019791
89700764.8838911,76772119.72609821,83125547.50821789,260852470.52092454,510450902.6391318
73848204.67528096,64688618.24140616,49613926.64641542,256976694.98008883,445127444.5431914
97361751.61327152,72878793.53781927,62944639.617060885,246264775.5748142,479449960.3429659
76764432.22612247,70098537.77659199,68399191.78163958,250817640.61761206,466079802.4019661
81079588.11378612,84869503.0532685,65169634.22680522,239938491.1862572,471057216.58011705
107033313.48543589,86786709.577342,78383892.17088419,263555829.82983667,535759745.06349874
111107379.58395548,73535816.43286812,62449188.12227034,277173047.6350347,524265431.7741286
101487546.29183665,77151144.54910038,71141148.32514505,313743776.7656588,563523615.9317409
85890704.05331166,67990087.26476601,78243394.14628538,265245661.9794964,497369847.44385946
93159490.98528612,80689213.04873174,77967546.7795187,374006361.6127207,625822612.4262573
85310223.83225441,80511290.36617853,83222684.99611484,320984973.3496475,570029172.5441953
73517163.25703466,70036630.44615373,54112177.403354466,299620891.15170866,497286862.25825155
103415552.22571504,78008581.46200527,55763480.34372699,330173695.76587754,567361309.7973249
65617500.43294841,59687370.164360836,57534248.93195003,295128155.5334962,477967275.06275547
93308697.51311496,76695043.47053786,82094104.98228699,323806593.1347417,575904439.1006815
102923413.21129365,86538168.11340377,60418267.40298543,296278976.2220146,546158824.9496975
122525576.78330787,77556693.63128988,62997325.78759368,309048290.77849185,572127886.9806833
80904349.56419833,68270363.14854448,59444075.100175746,345984207.28170675,554602995.0946252
85320742.50930968,64963366.08876484,51778205.071512446,364463396.20719814,566525709.876785
84144126.37674047,79377287.93227369,61198476.05460144,311020725.9730815,535740616.3366971
110166142.50377426,74426867.04290599,70341140.35815215,263377590.08754343,518311739.99237585
120570329.4788408,84487900.53433475,67175978.06933454,299650763.1404136,571884971.2229238
80368229.08873819,70854475.0105875,47777742.70143593,276117399.5552248,475117846.35598636
85276212.59175865,80116996.27653784,63321729.27250282,276890564.67299527,505605502.8137946
87099433.46835326,63160202.46257498,62390274.823247336,238325706.7363975,450975617.49057305
104353182.2622116,85786086.77240072,62944540.9053095,329039002.69786865,582122812.6377904
88779264.19376552,68011545.49547447,49778608.29519086,291872049.2030943,498441467.18752515
76792019.11647516,83909228.62379993,68237475.33923069,284979760.2313121,513918483.31081784
116302876.03114873,86833437.26056214,46121630.135597005,268209864.53866953,517467807.9659774
69870963.71062726,65991359.095796436,60407104.48241591,305202215.0753565,501471642.36419606
90935461.22452569,87016401.24579342,75448496.43711726,340087504.7788364,593487863.6862729
90067737.53287408,88947606.99037293,67937266.13335675,300719412.0353384,547672022.6919422
64273067.686135516,80230101.21825221,65466369.59598565,425471212.3664398,635440750.8668132
81724533.07000436,75765449.381249,70079499.72639324,271632867.2753703,499202349.4530169
92361716.26600784,77413686.6415862,64468599.06893573,347098512.29093057,581342514.2674603
75457599.9511584,76025228.69888867,77710833.31989492,291184594.19109195,520378256.1610339
83158856.19571431,98709123.79177065,77354583.61603104,305167532.30413216,564390095.9076481
99169071.65671659,73382715.74198636,54612374.71473253,339927958.1356234,567092120.2490588
73087233.78758605,97046368.34873293,67904984.42909124,399081545.3543761,637120131.9197863
70043687.96836188,81520494.57565294,70983086.47446871,341943962.7482146,564491231.7666981
101830807.76298071,74426945.72586153,56722928.03210189,291774716.36129457,524755397.88223875
90378921.30372767,72657375.34632936,67230184.94273442,316340775.6563402,546607257.2491317
75381780.31166007,77069063.03143646,63702601.094196625,278048595.31147426,494202039.7487674
98927191.84800753,71594104.94190088,61657709.83398257,300779118.50696844,532958125.13085943
108676436.28213641,81802616.71515988,73592426.6868844,304959882.0627199,569031361.7469006
86118673.5676689,75463300.0002089,68152031.53574848,296138422.5220092,525872427.6256355
108080938.77816367,76532202.0398928,54947252.99698254,400576639.68659556,640137033.5016346
82753910.33323044,87521752.63748746,82280503.77529679,362055891.2375172,614612057.983532
84485823.89751473,78104967.53511266,57298491.83396355,370339515.97648245,590228799.2430733
76087874.29137626,71656893.53841141,64658081.397094294,296823491.5685364,509226340.7954184
78500504.63690598,87295107.26455976,77590018.38074484,331912088.98369014,575297719.2659007
81802827.27125572,84819516.27839093,65045836.32268842,366411429.96059173,598079609.8329268
88775094.33965528,88074710.23459664,69241789.6071116,314588525.6187014,560680119.8000649
106115906.35734281,102511899.24162214,90895560.84239435,374740800.71855664,674264167.1599159
95838274.394214,73332332.6156243,67904969.72378239,275377509.1225966,512453085.85621727
92616976.15191369,81174463.64005189,53995757.91083519,293133921.3371588,520921119.03995955
93198599.13965571,76519106.48939745,69451177.71753298,264458454.9228372,503627338.26942337
77018839.88386461,83385335.06305124,67972043.55113088,320684745.5173129,549060964.0153596
79900061.63120818,74779602.99514957,49650788.68000298,312124912.4056511,516455365.7120118
116491025.8627418,71866812.12252599,58993659.10726242,311385249.97555894,558736747.0680891
110423123.41681579,80272054.97875793,59364879.22607518,292057628.03122985,542117685.6528788
73948148.66922563,67864026.85224122,60188609.41095381,264006232.92931718,466007017.86173785
76993665.86651488,74626686.41311137,66686435.29815031,258035348.34708908,476342135.9248656
92923003.42762715,73879269.24998775,71470338.68678316,338797443.17364836,577070054.5380464
79925399.56434664,80100583.26380576,60722562.098425284,348362499.27077305,569111044.1973507
76732346.76077448,77003695.65277237,64366306.21330581,268830175.3688026,486932523.9956553
100742354.78941426,73254644.9050004,53766840.897929244,207671301.1518806,435435141.74422455
75805247.16752444,86422099.72977206,79947685.67321992,296196904.8850082,538371937.4555247
82132268.07335459,71154815.30694422,54702042.95565657,258916991.93571165,466906118.271667
102045091.63887817,83592657.56445448,71698693.9370095,269220535.1445317,526556978.2848739
88625697.72218601,58543334.22315835,65833975.64175023,306090641.76296896,519093649.35006356
70307084.91984046,87351650.76214819,55600141.32527595,313065879.28171813,526324756.28898275
95316177.97233576,67299563.08977771,63041953.92052145,246941903.3416311,472599598.324266
55283952.7349644,60671021.81518052,54311990.022188075,304084248.09487194,474351212.6672049
88154419.29161192,77122149.16128644,58972258.082428314,278999848.31727576,503248674.8526025
75141938.06419513,63874507.97195966,56825487.546627015,290694616.4485268,486536550.0313086
79566586.87669186,71807582.83943486,69672398.41719477,289139596.1801505,510186164.31347203
70434039.45600517,77382593.18586038,67641219.34162167,317303585.91231865,532761437.89580584
96400945.59284778,82072019.27837647,68860200.33634973,408141184.5871117,655474349.7946857
70988868.69572675,67881454.88676336,69785237.05440693,309326456.77848864,517982017.41538566
98461710.02323699,79779486.00911616,79977404.31315458,285687362.95716375,543905963.3026714
108123524.58937864,91478966.36834083,62606191.42186739,329540183.05576897,591748865.4353559
86608946.10119027,70847826.0091901,51322174.63316975,253255002.03534737,462033948.77889746
97679442.62824814,85783918.60208325,68194603.85964853,341188516.6611347,592846481.7511146
101460293.63077453,80183992.33642125,62635934.41301494,318358418.78891945,562638639.1691302
94281049.83113375,83734177.58677644,76534269.35103081,272358226.1198284,526907722.8887694
80369631.02014534,60002404.144579925,65279203.54668421,289555228.7805142,495206467.4919237
93436789.38930674,65195166.38191945,73717903.78778233,269007266.28719467,501357125.8462032
98724434.77560262,79351590.6779727,66313317.94633694,297037329.94716835,541426673.3470806
78737323.49350974,86360399.88658403,69141558.96679677,268567045.68197703,502806328.02886754
82007344.88944432,76173760.4919567,73235938.19315964,290855155.54627407,522272199.1208347
80012027.56130086,74837377.37598272,72380798.54925117,265112352.19188562,492342555.67842036
94558806.92955613,73472115.67645968,63082275.302086234,378165627.28051037,609278825.1886125
84506905.25454867,82446726.17019822,74169251.02677794,275151074.5659345,516273957.0174593
64895458.22624206,78251430.97199829,57561469.56519636,242591144.53213835,443299503.295575
102783315.02673091,70223958.11143978,59093799.27095101,370059394.6579934,602160467.0671151
66853837.06600049,61979402.74248936,56568983.94353196,278780442.8057475,464182666.5577693
75578574.64933912,64450162.473721445,73217513.93826887,316148231.1785806,529394482.23991
95775145.61812542,76519456.5421693,69022845.30057874,343132860.61638683,584450308.0772603
74347502.90666257,75682122.98230869,70822208.31501389,368583240.42327017,589435074.6272553
119131373.02141163,82347166.97001906,79847941.21995336,237281004.09734905,518607485.3087331
111818269.96471857,74046361.3196731,64676654.39113017,319052124.9509894,569593410.6265113
85091188.38492535,77420646.2190538,80208632.31801581,305585941.9820456,548306408.9040406
73276327.99267526,90204086.81160213,74399938.67096011,395641073.5883115,633521427.063549
100142626.25301315,67401300.52262098,68644541.03302914,271985946.3609788,508174414.16964203
87311794.59297648,75464902.23451233,54388008.833015636,264278180.5777051,481442886.23820955
124142460.83672377,84753474.26722248,69323331.60305555,385153890.5184226,663373157.2254244
81846300.43861257,74231987.12939428,73274912.40007469,297093041.3838814,526446241.3519629
77381604.66305523,57098889.343791634,52272304.35070009,250920082.66469207,437672881.02223897
89450732.71301772,71336484.60649927,83345860.91478017,283598662.1990979,527731740.433395
109135719.2682691,82136273.05053185,76210231.93636541,346907645.9036793,614389870.1588457
61134208.4378644,70123140.62652586,60461120.15784592,258153814.8821384,449872284.1043746
93868892.66333531,94353158.34961843,52759808.16756238,276672785.3038078,517654644.4843239
71435926.13268462,73346137.50976764,61781911.148751125,277528684.6725869,484092659.4637903
97388847.8645381,94265331.2241081,99534255.78595346,315279607.4448794,606468042.3194791
65150763.85865198,75988992.02891539,78320126.0541444,346624156.61739814,566084038.5591099
112790564.43333629,78605112.14806736,63452073.549945705,307594980.18812495,562442730.3194743
82711719.99298136,81183004.93882583,75820475.60155772,356763232.0554729,596478432.5888379
94638157.01638214,79763680.10927227,74448835.24132931,251403246.46029487,500253918.8272786
90198773.39225097,77157379.9186865,68335710.37112004,304344615.88002974,540036479.5620873
93452373.27153781,72346893.71425644,74426321.96289702,329689246.24138707,569914835.1900783
89337915.14505254,70602735.12249912,70778578.15353031,314939376.0905461,545658604.511628
77270621.47016867,73564528.64255808,69658411.50611787,326862772.86370337,547356334.482548
94281416.11112207,78297131.53033513,75931976.08586435,364337244.4676496,612847768.1949711
98137428.85352783,73045441.81694911,57844939.40931389,276379759.0109328,505407569.09072363
119241420.0460131,84403988.21281719,90668361.3713743,328782741.5421014,623096511.1723061
83667409.88715714,74753091.92065941,64727264.565344416,276474173.2237372,499621939.5968982
72553277.23648629,77347753.60581885,74418937.85875228,414350671.52433586,638670640.2253933
81356563.7066198,71928224.06390642,58687149.20666017,334571346.2574959,546543283.2346823
99365594.85691221,70843609.3946678,58256783.911808915,327989774.6927327,556455762.8561215
92727002.45284963,84236574.03410146,62281732.28771023,244256619.05075538,483501927.8254167
75806214.40598668,79820867.13659132,85686041.5436574,309179292.2773668,550492415.3636022
125555326.62256573,90977141.41399182,61784391.53656273,313717581.29892725,592034440.8720475
100148148.90909365,59349229.14655925,65223327.34600432,340322545.4160772,565043250.8177345
92960009.70947078,76669062.73409724,65252711.10187259,296004122.018896,530885905.5643366
72238732.25471033,67359619.78449464,59114593.990371294,296028335.30925363,494741281.3388299
79768463.15899059,67461692.16651067,68486755.72031726,316514083.3828334,532230994.4286519
79993412.72798337,79124305.97553135,63241840.29774132,304012258.0200095,526371817.02126557
101945369.17017756,73540290.15616827,57376214.61200452,289127091.4096113,521988965.34796166
70102106.82450005,70146764.87585011,60929372.347648956,222439891.05200946,423618135.1000086
94942392.32645747,75968196.4335209,76457399.50302686,323639558.51317465,571007546.7761798
98110495.41181324,89682037.12541845,70096019.86479059,313918740.4928115,571807292.8948338
67782994.08905795,82941110.00666445,66055848.19869492,272141520.42140406,488921472.7158214
98175151.35318886,60782308.37148959,57896233.11813461,321328398.4228808,538182091.2656939
81304350.808908,68947473.71654433,60177880.497256964,233839447.58631733,444269152.6090266
97794735.57144752,77009818.92527989,64836985.91080956,294635525.076797,534277065.484334
87404795.95952287,82113791.3146719,67742628.21182472,263662405.35279748,500923620.838817
95627215.36268273,82319766.79459159,70363564.19636747,352718407.6403589,601028953.9940007
87633226.58722708,86624019.68913235,82300128.35720836,347277960.8901543,603835335.5237222
77364098.57435289,72957554.89040338,74639454.31232156,262423562.00864822,487384669.785726
81902437.89879663,72118038.28189239,58125881.13165551,324341899.7586013,536488257.07094586
92632297.42912072,71073668.62992439,69402863.92845853,300916057.5959043,534024887.58340794
75621561.11226292,67863033.95027977,65813651.39277977,334538297.1935619,543836543.6488843
80668272.1515721,79625306.6851993,80751739.16634686,277266888.78207165,518312206.7851899
92319161.01106265,84857589.85186318,68558581.33373371,357910538.38199073,603645870.5786502
124016282.25138141,85767331.87884381,69172341.78767955,350047078.8581714,629003034.7760762
99797455.63613303,58666245.59123759,60110676.36899108,278341813.2469564,496916190.8433181
92927824.37549254,75503926.25214265,65529919.48994331,275166675.25269395,509128345.37027246
98093538.9411613,94625439.29683165,65790654.71984831,264563483.23123732,523073116.18907857
87487744.42470999,75910740.67630489,75891011.3183623,273244809.6946849,512534306.1140621
80009738.95166823,58241887.22231986,69468487.0879991,309165171.4653676,516885284.7273548
80970283.08808331,64239970.20154043,53095756.467531525,297852041.4989851,496158051.25614035
73036154.3410589,73990374.79784709,82231841.54236662,306731175.49507695,535989546.1763496
74763636.87934294,76810222.50185363,56748463.30552691,356942848.409056,565265171.0957794
109187689.78097887,78582970.2774171,61175156.41847005,286338094.58481526,535283911.0616813
83175109.3310961,78704097.00564002,75536457.6113571,279728829.5143945,517144493.4624877
102532570.13158008,84789939.82078642,65754298.49647539,271642194.48530334,524719002.9341452
88846372.05816807,67627076.00809044,71278989.45807327,269662970.4147189,497415407.9390507
95202293.41957754,76916573.00910367,62507710.34283519,297497945.4664309,532124522.2379473
103673010.49170502,68971049.36630963,61267541.9306788,272471163.45254076,506382765.2412342
86670309.3296589,70223051.76341708,51878989.49559544,252429259.48380905,461201610.0724805
113359286.2067646,83105017.08241966,71552055.23030542,304049268.3303322,572065626.8498219
86489952.42245041,72286296.01121145,68889303.14765742,309592503.3811408,537258054.9624602
72293257.32802548,75106342.36853348,48474768.77185229,294922447.5178109,490796815.98622215
69588812.84233518,71512272.92716311,55066903.816658914,288682380.4116495,484850369.9978067
95669526.84588456,92450703.08128223,59926453.34230504,338911952.4692555,586958635.7387273
89058902.7070934,72592661.81249644,71086902.99454527,300364201.48024696,533102668.9943821
97826877.84339778,69659400.06272778,59674653.06255223,328987345.74171895,556148276.7103968
110627040.75544965,80000821.60161602,49291208.97108113,279428692.2163262,519347763.544473
87661963.88665608,74175904.26991503,68115861.27433173,289639381.82302487,519593111.2539277
99746360.31229138,68571749.81281637,74120605.31726801,371346232.11996084,613784947.5623367
75345172.85676129,66253478.736791715,64970556.190746695,260598549.49149913,467167757.2757988
80592935.15953913,84907595.90829556,74961740.75202581,397455144.98759925,637917416.8074597
89625912.47465992,71365012.07315904,64942009.029278666,296333309.29927987,522266242.87637746
85321583.91793922,75522683.89653349,58917261.92976952,305503068.2961488,525264598.04039097
69596542.50002463,66567222.90072113,60786983.303072914,226499663.99443072,423450412.6982494
98636386.9941613,61743180.828273095,66391581.50080082,258282626.43272752,485053775.7559627
81732569.0230165,79629258.62156758,86957556.06332399,330707225.9514965,579026609.6594045
63484867.99187445,79064842.84303533,63842040.31209427,303805105.9481496,510196857.0951537
95357265.54452819,60065130.69632237,60551275.02310179,278737614.6073671,494711285.8713195
106054983.62521033,86528380.11208396,58193034.09623438,346315317.96014845,597091715.7936771
93717178.1436354,64702592.9758627,62671834.1338564,333975151.37382084,555066756.6271753
71799740.01281391,85381170.86643846,57062891.75449799,270173321.2882875,484417123.9220379
74986340.46426038,86219705.86012459,64864771.755951084,267453663.32707524,493524481.40741134
93652454.21559002,83484118.61900967,74634338.84165919,306758205.01477426,558529116.6910331
90836034.63599682,71257495.4824409,78756027.97616577,360365012.8808599,601214570.9754634
103722390.91544943,86761769.60387592,75023534.07086164,276039081.5601234,541546776.1503104
96516217.69540577,78911986.73283029,78477466.36050059,349905417.0583006,603811087.8470373
95243072.86027619,63920875.79005915,61376439.141276754,276462063.98989487,497002451.78150696
90804498.24441595,73209184.45116691,63172047.11620843,316516184.463298,543701914.2750893
81377083.13876235,75981383.27138005,54899720.277013816,264147170.356893,476405357.04404926
96868362.1145525,67620509.10803045,73630268.05956309,346410965.52199954,584530104.8041456
83541342.69977458,106556042.94047567,87404688.40993392,300797472.5429783,578299546.5931625
98276632.56348509,78794479.17489064,61658287.72505228,266024304.7520415,504753704.2154695
102269930.77819936,73642585.87168923,65192812.40407083,272808727.1225707,513914056.1765301
77361319.59532595,72989457.11725463,67489774.34521995,225929381.74164963,443769932.79945016
87444556.01125166,69867373.63138606,75447505.3262926,437517003.01121515,670276437.9801455
82332111.55521461,61573026.56817748,61316036.50963001,286195100.2017949,491416274.83481705
119579765.7192628,99104429.22573696,83284998.16497634,309713706.81000626,611682899.9199824
97205922.76271684,80427351.17329313,70088709.87507792,259861073.7188549,507583057.5299428
103371495.58228187,80089763.10731323,67483967.68966788,287643746.6630532,538588973.0423162
76800201.5448108,76704135.70166978,53406588.928385235,316148626.1973045,523059552.3721703
73662443.29248244,57751006.35193552,72571706.14763989,274493924.9998186,478479080.79187644
77684076.55808046,84514557.08503026,85193001.5200723,273465385.3881524,520857020.55133545
74826835.08564998,66386454.84684383,69157747.56417258,366170370.55489945,576541408.0515659
73354652.50641781,86166030.41682,63094593.902493335,315500685.3280028,538115962.153734
71142674.36063841,71656872.4599368,62765666.90106049,287433778.67265415,492998992.39428985
92753360.86211577,68705994.59302379,57389062.24513705,306843148.56490517,525691566.2651818
108116173.742606,79697765.68560292,72588123.53256269,342338570.774107,602740633.7348785
99612823.3506374,70259408.90639566,58942418.56559309,272129104.8824332,500943755.7050593
118764560.78582646,86561929.99222654,75177077.08702107,333002368.567921,613505936.4329951
70582779.33150141,90738739.54545964,73959123.40156898,344175636.8345849,579456279.113115
65730848.46191389,78105012.20725414,62756106.5939569,257645390.5644716,464237357.82759655
74855651.58105686,63525731.03332905,52244240.27175615,284223722.90015745,474849345.78629947
81970548.19346313,77997084.64810817,81077768.72889249,315510818.58814955,556556220.1586133
60873826.53933605,68216021.63801229,71039413.35627522,301999999.329603,502129260.8632266
111408033.06180479,84773217.34797694,56486947.4839026,300826864.214215,553495062.1078993
91455877.65416798,87154062.87065841,86900700.7128652,365744734.443646,631255375.6813376
93581527.54756545,83614549.13835488,67633328.02091016,261217617.22440076,506047021.93123126
87789380.73902233,79505687.94209734,58354640.20554027,345422760.51595974,571072469.4026197
102442327.18012528,67373451.51796632,74874993.46771787,300301129.89727354,544991902.0630829
76986443.01284242,83805366.00752205,67691455.88948654,383432050.2371185,611915315.1469696
76074691.18065226,60413343.71096024,57723752.95336194,315271751.7794462,509483539.62442064
75175441.1096057,63110189.51433803,62347885.05275128,248843385.02025774,449476900.69695276
91597923.94500288,73991152.14241433,69553208.90013538,262410159.48006558,497552444.46761817
107359254.31920859,78112280.4443021,74221471.68119183,351592467.11354935,611285473.5582519
72453465.04890116,80800664.66053814,56433975.34244456,250892628.93850157,460580733.9903854
119439074.37446819,92930368.85050814,93658904.30870701,324787969.6237602,630816317.1574435
88650189.28666478,81187009.95004104,67822923.84161642,282851838.4730306,520511961.55135286
75550265.99463144,75512268.2021815,57477052.242956325,258708371.33154005,467247957.7713093
92881202.90472955,76358913.19528179,74307512.96273912,298630490.53898007,542178119.6017306
79456862.43840243,78252555.32085232,60309646.076164976,276320345.1731388,494339409.0085585
78984954.0099038,72636469.29674529,79491249.94544321,270166132.81687576,501278806.06896806
107313608.68357618,86867178.44566226,85190516.3317131,471361195.3335396,750732498.794491
109675444.95622005,89211683.75082597,61294965.45258305,265515994.75203648,525698088.91166556
92386012.62265,63379464.899120644,66351709.2398613,234721494.78241676,456838681.5440487
104879473.87707745,76465209.70687364,68123308.10374925,282320583.27794194,531788574.9656423
64345639.72285357,81922207.09748082,78060504.99305508,304914556.75745946,529242908.57084894
96959710.5670664,74518030.76830377,68345222.69499944,334812614.917663,574635578.9480326
95314852.41074365,90662446.8590147,75891654.9507242,321246354.9754084,583115309.1958909
77197209.77733265,70051879.54853104,69781828.96443364,257109231.36061043,474140149.65090775
104102630.25149797,76694737.39782387,60941640.16673722,263997570.81394228,505736578.63000137
97153030.50120367,77862098.65543097,81165719.6007308,277742195.6643478,533923044.42171323
79496219.15115531,73736362.76185659,59312722.8404682,295468731.6680865,508014036.4215666
91785989.44884732,81425438.65370825,81498970.79226129,277591071.5253458,532301470.4201627
92054768.93618909,71500343.20778677,68106517.76606502,320698536.30293727,552360166.2129781
74459259.41578795,66171055.93097947,65664666.89934953,300194403.6372851,506489385.8834021
84194166.36501592,81462646.52340269,73905581.2840944,295920949.9451273,535483344.1176403
76084863.06490372,63782709.91012384,61231413.86293663,249198568.37253237,450297555.21049654
88607607.79544884,87905505.7311089,67241074.58109908,291224953.3337544,534979141.44141126
120088186.58109342,97418884.42648739,68198558.8496027,320285699.41286594,605991329.2700495
91920983.08326575,78853651.26942576,83463175.05412537,326666123.42192066,580903932.8287375
90584740.18897893,83119325.24894193,79075985.76434134,357107159.47213286,609887210.6743951
95055723.13455497,64825183.48436705,58861813.25790985,321022622.0805169,539765341.9573488
90775896.80554786,84489632.12098025,86469379.86562583,286622389.02328634,548357297.8154403
104639188.47978047,76349033.22404367,74921535.36219332,313312144.06375533,569221901.1297728
122597882.39070646,83462966.88170084,65144607.917274386,322746554.46828455,593952011.6579661
91851303.29961994,87822987.06157184,74106904.12858766,421707085.8436863,675488280.3334657
85665947.85809658,74932806.08497134,61078163.99460329,301101446.07353055,522778364.01120174
90495198.59850074,79281398.98632763,67915037.69463986,286896306.3313303,524587941.61079854
75724922.30706921,70583851.8380388,72699818.95655239,360837101.0777441,579845694.1794045
86139708.43227024,68075608.29435712,62554697.163613506,378162466.07833904,594932479.9685799
102336681.88815586,84100556.72091226,78012708.65817904,382663470.468859,647113417.7361062
72506609.73766907,69756131.06942366,59173011.43507586,313668940.14684206,515104692.38901067
89472855.21588041,83536871.5155408,64737739.22700283,357758101.1290733,595505567.0874974
86245034.27092502,82254963.44751649,78521032.21334821,363252644.09827185,610273674.0300615
92395455.31940158,84762727.72727212,85207789.04058181,347071050.36391973,609437022.4511752
77590989.79452325,79278765.11082035,66346073.18284816,233032552.27675498,456248380.3649467
93904555.0873781,78444221.57827544,77152973.36389707,291055726.39768267,540557476.4272332
68523316.30490755,73474600.9214421,67022692.61123951,306602017.98066473,515622627.8182539
87497628.61254664,67321812.88124283,61920115.52093832,284743633.90250087,501483190.91722864
103552310.80362004,82673331.37727754,66936236.92611313,376080273.15692824,629242152.2639389
83532276.27562736,80381533.0297078,66043569.7032244,368684351.8885482,598641730.8971077
88429444.49486671,77380716.20342179,65518240.467714466,311242772.64913523,542571173.8151382
105676978.07250588,87651856.72106828,71159911.74419405,382831915.90823054,647320662.4459987
100292773.20964381,74682428.50921963,56260280.56670903,279277548.400907,510513030.68647945
93175825.12353788,82773782.16615158,80706138.73641519,284153242.46730345,540808988.4934082
81285689.1327906,65379441.8065173,52803673.32946653,264303963.15153602,463772767.42031044
92481072.74820961,84312384.59375714,61809858.582592666,275681848.5580194,514285164.4825788
65580478.94660701,73131507.78942771,58447815.59957998,354844339.4102459,552004141.7458606
93123020.09294836,75733865.42235877,61433634.35625915,252007469.4418999,482297989.3134662
70052653.92230527,67398799.29396458,57056698.666461125,258145230.42947808,452653382.312209
92636445.9319884,81877002.46092354,64747567.41242677,381226841.5748347,620487857.3801734
65928950.317444704,71910741.08271167,61722930.85571129,278372506.70349914,477935128.9593668
77989413.49594894,74143458.73831047,63185483.594728485,286664747.52476317,501983103.35375106
70832720.34126125,60227634.78169017,57304797.93237387,274046810.36238575,462411963.417711
84499223.92055236,74622541.67037024,61507699.778397284,291280206.75426507,511909672.123585
76066891.59316349,87980835.3582327,63106735.24042421,291595125.4099496,518749587.60177004
77663806.35127018,68056623.91327992,62871225.58460967,293727523.80331,502319179.65246975
81021808.89000356,72437350.02134213,59195857.588834934,308670427.1949387,521325443.6951194
121196106.86911272,74125067.76397508,70166464.56233898,311350701.0027753,576838340.1982021
97063799.87683636,84511019.58554429,71183433.81296696,311961494.9384018,564719748.2137494
81346958.61495633,68582138.97912295,62369277.71474702,256265649.9713296,468564025.2801559
79296700.34532683,84638244.2632975,69322443.98642413,343976955.39871097,577234343.9937594
110348254.41343167,78654741.71902347,69814237.59261107,299962622.2253221,558779855.9503883
76567014.33145376,66194007.008005224,68442799.24801494,309895311.3841735,521099131.97164744
117214643.46719135,91053215.9663806,66523575.65098647,342876246.83944887,617667681.9240073
83049868.21488836,86623901.15621695,65498013.10893092,272064421.87415344,507236204.35418963
76773904.47011201,67846997.71189518,56626532.24409375,271180574.13329387,472428008.55939484
100031425.16833006,96606347.70372525,62738049.414440975,355886757.67539763,615262579.9618939
80785453.13392693,77864024.1679639,54534143.07730617,308865815.9000636,522049436.2792606
63254652.1021578,73374015.83129859,65641019.4377383,308055025.66997933,510324713.04117405
77525613.86576024,78957368.00427896,69685148.07096405,301414259.91876274,527582389.859766
97113871.73060952,77130508.9984524,71306960.24514647,306499577.71619326,552050918.6904016
90287378.05012447,81971755.41527838,65126249.688500606,265120983.067491,502506366.2213944
91149971.6907395,88191290.19921164,72892419.51255134,327863686.64439684,580097368.0468993
86620927.66218089,82760997.62013452,66843090.89178546,291881743.9855857,528106760.15968657
104094144.32293779,74516190.26230596,73765047.70444928,355330928.4836822,607706310.7733753
95494092.605796,67253706.28461905,63520833.752930224,291752359.0361556,518020991.6795008
80549113.36488296,75990830.0983316,71966034.1851355,294382495.74161667,522888473.3899667
84847078.57667822,73558529.83762899,74712900.21919923,303390578.712477,536509087.34598345
71566004.16016388,60680705.19133381,62137123.49849772,268410129.328363,462793962.17835844
97065272.6001508,66867021.80905658,59329105.67962393,251986208.73961723,475247608.82844853
93493615.0350936,83333223.10058586,71718922.62058699,276600346.1909045,525146106.947171
77390985.71788362,76105121.43394782,53657412.42842945,280979556.18631154,488133075.7665725
111186577.8671647,78763233.22947395,57159643.50401614,275984908.0384522,523094362.639107
78830314.1295259,95238479.81280763,87486739.82270777,360981415.94341767,622536949.7084589
82546018.80767217,86342477.92546228,60554879.037449785,340836630.47467345,570280006.2452576
101179816.34485431,77351753.96589108,76972261.2419049,301177054.13359755,556680885.6862478
71215260.8983944,81379863.14354403,66259013.253164195,327324650.1302282,546178787.4253309
116732924.30039768,74803501.51758821,65899722.15719825,365486134.3102297,622922282.2854139
97065384.91352694,71924698.71736233,58148516.77358463,276802492.24552655,503941092.65000045
77482117.73751968,76152110.61289456,66179429.83556208,313867399.2713648,533681057.45734113
76221939.54826069,73217009.21323168,50521078.17885305,288407828.4437319,488367855.3840773
105269969.4136789,67377243.10193627,67569471.79050949,283033700.2315703,523250384.53769493
99167108.71536297,79806300.15218565,71339502.34139265,314393000.8453353,564705912.0542766
107879177.75813173,83137393.4338133,63957827.14190125,308926281.8697522,563900680.2035985
82205611.1448563,76515836.61457935,62766911.095825955,277997686.45940065,499486045.3146623
90035721.97362554,77155226.913501,75579271.24712612,300333959.5515762,543104179.6858289
63502890.19346146,67910469.08923621,50911996.585905194,295212646.8055641,477538002.674167
66702386.67633969,63893944.4505103,57918866.58501094,345138123.60491383,533653321.3167747
73441189.19875953,73303753.02584791,68905199.95752431,362483557.10916036,578133699.2912922
98775535.67946659,88827997.85063864,78618823.12529211,280692645.4084576,546915002.0638549
92378644.06444772,85046623.08956848,61960368.725072406,283434850.39245677,522820486.2715454
76682522.6044755,80817206.85358874,66550257.19703672,294861284.67275065,518911271.32785165
71026379.75521225,72082802.37873548,59593286.294170745,302821953.6991787,505524422.12729716
72621638.85535152,74528218.71750775,61421397.642172106,257807208.48225388,466378463.6972853
70509453.8911215,63309023.74188822,59015704.83612068,294406626.7772591,487240809.2463895
91058710.37467259,79634949.73195763,61718176.38601981,339757867.15423745,572169703.6468875
81245734.48112209,78890548.84621969,65441402.4517385,317748937.5429859,543326623.3220662
84265570.93558022,79028731.94209737,66889892.732706405,336191502.714635,566375698.325019
76492510.75123796,60221962.69420642,53123872.52831461,319029443.978505,508867789.952264
85075976.58815171,76489896.63986254,58357109.21044327,297624902.34882456,517547884.78728205
74032504.47368595,66278751.89823311,58933725.910430215,306977721.8286533,506222704.11100256
95265451.91343962,83016917.61100383,57060682.82268054,296261451.9861432,531604504.33326715
84502674.89735195,63311688.21774034,61381016.777232185,285622335.08846325,494817714.9807877
94652297.86402127,78264823.58125734,63003182.67572283,335974473.35442734,571894777.4754288
61104865.61670848,69690021.71377024,50476245.602034,253323236.1987391,434594369.1312518
94853924.73663266,66957921.895104945,53361426.64194541,376251153.1091051,591424426.3827882
70149001.93748002,87651484.55719016,67488377.57339655,290704097.12517273,515992961.19323945
95493625.55952904,90655164.94017969,62301920.44476463,287885496.10372335,536336207.0481967
99874209.67330246,81137857.94222504,78043182.80922168,338917225.7896963,597972476.2144455
116496457.6654107,82965703.1370267,71723598.09431875,326206392.0231245,597392150.9198806
85240575.63651565,83504202.86138035,70452612.68583351,341184040.425651,580381431.6093805
101447942.52391732,82757473.82082771,73342195.25398694,280722361.0246985,538269972.6234305
79851040.62432942,82231830.5420949,80223849.93473184,256663474.00519377,498970195.10634995
79627456.202244,74757283.48118012,58753301.98405262,268342984.0452795,481481025.7127563
94099071.04831955,92943555.96414699,56594634.76893511,293054981.3988249,536692243.18022656
93923840.16931427,84695089.1319292,72043533.19916898,384726015.20514816,635388477.7055607
87612570.67372116,88649409.41480123,65113210.27095491,309573060.0206989,550948250.3801762
71815019.96918221,80812097.64340259,65837424.05254232,317623398.4810546,536087940.1461817
82939647.9217457,80517715.06722045,70626277.85867594,277093753.30121106,511177394.1488532
75059666.95753083,73326059.59939457,69675333.28224286,379782005.0466512,597843064.8858194
91543640.25398184,86443039.22202533,57659410.38279126,375756891.58235705,611402981.4411554
96090344.51753779,77355206.6890966,65705222.98116532,268454554.31360877,507605328.50140846
76460647.58725125,92104033.79454142,62873210.413091764,271889463.1423393,503327354.93722373
77932513.57380514,64604446.108760774,61519434.150492564,333522778.02846086,537579171.8615193
79085726.36481766,63522237.76530743,63207195.80463969,293943695.5784828,499758855.5132476
102398265.43009941,74893783.30216597,64420180.01707479,297706541.66220254,539418770.4115427
88459815.45460151,72969592.76999207,60924526.873104945,240421909.40638378,462775844.5040823
79659034.09893565,80979623.55575593,74478347.23667115,298053225.1052797,533170229.9966424
107381999.50493082,79520609.15102787,58269047.12155967,245960578.79700485,491132234.5745232
105994251.55363,76196031.05924368,58072646.94941358,228273666.44643828,468536596.0087255
81853105.71216165,78610719.91599347,61374788.33907349,265405897.5295934,487244511.496822
79863545.16141152,86120270.61135913,58521166.781224,277226718.56190795,501731701.1159026
105867022.04191962,84198099.47296335,71296535.32000932,291298232.4061002,552659889.2409925
87634996.7528399,71603508.92142276,58279793.798863456,259397466.09548405,476915765.5686102
98875250.96936302,77760953.7963287,69834957.45162556,315163153.7797208,561634315.997038
93588107.07164083,75093907.38241412,62415693.63938739,273341392.8738328,504439100.96727514
69537433.46186507,63512038.02686569,57930398.00947453,240407133.4973345,431387002.9955398
69891141.37051493,81636970.56776313,68730056.00978012,292561848.74057966,512820016.68863785
125469273.05597532,68326947.03702953,72940744.02751896,306609218.65518516,573346182.7757089
98890316.70752227,79299384.0283401,54310290.391602494,295156607.49107134,527656598.61853623
92022277.61486854,59812368.27307395,75867972.49842237,319515959.48893845,547218577.8753033
97116009.05982283,68166762.17236559,69175349.64069988,346023968.6859839,580482089.5588722
90821982.93362382,76728002.69790947,59827541.52510019,290263654.78854173,517641181.94517523
80342604.61316285,79805815.5716301,60562526.01900386,318967009.1698272,539677955.3736241
76244246.14529659,71620332.11713286,68742204.80678394,281293292.80816007,497900075.87737346
96782972.27746134,83064723.03703313,66796332.314999536,352137048.4574943,598781076.0869883
88301021.37552042,86682143.05409704,86226873.82041486,319548386.05424243,580758424.3042748
96696505.22296204,72380749.69007508,57745124.26899664,287253086.2972952,514075465.479329
70111815.03911546,65000237.89633889,65534204.58420075,281363194.2571942,482009451.77684927
97717021.5727774,80843598.63643323,85036983.83864756,346168110.6269778,609765714.6748359
104242938.84527189,83014014.03532854,71933978.42390177,359039743.6848105,618230674.9893126
97066406.69463687,79892679.68923706,69599353.7855252,329917658.1558137,576476098.3252128
78318434.84460524,68397486.79751123,74424246.67377776,383820273.2438375,604960441.5597317
75154503.4743909,68112349.94174306,71637848.02475344,326000511.8116241,540905213.2525115
97185090.02575718,86508049.79576835,68157052.43763612,322785013.3305742,574635205.5897359
90801971.39535457,69558411.5662343,66382089.57921945,348732707.8808661,575475180.4216745
82664314.75755808,76525529.92047738,67637217.62915628,296157391.9974332,522984454.3046249
97192453.67729034,72110031.88517979,76353810.08414598,337718268.1825456,583374563.8291616
75059652.91720048,89496163.68756819,71199323.39091767,288714870.6997251,524470010.69541144
104081747.5407286,83878794.19764405,56416813.242565654,278987840.8840455,523365195.8649838
91194039.64915048,59913728.30393117,60861842.82252799,297624335.76529855,509593946.54090816
72151883.51637664,75219834.23328446,64970395.41984688,263277283.0816666,475619396.25117457
101043594.66201515,86685182.33581235,68006356.26312822,303837115.9153158,559572249.1762716
97963789.61673953,76351180.58906218,53084968.14429016,305954440.17807126,533354378.52816314
76559001.25854488,70639650.1098534,75561372.79503171,306935464.73453385,529695488.8979638
87232177.67781089,80725637.4694724,71867867.0381824,280980897.3222086,520806579.5076743
86369910.62411013,76258252.03224577,68280743.68391292,317204034.12067634,548112940.4609451
131979046.74988855,72990020.44483379,75208168.70098804,360890473.93158513,641067709.8272955
94368647.7130022,71875999.04905869,79149621.2945381,246207009.21461388,491601277.2712128
78169415.42177546,84997788.55229135,65620085.52966926,368096842.5166484,596884132.0203844
68456466.44731481,63359408.46998205,56681674.4622407,301528827.8519164,490026377.2314539
84161836.9139799,71339532.40257111,76036087.2483674,372389688.05545586,603927144.6203743
81608831.575996,61538427.55941921,46782616.78583113,282054233.3990846,471984109.320331
96866997.89445598,78510772.58330417,66874599.70115943,279557003.8025052,521809373.98142475
96851861.94083586,94604965.24493904,55875908.57524945,295894645.75779307,543227381.5188174
74657110.82420908,61855156.34454892,52617768.03740172,294636113.23713934,483766148.44329906
93050773.00254276,91420484.3187156,71553659.936154,258000341.32486582,514025258.5822782
83944464.51358059,64289945.46048587,53398862.81446459,304215995.2505814,505849268.03911245
89962344.69707517,82026295.63146476,65439747.08574454,334982102.17049617,572410489.5847807
81621598.93949305,85291454.60791452,71743434.3162642,306010152.4311038,544666640.2947756
90220764.44182816,76537462.6196648,80254503.21649632,328540837.6070785,575553567.8850678
87185426.83843152,74035377.13985555,72251890.64681503,336589485.2073612,570062179.8324633
83466302.34937103,65940423.12376269,55907066.197131984,282342733.4748511,487656525.1451168
108235567.36515047,77652030.42232856,63072508.08425196,247124370.43435323,496084476.3060843
111126698.77196644,85867986.34328651,77581261.29319946,358684916.497166,633260862.9056184
84937515.1375636,76395708.49412005,78839068.66737194,324294509.5249875,564466801.824043
95811295.35439709,85970214.89291939,75420258.30082059,313579115.4662646,570780884.0144017
86736028.57999398,83154991.82069768,75068864.1084003,361905669.9224807,606865554.4315727
95254001.77289365,83183160.85574394,65385480.70047921,286676133.605213,530498776.9343298
98820403.6948423,73272570.05093732,65529947.900009744,355469565.61460817,593092487.2603976
106033508.31504038,82377574.7570796,66809209.85001848,304001660.8380524,559221953.7601908
100207278.47892208,78212900.51878375,63175970.679174915,347891030.78614885,589487180.4630296
89781283.68990166,71670434.5106564,68445890.2597975,341581367.0395753,571478975.4999309
74212208.28191039,71693551.22483593,61963858.88605938,313195124.9112831,521064743.3040888
96496236.6024363,73069548.46505076,54880251.23343322,326995624.8883887,551441661.189309
72889866.17337087,75398311.56262664,64012196.547136866,306621395.4103913,518921769.6935257
113604235.69223458,114771347.16336052,65442896.2612469,354311471.4456222,648129950.5624642
85052969.57752012,85410148.53599116,77418903.56497149,375666060.6728419,623548082.3513247
91279767.87640747,69391718.53580216,71341029.62936418,311966259.0089863,543978775.0505601
84002642.18695448,71425728.10286194,72418465.1538509,371873153.168123,599719988.6117904
72014972.23846367,78300229.33848329,63108225.73924644,254171444.28202856,467594871.59822196
89295291.72105211,69498152.05497609,52955316.426315285,261668674.06106758,473417434.26341105
73973709.85199475,68043232.39859712,53378260.08532945,272748047.7404645,468143250.07638586
77794998.04456624,77448449.2210478,70845595.14639178,318892218.1795256,544981260.5915314
83981105.00338787,73206744.83713141,58776553.48867097,268385910.40525198,484350313.73444223
97608948.81494376,63719753.38020787,61466578.19319945,284143875.2734925,506939155.6618436
95989544.63174435,65979778.46323976,62949220.02132092,309431289.4061481,534349832.52245307
64281735.99074038,62734803.508866,59213174.94232137,307561658.8678388,493791373.30976653
89794212.37371622,81735224.48595312,59977911.93926539,249409576.07105535,480916924.8699901
88396116.40319538,66237922.90056905,56482669.18256386,322231482.10942864,533348190.59575695
89889170.5682599,71765417.4187865,59567172.460003495,317287623.6838449,538509384.1308948
90219000.26255614,66659033.11512946,49877843.04234517,349048407.2033815,555804283.6234123
71702816.91298188,77376375.62063009,78497120.46501282,322261790.7387128,549838103.7373376
79213180.0610787,63159732.663967796,51361399.26418969,293642839.76470566,487377151.75394183
110018873.36795588,76643701.17199743,63102654.081775926,327568152.51836765,577333381.1400969
78135867.6932182,76625211.9919015,66096040.61721669,290086663.7762984,510943784.0786348
86991219.96754192,93239534.97778521,77029229.57992402,364758426.16935766,622018410.6946088
75277218.26076096,83540308.53566615,73252456.30536142,264252855.7919789,496322838.8937675
95081694.66917789,73147203.73225051,54501909.02269879,294250843.7366832,516981651.16081035
95070303.99096456,78982180.30446441,66643094.54739092,295034425.22262174,535730004.06544167
129449387.84624021,72614108.8660409,74002707.60751641,314071036.87635785,590137241.1961553
76055464.07044333,73370543.52437817,54688868.38517986,270046611.91949344,474161487.8994948
86554950.093403,63518115.68928532,65252532.94991816,267240716.6699416,482566315.4025481
69118312.8971787,63730545.07451583,78376434.68203159,247801889.72013694,459027182.37386304
93516260.85204104,70893945.23627217,61946936.13585481,319538082.32736814,545895224.5515362
95310789.19647281,71785821.40218979,55321567.586618215,312000167.447342,534418345.63262284
95273531.821809,75135552.4382365,69743566.48219027,293069518.653433,533222169.3956688
76390266.10176182,73889067.58114499,68820563.7322334,317019790.2984984,536119687.7136386
94616487.74841309,71008869.75625533,78010517.9488719,303156732.1252906,546792607.578831
85562964.00916785,65075884.05411104,60590018.54286299,312364620.6644895,523593487.2706314
98534071.08079506,93708774.69308673,77098895.90181403,332996064.1639808,602337805.8396766
81192804.25975788,69374616.76341042,71098899.96374758,342390954.2622058,564057275.2491217
73392720.60116467,79561258.17600529,71799764.48383899,273588311.765707,498342055.02671593
95091836.94326694,68756649.22521028,47878386.40401108,274288435.206662,486015307.7791503
90883764.92615892,75808892.45335071,92999522.34039494,345484754.451532,605176934.1714365
89287227.10586745,80406097.40903264,64241743.511504024,338210011.23794764,572145079.2643517
92398023.02447714,79969387.64658752,62880544.287049286,252609476.1745268,487857431.1326408
80479658.68727218,77213135.77569793,62714741.75140208,310825635.381288,531233171.5956602
84022571.5387464,79314636.02378638,59700616.35840609,304612032.3900327,527649856.3109716
78700878.04802895,62254802.092130266,59370599.41017977,347015585.17010325,547341864.7204423
69042475.19093406,73182763.57574874,70348781.85812478,399683113.4668004,612257134.091608
80588674.85727988,69495468.44847184,55194112.38760928,329130011.3473417,534408267.0407027
75897931.09379558,70657725.40495537,51025991.08511587,313712499.19996107,511294146.7838279
104980711.97830802,87519866.25535414,58567418.11730949,321953557.17087084,573021553.5218425
66715500.08105636,72103369.50342686,65027350.36983663,311371714.7448606,515217934.6991804
95003248.18319544,77527138.902701,53095744.35557901,307940412.466341,533566543.90781647
88581782.26604325,68817470.45272708,52768803.550861135,341084079.78044206,551252136.0500735
106215864.48366044,86346927.13191244,65089184.284894355,230393938.68104726,488045914.5815145
98568294.8862812,81634483.4591223,65607486.09620299,348679926.2461397,594490190.6877462
99892248.93901782,80099482.22233461,68416275.27463506,310866817.7642437,559274824.2002312
97239759.13402861,70655607.92210121,68015618.01788889,274394268.9096613,510305253.98368
108021334.56851026,84955113.94681814,64652696.230594516,309697993.4643552,567327138.210278
76063748.03192227,87778753.03959394,84028525.95273435,353252317.262017,601123344.2862675
111896613.68344206,81957267.20585477,75889101.9312738,366233830.83980834,635976813.6603789
87127771.19260055,76718484.31943049,74077684.95189454,337319232.7017333,575243173.1656588
77270902.02973677,57523194.00359953,57372381.03724267,224979803.3731565,417146280.4437355
74410412.44359115,66366774.09162405,57835752.86264077,319121387.4035148,517734326.80137074
102973059.5744014,83811389.47507991,74947130.14899546,342256446.50129384,603988025.6997706
58466738.43905585,69591847.60360454,50091551.441768125,297490654.11114985,475640791.5955784
62371549.74236781,69082063.26624094,66252581.80383559,264127972.6178826,461834167.43032694
101728015.66727053,83560064.3102325,72593008.88702324,341102645.467571,598983734.3320973
82333152.44112267,76450159.67246358,66033285.28976236,303751563.3933156,528568160.79666424
78310188.35467915,64344932.775658965,58928630.164893515,278318304.22232574,479902055.5175574
77503011.837691,81758964.66002116,58708615.865673594,291349487.342929,509320079.70631474
105116660.12486178,88188357.49337173,82095772.59549437,304651959.75506574,580052749.9687936
98878299.4659952,69260720.22866021,62160073.80107925,291833234.46874535,522132327.96448004
79525802.5286211,71482303.42273563,60403636.011939906,264160117.29510888,475571859.25840557
100026966.19563426,76874399.15854293,68645446.59346901,314026665.436056,559573477.3837023
87975575.5486088,77080045.66561037,64120955.00599307,356164419.2138707,585340995.434083
98506211.56510343,78405126.29157887,63999530.42617594,299329321.4733956,540240189.7562538
93239600.42914852,91882265.52641761,60871601.42292989,327757012.84924525,573750480.2277412
104451906.66969347,66778560.23392822,62191634.207021765,263070473.75402194,496492574.8646654
93432533.18766402,74172651.2623232,64743175.29712903,288565979.16810304,520914338.9152193
97868133.28934458,80217363.12328468,69962884.37148932,316457534.11004025,564505914.8941588
95580899.39144285,75390393.36867993,81099310.71848935,277714072.7334369,529784676.212049
66149032.93664316,58009825.90932855,45426219.106107436,291840124.6285017,461425202.58058083
95258131.30639863,89266664.41105543,62566537.72438212,332461676.8173914,579553010.2592275
88005132.51606856,77745477.95062934,71854070.38449712,285355466.31738406,522960147.1685791
131974986.94502698,97503713.02756394,70606247.99455412,280850890.4163235,580935838.3834685
85988936.68685474,77478025.05813429,75472856.899612,275211543.487813,514151362.13241404
91287398.86804302,64453820.06182358,65341200.24605687,295620694.119087,516703113.29501045
118917683.31618187,68302710.9954138,76135579.65044817,257753860.53583342,521109834.49787724
70510286.77745092,59756967.75754535,60874085.01228313,254283205.2679328,445424544.81521225
70272201.83940941,74187149.55877881,67978288.75576282,306139398.4342462,518577038.58819723
84971677.02415052,93451106.47262526,72895730.97436143,348185620.9468607,599504135.4179978
89226913.12444825,67394031.53317648,67312347.17517583,280585517.49640024,504518809.3292008
85946508.04142547,78578819.1362929,53135533.20826083,240602700.699378,458263561.0853572
100880277.24183176,72858760.98724107,61012802.22257018,303859014.5187056,538610854.9703486
81984859.95378879,78756056.21815364,66321850.87496612,312354494.79217374,539417261.8390822
77937032.64592259,75868988.581597,74666073.53314684,293118047.55677,521590142.31743646
100974974.5129423,78212239.03095065,73681391.36372171,318714302.8639439,571582907.7715585
86742597.60057934,79147368.52653047,77516455.65759139,326216880.02911526,569623301.8138165
94153499.71652275,74215159.89838013,79273183.20173676,342063769.98722315,589705612.8038628
88299948.38458595,75248768.76602975,73962471.1102717,291522516.60696346,529033704.86785084
65548436.56189638,71934563.5349221,72922257.1618473,370748492.2078645,581153749.4665303
85722351.57627302,76193608.09298572,70252640.92332625,299646446.6619434,531815047.2545284
94726299.23314656,76786752.9819335,75237445.9869138,342064072.4645405,588814570.6665344
99289887.5990533,76543187.57809213,84029824.73711859,341976887.8145618,601839787.7288258
90730776.83144167,70333847.37866645,63494044.20621525,303498251.3287382,528056919.7450616
76873280.37031536,71506056.12416758,62652546.5869425,300144155.5266248,511176038.6080502
65760478.47146001,70281534.03021431,60006822.17632121,293226243.48645806,489275078.1644536
102933442.38148755,100156216.85706143,80934321.03943285,285090422.0914001,569114402.3693819
82515211.35788861,80512687.29700623,71321047.70034416,348797543.6434289,583146489.998668
85858951.21826291,72721075.48252098,79813489.10178894,319410273.2146278,557803789.0172007
74105311.9918752,86969545.59027053,57729024.658249505,198978090.0292753,417781972.26967055
98642629.89076973,86942008.72947676,73885544.44488762,273020707.93267465,532490890.99780875
86389672.83794905,73543870.73360024,61138899.86581341,350243937.9227308,571316381.3600935
73750251.67062972,75992375.95833695,75210224.74957563,327248429.74090135,552201282.1194437
106382989.32073295,84970543.15245537,73738556.63984764,330338770.1837993,595430859.2968353
96209782.06801516,74432927.3087076,56542208.46255984,326961741.8773071,554146659.7165897
105039299.5834628,81730337.8462198,64592471.921509944,255471130.88150668,506833240.2326993
88414538.89571626,65332541.18798323,52168593.64986476,282941138.07323253,488856811.8067968
77168157.46200478,77036444.53391166,64619868.66948155,282117842.62239045,500942313.2877884
66371895.676261626,64828333.876739435,55185632.42211852,248415244.31016007,434801106.28527963
82731708.12383235,65872151.30210063,60957542.27349477,302669248.1258512,512230649.825279
76400880.30831331,77576287.88713835,56152929.695715435,257408678.41839662,467538776.30956376
85641077.82820104,82052851.51970726,75413507.72874892,380754401.653475,623861838.7301322
82104205.95962703,73976113.08666342,57577428.6031904,254001378.17919835,467659125.8286792
90459164.35730264,70164988.35411276,74247473.91104107,262888546.2340752,497760172.8565317
94271515.91041477,68969696.91650344,57977233.822378546,311390365.5091049,532608812.15840167
78261930.57266879,69967981.08168137,57599953.51777084,358174237.34072036,564004102.5128413
78997199.70485438,74863760.93806884,63667053.82241219,308502461.3598248,526030475.8251602
79031988.07116958,72720845.8606198,67539026.11208965,275547434.3819102,494839294.42578924
103828158.96551503,90793618.78216478,77198225.77992116,324615355.5430282,596435359.0706291
54021733.22177189,71703013.64698055,59549358.03042749,284814725.6142896,470088830.5134695
64357481.140605815,75206259.64077796,54220550.61288271,292404326.9801848,486188618.3744513
100802736.85791257,74499942.60848747,76495295.9709111,289542312.4634519,541340287.900763
96009544.75679485,66905311.672334105,71429598.5594242,339634053.70521724,573978508.6937704
94000241.99959795,73975606.16747901,55644695.113942884,278789495.9809076,502410039.2619275
104177673.71163465,80436483.18775724,56939366.98917775,260027138.37275332,501580662.261323
106588181.16612051,84266852.88846199,60346451.4704474,246089237.21034655,497290722.7353765
78901672.89918551,60079092.71903833,58605042.42197669,383102364.73833054,580688172.7785311
67529331.95008707,70292662.40893148,73458080.78191297,336593747.9297792,547873823.0707107
85155278.80092204,74428584.01397762,57029352.382248476,284154588.2166509,500767803.41379905
90674807.21158126,87233742.04239522,65054666.48326482,300542913.94054717,543506129.6777885
74910215.60181491,75466545.38355765,71519467.39426996,332518549.2348941,554414777.6145365
72305774.59949869,74188172.74966556,59581825.41155668,331697617.8365142,537773390.5972351
84984011.83949411,63486096.39416723,59778809.5683612,308000028.02039754,516248945.8224201
90683016.72322507,72378069.41538484,60613063.495085165,265076377.98615757,488750527.61985266
81865775.25218709,67965372.26755583,70556347.56169812,275739001.27938455,496126496.3608256
88932516.10115135,76926621.78403156,74372569.47568928,355482270.9784563,595713978.3393285
97489696.57341218,81301780.12387191,60421920.38785499,265465280.84017548,504678677.92531455
76162421.5567643,80499911.38989441,67545685.73510037,339131104.0431912,563339122.7249503
102399547.49201246,72582909.5321764,65858611.92129604,303184303.33085763,544025372.2763425
82748357.92896533,70702273.83308312,73586496.43766135,311974560.6664582,539011688.866168
87391709.76321146,69402258.88752711,69026884.94825456,271812983.8768941,497633837.47588724
93797960.89322713,81805501.96198377,65137649.32244712,317036819.13643944,557777931.3140974
89839810.42556788,76274458.29087764,66406992.34680595,307141246.3733467,539662507.4365982
89041205.20869412,77000712.17597376,58354922.750787206,290648352.797996,515045192.93345106
90987650.5958402,77710961.6340691,74869222.4632361,337785780.5425536,581353615.2356989
75861535.65771261,72333799.13488102,61807095.14402273,297336769.16636294,507339199.1029793
87166319.16772513,81666698.49840271,69444706.4259726,357147347.51941323,595425071.6115136
90639419.32569967,69754527.96945009,60561617.733465925,317167924.42512965,538123489.4537454
67343455.38724531,61443077.78100325,59636738.77705939,323594201.42648745,512017473.3717954
107511897.62996641,77830640.17474096,76781095.55062352,320006102.257238,582129735.6125689
68241826.74183264,71922971.86651637,59010493.889560156,326201429.4500952,525376721.94800436
86850118.59582035,65604524.95321336,52122742.27704452,282897670.74620354,487475056.5722818
59188460.35728198,65655293.913028106,62288715.5320134,260623654.76142424,447756124.56374776
102255091.10192639,90537588.47005588,63541313.10956999,296694650.5206669,553028643.2022191
102266652.36345954,78894490.92155553,57495406.422543146,291177248.5925892,529833798.3001474
76074200.49249601,83858713.34495635,73131927.8326788,302882161.78324604,535947003.4533772
89215852.79992028,65775723.4804301,57111775.45413154,346839859.37172675,558943211.1062087
87958505.46876505,84900780.73418772,71039347.26424451,363907970.12622726,607806603.5934246
63320273.09237541,69256723.77379233,75613765.77800912,346308091.5296623,554498854.1738391
107828062.03422268,79797300.05203898,64180838.8071687,270649793.13449293,522455994.0279233
73159028.54746608,80278324.54807355,70879899.2580946,307861113.63095254,532178365.9845868
94601761.06240669,78810370.33106598,75577485.68927458,352415248.6925264,601404865.7752737
73523749.00928268,75567984.70386553,53429407.66750861,292601393.7934236,495122535.1740804
96069082.09914619,66845725.394026056,60144834.04567725,294874068.1792546,517933709.71810406
90536593.45580235,74326248.13817489,57136478.55598243,291601658.24567103,513600978.3956307
66934091.16122306,69775074.88263854,59455486.188440934,288676927.9661396,484841580.19844216
79736442.45141955,62660658.4622947,58176523.390485376,322348081.815961,522921706.1201606
106730107.28599916,105596541.36114916,93464131.46602282,298059750.3099686,603850530.4231397
81686524.76384474,74789495.98761798,64680069.6086749,304459049.1152683,525615139.47540593
128232161.17476799,73304635.69047092,61504763.942174904,362392420.62426955,625433981.4316833
79016240.52998252,77883913.47482601,74900928.46105823,331990204.3458998,563791286.8117666
89927556.06231794,85412134.95656182,62415770.10565578,286660534.96009666,524415996.0846322
95018479.09953202,61107156.93750598,72047491.9566831,316027590.0004889,544200717.99421
89371482.75428721,63397141.41726491,52835645.57755579,271062876.58301723,476667146.3321251
99245409.40823343,61662147.236109845,67327330.847607,288489394.4816457,516724281.973596
84142925.74726161,77735358.05588931,68657918.51411898,283448740.03541297,513984942.3526829
96386611.91345677,59561388.70032712,57208186.45761451,293154866.1827213,506311053.25411975
82521258.70875575,60864885.72596178,65863790.68247898,258035456.60820508,467285391.7254016
86270170.01759915,77274209.42788774,66616262.571724154,349282335.3199411,579442977.3371521
86467280.5219037,79803376.29959938,66889796.79061732,328939237.5458959,562099691.1580162
109010807.55058694,81339107.00555156,75682571.42246926,375413030.75858307,641445516.7371908
108378773.05352482,76472847.46563274,76064455.45310175,325352704.9432162,586268780.9154755
104293229.85586643,84637194.68419775,72190775.91940859,330971042.3986355,592092242.8581083
90846270.79173125,79471372.58282407,66200880.692247376,297190901.71132267,533709425.77812535
115659068.11041515,85739241.18227237,66102943.17385185,299383569.9502755,566884822.4168148
103279880.2312119,72638048.01210569,55085993.39335418,247365983.8126676,478369905.4493394
66116656.52580579,61520890.241687134,51737471.77608979,328597364.9490093,507972383.492592
86565417.1527481,72858328.03729719,54712764.060715094,284901060.98036397,499037570.23112434
66028281.5174584,68469832.19499892,79345280.13234557,338669581.22719014,552512975.0719931
84326720.21411283,81870278.09208679,63834938.50918716,276976528.48388267,507008465.29926944
114570619.5862235,70960541.08950186,62844504.85817524,310889330.6645217,559264996.1984223
75066076.56796502,79302436.37867662,64117146.81335349,326574629.5527884,545060289.3127835
95787652.9675412,75592659.60298671,81294221.69663008,296757266.652905,549431800.920063
108234578.79322468,91541868.9903563,89183479.75850075,340687042.8411243,629646970.383206
76862098.28420137,94002027.84287916,68528863.63382494,284448653.92699003,523841643.68789554
84597386.09808922,67484002.38105954,66904346.48335183,281586265.57258993,500572000.5350905
83284153.44908771,84221702.23656324,73888791.71492232,315933313.7285542,557327961.1291275
89627195.32823898,76689212.14481777,63127113.04125894,301297426.4591942,530740946.97350985
94339299.49072942,76355272.60939153,69961862.4673333,280766167.4980874,521422602.0655417
79169340.32702991,68403018.79225558,58824790.92170803,339351212.13035536,545748362.1713488
97960257.67500487,69003104.42909847,67500777.1185128,290514019.39455926,524978158.6171754
78180458.38468,62539507.294408016,68032150.47657323,257041635.49124008,465793751.64690137
86485274.54590444,68100250.89903574,69275416.55641116,293310239.6954333,517171181.6967847
85350205.71992806,74860453.82520272,67964385.56858708,306377185.7977123,534552230.9114302
86605711.03414954,71572303.0366664,53485922.10716985,252882017.2143784,464545953.39236414
97841749.30294806,75408361.61883269,61377339.321710944,254643365.87637308,489270816.1198648
66215498.11870581,65923291.936536275,67987207.31708264,282564165.4963029,482690162.86862767
92984090.16014817,72027453.8743339,70070286.90725549,295355306.94684756,530437137.8885851
71594906.4846088,70551924.15465769,78591538.61344759,386120419.0734283,606858788.3261423
94274234.77508873,76247327.62346154,68964738.71559292,319424097.17178863,558910398.2859318
86652689.81186604,79966604.9785699,69084959.75376624,298007290.1699911,533711544.7141932
72016076.57548651,69103927.72055711,68972391.94136167,302893580.8514729,512985977.0888782
91504009.7401685,74467662.8296499,57993154.84469618,286605844.88796854,510570672.3024831
74036733.9361015,64687919.52963317,70622794.09130041,289729533.88889253,499076981.4459276
77444034.79490042,89303779.44802639,76980559.04031597,306449306.05079675,550177679.3340394
93389253.57437336,75221946.44940308,60905708.69018441,315200306.5969389,544717215.3108997
82794561.7693535,75874588.79193306,74250171.38093352,347310433.2722735,580229755.2144935
79854369.14712015,78908396.71955691,58308397.64894827,311580634.8324801,528651798.3481054
89306581.732628,79941481.16588983,65196398.507395625,387399794.5021089,621844255.9080224
75487198.69161874,82401032.05270268,59770012.17475438,316347485.12853533,534005728.0476111
95631409.15865962,78210066.7685735,63436600.41417837,307536600.92177,544814677.2631814
91017696.19555922,94492952.59440255,65212509.2686089,290418572.57366806,541141730.6322387
91276415.32774387,74657693.0787753,65036306.65506047,342590533.9010763,573560948.962656
55515570.6912322,64114968.053261034,48603800.96309137,240783017.38089594,409017357.0884806
128171250.20867766,88990984.72123545,80985741.76452927,323277105.8001687,621425082.494611
98474179.57842968,63796832.24603366,70266304.91942516,277292249.87551,509829566.6193985
80094851.60966931,79136745.14280084,69295011.89364794,311598235.16973716,540124843.8158553
70106247.80319048,73271113.41420802,71834519.47648302,290165724.1938863,505377604.8877678
107648023.78232852,72176898.71077585,65746015.00780056,362208312.1799194,607779249.6808243
78192787.12916608,83856106.39319535,86185611.86888982,333380234.0864562,581614739.4777074
80150008.40584694,68290620.84437676,73440800.4366146,357671954.5200421,579553384.2068805
109989504.21558881,79916278.02196978,77513952.54700042,317174927.93956965,584594662.7241287
75708068.51043333,83921721.95474766,82608005.68565321,287602055.6331587,529839851.7839929
73835749.26043633,73626957.79674232,72202811.83451171,271461853.4711249,491127372.36281526
90436621.96430102,71679633.09466097,70310661.30423172,280575261.9100421,513002178.2732358
98680805.29175076,76853332.07654348,59911916.489162154,300299132.94565076,535745186.80310714
63940452.695393704,66500165.29701449,63753750.2763198,241995261.67969212,436189629.9484201
57775144.93117726,52912476.543510064,64942019.0711634,288913769.4521648,464543409.9980155
80080108.2559041,83257967.56092528,64925427.860248744,314702789.294148,542966292.9712262
87568369.56845877,72145764.87089236,67020792.50124915,332263419.6173386,558998346.5579388
84663524.3049786,71682346.29970041,61838309.65469492,228664095.45462132,446848275.7139952
91251920.66205113,66873374.272825696,67850037.68571192,299904507.63978505,525879840.26037383
88688420.01589,82833022.1780925,61348224.26120859,314398691.48578167,547268357.9409728
91026598.10292718,75227896.72345918,59122207.61279494,317179589.56912965,542556292.0083109
97606614.77901468,79107218.75660805,59614370.76867999,280909682.33581334,517237886.64011604
86369437.50631148,82224381.93925783,56476328.029504135,276517740.16034037,501587887.6354138
81761972.7758353,74284931.04430841,55848851.719737895,284119073.7898061,496014829.3296877
82977975.63280083,66756555.234204054,61631018.69398901,277742066.22394294,489107615.7849368
94411003.61221065,69958817.26828744,64961824.0450889,274508175.5839038,503839820.5094908
79221837.29289523,77068141.43299013,67848618.0902186,291892541.7798615,516031138.5959655
83525548.84384327,63720468.966186106,72478135.71433522,331333455.07565284,551057608.6000174
96797101.27291445,64820083.695368454,58190773.3453166,280438646.15625125,500246604.4698508
64011264.085568935,78632104.12951201,77842588.57860105,400633499.0423939,621119455.8360759
73759490.57057236,74270045.58381893,75669233.39628881,304031208.9911984,527729978.5418785
79638617.42134017,60104060.62387093,68335202.37153639,299353298.79340637,507431179.2101539
77594773.91638371,76587417.03421356,66926903.235422656,310898486.30275434,532007580.4887743
84228200.55777147,91066908.11724648,69748748.50765404,377332836.4439753,622376693.6266474
95452812.40840417,80896998.94548286,67272611.5646774,344314305.19919586,587936728.1177603
88800272.81808946,68621681.13488282,56631167.221558765,305070654.7699758,519123775.9445068
75413747.09700471,73112828.63197984,72978114.65630601,320989482.8139092,542494173.1991997
77684378.74535066,87245976.6162261,73903035.40539846,355259439.2792569,594092830.0462321
60653244.40557528,72820689.02829434,69931972.79782118,371583388.5740774,574989294.8057683
68984540.30332139,82951489.18096712,81781956.47584668,255196947.19895688,488914933.15909207
94154408.5802969,83165999.37447543,66256010.03431776,290562860.2685836,534139278.25767374
97051741.19993858,72630142.03718242,63712626.40698655,330436582.78419685,563831092.4283044
115490056.39888829,86311257.19604678,72065879.11220774,297596655.5117397,571463848.2188826
74177431.67647296,83393222.35300386,66565793.18328789,350030107.8724518,574166555.0852165
82724983.69088817,69769596.81915833,66855436.086841084,299982153.17620647,519332169.77309406
71897714.22946258,89856911.54418182,64699417.47760341,340931703.5108806,567385746.7621284
99794063.95246023,67848620.98004454,56597576.865112185,280904189.951271,505144451.74888796
75919420.04609019,90022831.42912525,68373222.32665543,344377844.2101409,578693318.0120118
94684311.48191683,79940326.91989207,68143675.57816054,355572491.348968,598340805.3289375
76414057.96978335,90154243.43488488,60167733.495803006,329828507.04264486,556564541.9431161
69635554.5151979,69731893.02246639,63510167.30989568,281840988.85942376,484718603.70698375
84707423.08384715,64417589.448511146,54884902.39552079,303458932.5987844,507468847.5266635
87623307.61129121,70349896.95598136,74969698.99989584,270879838.63156533,503822742.19873375
82301642.12970506,70853931.17728631,68812281.50338054,306846116.79620916,528813971.6065811
85710391.67740369,61267938.225580946,67062697.20537861,292112248.1380929,506153275.2464561
88838238.4688741,70098577.50035423,57524061.34425944,347248438.9862925,563709316.2997802
65649666.38430131,63181768.394551195,71659163.62561822,327143703.1314607,527634301.53593147
82779174.70185049,86857529.7985825,73223579.92217892,324071523.6716225,566931808.0942345
90415571.14646582,80968000.95921944,72141559.91718926,402693320.18235636,646218452.205231
84528241.17875496,74152248.13854146,56370446.62286806,290341214.2190715,505392150.15923595
117520698.27180189,91237968.38388926,68087442.35812907,314211297.100961,591057406.1147813
70858601.42111304,64919941.61106194,62204322.07086137,278462525.06812775,476445390.1711641
73774658.80223197,77538128.7506876,65173496.10883911,253100410.70446244,469586694.3662211
62551205.28524557,66086365.406344675,50533101.16952788,226006211.86515942,405176883.7262776
104489474.35937013,78402485.45099325,65667323.06585269,299080290.31984603,547639573.1960621
72681381.38198885,76575519.79281232,64407735.71361604,276635609.99980783,490300246.8882251
79122001.6508032,64607950.81446407,58584571.451624624,282983630.00332767,485298153.92021954
81375190.77468039,75400314.31101753,64927952.16730637,310650223.96226764,532353681.21527195
101425155.38179155,84340867.66816013,77977317.32469285,290788040.0534394,554531380.4280839
80386548.80901615,80571343.40025309,72815814.16002801,289351294.62197846,523125000.99127567
96181139.75666797,69783536.39246432,68067951.5850733,303770864.02271074,537803491.7569163
69867085.5784109,68837059.60888135,80959500.2550926,323203811.0809889,542867456.5233737
126050795.02026682,70031595.82970977,71750558.2110169,231675070.27368367,499508019.33467716
87204656.8401858,81860807.7232163,75176462.00410426,288363129.67988694,532605056.2473933
102996327.4969419,74309985.1944897,64980950.859016016,288580055.5469299,530867319.0973775
72698176.14834519,87543226.94159596,69416007.68334325,352454067.3649136,582111478.1381979
103089076.94646089,70690302.80620283,75022583.1847091,331289440.62769544,580091403.5650682
73818359.4991459,77182356.02674691,58189699.816302255,354542459.0134886,563732874.3556836
99346490.74576838,77748339.02261871,78185665.12418108,265389205.2110196,520669700.10358775
77346660.9070274,71936324.48924032,83529192.3500897,282886512.0745793,515698689.8209367
66346488.88115502,60543028.450161725,65856211.316556394,277083908.38365644,469829637.03152955
85014312.051228,82636352.2103292,66934236.325220555,314786681.3428922,549371581.92967
95012051.42662995,73835932.15490508,64425510.94552099,310649016.2323868,543922510.7594428
100215609.33414409,71677102.80290343,45557652.39113265,299840337.7123966,517290702.2405768
101175642.3036528,80554064.64245509,70558746.02761012,292016093.07299876,544304546.0467167
94480534.50736187,85526115.33088027,70138150.40609871,416095953.57716995,666240753.8215108
67889476.24328408,73271520.2900011,55641823.93913402,320682786.5652621,517485607.0376813
67696947.56586899,61601074.973127395,55330735.27281215,293799342.39179224,478428100.20360076
79276189.99394585,69610418.50218837,62006310.736521244,288748405.33993924,499641324.5725947
110663343.57050388,86952353.93099943,68250873.89537917,396626371.17620355,662492942.573086
94351681.48881595,69276568.86884978,65995635.685005575,321312187.85045767,550936073.893129
78114881.1897862,65735186.40989955,62484239.45146565,283858976.65910864,490193283.71026003
110515973.07905434,87482376.34947214,65893505.6104002,324698270.0243124,588590125.0632391
106827014.84958018,67843920.53566164,56734233.87270089,290922315.74323744,522327485.0011802
87706557.85268782,75747558.39255774,63619783.06789905,290421189.9288955,517495089.2420401
92742773.34468207,87973343.89225861,66468602.4863906,409142052.527856,656326772.2511873
119375823.70085083,95281372.1316607,79644360.12979373,411397207.83098245,705698763.7932878
83249068.69772345,68406137.23127028,59311819.93303789,261532880.68823564,472499906.5502673
88925635.73916757,79137432.62876555,68863628.18877274,308189474.8357208,545116171.3924266
89087456.71344218,93454396.71842812,77373654.16398051,358295961.87684786,618211469.4726987
89913506.33026004,63593627.44855242,49716580.0926086,355404788.2308768,558628502.1022979
80088355.95245013,69519700.71751554,65236388.27657093,320224478.04021543,535068922.98675203
97191845.11307485,95738151.5059889,87266098.23914032,303313989.6519265,583510084.5101306
101842416.82464685,75412106.40509574,65519448.070071094,268314590.5521028,511088561.8519165
66497882.152845055,71308341.78553225,56399480.17654416,322619983.68795484,516825687.80287635
83369632.86862719,78066980.415035,78288566.50191209,267789533.7223654,507514713.5079397
77653501.80291782,75695124.05941117,67888735.22659501,347025992.5251057,568263353.6140298
100199142.78956845,79425859.76938263,70404782.14031607,323046259.5186364,573076044.2179036
68919462.1423516,70860416.15016653,65059259.53960779,316436168.65195864,521275306.4840846
75208909.96775785,63564930.94347048,59186134.16900869,364787386.45315725,562747361.5333943
76485621.17011914,84601038.0365565,82454181.54942751,325242303.63095975,568783144.3870629
78212222.85237055,78780771.79339424,68065285.24407072,278133746.648885,503192026.5387205
78476252.24784179,78303526.79578643,74130748.7203028,301852186.6071096,532762714.37104064
86247798.51571897,82009858.12019473,66684900.63854324,296681186.26499075,531623743.53944767
77272385.69360417,67727157.98530604,85825366.98779121,313154815.8696183,543979726.5363197
108515518.24360928,97141306.2316017,72453430.11926198,333075774.0087584,611186028.6032314
88650896.51844068,63414949.55735624,51175281.96997236,283143242.6490802,486384370.6948495
81471285.14197908,93236150.26821516,69391430.10659644,392127529.5936077,636226395.1103984
80802432.16737312,93283867.99120672,75753082.32398802,341455025.26306456,591294407.7456324
80346021.32399186,79851952.34113878,81891110.8431142,316283015.1877935,558372099.6960384
82594666.46719715,73062955.59925131,78501703.68763101,348575201.71295136,582734527.4670308
109960813.23149331,83173358.28508486,69969957.53485493,327861378.2756411,590965507.3270742
103510030.2260655,76897051.4905245,79036989.93261994,332757163.79594713,592201235.445157
59320729.43611914,77229174.94071424,55633904.00046365,320732604.11259615,512916412.4898932
100752070.94697623,81693322.81730059,73290514.7070051,357238360.19163835,612974268.6629202
80553906.52864566,81921503.50646211,77713499.71019676,389665080.658967,629853990.4042716
73055393.76111966,76642925.9520929,58407513.5204774,262655275.56414542,470761108.79783535
92368816.9035651,77798534.72405072,76703399.8829362,304152826.1710347,551023577.6815867
85355826.37397823,77609948.62965746,60062624.57925827,274103020.3955813,497131419.9784753
104274336.83938071,74387060.46731055,76329161.34308156,338279684.419738,593270243.0695108
68065935.89245361,76492077.44282602,69239116.97082797,322069129.59478354,535866259.9008912
85248931.71460687,67927212.51675022,73970961.04940139,305947600.6344054,533094705.9151639
75703812.7275836,77702339.43772528,60426156.98926575,266980052.1007734,480812361.255348
82118883.89839736,69523901.4825144,56970435.18631268,319274312.53384095,527887533.1010654
85632705.36957286,87585098.44385803,63115979.66368111,249867727.6389524,486201511.1160644
89310515.32003318,94808353.36247782,77017455.59075904,466456823.9308874,727593148.2041575
91970763.24196944,79154292.24019484,52208006.75031897,303338162.8398073,526671225.07229054
89595542.13340673,73055533.80831595,64107715.97011602,298846999.06198424,525605790.97382295
84731034.91665892,96246350.73008887,69364874.14835845,320586554.6054046,570928814.4005108
81745889.05374715,82099995.49093954,69269647.95769055,299867902.62549466,532983435.1278719
64063497.47993009,72988052.25335202,61300117.98201234,294270284.0167041,492621951.7319985
72163830.86091477,86030767.00891264,75830059.50246586,373947902.99190027,607972560.3641934
104791267.62769908,84960704.60911216,61133070.59046627,373986191.4728029,624871234.3000803
75169516.43672273,71340240.66115224,69307472.05831826,333181280.6456266,548998509.8018198
95577009.36232416,74195157.02161054,61291078.24246933,399684841.3890043,630748086.0154083
86660638.76542982,74591975.18132415,60228511.25869829,305548801.63863784,527029926.8440901
90017709.57261378,76512805.18835442,69471860.61158495,377731163.9091432,613733539.2816963
79281505.40032192,74851543.23660119,60399613.450061865,307181709.45022804,521714371.53721297
79619724.72358657,70163129.1437839,53469221.9399276,289905657.4363018,493157733.2435999
93421162.83556183,95830515.27270566,77034346.19590615,306603344.3598788,572889368.6640525
70144620.59307745,62912186.96111892,51715639.951190375,348742817.9631495,533515265.46853626
91321372.25311565,71899972.55204007,57854877.2422161,265964647.39924353,487040869.44661534
79100835.84987567,86661134.39184101,68912151.1072279,263009382.47079998,497683503.8197446
126252999.97058226,72558018.91207479,62081517.12673949,349135618.8389367,610028154.8483332
93202699.52863875,73182293.12370856,56502665.09712471,261604794.87038368,484492452.6198557
75424408.67108762,73702288.42806911,66068496.14119781,297677284.83902764,512872478.0793822
86662028.27174471,67315275.46601287,65127773.07917672,347554849.1497743,566659925.9667087
84963886.81589465,74082546.08100273,65919661.66656366,344973249.26493895,569939343.8284
75566742.2592908,87110915.40571561,72613001.78707603,315542520.67068964,550833180.1227721
105909093.27077271,69387255.96708469,68714122.68777117,321205292.2189567,565215764.1445853
75075443.15864082,77584000.28961079,68161586.7084821,300255735.0358992,521076765.1926329
100129599.64808217,73512214.92912093,67983317.42999904,301620494.2942558,543245626.3014579
79032495.88268103,78876841.89591753,64971466.75133856,256348427.0543091,479229231.58424616
65357766.24974285,78089097.94419952,56615127.857014894,302090709.6286489,502152701.67960614
87978752.0594142,73081921.2957299,82075087.56865343,326355286.6356746,569491047.5594721
98425616.22265708,80839805.55988045,66462249.27662539,306397516.5567715,552125187.6159344
110152261.303003,90990299.69399178,91012675.56027247,344154040.33228713,636309276.8895544
75782278.58038467,70065306.03987013,54995145.860085845,314943899.60158306,515786630.0819237
79397585.75879495,52355589.31656616,75694095.34707956,284455597.8560843,491902868.27852494
79516242.69072233,90398452.74485083,60972504.945698746,344981344.9799591,575868545.361231
79378184.07272069,63940073.95528865,74959949.24170253,343045850.9689183,561324058.2386302
101050721.60052897,82105421.22662926,73938331.55966237,273979232.16983753,531073706.55665815
88780638.02944797,68644933.33389625,53864441.8417859,301001575.1459663,512291588.3510964
104978884.17233552,75938947.46512094,65265790.98811754,267001013.43276545,513184636.0583395
87308793.33267461,83110462.824183,75226331.88270646,337079886.13116795,582725474.170732
78985247.74877799,69034806.89739423,69366584.69512747,334658924.260901,552045563.6022007
84838759.36366522,72001268.91417271,74103706.62884808,298656376.7500936,529600111.6567796
98272826.7717049,76970880.85384764,59151586.66497033,357734311.87401956,592129606.1645424
88900897.57343107,70416630.70015788,54410892.19896031,248718479.5386041,462446900.01115334
82152571.60459553,93774961.04965262,66779390.29102361,366891176.6702664,609598099.6155381
85400777.75961989,66088970.47089911,58972175.74846671,252275148.6913015,462737072.6702872
76037173.51500611,66604844.619320005,49514868.83786418,333025330.72383523,525182217.6960255
90205219.77353689,70849469.0275708,66106363.92316674,274926436.90432966,502087489.6286041
56857995.62372687,97179420.42020686,72330970.57654431,295188167.6174234,521556554.23790145
63982022.42153029,59702790.73031921,71379146.40439677,358871603.1163105,553935562.6725568
98387504.8111179,68767596.98634478,76572950.24869284,329824712.60596555,573552764.6521211
96851003.55345729,82059477.12427057,57412193.97534124,258520503.13563678,494843177.7887059
80365912.62473296,80474073.78471753,57061627.02401703,288977777.0793905,506879390.51285803
84776089.99741447,82869475.83473715,73949431.53911138,280516206.16021115,522111203.5314741
109943314.52218568,70130245.57681057,74032263.25543319,292647429.0144824,546753252.3689117
89527534.1608844,78585633.06239776,68678211.45873782,333123390.76016533,569914769.4421853
92849787.09348479,84507995.9596814,73172143.15008321,272613186.3244593,523143112.52770877
91058352.27418864,72011577.62193121,56862669.01580412,282694581.51572233,502627180.4276463
89804800.4264356,78856155.3902006,76157440.34332809,367473526.90917176,612291923.069136
92032961.67584616,81782562.77508473,69078877.58993144,338525413.08135015,581419815.1222124
94281101.63501167,76979066.5551704,86190571.87061396,305561927.8035396,563012667.8643357
110080212.98077196,68619379.86288308,71009908.19677301,363339834.00025564,613049335.0406837
64256131.26279677,72162908.95771931,68921735.69382837,313516979.2238252,518857755.13816965
92652189.88696821,78382699.23178951,59006788.1008319,390242687.3714872,620284364.5910769
80451931.71319318,78569900.588464,61657134.072000526,230786871.14918572,451465837.5228435
75207110.23893036,62265594.399671376,68692619.50768627,280785514.7009999,486950838.8472879
80316081.74625972,66060501.396795526,62788647.76109,273031410.58138084,482196641.4855261
102228363.74226534,81700054.30451086,64279071.93416538,336396049.671454,584603539.6523956
87318907.78257023,76318194.6631979,55647676.268739246,289694537.44671255,508979316.16121995
91816036.08263901,89819989.01054047,64859136.51972009,399975296.45682514,646470458.0697247
95342077.1633348,65164376.36369124,56552111.66886788,340867300.0433813,557925865.2392752
106418954.40392189,79788318.93240713,69559538.74196494,271589730.03308594,527356542.11137986
107760230.91594565,71240984.74328545,72242291.81906056,362422779.98107296,613666287.4593647
87883052.26277304,85252875.23179184,86176713.26565725,338237200.1855302,597549840.9457524
84793844.94389412,75042534.71405552,60070438.87521621,271924577.2199797,491831395.7531456
93610409.4475192,75889229.52098204,68993333.26706053,259400282.03439343,497893254.2699552
85924039.80905859,85432576.02001044,60575212.16732375,301662367.8323476,533594195.82874036
64799764.594083734,61193863.89604667,65260912.5063773,285847391.41581213,477101932.41231984
116755101.8771303,85476664.0815322,75305069.66965115,281828630.81643796,559365466.4447516
81992307.26668428,68962067.8259997,55757033.57950101,312217669.7296822,518929078.40186715
100156835.00751892,82236669.58830109,62428146.36696401,314741419.23738337,559563070.2001674
64199980.11989445,82719387.69440451,57334664.75852499,259235948.9360452,463489981.5088692
88832992.67397824,78249487.16076052,66359646.12056253,268949347.1387965,502391473.0940978
104562769.23710845,65275513.911745116,52813816.182274066,281715596.1507852,504367695.48191285
71224973.623446,83714340.01725486,58869726.0944609,355909390.2325503,569718429.9677122
102930897.3448249,91135313.4773698,89936904.23553236,337352608.5766083,621355723.6343353
74149230.58243473,72490868.79991552,59918475.37623487,272094815.807727,478653390.5663121
89340312.62787859,73819700.51540218,59833235.185307816,288220957.0620991,511214205.3906877
95221691.81304309,86705411.77045298,57960127.42515152,288539380.8681587,528426611.87680626
85256215.437438,66053137.237722434,61475774.7968671,300303010.28270984,513088137.7547374
94763146.47018455,78248643.59635271,60573892.64142274,377055909.5600931,610641592.268053
99590837.54360743,83602532.134091,78065451.40601768,329430863.9446885,590689685.0284046
107155508.2758057,80271856.51027031,68547643.643773,333055732.8513909,589030741.28124
112250191.05734225,95965141.74600618,79244270.60594292,346037467.9953496,633497071.4046409
97490827.9335583,87464155.61094119,82185863.53863576,316781880.0597404,583922727.1428757
107701894.67720684,83064030.46743667,75081790.6523385,372170036.9309006,638017752.7278826
98290611.83778101,86924681.0374021,67149266.38082905,368082112.63656163,620446671.8925738
97485274.90701723,79198808.92002638,77148795.3159985,427815976.1553117,681648855.2983538
72320395.2962158,66478795.28273622,84951274.44776517,334655870.6834191,558406335.7101363
89914654.50767426,75622069.6090314,76261541.11291184,425450477.11539537,667248742.3450129
78396043.78797345,73464200.57880811,62048088.099694304,324561483.52538925,538469815.9918652
106064469.83570355,95938191.40591528,80559488.96693507,436959685.5172642,719521835.7258182
79539649.70937853,67687568.44957131,74582902.0349984,314123016.5099086,535933136.7038569
69962198.66248076,69803053.23131756,64792688.36124184,278107550.8697248,482665491.124765
74129212.44948657,71615999.89407046,56208250.386593744,312350144.64180946,514303607.3719602
63880769.76999686,71664408.24082768,67124244.49866395,299275289.2241905,501944711.73367894
103893049.50925696,67598004.8108835,58737514.58987858,282599706.3235413,512828275.2335603
97751617.78865251,80098286.47120407,87710843.2420343,299071310.5033246,564632058.0052155
69749111.05318761,88949866.77238582,58451831.747727625,322978592.12671196,540129401.700013
74557687.56962979,57838336.0128078,56012701.53784147,315638427.8996806,504047153.0199597
71710948.44737338,77812017.28945619,71998836.048847,268212688.4893724,489734490.275049
84084496.22044814,90556891.39155401,76364335.25732827,310541205.5402414,561546928.4095719
93204876.3882956,71385369.069508,73875301.35451646,353767381.34346426,592232928.1557844
88912885.71794978,78505723.28402936,59540755.165995635,254872725.8847075,481832090.0526823
82103997.31256346,74319403.31616311,73953078.64343289,346729835.9155368,577106315.1876962
89827774.24331152,87911196.8174243,62760456.47635612,344852903.1805992,585352330.7176912
76839416.95378333,85335219.78358562,68480494.94257835,246041095.14468187,476696226.8246292
98024884.53644118,85810047.10433793,66259983.72132796,295582050.7733503,545676966.1354574
85008068.67781782,60584862.7254163,45494277.606015705,316307862.6749488,507395071.6841986
76426605.45965396,91509882.1183182,82951176.07370162,390722304.8627157,641609968.5143895
78583193.50348252,61731825.17765123,53038527.14551442,268629981.0844182,461983526.91106635
59635505.11930249,66092799.66500266,59363124.39739125,250849094.36569378,435940523.5473902
73823286.30977522,71441798.26753102,66437466.10671505,272844020.11715305,484546570.80117434
91386356.92690866,78144183.3764422,67407447.67128675,284665235.65085363,521603223.62549126
70440661.03309213,88200550.5539659,74433808.46999542,355174446.1883968,588249466.2454503
86047816.80547838,74452649.76912999,69385370.74821952,248900284.40223894,478786121.72506684
72951777.40428962,66655806.76262053,58642750.56696742,263367291.9873612,461617626.72123873
91981780.52144839,77760322.63268484,78951925.85079706,423520588.48227537,672214617.4872056
71240758.09012285,73942722.5746161,65531356.389198005,301530843.97637326,512245681.0303102
73300965.36607926,65814160.02157882,63377759.09555904,266065064.12283915,468557948.6060562
89460835.99402522,74405076.7135409,66740517.88455588,273016200.6681169,503622631.2602389
89435013.66672055,69139999.45916286,64950086.43271525,350700144.9025461,574225244.4611447
90929900.19584113,79741114.93000047,74429237.26022011,267908389.2468142,513008641.6328759
114842330.73608164,71712911.46020338,73065296.13409662,339541088.5572479,599161626.8876295
75476722.98492607,82754433.07080297,71777220.08374001,387938850.3332617,617947226.4727308
89950789.29045165,75688739.02302349,62192106.22186925,245484592.56730157,473316227.102646
82875137.68171552,72873556.51019858,66772708.54495022,257894972.51894867,480416375.255813
83933137.53314851,80640600.87470455,73100485.13280566,253042988.42459163,490717211.9652504
97652768.01759276,75892735.01496014,65122238.77495182,231487212.9424346,470154954.7499393
110771883.23125653,82006148.05468701,57781730.24969,310905988.4727128,561465750.0083463
92153857.1982652,88749724.18087089,68040684.37239753,311520318.6239278,560464584.3754613
78677519.90912504,79666095.82120708,60907203.17506418,269993185.4749099,489244004.38030624
86266253.09790736,65899133.15790174,75392545.88403565,387119862.34740347,614677794.4872482
81098009.98540165,63787385.49499864,63763716.60624541,280696459.7265456,489345571.8131913
105257166.54060139,72523079.50537024,70098639.44419342,312440303.66969347,560319189.1598585
78257154.82172872,76347999.00453553,72891992.6895813,314390671.997922,541887818.5137676
88577193.77697629,69054163.34764092,72897181.2046313,348529024.7911273,579057563.1203759
81658776.74078459,73912327.7344477,76901821.30318162,276185248.0882208,508658173.8666347
96068837.6682165,72935874.03851587,80796262.13687809,321194325.0193845,570995298.8629949
106711610.94766155,72966344.94821006,56867357.31307452,285570619.8383856,522115933.0473317
90954652.12397934,72436078.98932979,71119089.6715073,301338265.70659643,535848086.4914129
62488229.21043716,75217891.82179394,57866385.47222336,280972013.4469536,476544519.951408
111833460.85458344,98815305.29794891,69788826.25229068,338789183.795771,619226776.200594
79826481.45916341,72165298.89729272,59847780.09360194,242241157.22764862,454080717.6777067
88545575.73850556,78954183.79640846,62023741.219567224,340900621.19171363,570424121.9461949
81325727.5703726,69597202.27664872,67549279.19211589,253960166.43193302,472432375.4710702
100835374.70732678,75085448.51598646,74701752.46349281,364026238.1661405,614648813.8529465
96622182.9481129,70925285.65487416,55811930.77757938,246630107.46185666,469989506.8424231
104054352.81139378,77993582.68216571,62968247.63513502,297819675.2505433,542835858.3792378
103683603.75605108,86600513.5054955,74247041.21482997,341804170.4345606,606335328.9109371
89760758.22366291,79326264.57674792,69140726.4638525,309040472.3221662,547268221.5864296
98390007.58280018,81550065.28351116,61752979.39157012,320813920.9875121,562506973.2453935
90730094.13730018,82411147.24218346,67602536.50324295,338642427.6117809,579386205.4945076
86354558.97120237,82557813.1331965,64654947.976644486,291686942.2477827,525254262.32882607
96034446.61722,74865503.80832498,85891950.58605374,346200765.0771495,602992666.0887482
87556705.08428806,83740412.9097314,64902334.0203828,339928047.86641395,576127499.8808162
100650754.03221898,90867208.26683836,68054180.8574586,271262697.00546247,530834840.1619784
79090003.16294286,72057382.69341908,78261459.99559025,405526919.55920875,634935765.411161
92156570.57817592,77149204.89126801,64018171.541291915,332809876.0568086,566133823.0675445
123812775.11921327,101274449.1318832,86986948.42913227,381939722.1065081,694013894.7867368
99641615.68797529,78015285.4325188,61766954.668319955,300049970.49844635,539473826.2872603
93310073.75678508,65341225.19264496,61362190.42927696,268499024.046111,488512513.424818
102580716.36742055,74104895.60878031,68790970.13259462,283665927.73356664,529142509.84236217
112634477.02883631,66272149.11274597,67386702.28895187,261886846.29487908,508180174.7254132
80377309.70267475,76512451.0276673,67887853.71167563,314318395.15177804,539096009.5937958
89353128.19058327,71060818.65979275,63183060.89389764,300471415.84944856,524068423.5937222
89979338.5143048,76069761.2067372,72226677.11035928,314526160.5248215,552801937.3562229
90065338.17443088,73351721.18509091,57626839.597439736,298899404.249088,519943303.20604956
105810892.63798507,83700260.3290575,63197240.977197774,334560625.3259955,587269019.2702358
82651292.15078713,81654256.00705165,64839915.86651409,317292116.13074327,546437580.155096
80259433.2976917,70553963.94069749,52944695.88537012,303511944.6483083,507270037.7720676
92533771.77332802,81030494.11486225,70335515.31644167,284971837.3789247,528871618.58355665
101796186.71090795,88398529.97899938,64642425.0329468,327040881.0262805,581878022.7491347
100324988.79681538,74413108.61796573,63888020.04998441,321111647.5776717,559737765.0424372
68472637.74887292,63535598.331821084,53745463.60953537,230844456.88490507,416598156.5751344
103755332.66379556,62926370.96338779,64591291.78059668,327616943.8367023,558889939.2444823
83202680.70061733,69707015.3346226,65385276.45727757,301075019.0444124,519369991.53692985
102411061.67891215,58268450.621050924,53876508.25076697,302494299.0839499,517050319.6346799
87915312.88924667,83163775.17222503,70701553.427129,307139472.34358275,548920113.8321835
83086943.30943447,98459267.16895097,87625646.53397608,352823444.9093666,621995301.9217281
88310630.99485257,81217401.713615,74908092.93132205,331253180.46526664,575689306.1050563
77321411.87547755,91005187.86639936,72498583.54477815,397991298.7596747,638816482.0463297
89861075.54949658,74482983.26748899,77391239.30720691,326937271.4949625,568672569.6191549
89091281.67816004,66578184.869879186,67859080.88099308,286116889.3162879,509645436.7453202
81173354.24649279,70755807.28420351,67287393.89563683,254303360.08387008,473519915.51020324
84312580.33854955,84578419.52373324,59351519.56810612,305252013.1460987,533494532.5764876
78821388.46303913,70994075.73773845,77666287.41337632,259787220.44924685,487268972.06340075
98583309.68852536,74051189.01846716,61958396.984190896,263605812.51783738,498198708.20902073
98398291.69306295,76509596.07767342,64349243.470006645,307027717.2445198,546284848.4852629
84861965.36731778,60035296.188369095,56599598.23156273,318004235.7149991,519501095.5022487
68513366.52092965,63533742.94701945,57457407.443043396,265340093.51116917,454844610.4221617
86819384.25620545,67014425.49496283,59975610.581711665,292324407.517524,506133827.85040396
96758238.49064487,89967219.77338402,69044768.04254898,388653760.1367423,644423986.4433202
84677110.8548298,83193941.03551115,85960724.13054688,332141986.04378694,585973762.0646749
69989246.05947383,73168048.5867019,59576577.15392738,285618996.1668126,488352867.9669157
119840983.00509003,71024758.55706158,68159431.73025896,276941934.2086501,535967107.50106066
83015530.80862203,82021140.53273557,70491123.40777509,303094153.50672907,538621948.2558618
78589468.55723199,77095269.29851484,80761559.5532446,287953171.39568275,524399468.8046742
118442252.81620102,93697399.48987766,86387812.29970957,344545472.57223487,643072937.1780231
105197323.03985749,70681044.54904433,60085647.255118854,323664585.99994314,559628600.8439639
91438945.44929008,75622241.73794821,49172938.68570656,269588463.75157505,485822589.6245199
72261016.25401866,77207396.34897248,64132136.934745885,280661694.6649186,494262244.2026557
133156604.10704058,94443035.77842134,84201007.99202535,426797888.6866197,738598536.564107
99162195.89393787,71682591.71561055,58623243.14778828,329293194.1498671,558761224.9072038
62709598.08898335,69991593.3114565,48265690.32470683,281703311.6698322,462670193.3949789
99989438.69054943,81078719.49239595,76525888.39377573,398464063.5091791,656058110.0859002
85226249.72768539,104703685.8033641,76919577.75007111,362305594.55968946,629155107.8408101
79078502.93685327,89741775.79415588,79351523.31815302,381855076.3563982,630026878.4055604
87972447.96904261,65966956.72272727,65966059.269777715,247185479.24880582,467090943.21035343
82637147.98550545,76860865.85539068,87641109.25595932,338107633.99064624,585246757.0875018
89178564.15068792,75938927.46104953,56420844.517035976,295922211.886404,517460548.01517737
88656634.79704913,68308165.48192208,55057238.19618171,272966517.87704897,484988556.3522019
88119485.44720578,72360737.29100263,57234787.55706478,302606465.78397816,520321476.07925135
95067628.08827083,78705722.77526268,63062749.077814914,323692610.14006454,560528710.0814129
84587218.89802253,65885286.77335578,70395129.93345647,317624899.5901495,538492535.1949843
85557830.69446577,63205772.256900415,56097970.067028925,362771478.4544324,567633051.4728276
68494436.57628602,69989295.42532037,62708574.65181868,308317034.4123101,509509341.0657352
68617077.45027152,73544041.13943547,52483810.8694953,289124692.98172814,483769622.4409304
78556784.21668759,67253247.47668877,68937901.50318483,295522006.1664589,510269939.36302006
94080853.54707362,82094230.68892168,79648532.12166198,279404786.3482974,535228402.7059547
101034778.31575036,78839573.08651799,64784889.36147192,266916884.24544108,511576125.0091814
96104266.03140384,69942762.73088028,68423820.38364017,380839908.0109044,615310757.1568286
102025933.60631442,92610285.48055331,66413834.618196234,339459439.9882692,600509493.6933331
72607129.53851299,71067379.35871553,78037498.95921186,292851296.05745673,514563303.91389716
104195175.58669521,89101669.83517833,81012703.43046618,281180809.4677558,555490358.3200955
94859807.33575496,76182384.25293307,75696059.72641492,260448455.6574606,507186706.9725635
92498485.37640947,79173115.56210761,53267841.062669985,262129725.0365083,487069167.0376954
65054051.240739696,65484003.79008303,65052849.67169869,304551950.38148266,500142855.08400404
89606049.83116613,67913184.48574926,72267602.58178973,307373498.435498,537160335.3342031
87679902.01385587,84940823.98563193,61444903.8623355,310113909.570811,544179539.4326344
93326854.03120187,72567738.18162164,70411704.65710673,325503915.6371953,561810212.5071255
85806366.44877207,74679585.67195906,69727559.79748997,336984311.1734658,567197823.0916868
88090801.02065513,86814688.56757796,75403437.62508886,258957184.82191145,509266112.0352334
69638533.78702824,82900266.22378725,65381836.127156585,310666689.17060745,528587325.30857956
104662321.04546404,79263126.37679935,68373858.41108917,279579460.73768723,531878766.5710398
92531176.73831007,82541632.3703878,64040608.3276939,273958277.31800115,513071694.7543929
132802653.69544607,82829512.5464204,64983750.00733874,333559749.18725795,614175665.4364631
86501468.19955866,67015245.92982368,66483006.4697444,273196451.89875066,493196172.4978774
112251996.81866953,85326958.07833545,68189827.54967354,315073525.0535583,580842307.5002367
100780634.57816271,80351957.72450133,87791928.25919496,374238535.9927095,643163056.5545685
94290451.20731468,69522600.84378362,62999819.28121204,315752954.3919521,542565825.7242625
76441369.96520832,85765265.24133268,61207470.87390346,280100573.4935406,503514679.57398504
79698436.0375542,81256624.43520613,61292359.479604505,244113444.45395938,466360864.4063242
103806836.89056972,75214033.99297068,58689732.77615724,271662293.29914147,509372896.95883906
114802635.46743266,75084451.46790831,66077022.08925258,290069799.4743132,546033908.4989067
71585983.80331199,66794040.32786902,53014782.92328783,317356169.99600935,508750977.0504782
88628193.48928814,101746536.45045999,68360145.945279,285465413.03353,544200288.9185572
111487079.43071772,90922307.78140418,75620686.70719624,282262720.1391083,560292794.0584264
115322863.17724173,80413595.26836358,65509964.439697735,349685490.37958384,610931913.2648869
86897142.31799193,66468515.71928062,62896415.84464998,271605633.15972877,487867707.04165125
53859860.37404503,61623616.32718761,55128714.31676451,248384860.03939554,418997051.0573927
95623087.07964787,71040966.21092841,68507349.48775868,265225074.87175566,500396477.65009063
100876396.11052202,67881257.75057268,48334415.677094914,322761233.13251567,539853302.6707053
76038082.47037695,90372158.52301125,74987808.57807557,348290180.61157763,589688230.1830413
103101644.93749347,80087337.56440091,69293970.04856923,359383034.9795951,611865987.5300587
88777050.23844889,70252810.95272847,68710063.22828075,239344535.73354006,467084460.1529982
107727725.61172451,93208915.41899244,83905403.05852729,376551924.6134163,661393968.7026606
86040298.46565485,74945791.6642966,56731983.1016176,358084115.41361105,575802188.6451801
80690882.69509278,77771492.7808744,68341982.39490959,263246922.8833517,490051280.7542285
65950643.08174744,71480809.96687147,59882786.15574856,291233804.61938554,488548043.823753
103431442.2071158,81191086.1853882,75136343.10061456,333338693.59417015,593097565.0872887
82900269.29749264,67018764.21059397,64589131.63726364,301943651.4721271,516451816.61747736
100972355.61979964,77319737.99482886,64896977.666289136,296289354.1448202,539478425.4257379
75276829.20589371,86995453.55406135,79005756.16852596,279162799.04073656,520440837.96921754
99190090.16669004,63325524.374130554,69654698.82558343,280508088.12009925,512678401.48650324
92381727.83604269,61707483.52641798,52938946.935799755,299057027.45895296,506085185.75721335
77948892.77838823,67336009.96057305,73675424.67139749,397854647.1575469,616814974.5679057
101326401.63078454,69413804.14926934,79372903.91737643,264370751.7133727,514483861.410803
83057636.58307657,75747740.66850995,82601440.21232264,356415061.3472118,597821878.811121
80966071.95268166,67099949.801020995,70406920.21745798,287118809.4382825,505591751.40944314
90287928.87155049,65486247.05934613,66750928.99469145,318631873.10767996,541156978.033268
71483371.66913328,81955467.93151185,71704280.67284153,339224596.6247069,564367716.8981936
82076733.61929607,76634989.72307077,66501725.513004415,299614723.61147976,524828172.466851
89621881.38207984,88536677.15739925,79944622.50836074,282194778.40687346,540297959.4547133
102114603.37042223,90510795.83980578,70393447.68231893,333675790.73411655,596694637.6266634
94387051.30049245,70241016.23566058,61525699.013433136,324221732.03203,550375498.5816162
80551396.75467491,83661466.34539507,79701291.71630563,365923568.3796025,609837723.1959782
119741762.38045433,80927931.81793326,70775843.10519484,324535516.6945537,595981053.998136
86368535.69223121,80846645.93046525,55251827.96454759,300012304.95709145,522479314.5443355
69945436.41512091,64777839.19731975,66539862.849428974,292699975.84359276,493963114.3054624
97515374.06258549,76094847.66088049,75971465.78642544,306862338.0651692,556444025.5750606
63767181.19897513,72760678.36518191,49094224.23410064,237543818.66038558,423165902.45864326
75709385.0705136,65609102.897138275,57802636.64764581,257381878.62107202,456503003.2363697
69626758.88447113,86411766.64898942,63163069.5770573,234803982.29899082,454005577.4095087
82310500.53649081,65967277.27255193,55973328.73886237,312954234.03398585,517205340.58189094
81168591.44812636,65547369.53514408,65311195.80064093,341435759.41845256,553462916.202364
95037266.32568559,58458611.19610888,52425757.67896467,283000069.11356825,488921704.31432736
83862103.03144938,72637251.44929981,57583522.17747906,249288663.8444948,463371540.50272304
120279432.94862135,82120085.90661447,75250900.0548156,318136060.0381374,595786478.9481888
87857627.30655196,75690496.81759618,57785690.15693089,247491585.25735322,468825399.53843224
92771994.6508656,78874411.80786899,75282892.75521596,343312591.27364206,590241890.4875926
76617223.2095651,84231007.06714508,74694976.91631778,341882349.10627985,577425556.2993078
125023059.3305321,104568714.5835519,83609778.58446299,355860902.9999924,669062455.4985394
103700772.93903455,73994430.5848265,61853301.33174979,323755421.88390625,563303926.7395171
76030992.55133717,79003078.45429687,67697922.44395494,277807406.6707009,500539400.1202899
87569928.37297662,88568912.31859048,70961410.2663868,317099582.8002509,564199833.7582048
91925502.78622502,81215913.42205761,65486778.38897969,318330616.0695974,556958810.6668597
73721861.81379798,66804720.23285681,57249972.80069104,305892488.4154907,503669043.2628365
89474602.34585756,75372663.36053418,71601323.11122125,324039290.43677455,560487879.2543876
83250916.24240482,66824502.8908016,56746884.46979053,244797079.53795496,451619383.1409519
89193304.39378954,69247857.02641843,60115387.45099574,290803794.49692357,509360343.3681273
103077256.71901663,87996973.1741488,70450686.90758324,363225013.33478355,624749930.1355321
63183420.11361827,87867556.821556,74292733.59239593,319345233.19346786,544688943.7210381
75607453.10733458,70048430.0590992,68038409.4580868,326476076.7560069,540170369.3805275
97060125.6317416,71685734.04501891,58244311.79091419,300832625.3218032,527822796.7894779
98650010.25754051,78293552.14617915,80405211.30652946,321876882.8865852,579225656.5968343
87198049.52957211,82232133.22431932,78796123.31224605,273906018.32138103,522132324.3875185
72912439.05919194,70482733.83302638,92044468.31023136,316963205.6480678,552402846.8505175
85523685.73109157,81379289.61960368,76139737.01852845,323069883.1262279,566112595.4954517
105083130.14552963,69168986.27874106,58873825.31830676,336439804.3974231,569565746.1400006
87360903.35134085,65809219.14045273,53318160.923847124,259857516.48254445,466345799.89818513
87237634.30135484,80333549.53309295,64971304.79315084,318414929.08244205,550957417.7100407
81312884.0589175,86280006.28934635,93612024.64423662,319795003.1460638,580999918.1385643
94174640.51926453,81091214.58960278,69312815.50081845,334260462.56866634,578839133.1783521
94157877.7082531,73342125.08859034,76554308.27320369,322162078.2445251,566216389.3145722
81996311.47633708,99513103.95705928,72285216.46121049,327816342.3388236,581610974.2334304
89692765.54025516,75453191.68038237,69616986.23964569,279637950.01315767,514400893.4734409
95949760.2511842,63482387.293212205,53060431.78054264,350844914.8743248,563337494.1992638
71316894.90411271,57986035.02869985,50494238.665534824,338875827.24699086,518672995.8453382
65454172.58717438,63860449.63188579,50782295.16169166,271169404.80043495,451266322.1811868
81326500.10451888,70866143.2388964,79659414.95095466,275401980.8084874,507254039.10285735
85792474.63515368,78848549.92623435,59624365.61264419,314913431.6501681,539178821.8242004
81799454.96177773,78323227.35104273,65720044.26197445,240527681.18861562,466370407.76341057
107495771.58593653,101357273.03729776,73708404.1958267,290209442.4417122,572770891.2607732
110992801.43706632,99994746.50535461,73546409.20703752,313392814.1863325,597926771.335791
86099072.43907556,62544271.722113125,58975997.65240305,354298449.09637266,561917790.9099644
84883690.69142172,67082260.38818876,66527609.08998359,279084895.7832896,497578455.95288366
86284841.33353189,65576051.72756811,55029590.14061942,312716969.76185554,519607452.963575
88841165.76254547,69876902.38831653,64878401.56821782,280543788.3043,504140258.0233798
76921516.64516516,84613410.53798172,75010529.99784991,315478569.648877,552024026.8298738
89247136.83859372,76432844.09391935,70271961.65341488,282046422.9246979,517998365.51062584
100124583.81393684,81800972.57453817,66610179.5718071,290869146.1995709,539404882.159853
99782467.53973354,77115851.51799682,61761740.90812098,287462568.5483066,526122628.51415795
98639753.25721009,64981297.786339395,60011408.21745949,332246029.18886894,555878488.449878
84890105.36675906,78064454.6072961,75821947.15187126,349349186.4015199,588125693.5274463
81273929.98022014,73781159.05837822,72318007.80950114,345252807.9512567,572625904.7993562
85986926.7784258,75396449.74177927,67913733.31324501,358182309.4596793,587479419.2931294
103467067.57446814,85710533.93161945,61757305.14712986,294049678.5512885,544984585.2045059
84158244.91995703,88931317.15829013,68227660.39650244,359093908.414311,600411130.8890606
79591307.56487867,70437980.2648373,67410020.05179428,363231052.4385249,580670360.3200352
84300000.62121275,56177777.64000211,48503052.93547193,284271895.27659607,473252726.4732828
68863378.49356718,65276742.73565167,61211139.70262637,221557164.00960812,416908424.94145334
82062972.14819367,65617865.331985526,51919924.827638924,258125439.88329655,457726202.19111466
73484495.4403181,77286944.92663513,75724178.59028552,301291953.90821785,527787572.8654566
79267882.85654645,70998840.20613076,55991338.26064205,250211998.96947297,456470060.2927922
67005828.137273125,61489134.04163501,72273207.85353012,280709886.9536679,481478056.98610616
54447060.81596268,63913361.18412924,49356537.92063854,279035063.5135471,446752023.43427753
86535279.37483868,76465375.63869087,65875606.89023744,291499511.55396986,520375773.45773685
69072115.66980533,71568158.80485691,71578547.42506629,378782110.3481127,591000932.2478412
83946860.2396298,74331278.67338078,69298062.42415847,364597243.25545937,592173444.5926285
80674364.8277267,81001141.84235471,61138393.37831025,311620290.15144444,534434190.19983613
101872912.4555563,67919886.15387288,60006035.84632281,329318009.85526234,559116844.3110143
96251666.42914288,87719076.62725563,77932733.19065855,309014246.8314167,570917723.0784738
124023295.11894254,83747998.61342232,49029746.22540081,278053491.0407867,534854530.9985523
80895911.49143633,82017477.5822118,64225548.38576997,344914434.10744697,572053371.5668651
95360874.63971967,69194745.55980565,62979791.851797186,273261567.07526886,500796979.1265913
89826706.29730429,70007998.89484045,64631742.002342135,291385085.59189713,515851532.786384
85107802.04363556,95912832.78890777,69375615.69858614,251664668.79093572,502060919.3220652
102613329.0227952,88714281.2398818,56243316.53840829,274534736.9203926,522105663.72147787
93511580.64441578,82145979.84730864,68463632.20067754,310111553.21258175,554232745.9049838
75037788.62142952,55753502.91401158,73609002.00763468,271182101.80855846,475582395.35163426
89708068.63968769,75204258.43120697,73323336.74272083,316117661.90237415,554353325.7159896
89377339.32804449,56459402.44509819,53221410.549176246,306477155.45633656,505535307.7786555
96847029.73273067,69827294.78104462,53362094.985573195,291509868.7687884,511546288.26813686
54751807.77604495,59975902.998130426,71611381.85175344,356073399.0468192,542412491.6727481
94285045.61322282,80264203.16699964,53888773.09309648,267687470.19622555,496125492.06954455
83181729.57301195,69293384.24043174,60870888.768493876,343315099.54817474,556661102.1301123
79960196.61081699,71743387.49156944,70041490.5223496,260491224.28796926,482236298.9127053
76229363.89514531,67791893.69344889,62920118.181602366,285513448.0527538,492454823.82295036
82940016.11956136,69685319.07400762,56000911.54069884,310934584.6010731,519560831.3353409
82615735.02740552,80749612.5183174,59106705.47531068,275697475.3330625,498169528.3540961
84173119.99787869,74391633.46230024,71453342.92219824,294466931.4628063,524485027.84518343
98285575.03161147,81659150.0961992,67718591.88547014,276754524.41880566,524417841.43208647
98445190.75645518,70292125.94195297,64425851.887686476,299107199.98660487,532270368.5726995
84363229.4355044,72216208.23609562,58579353.42385746,244212657.13322967,459371448.22868717
109190925.69712502,75666728.26068956,66008395.15257025,300579120.16479194,551445169.2751768
103932677.62748092,99003722.18374744,75807930.90502706,317329208.66933835,596073539.3855938
72848887.16506445,61846065.240926795,48661399.7175098,252463825.5018346,435820177.6253357
62394060.391485356,79900944.72752756,69204116.52359806,298752917.66259205,510252039.305203
104162273.3662748,70017021.24945068,58748477.358176805,235780256.38397497,468708028.35787725
98721121.0044486,71285209.05510189,65086985.553742245,339012564.19788593,574105879.8111787
108616222.73729962,79722887.77742788,71600022.68038028,281891942.9199696,541831076.1150774
114190433.85011141,79367231.51959868,69188293.81486198,296118642.2349316,558864601.4195037
105672090.17039715,81348166.11200057,75331169.88591947,330232644.9423114,592584071.1106286
84183548.84528771,84054435.64235595,71487483.49117567,280130557.6334515,519856025.61227083
74431935.16857673,74694278.29290229,72244263.81856224,373978453.0494207,595348930.3294619
65607891.74322504,71562079.07942513,66975988.46290974,312787967.9191083,516933927.20466816
102506590.43273,85156426.42358254,62239726.22805945,270381782.8588193,520284525.9431913
91682484.05482242,86302911.98031303,70969830.5904422,261464678.03732383,510419904.66290146
73744283.5386599,79357607.46069144,63735241.59704281,306196403.5562278,523033536.1526219
103431482.10727723,68855408.64662257,61201003.93272942,279609342.7984541,513097237.48508334
92315208.8469274,84292608.28033835,58019018.664400175,297755096.01617813,532381931.80784404
100234063.90012279,63404400.38548525,61579772.0362217,256551348.30276608,481769584.6245958
78693155.8459688,55677733.58346892,68288378.35989928,285920189.6166133,488579457.4059503
76633424.47207488,76763849.52055827,58084793.546803266,258547141.78203225,470029209.3214687
111069549.24266534,99071123.42092119,69690017.88949162,358324652.4666279,638155343.019706
92324639.6264025,65484380.31309332,55980287.13428187,345127972.64462763,558917279.7184052
69394756.11295028,94039974.7015511,66159361.47007331,370813130.0112257,600407222.2958004
83043374.94253846,82550574.29279369,80300600.43932225,376846751.93815315,622741301.6128075
79417305.77943239,67485664.77694257,61976256.50061843,254939972.1293805,463819199.1863739
90614182.12274067,69829049.67337455,72810105.33944187,289794180.07854533,523047517.2141024
65976164.46879627,83985034.25096871,68896621.37142158,309878390.1914833,528736210.2826699
103912548.30436312,87577665.07676384,64697710.400138766,292043105.3591611,548231029.1404268
72971502.44521426,61720780.52921462,64273087.299168974,309535050.62852144,508500420.9021193
98507543.73647542,90718362.45354033,78430280.94423711,356663779.2049114,624319966.3391643
62523021.36186787,68117388.7118269,69229688.97226699,265086130.40662122,464956229.45258296
88497607.51799431,81081392.9954882,71536753.5150636,325663143.84097415,566778897.8695202
95986172.43879923,79420839.1124062,56925019.50720243,312892751.8759133,545224782.9343212
91276576.16389069,65044731.65683432,73341888.89232743,327534988.21965706,557198184.9327095
69912830.61037233,65867640.90259704,57436355.78785275,271232256.01898915,464449083.3198113
91398029.79053162,68720049.38616721,72779601.63954183,348465839.4515517,581363520.2677923
96300325.11286448,78236754.7658053,75230840.02511597,305539437.20702267,555307357.1108084
77655100.09046985,85051430.90279923,71179183.80443414,288823153.7268949,522708868.5245981
81564898.65433332,68850230.37855898,80325260.67852907,316089325.35088825,546829715.0623096
89439339.98625721,83191981.27849652,59421351.89375498,339362425.5063516,571415098.6648602
79119246.55870134,91962739.83262403,68247295.8321422,351028097.89851534,590357380.1219829
58467036.86900244,60689798.79235001,56665327.25230598,226097980.47126925,401920143.3849277
96016484.75402156,80648441.88375987,60575234.460800014,299518478.8531105,536758639.951692
99230270.60178605,61472093.78246974,52659140.842011176,272528574.80305964,485890080.0293266
87539883.28065665,75658835.40803486,73303877.46679519,329591147.35290366,566093743.5083904
97500077.37455848,66483003.35679031,64211413.101670906,288799893.47083426,516994387.3038539
110214530.97051309,81889668.492169,63943505.51737439,336531121.10157704,592578826.0816336
95440292.30745938,70649019.51352397,61962981.677766465,286982281.34857863,515034574.8473284
106150578.65537536,81465859.65608732,75094437.10472779,299417065.80617124,562127941.2223618
92011144.1038302,89550343.71966238,67863842.9323631,315284268.9937876,564709599.7496433
70103889.08838968,66302810.00900556,59189128.66021877,258232126.70418978,453827954.4618038
107769393.43037058,72485077.48579773,72247930.70753472,317484804.37103647,569987205.9947395
87639868.4611877,90456759.20063186,54208650.954240404,288127889.9099195,520433168.5259795
73353151.56570801,58347557.24230769,50943093.41573702,278863982.3659596,461507784.5897123
77644427.80485244,82214713.96068427,65929115.47594245,294572085.1148095,520360342.3562887
82847890.73291539,74376239.5287672,62101074.38038539,271118457.18870056,490443661.8307685
102176484.4557769,73405335.01204152,62965960.82191218,315860165.4685046,554407945.7582352
91774826.37456971,69445911.1007996,69944140.62231639,325873565.22291744,557038443.3206031
89729176.36659022,72878857.90169597,62034545.231510274,291899017.61561185,516541597.1154083
71595506.16082916,72448291.02390586,71038240.34639116,340032405.6093877,555114443.1405139
82048176.5003216,84875251.31247196,86196412.84720218,315812943.8981058,568932784.5581015
97420167.07923177,60097040.68738763,52210008.21642959,284958653.1865567,494685869.1696057
74223380.29443485,92856318.62231202,75976478.0650208,357251047.2415854,600307224.223353
86803523.34183222,67710673.50323346,59296011.0964311,302109846.6062836,515920054.5477804
78739185.47429514,80357011.59550484,72975492.50471416,312996209.0819812,545067898.6564953
65101126.00102903,86821492.50317271,66554100.07773051,419341461.20457256,637818179.7865047
96813962.22145662,76065372.6611627,70217535.74444152,245309579.80539066,488406450.4324515
102782988.93774322,106252172.53178187,59684123.041001335,296842533.8866971,565561818.3972235
85749204.12935647,83879408.99572836,88125795.37742689,343959764.8033976,601714173.3059093
122888538.99704678,83897751.1965523,74316647.59843138,329881570.7641509,610984508.5561814
106028915.16683601,75768961.86387289,73732500.84782025,272079962.2044711,527610340.0830003
83323907.94494581,69985132.50660078,64381021.821348526,289294108.08405787,506984170.356953
104542438.37821557,71649885.76879247,53234722.71379282,246518804.20351255,475945851.0643134
102258053.19573368,70547498.81870258,67991028.2370833,295033170.8835337,535829751.1350533
99512997.04346351,76357447.2220114,92737294.64221549,411997469.1502823,680605208.0579727
82915192.45653072,71413362.28403239,93087977.69923355,290259489.4699654,537676021.909762
86442900.08897157,76152263.41190155,66062310.036573105,249210967.35867602,477868440.8961222
94426369.59413399,69277896.08666666,75906720.43292917,264373696.9934035,503984683.1071333
88042372.11537036,59050881.19999525,46281619.75677441,247893208.89330497,441268081.96544504
77982579.32227026,87885652.32637484,69143284.67705621,361049233.48954034,596060749.8152416
82062173.08450001,80506272.41057925,61771454.76323069,274475653.33374,498815553.59204996
65151028.99489342,74053513.03728877,66060862.67509254,330472550.60785097,535737955.3151257
90261592.15185426,96922821.84452471,74555555.87816255,359179449.84728193,620919419.7218235
82797118.08950509,67725833.93894966,68434441.52250832,300447352.7353755,519404746.28633857
99637357.9648969,81704597.19592877,62502017.12549871,342701359.2216583,586545331.5079827
75852055.47633728,79258281.2937095,77443430.91335964,303069758.09071505,535623525.77412146
104942660.76406783,83099086.12866394,76763603.42928281,289823275.46969676,554628625.7917113
90252659.032156,65191454.95917125,76290250.42527302,246720420.48843983,478454784.90504014
82391822.27563447,67469221.60440922,67959096.58403745,377887235.324502,595707375.7885832
96850858.54468554,109713237.06135984,65497993.14032786,270721810.1173177,542783898.8636909
75586212.6418358,74717044.5257207,57507178.485959895,268900477.52190375,476710913.17542017
96318311.38456059,67463254.3870807,55458972.40786761,276127065.9382658,495367604.1177747
83058280.1157957,84581365.16591537,61764786.043324195,278070073.4209747,507474504.74600995
95721501.34126092,85268288.2077105,82507928.91754705,342995297.88948464,606493016.356003
89047655.97969393,81718127.8740938,65994573.92815567,296827669.3183962,533588027.1003396
65640502.47730151,79113209.78676087,67465119.27142856,334164747.41049325,546383578.9459841
55555199.43387676,68336726.91557546,55392090.434494376,340821884.3625638,520105901.14651036
96221702.29370831,79957348.29128198,64512335.92313948,318679252.0439698,559370638.5520996
75162890.34508316,72741983.4356234,59976509.511322394,383370978.3744811,591252361.6665101
110353624.20787504,90764985.09348534,60459608.18268187,335531397.1711351,597109614.6551774
89868547.07018442,88255107.47242564,73041007.57267694,315949809.854085,567114471.969372
90534699.70042588,62310483.15137126,55853855.312201306,299825276.47228056,508524314.636279
104663960.9100801,74436778.46455953,66058591.21436779,253439854.21980366,498599184.80881107
110165810.16389155,91262602.80806486,78106735.96060951,338869772.6865274,618404921.6190933
111823035.94651352,73373588.83439612,59504706.8450109,335519027.9225124,580220359.548433
102260433.14924648,68746980.90115461,60269894.910085596,359117904.2387138,590395213.1992005
93150739.59290625,84604340.82852426,60399539.3579989,324605033.48935217,562759653.2687817
69475409.05556096,57511001.60517542,63363426.43528011,345267529.2962799,535617366.39229643
83734798.4037592,70796752.17226735,78431217.32482573,308062497.78756934,541025265.6884216
86294284.72043599,92328940.12731847,68447704.24070916,289698236.9638057,536769166.05226934
99373881.79365057,72208348.75751877,64222111.35661359,259082161.8166339,494886503.72441685
89835890.53829424,77226037.82159257,74740057.47403374,346712042.1392016,588514027.9731221
95260424.21782985,81263291.58027986,67705418.5254904,330824679.9155707,575053814.2391708
72978783.77530363,55729317.97452969,66113031.29018675,318991229.6820529,513812362.72207296
85452450.50985856,85765010.63099213,63496735.09985743,280891927.04188824,515606123.28259635
76181366.24845912,78809302.09463242,55032373.189451195,266890767.86839235,476913809.40093505
91349228.33969405,66927861.955107406,58249849.54746944,226503483.69815317,443030423.5404241
96092197.80558628,71859602.29251638,57100507.36575786,252267154.39888927,477319461.8627498
81558744.9571067,62457681.36312005,76519212.05199814,235309191.5028773,455844829.87510216
81136602.33531961,75801763.61223903,59893583.88867158,304116492.2710527,520948442.10728294
76726628.56569754,88215909.49718657,60865882.38926766,230289020.9969724,456097441.44912416
70835213.40375859,75915127.13353424,64163871.34089344,328368172.6410694,539282384.5192556
94504158.22815278,72016010.26476693,61365548.277308226,284986520.8305025,512872237.6007304
117925244.78335758,88264719.80717221,89704122.55681252,367645679.8232816,663539766.970624
86324489.05367653,67499732.25959401,64476895.23787879,297217569.0535684,515518685.60471773
85909889.6649299,74039209.20468515,51202383.9656586,329906402.7774225,541057885.6126962
86506185.6308919,64521684.449652046,65469976.2462847,271173819.0779453,487671665.40477395
95422608.15526773,86001219.45649885,78853932.33574876,315776703.43926144,576054463.3867768
81616699.79146615,69747545.71502739,58315869.329036266,292131880.7965747,501811995.6321045
84332866.04202625,68664941.7547178,55256736.46281037,285075538.67879313,493330082.9383476
81350248.99803253,65665701.42995565,68416593.985746,370973066.9570296,586405611.3707638
101742226.12544048,72525243.87699676,65168306.206266135,361477715.2827642,600913491.4914676
72265114.35628378,79828985.0821686,55997389.92531161,355360482.5072603,563451971.8710244
81400850.82595581,96922054.25577813,88961142.0333782,329867757.587469,597151804.7025812
77718341.72150114,75830997.17537628,64086287.14055106,287893498.3788641,505529124.41629255
66871205.33998025,67525859.79242042,54200193.735293455,304538771.48834676,493136030.35604084
102207355.5712992,85940861.65366907,73106005.2389152,286628755.67383575,547882978.1377192
90124127.79873097,84027337.86155505,64315498.92710743,309472590.31665087,547939554.9040443
85200006.66080005,91726910.8663996,78683326.80424197,346199367.97451544,601809612.3059571
66246822.31923178,72948811.40970623,62569822.56460979,292398635.14557976,494164091.43912756
67893038.063584,63418720.44889028,59872006.3705832,331027417.1331727,522211182.01623017
79339015.39556138,71130364.05018298,78932266.39403793,304805969.9991888,534207615.8389711
85427780.25734949,74750523.59814051,55870923.33123375,311529098.25747365,527578325.4441974
78550768.73064609,74066223.04459742,68415505.68920079,382207410.62069756,603239908.0851419
70616960.59339757,80171513.77212872,73706014.37194397,290823144.95114547,515317633.68861574
95995259.13419169,94036481.75282624,66170710.81855516,319558257.6494183,575760709.3549914
93048376.45646349,82148101.3625548,75018539.33038916,322487779.48318124,572702796.6325886
94681260.78404178,69793145.74287613,65486714.31022508,285698094.38310176,515659215.22024477
71618474.97831558,68627141.72378719,64565788.01184167,314317022.4261778,519128427.14012223
71176798.71910979,65222313.865886696,66740482.683979675,318008388.93741626,521147984.2063924
100519758.72918062,92047241.13231352,76817395.53269334,306873779.31938064,576258174.7135681
88826693.664755,92571717.70537141,99374621.60579811,360771434.2714395,641544467.247364
95017209.33210567,84384885.76193711,69519430.16136223,356044306.03405213,604965831.2894571
102485551.38299389,82242150.60985449,66430711.391911164,258353260.97225207,509511674.3570116
98060310.54349852,80103305.45550339,62344433.40285678,265286723.99650338,505794773.39836204
96951998.4060323,64797153.69844899,64704856.68639522,329468260.2588499,555922269.0497265
95235636.50510131,74216766.47433944,56787729.839651205,313649191.0438952,539889323.8629872
105693652.73364349,74410874.27726111,70530434.29037915,371289280.07600844,621924241.3772922
92070791.01245327,73597940.80187315,74077263.58285412,286881413.29939586,526627408.69657636
70838705.39335988,79742152.5158464,63243301.15444943,290671589.8778505,504495748.94150615
78877688.6855516,70441065.27906998,75146697.93112016,376928565.30890256,601394017.2046443
116249620.31536183,92130226.33969176,76989572.98531528,273802645.76008606,559172065.400455
84628036.13010901,96967555.54881749,69034669.74462305,373998585.02038246,624628846.443932
87979934.47083901,55974030.38002835,63094184.40516875,338759513.96928424,545807663.2253203
86526378.91757925,87596828.35626873,57359104.37498329,253982701.80980003,485465013.4586313
90116385.7145185,81018199.21688125,79800801.44100225,345022595.6247257,595957981.9971278
72034850.60800833,74693696.08808993,69501303.71465477,247241147.5251718,463470997.9359248
86600714.49190696,73098341.69977733,60157424.53873558,313942741.13153297,533799221.86195284
72543596.63762179,76594771.05789717,69897958.16062358,348684501.03649926,567720826.8926418
72849327.48753394,61407468.59901463,61895411.30399257,283571224.2865442,479723431.67708534
138811948.06523255,89165356.16390279,73318559.84485094,312705838.4323621,614001702.5063484
71753556.74821468,77712824.68545552,65127204.4793971,300239067.27281296,514832653.18588024
88536899.74419795,78344385.41792037,54474697.96062845,320742395.29442835,542098378.417175
76153231.37724406,72636220.82355139,74840016.09182805,382489935.7499632,606119404.0425867
66418897.83201898,71799732.76264034,65420869.68256424,252909108.21319976,456548608.4904233
99168541.31035866,79416920.96519534,69444320.92669252,278870917.83465713,526900701.0369036
93168929.8632203,85108435.49672163,70520379.48029989,294737962.52899677,543535707.3692386
81325869.51253115,76842259.77011131,66415241.43405339,338096862.27702016,562680232.993716
80752411.85285106,64975555.45268583,64391603.73380617,281958498.9328228,492078069.9721659
98868701.62364158,78372268.59988822,72938749.2187999,278739305.3137545,528919024.7560842
89233545.25663504,70569787.67453562,55584834.08045792,262710235.60980737,478098402.62143594
79926219.85209231,86150537.78100595,64525226.764618665,264045722.97785646,494647707.3755734
89063533.8511066,76729388.73783743,62657892.67712522,295300491.19548905,523751306.4615583
101964684.3758337,85203268.16448951,74960527.49696898,277387802.2303042,539516282.2675964
138454472.1835231,95426328.65366937,79539310.17210774,286301827.9317726,599721938.9410728
101500433.83317213,74343069.30616483,64692900.79676576,249708102.20908162,490244506.1451843
71484939.67558698,76531087.66431443,73598568.3737339,337139554.9520367,558754150.6656721
96787350.86098567,77346557.57029302,63876618.459108464,313077430.34562117,551087957.2360084
99467817.60780638,78455462.76665181,77970904.52782999,310600408.79497397,566494593.6972622
74538480.62919053,73357587.43198463,65227440.354418054,298854793.27123135,511978301.68682456
107058680.1337915,87499849.12543401,59869177.34675496,360184974.83676505,614612681.4427456
56220998.643219374,88320456.2764921,65730994.99816454,299348910.43683887,509621360.3547149
86373814.90965411,79395512.78993484,67189166.01472643,302074952.8465358,535033446.5608512
107544319.53398308,85198514.90146932,62663477.59996611,331656664.72305083,587062976.7584693
94843190.77138588,72835923.38978326,71776737.04752159,304188018.07561797,543643869.2843087
84166509.40346034,73357752.66172859,48719230.27312044,265102030.48208925,471345522.8203986
97758641.45198327,77901973.37170166,57764358.45300646,330491196.9971015,563916170.2737929
83136031.81536064,65381478.220195495,80520611.27110836,278866620.5845862,507904741.8912507
100397316.39738908,71897707.58562873,66327221.119300425,273874165.15534174,512496410.25766
71509886.9453894,77280071.96328974,68806681.11885355,349997775.9333658,567594415.9608985
86729110.55209027,98227032.8470837,75565788.32387176,343359634.93567336,603881566.6587191
70158661.25615121,67484667.38081336,65966919.69188187,297074480.148439,500684728.4772854
89868783.9509303,69733012.2915251,64896545.36625675,304973055.2883657,529471396.89707786
72187211.94715877,78529213.91079897,53988301.64293736,296004517.2337965,500709244.73469156
115703857.19880855,87780722.58736065,77370660.93411927,290231336.40001905,571086577.1203074
115768157.3859407,95140621.82925959,66750036.31935167,296114476.3708257,573773291.9053776
106613866.76066579,98013790.38390483,63884722.62192312,276073596.1582744,544585975.9247682
85222860.74426974,58922192.377498865,59695459.17657404,332527620.51980823,536368132.8181509
69263283.93753392,73301043.59490052,59787049.56821945,356235002.5738259,558586379.6744797
79602866.21654122,88841228.05517113,65102043.01579039,335562113.8799502,569108251.167453
90798386.67679797,75589946.68993184,60200169.87878089,308878482.1392213,535466985.384732
81267728.6844493,69164934.38124056,75377065.61077963,331442276.37256116,557252005.0490307
96676128.89253956,74462471.27477719,64573566.10223925,294082958.5999234,529795124.86947936
92047082.94557598,82971561.10396805,68453867.24556242,282695177.85810804,526167689.1532145
98503462.01969971,78540749.25446565,56924868.90092627,230791328.82129318,464760408.9963848
91468999.2804831,69907808.8836095,67471779.74908423,277926794.40602624,506775382.3192031
89087902.45511754,73206363.69304918,80232848.27132925,354758298.3545328,597285412.7740288
108207308.36547202,80145507.51933825,75557624.43504655,320348922.5339535,584259362.8538103
110347326.3526576,79609155.68200815,57996818.2944163,236220930.24884215,484174230.57792425
113915334.46673463,85454020.23485608,75286804.77542739,378354697.87891746,653010857.3559356
66939543.159448005,68768820.22438952,60567098.353472345,320300972.3892067,516576434.1265166
78052166.59673671,64603102.28907367,53203601.28174781,324252629.7083353,520111499.8758935
77431046.69968483,69507409.03218152,68145475.93482482,280172197.7671195,495256129.4338107
66371541.29599834,59595720.77632168,58380927.75946514,304667163.92924434,489015353.7610295
84428775.85878901,79400173.18241008,55406964.960675165,245013258.07913297,464249172.08100724
125115372.42271581,95234620.96439867,81295695.1510128,304462314.2494254,606108002.7875526
83946660.42959785,75437461.33258979,76772635.21469146,330154478.4288329,566311235.405712
94870636.39368,76087153.4445516,73050820.21502414,323338425.5572846,567347035.6105404
87824908.57922837,69960701.6908632,63088274.91254036,263900414.38960126,484774299.5722332
86649189.51279193,76780438.50296457,49860637.26278094,277091422.44763666,490381687.7261741
72239884.44373862,77247798.94333325,70764034.13295002,294193917.58634377,514445635.1063657
95222357.00439528,83123713.40101849,67065027.87245551,367829965.81808627,613241064.0959555
77647812.26889253,87857146.98856984,67616685.13279091,280895124.49588513,514016768.88613844
82434098.24060579,66183114.57852128,68323297.86252539,251824470.269704,468764980.95135653
108942978.65687895,71846843.79162224,72474954.95395243,311648211.21547747,564912988.6179311
91073171.73538941,71796914.14860207,67546333.73987524,309399049.0000129,539815468.6238797
69049831.7949719,64589729.569343716,57092853.684572384,264461989.13420117,455194404.18308914
106582370.15111966,79714039.03965268,62290850.25274372,285709024.025745,534296283.46926105
80440012.6013878,72280883.93375415,56674043.48402235,265514191.2346937,474909131.253858
98598727.9899841,79948412.56893335,66800078.985208355,307243451.7783463,552590671.3224721
86573990.87218677,74168337.53785822,69526797.59043354,323489365.4642905,553758491.464769
67802320.80925219,70800872.01132967,52761739.11131171,306863509.09302396,498228441.0249175
98615460.58516769,72929262.42984504,64656340.485985756,237095593.0516969,473296656.5526954
101908574.58931711,85576840.71534503,80300127.17356312,383537587.8586159,651323130.3368411
71684102.35232134,80659171.68618563,79518016.00349717,268655063.0790748,500516353.12107897
84849408.31044537,72527108.1397614,71623521.73631796,234597811.80803764,463597849.9945624
116640822.93975933,80245539.55982314,76850552.49216743,316513987.74112916,590250902.732879
94358690.58893995,59261049.31336805,57450518.50838303,317578430.78581834,528648689.19650936
91334854.4018663,63663787.86971594,62193954.811018795,268878523.853693,486071120.9362941
75437416.54333758,61785134.456487656,64759806.781362094,337103581.10930115,539085938.8904885
122463249.27316634,69332968.87962025,71456419.11369608,340398681.2628596,603651318.5293423
79466422.25689742,67027641.28228163,54869389.779801585,270376236.4898708,471739689.8088514
90084026.81069206,89707480.87309638,80686575.89163715,269414881.93089306,529892965.5063186
76858928.44793159,85932914.40627673,63071024.92159068,301686219.33762354,527549087.1134225
66367922.227753334,81724816.97790623,53172930.41467795,239579445.16102183,440845114.7813593
103189924.04082803,98693054.98725119,71737916.0113324,316981223.65137625,590602118.6907878
100861222.67138128,81332651.80676897,65628873.69211115,289787724.3271903,537610472.4974517
67856251.04533206,73857809.93889181,63462076.54734144,284723720.79106367,489899858.322629
74281861.77152175,66140018.87235015,66477154.850200586,332285797.58471596,539184833.0787885
82757257.00219597,71544687.31789565,58062601.327891916,326468956.7305354,538833502.3785189
87641886.9387727,79499339.32160552,70218456.78965726,299365417.9725289,536725101.02256435
72361687.29344308,65026541.732728146,70007009.66939136,279163639.9592425,486558878.6548051
81661351.1725411,65775530.4129951,53725315.498532996,261296510.88135532,462458707.96542454
114282520.94297515,87307758.03715187,66896355.19927081,351578370.5129312,620065004.692329
85106771.44409926,88499680.71241854,91128421.95766121,375219366.9810973,639954241.0952764
88538425.74495403,82791487.79042104,68572458.15071437,250642345.51698846,490544717.2030779
78528767.48389143,66585434.71621061,57394289.99473624,356650349.6563954,559158841.8512337
104375428.4289583,83412727.85163282,76489936.48030716,256552055.75252426,520830148.51342255
97993911.16209206,87102441.49175398,53953622.50613041,320917476.9830682,559967452.1430447
69425004.80277815,57566750.880917445,68054352.8409721,265339313.05503017,460385421.57969785
77761398.62973416,83130656.41999023,65515959.76444691,299357907.4561325,525765922.2703038
84430916.64851257,78644690.03681332,65057629.85023734,308002774.3915519,536136010.92711514
80451670.668644,77826326.44409388,68833150.03690861,382651840.3745505,609762987.5241971
82042931.84982446,73481214.95999621,66763042.023494214,339535436.8601617,561822625.6934766
73221650.75591616,74029280.99795997,47958752.46747168,271573965.7268158,466783649.9481636
103552614.08988437,72765849.45326778,67120069.32489401,287157039.5621046,530595572.43015075
75995374.19915289,82525872.97244269,59738803.84504823,308788639.50706303,527048690.5237068
91622260.74833947,69754295.36062728,65254523.11047578,270637175.4327826,497268254.65222514
94808035.11734508,66636292.35332862,60562016.499305785,286453288.2986485,508459632.268628
104221861.86363326,80537918.50036743,76700373.29929549,339039760.67044705,600499914.3337432
95211392.49101754,74718139.07610734,74529362.08206047,300749648.46929103,545208542.1184764
66107658.789344415,69722368.25344755,66032216.19008733,249930146.92281067,451792390.15568995
75683252.40680943,63937100.703298494,66991658.106740035,363609255.3950738,570221266.6119218
84328057.19517611,80310686.76853535,71548089.86307408,372600027.40459454,608786861.23138
78554834.54140882,72461378.89969514,61788868.21265242,300267282.06090677,513072363.71466315
130233864.46397485,83649986.82504104,63842481.92972455,268311745.95742565,546038079.176166
106579537.97596183,72125639.22636557,71002068.00393896,285995670.2391295,535702915.4453958
71196935.01346041,77946710.15048051,61043565.54238537,313235412.13148373,523422622.83781004
94466911.28321902,82545562.75724421,66535705.95988659,332769080.4415274,576317260.4418772
75230798.09261097,55437672.981662,62644521.95231909,296979164.02266026,490292157.0492523
79090970.7381378,62809641.90997321,47742012.00779518,277768626.98726475,467411251.64317095
113559709.41926825,79520576.21459801,65683448.533043645,305585070.6601736,564348804.8270835
123627009.86183193,89846384.74529591,64845675.43291556,310275180.97136736,588594251.0114107
91976327.51064245,68185709.06644568,69477456.86856511,277952831.98526967,507592325.43092287
68465883.61977696,72679762.62056758,63167514.002544045,298661659.9232717,502974820.1661603
77157343.9185576,68867879.56422845,71970327.16465667,323371880.2330593,541367430.880502
74819909.25525482,58682729.404857434,52860463.63625062,286174665.72515523,472537768.0215181
78814669.9224827,68528348.81186886,58681706.63994778,290093264.4558058,496117989.8301051
98883679.86306693,78302974.43724944,67963972.49489856,300020761.5787734,545171388.3739883
80505815.70325921,82869493.48856352,74271427.28204225,398667236.8860546,636313973.3599195
96165436.47475511,73461385.20154624,58955641.87549659,329854726.9127571,558437190.464555
76537824.24598067,81129544.5851713,61404303.30239259,312423127.58524007,531494799.71878463
73595874.90032189,80134920.71634015,57602360.16621271,304414038.80836207,515747194.5912368
84488357.79289594,76455747.8740224,63048747.44640118,286767808.5139836,510760661.6273031
89396524.01030836,68172564.26020786,56224961.84690027,278252350.2323074,492046400.3497239
81830117.49081692,66793870.32270119,69683898.84816177,292955322.5829936,511263209.2446735
84099296.84968257,64755378.79744135,79007516.81097728,413872139.04103374,641734331.499135
76962936.07111353,85232271.4741945,67821244.94756871,371360872.3354077,601377324.8282844
92032258.02331232,77934644.92637677,49813147.21290379,257724380.57534242,477504430.7379353
87494994.25536613,77931199.37028459,57797944.24180171,271593667.22164875,494817805.0891012
95289855.43785276,66189124.87858,63908579.75234499,344279516.4266791,569667076.4954568
92760767.74307178,80228455.744566,53371843.93262293,264501227.13662234,490862294.55688304
121176876.72872967,76519923.0136124,78793324.20433977,297810727.5275117,574300851.4741936
83413137.18363795,79964907.08868937,68023996.90904747,321483085.60660356,552885126.7879784
76496121.80663122,64794035.87557094,55276457.05139283,269720249.7662652,466286864.49986017
84064030.46427561,85079929.43570104,69664809.05561252,329064482.6567812,567873251.6123704
89208038.23567064,67254304.6209593,63139266.050905295,302359925.1348561,521961534.0423913
98493252.9560492,69154591.52115071,50380057.212269105,288952186.1866922,506980087.8761612
92292260.30365387,75510866.44274528,66385335.59505317,337200931.8137042,571389394.1551565
81030305.33068888,72479528.46596727,65092773.34171266,262147448.542755,480750055.6811238
85112245.61598146,75133315.20050916,79716323.3082702,307339361.9494499,547301246.0742106
90046378.00376779,85240695.1246266,62783802.23756475,355947973.6962757,594018849.0622349
115671946.81682183,80871207.13897368,64831951.71270168,368976259.57121885,630351365.239716
99058065.72966929,79083063.84253737,80231647.44547594,373406113.68122554,631778890.6989081
82636206.43358725,77374029.01771706,70982783.88453399,310938213.9263915,541931233.2622298
69795125.60027511,64928655.20215367,51968025.14948061,298576988.21068156,485268794.162591
72141942.51433766,74541101.1631353,80367846.01840103,374273777.12217295,601324666.8180469
64978417.078154,61421587.840668544,54176130.851777755,247626210.19923386,428202345.96983415
66917256.244149074,71581145.60267359,68813298.02095938,339714382.5160719,547026082.3838539
80827218.10739791,72494669.99388917,67256933.31684637,300235379.8452111,520814201.2633445
99295913.02098644,82374230.96095416,65866966.987454355,247963908.22104037,495501019.1904353
110868787.24667169,74243748.0074582,69466412.55652916,247574368.9768579,502153316.78751695
87050048.93739782,76961650.34468506,67574749.29540367,433200368.02745926,664786816.6049459
78824935.99624725,81776187.39294268,71873556.47895904,288733462.39357984,521208142.2617288
99217434.62921691,76893671.33947816,74319265.3937327,393550726.4310623,643981097.79349
89339532.251125,74080673.95459783,74206484.47415103,366849338.32996047,604476029.0098343
75705614.489503,69948673.2146708,68540702.54486644,299521621.7818084,513716612.0308486
74848838.9799468,78250878.59826,71602172.03995438,298683680.2074523,523385569.8256135
88068922.12138219,71363768.54594968,56616334.433748454,275379314.66186297,491428339.76294327
88246569.6545833,64360073.59107826,58827369.1862789,294545208.6066519,505979221.03859234
105594461.59589516,76663696.08927175,57980333.0721328,288956820.2252036,529195310.9825033
79643956.20201728,79465858.31068651,64202800.018744506,221888101.2980888,445200715.82953703
157506212.55862755,88467814.8074279,74021439.6456261,268150732.6042085,588146199.61589
68976247.98370136,71402881.39179301,65944531.12926506,326716301.17402357,533039961.678783
90587681.80035362,66941530.1241396,46784943.96544254,273771960.0648179,478086115.95475364
80060755.82709634,64518860.89499919,67837323.58476219,251483909.96198004,463900850.2688378
96264115.35639942,66136022.98000157,63937103.49697404,332522015.7162593,558859257.5496343
82614025.78378706,91378291.57159942,88956158.35261594,341426415.73352194,604374891.4415244
95105978.02658048,87731706.59661272,75113654.52301824,334878589.9735383,592829929.1197498
80187849.77344239,61452617.51951041,51146289.68516678,368581457.8848488,561368214.8629683
91829480.50985168,74849614.476835,76559105.1968018,289209740.4589608,532447940.64244926
95743548.79854056,78431801.97691397,71132023.11948691,299373705.8276282,544681079.7225697
74724738.00980514,66825821.81750645,56551419.09852162,288922435.3576042,487024414.2834374
67972215.66111575,62276682.66788359,60894293.366313845,287695475.5016826,478838667.19699574
89905466.4924888,76237050.74437808,89371278.29760198,332507090.59461135,588020886.1290803
82071463.77108087,75948281.51318194,74220230.59742838,310942457.9169701,543182433.7986612
97314352.99229811,81674233.69634041,66218584.80960786,310963337.73321027,556170509.2314566
112656534.69644015,82952936.47981127,62001141.511722095,292361399.9912866,549972012.67926
62160768.15372072,71609581.81965525,73572114.31297949,264877563.3538677,472220027.64022315
89324280.42389737,85744189.586321,79056660.52732801,372397983.0449235,626523113.5824699
64658331.25578136,75384509.61474492,53924516.65682978,256906865.16511428,450874222.6924703
99463261.12698324,79854748.69810481,74146489.21156868,283107115.5723103,536571614.60896707
110418239.84409538,86932961.29023431,78796923.20501351,284996423.6960017,561144548.0353448
105201896.25850883,76567407.91508015,62463908.460843824,323807600.6235488,568040813.2579817
95745135.80569012,70494557.45588349,82354014.45587988,393409294.92495465,642003002.6424081
96080326.55331837,81761943.95095377,71237530.75709832,261470418.0850186,510550219.34638906
88797650.92270169,77302906.24605268,62209483.60929694,289989796.44107085,518299837.2191222
59558557.093656324,61495305.57213025,65883310.33401796,361922513.2722151,548859686.2720196
74980218.35264368,75113206.80887562,74103102.26332979,293739109.0873544,517935636.5122035
97182289.84017673,77695432.87884112,77356186.06377764,273865658.3706434,526099567.15343887
73069476.64059964,75513220.885175,65819515.31060099,301081722.9158719,515483935.7522476
95632085.78873421,69796751.03396404,54639554.86076195,272739302.7245971,492807694.4080573
81950653.69940288,72622563.09896517,75076766.07117955,341251704.68144375,570901687.5509913
94982002.23415019,79610008.18283118,64323071.72316411,275624840.229216,514539922.36936146
71994160.97215818,67253585.12972394,61738713.13953073,258514017.7358685,459500476.97728133
89607767.13514662,74876829.5214326,62775114.76885961,343235873.6707252,570495585.096164
58806761.27593727,66584692.459621355,46091528.3549466,281534177.50424665,453017159.5947519
98528879.44421417,66940450.491492145,54788876.12711231,237023202.549023,457281408.6118416
88101269.86670925,73339563.07250743,63060762.35231025,287594166.54083717,512095761.8323641
74618257.20283565,83720615.87717156,70152495.85911307,271155978.18762153,499647347.12674177
77953403.70890716,67087714.685462266,73654526.0154963,334713162.27296335,553408806.6828291
85459251.51142798,92266785.35256813,84707405.39801195,320185399.66748047,582618841.9294885
81658696.53585577,71908053.2011476,57446257.42581036,356963892.431722,567976899.5945357
74227190.55734117,81114248.25439504,72762539.30109073,301799385.08044136,529903363.1932683
116530436.07154942,67886611.07774913,63857521.132758096,283781200.85672003,532055769.13877666
101709726.14487286,82092869.11424737,56136638.46606462,340559107.713566,580498341.4387509
94258058.64005099,68730925.6672243,61219729.866345465,255314519.6224912,479523233.79611194
84854479.1734102,76958885.07744771,63694505.9100016,286635243.2538856,512143113.41474515
67358855.92659204,74628100.62765518,51253867.356771305,285575228.72873235,478816052.63975084
65377762.80942728,71710516.06221563,63189019.49843123,312292403.16992426,512569701.5399984
100121072.21794453,88625676.48478669,58631595.08789224,298434844.04591346,545813187.8365369
120340298.0361406,83006558.3621619,63463031.80412653,302570330.85135514,569380219.0537841
82011209.37086308,65520279.48427937,68708467.4797852,323935734.0612062,540175690.3961339
70427921.43715647,71729938.0606377,59448176.63197054,244662989.61175126,446269025.74151593
69527965.24862166,62463290.44274969,59677542.72195101,275799731.62929016,467468530.04261255
74790657.49295577,70249748.89767675,69188402.97954239,317615262.1761036,531844071.5462785
102384234.04986559,76873340.28210272,81186090.54611164,334175599.9290985,594619264.8071785
80640513.56295216,75574532.1430745,56536110.47529248,282445905.6573131,495197061.8386322
93424223.88360646,82962267.78834867,65505072.636468336,419621180.3268837,661512744.6353071
84835868.90532301,62307322.11767642,70311323.7712566,325309526.44154555,542764041.2358016
90504324.49437448,72738355.66839093,68196799.56883726,368201466.7497595,599640946.4813621
90069765.67233126,64696986.228801906,41221709.70939692,279840734.4489123,475829196.0594424
74471253.79880336,72589756.12078023,58270583.39072327,265031307.74732664,470362901.0576335
77149566.1259058,68471718.91697769,68866583.28889214,324682672.9561766,539170541.2879522
71869393.94362946,64361626.3889199,63765021.38719791,334479978.45222896,534476020.1719762
102964185.40765426,70386085.72709377,72899320.44676581,253042197.6661694,499291789.2476833
84420134.51536098,79918806.22344474,52565404.95020469,367747894.44200945,584652240.1310198
107850907.87940055,86058725.86356801,62882771.867014706,302751977.2429457,559544382.8529289
98975443.0166912,68800288.47496322,62703668.5024224,331379149.95912415,561858549.9532009
68645388.17609376,74907295.93326241,52444617.80693643,256883828.79126453,452881130.70755714
80438344.17876515,79290493.14417835,61487936.07569087,304209753.73994887,525426527.13858324
78119842.24679087,69819467.28609018,73488747.59117761,271061696.70642084,492489753.8304795
98481120.73721737,78224748.67450717,62972466.34386453,262724714.89774093,502403050.65332997
72583630.75447784,67035528.59700102,60915496.15599968,315354915.12109673,515889570.6285753
83114212.94231565,73280662.11252601,64244895.47768523,318037004.87938595,538676775.4119129
96694149.01161045,66380287.19608538,60968103.25122303,340129767.38764286,564172306.8465617
70635623.04615167,73180406.93305992,62818661.54058395,279794413.75691384,486429105.2767094
112509789.59533796,80976786.46210168,82556649.38469864,324576479.4263737,600619704.8685119
93878361.0644839,72399651.53600228,60908578.34707956,311799509.08968866,538986100.0372543
93390167.81955658,82824447.36344738,71860873.78449647,268725156.4532886,516800645.42078906
76643527.23128004,81532593.72995189,53380804.914246164,300190009.998031,511746935.87350917
85659418.65850365,83611502.45386024,72031100.18459769,290335516.2683333,531637537.56529486
77843587.82889356,69826532.43191819,67857245.2851945,232888142.8160405,448415508.3620467
89433727.59413816,69123153.8304513,65176179.06556048,313053815.1538759,536786875.6440258
66826101.61376678,69796059.09525885,63816643.55332312,301266960.7139193,501705764.97626805
85517961.02593586,65806872.66410189,54863515.96391798,245062388.45939857,451250738.1133543
95298989.52163169,76624379.86234915,66298938.74563479,250910209.64151958,489132517.7711352
86739932.31647122,81784524.00754175,54671519.828684695,275135015.270198,498330991.42289567
67817673.65814406,68482859.50995371,55933830.43925251,301352507.5942886,493586871.2016389
89603746.54602076,88891776.3024603,70039119.63564798,325611308.7809112,574145951.2650403
79757060.34978001,65661608.99064478,68352404.69540685,348899730.8637949,562670804.8996265
97641026.06113431,79274728.2665415,60351010.22219494,341409786.81608653,578676551.3659573
95688384.90960163,98199663.56310624,64277066.322092265,342114881.69775414,600279996.4925543
95223644.27579305,74633277.56632066,77587656.37733057,331330769.33781755,578775347.5572618
75058157.32194868,72562854.01864688,57336334.178137586,276838913.0673225,481796258.58605564
97612423.39956102,87525795.61139245,72355487.9347103,289575567.6646677,547069274.6103315
92703429.04589887,83892084.84888677,54644107.090697914,297503544.16702116,528743165.1525047
84591926.01801738,84382615.20706052,71967687.63505046,331445151.90485466,572387380.7649829
80731043.01150368,74800991.9591748,73018655.82253514,308670368.4485469,537221059.2417605
89681695.21184815,64143521.32800791,61347552.95838044,233724703.14093354,448897472.63917005
80289674.2841386,75243651.0095479,71646466.89407875,276086677.1484243,503266469.33618957
92585865.03715543,91403269.80766428,66221125.07881264,259403916.2034336,509614176.12706596
91351055.95050935,67022162.501488395,57196437.15993506,323391505.3269584,538961160.9388912
117784700.723935,72584187.09901875,60719221.36441979,283674231.8278852,534762341.0152588
79883597.4851024,93269139.84758234,66929653.64155055,296989801.51166165,537072192.485897
112968262.13029107,86264778.88096657,79587927.41305909,291365094.19159377,570186062.6159105
80109425.2805401,66209821.88775486,68330278.72317128,348435005.18358475,563084531.0750511
79221581.90252449,71400185.7029924,61609396.27969256,248698942.5368536,460930106.42206305
78287731.63511306,81203810.52608976,60689065.470780745,302630754.4301754,522811362.062159
70727316.32435548,71379640.9934982,59371659.38990175,255411239.8538306,456889856.561586
98974902.96061043,86366958.3347375,62554973.36572112,296953368.6156032,544850203.2766722
87829070.95505711,61818042.06254507,51559139.33978038,326224054.3932108,527430306.7505934
73532547.07647112,84668758.73678431,58109076.64811406,320471579.17498255,536781961.63635206
82967086.31540227,73782173.47533627,81071493.11235172,275913411.51240206,513734164.4154923
95922948.791464,82901504.89242414,102525102.6820195,301890042.2054109,583239598.5713186
78889763.1538426,81746660.03855097,65959174.72215019,289882329.751465,516477927.6660088
101659545.66683277,76411320.98062187,60222894.82116427,324457540.325414,562751301.7940329
92609647.81732923,74413987.64042537,63042507.51334178,270616938.90620595,500683081.87730235
97945482.45522927,74955129.17587945,60470137.59078444,257121714.52018568,490492463.7420788
92860119.38952766,72795509.85886203,51380516.52151686,248661320.77712506,465697466.54703164
84005955.2080349,73694182.89177299,63231433.064474195,287199881.28028595,508131452.44456804
68851715.585316,65206542.11778215,70300911.50700957,342003448.27173465,546362617.4818424
95664521.25949878,82240897.10575552,76418730.2977941,279532609.8367157,533856758.4997641
87669014.74767876,66952042.49752345,55117825.28923107,300459780.3867551,510198662.92118835
101484511.39006263,77025547.72207493,81647766.0436918,329444363.0657044,589602188.2215338
77007478.63694969,65264294.87040977,69510871.60779753,307843174.8642167,519625819.9793737
97179164.9389011,57384235.519049115,61237927.12485498,275192783.75920206,490994111.3420073
69762843.75264752,71829059.41509433,72356613.37010026,400250720.3418927,614199236.8797348
90656102.30037738,70742568.36078484,58761073.70289499,328553106.05360264,548712850.4176599
74340656.10567333,78870953.68634832,68649043.22105855,313963586.6058773,535824239.61895746
67841902.08762312,68991040.38747011,52514819.01757344,265671268.4065148,455019029.8991815
101004413.92316625,90703797.59076108,73513449.88040608,297873299.1134122,563094960.5077456
112461454.37181467,75371028.73990458,58606568.196451426,321349954.6644117,567789005.9725823
93840456.54731067,72683217.83961727,66017467.79703211,319252071.48287666,551793213.6668367
90099279.79226671,80844856.15397158,63933638.28132491,322717977.0100449,557595751.2376081
87453491.04633357,72117536.33918901,62848052.99907938,295939452.57069004,518358532.955292
69188551.67243353,67096785.62145224,62297758.69256704,253092669.64345774,451675765.6299106
78966372.12423424,98002128.62506786,63540676.428766206,294660618.7449598,535169795.92302805
76308596.9451106,72847595.96393362,58414548.3164219,285562241.1216252,493132982.3470913
77729025.03966738,83754109.98088327,68795115.11287399,275761975.5465475,506040225.6799721
99777124.02957068,70247196.50433475,53693103.133616254,287920125.5377776,511637549.2052993
118358837.14731443,66046373.589430645,54509556.47661533,314314017.41209227,553228784.6254526
78683648.43706064,79796398.27557746,60558488.0999685,303728670.59053826,522767205.40314484
115313217.18397404,70636577.46896468,73896633.58407886,337416276.2058462,597262704.4428637
68704232.77775225,76907031.14343381,65830454.020363316,306441651.58724004,517883369.5287894
92036450.74714462,73988048.14076024,66161442.89441838,312536476.21325123,544722417.9955745
98274805.18574019,65554931.20782436,73185608.99061047,270094487.6430438,507109833.0272188
98520152.59649771,78962456.09473704,58138335.95734287,315229224.2277026,550850168.8762803
74955896.29679742,83198159.29134952,62296560.81786845,254110727.84684408,474561344.2528595
111488602.98426655,82169092.84651081,76887321.52081549,289433423.88362837,559978441.2352211
64414878.54257637,86218122.49861601,67959897.21660526,326351364.7076674,544944262.9654651
96876928.59772024,74982607.46207301,68007683.59915777,368296440.1885498,608163659.8475008
86756068.42189889,84753692.45593663,54485845.676837124,333746591.3681867,559742197.9228593
68344745.27752784,80917402.20012902,69740213.51856689,305507681.56972706,524510042.5659508
85828196.46192375,73651224.80773824,59125793.26833049,288453785.6887151,507059000.2267076
124199564.69476369,95842428.53369915,67065213.81751182,323442604.2607258,610549811.3067005
88558677.72055914,75128139.31443115,58455729.164378196,310752498.1269724,532895044.32634085
99861445.87364861,71276952.11796132,81982699.27789095,380622904.3783164,633744001.6478173
95209296.94164363,67344242.2300703,66424788.58571381,311825074.1262766,540803401.8837043
94677001.70074771,93170423.48994228,70624695.81226817,399145555.40009576,657617676.4030539
93073755.34279798,74691193.89153536,87608392.61813486,358306203.80416036,613679545.6566286
81083156.93794148,75592118.66832861,70715909.37078516,303579341.6281285,530970526.6051838
89098204.74067084,69591264.9751379,52304806.78572653,288956410.41127634,499950686.91281164
89185567.09962428,81295730.08382916,63496991.611574166,260042214.1879729,494020502.9830005
74717197.69490337,83011744.3355656,62553544.0139912,287022118.6242691,507304604.6687293
82952333.89858411,70055397.39013965,58690480.4534558,265401666.26687798,477099878.0090575
109135892.0737382,86620589.4091676,82031881.83842017,384717013.9698002,662505377.2911261
59858912.37200238,72709046.1192002,58945134.19953275,333272239.06538165,524785331.756117
77444202.49403735,65594343.804606825,52099235.97806663,273348858.345316,468486640.6220268
100968942.69776535,81040305.38632105,59400396.171497725,382979010.5533893,624388654.8089734
96767508.20896833,85242293.017422,81167021.64513312,268110941.71798968,531287764.5895131
75364789.28716138,80969911.94815387,60920042.886054225,290110471.9769682,507365216.0983377
86129003.15958245,65484441.253903285,59579595.04317611,325288242.6568846,536481282.1135465
98013845.503037,88868063.35250814,79957897.71769962,339315636.92899877,606155443.5022435
91891551.47433023,79301460.9353048,62623109.926314674,268122886.74706864,501939009.08301836
78090209.17375138,71482383.55452448,59174369.97615205,308523926.1817315,517270888.8861594
90073548.75372192,79454993.20566861,70281034.25217961,356059446.10709393,595869022.3186641
87088304.45644513,85478784.88257326,73625232.79280375,359524129.5748816,605716451.7067038
112940268.01755278,86259664.54011558,71680957.51253653,318806823.7787918,589687713.8489966
80883025.07755877,70590470.68570119,71000565.45610557,275060933.3385263,497534994.55789185
112942850.75364797,79301761.77221775,96116344.8452982,310195692.9980528,598556650.3692167
90772847.39279546,73743827.90687571,59586968.61371543,334755109.3259514,558858753.239338
73058038.84326218,67621451.91350274,66736708.78657593,327977659.3751969,535393858.91853774
69783783.91192894,77382671.34287967,66507722.83530618,273781892.96123713,487456071.0513519
76858457.21482304,58480040.03380996,72258493.14693889,340722249.23575586,548319239.6313277
70941408.7277451,79644898.1786198,61973055.77824191,333202807.728433,545762170.4130398
80548154.79835942,71676916.56596996,62014065.093301766,276094111.95062363,490333248.4082548
109111685.89816001,88828668.64906292,72404367.8903133,356273757.000351,626618479.4378872
67204445.04499912,62252678.117378175,63330948.35519459,320673754.05451465,513461825.5720866
91198569.94070151,61860880.41204601,53806010.07979389,298447635.07356393,505313095.50610536
128620463.59727839,95668762.388513,89813288.65645884,350171576.0965578,664274090.738808
91977123.90073355,68366018.6816868,71158445.56556751,304625024.8546514,536126613.00263923
97439165.38809015,78322920.97066894,69670842.5456336,306559274.9461646,551992203.8505573
90402000.74624956,86123218.45568065,59935654.48808532,253342234.3369857,489803108.02700126
93362760.54047392,91281876.88384359,87334750.29075716,287869535.3428088,559848923.0578835
81759337.47827291,63225145.909546025,57226440.31782049,328627536.1033136,530838459.80895305
87028093.38008268,72857132.30376296,69286527.02242507,279908715.1163164,509080467.8225871
112549356.937257,80707374.86851805,65716682.41006605,328259357.50016946,587232771.7160106
101363277.91312207,94683653.46776024,71141909.12507139,358905761.05004746,626094601.5560012
88632913.37343621,71180481.91074745,58760973.01694794,259318187.48247674,477892555.7836083
77441439.48481631,84271173.47849302,74251082.29939151,273451277.39714277,509414972.6598436
65932523.63959738,62820564.10608246,54723050.75914219,274825187.71119756,458301326.2160196
105226533.96389402,74551216.93995725,81096423.46323559,263989275.07192338,524863449.43901026
82472600.26693766,82285056.36293481,75116211.08268808,303958564.99264705,543832432.7052076
102382342.44299832,86687095.36770013,64976383.264442176,318843830.94534844,572889652.0204891
97609095.99562036,72761873.23792796,80012001.92638755,288990760.57517385,539373731.7351097
89243643.20520395,66225037.63694658,63395622.10399555,263357880.6054397,482222183.5515858
83195576.86781204,62693100.797908604,67020033.62734822,312489944.12866515,525398655.421734
103796393.21712366,76055814.47717822,76543391.37899962,317718656.18494004,574114255.2582415
88802771.24412325,97550002.15083256,69036001.96979126,362347681.19022423,617736456.5549713
94170902.47682005,72495244.21811935,55770439.43431632,258620607.2627995,481057193.3920552
104518017.55596949,96880253.24550512,74574440.50016154,326588888.03280014,602561599.3344363
98754321.35743544,78948955.04091573,77109646.99560906,328493043.9017433,583305967.2957035
89121513.7940387,70550096.55915259,57416330.34985591,203298543.41565382,420386484.118701
106263777.64138722,78259313.34319067,64655167.7310458,243311388.6405916,492489647.35621524
78711482.68457635,68018991.13410878,57091944.72942338,301715297.3410134,505537715.8891219
88932004.7030379,65325862.86970303,53384500.16069587,245641018.6542896,453283386.3877264
116539412.0356839,96568933.21369295,67112555.64870845,249846414.68627298,530067315.5843583
89014581.7290833,76877316.00175166,69016375.70191363,335401093.971861,570309367.4046096
93749883.56972212,68008054.09600224,65770483.65183453,332426723.02942055,559955144.3469794
77661158.15283972,76744807.46398142,61608444.08603399,376062180.43860483,592076590.14146
70514613.03840868,82883663.65097192,55268598.86952338,359772031.2197644,568438906.7786684
72638132.86512637,74633382.39734058,53367969.75843209,246345125.011514,446984610.03241307
100691247.89992294,88541041.9246234,73008978.73260769,345002074.7197859,607243343.27694
103091842.16883609,73045410.93202563,55748885.10019041,291366350.9812105,523252489.1822626
79508472.27424414,77949022.83328481,70756461.4639937,286346447.2927584,514560403.86428106
97616837.65860936,84204208.23387793,75612058.49944259,303370990.6385016,560804095.0304315
98809192.2354601,83138592.9668585,74553524.50315951,383890337.65803576,640391647.363514
91907676.35441308,71805154.56632224,56826838.18402288,332651676.2174774,553191345.3222356
92343377.15483241,93499635.32624714,56669280.07189391,332023183.0006039,574535475.5535774
83636282.44050114,72373178.41642281,58993438.1952872,326720600.8944343,541723499.9466454
96211213.53834379,68204281.17250727,64966056.06520909,326075988.7814608,555457539.557521
89729689.22454502,87054121.74612758,67545337.34768939,239126813.3837181,483455961.70208013
89854889.05042432,78239805.37013623,69503641.7529679,351000437.361861,588598773.5353894
63792257.897573754,68971955.89249961,55706114.63293294,250707458.7088907,439177787.131897
86204090.02859156,82315241.3577061,70638032.48509769,287810173.1740559,526967537.0454512
85199870.08312784,84287650.56523755,74555545.87840307,296723335.3822293,540766401.9089978
78997072.3833844,61038829.47438657,57101115.211804844,235580590.77807093,432717607.8476467
121426835.2111996,74326128.4217875,76468070.44891073,389890250.3699293,662111284.451827
90280140.69576259,75826137.47073762,56568774.21107123,276695183.0869361,499370235.4645076
112747548.96570489,84010996.02078986,70285700.98382708,363975509.52044564,631019755.4907675
97494701.92817295,76734454.25797907,68590392.38921334,281908993.5543832,524728542.1297486
79714500.0691437,72816682.18790688,68939943.56956702,265018621.67541358,486489747.5020312
88279191.20878129,72958517.62049331,58461565.94405894,281709984.637128,501409259.41046154
60132502.88330311,64094581.310061306,52746614.1708103,273210844.16632724,450184542.53050196
60534557.65368883,71621434.70521428,70014341.55829938,301142500.3244442,503312834.24164665
94459482.8324407,73042964.32875644,54388357.02276894,289735953.65204763,511626757.8360137
97246587.66526838,66948120.10554129,59886799.83790222,286098082.14488274,510179589.75359464
137677533.08339873,86615694.59065594,57383179.69890966,234055687.2646952,515732094.63765955
98030247.99276504,104127997.11020008,73112538.78770046,309090863.1546971,584361647.0453627
93436192.45847116,70499303.6014885,47647442.94672712,315016999.2088413,526599938.21552813
79051668.3461058,84026564.63986447,62410098.653011076,306683368.95454305,532171700.5935244
100001635.8079707,88834881.47189766,73015047.29553252,323638529.2376345,585490093.8130354
96306322.2065386,82125102.5434361,58895437.41278582,257916294.09500945,495243156.25776994
62212433.995949246,77019762.12146352,61870017.21512882,327788884.34256405,528891097.67510563
93032124.46145849,68789328.62249258,62870905.28641776,283144828.56202185,507837186.9323907
79101797.46535714,82740362.92126231,91425234.92938788,376612037.25895387,629879432.5749612
86832302.77884091,87935199.1824071,85797382.93826386,279888074.8578278,540452959.7573397
106106283.54757227,86964290.09974428,81419038.53728372,356907334.6111511,631396946.7957513
84084930.89167821,95450833.93891025,75169609.01268043,304706946.5808172,559412320.4240861
94568246.96915442,86730001.71635704,70857826.77685308,328144093.908793,580300169.3711575
88450791.90987472,70748348.92633663,58297083.0318751,249734464.7809739,467230688.64906037
111206426.75058003,78372112.62868173,45329149.78399885,292704515.6397574,527612204.803018
92617643.13905573,62193571.255730405,55473278.69753363,259324186.64339513,469608679.7357149
77434325.27519119,85219291.78514962,67389129.85415444,293600867.5909,523643614.5053953
104379443.31247626,83939692.80219275,56652464.19602336,276394964.64399743,521366564.9546898
91822174.12269343,69130364.17879839,81209794.71286444,321641235.29787534,563803568.3122315
77296698.48079324,65047212.23695395,68694656.95971408,280687931.05418444,491726498.7316457
92678429.26385713,67556801.76642787,63824696.75841557,277856916.0133311,501916843.8020317
82912746.26891162,68630629.34342454,71365138.98539859,290162543.553987,513071058.1517218
85227358.5274088,74884344.7336126,79384448.2412703,351879980.831894,591376132.3341856
98979573.36099975,65277765.54307147,58027508.18186041,334209536.44903606,556494383.5349677
72297163.41850413,73649719.34594494,56736697.40493218,261010175.30463725,463693755.47401845
114143124.55427177,87902944.5618082,80223526.32668296,355180309.8174444,637449905.2602074
85284274.33947721,69910945.89656751,60821651.44693121,289522292.6262865,505539164.3092624
115902160.07972464,69569982.99483627,60940112.92484627,267804109.77084026,514216365.77024746
103285912.92277463,97961316.96830167,76797580.16241378,338672253.614886,616717063.668376
88492640.9999657,80316390.84111628,74111475.52395616,330335698.10468805,573256205.4697262
94460125.03061202,84757523.84667777,56220364.310279906,296003972.7935322,531441985.9811019
91576163.78052354,80743528.4632174,66566640.426792875,312523744.5496321,551410077.2201658
77712106.30218065,60403812.21143321,67151326.90764213,262237967.75053006,467505213.17178607
84995701.01202822,69394676.34693854,76752265.18172945,310053031.5873677,541195674.1280639
82978335.75547192,82041443.93517296,87665268.18363285,343561541.2051303,596246589.0794079
82093286.12591445,81359070.46373953,56105811.62196512,295620223.09895736,515178391.31057644
120013457.88684139,83326408.41628087,71034070.13781199,314643857.3944412,589017793.8353754
81856249.42082496,77796327.58112137,72782669.45624061,300228880.2038485,532664126.6620354
58523675.2952632,73365703.10886784,81535316.01768847,303785039.97692466,517209734.39874417
68903449.65802729,78017941.22089389,80735355.6483632,339056731.43129236,566713477.9585767
114948649.78154695,88802866.5465103,77994845.2192646,304045636.7749843,585791998.3223062
91286228.62215386,76638687.78142416,66006932.29488486,295964406.9161836,529896255.6146465
90416316.09775114,66065170.97564036,68947681.77344404,274678220.26262337,500107389.1094589
83781942.74436297,78352886.54871881,59747116.456550926,237422910.77840966,459304856.5280423
82019342.62013964,63623212.72545292,66653413.91661208,262636175.81733993,474932145.07954454
110622701.23065661,80270670.65356259,69172506.4776857,247222473.1980932,507288351.55999815
89254644.54852405,75803369.89027312,56672089.31740571,296246446.38736606,517976550.14356893
81824183.23188359,73160626.33107115,64972033.28175846,285855218.2762294,505812061.1209426
90718610.30236752,76027557.32554197,70085692.8788118,290716290.14487225,527548150.65159357
73534986.30637744,67465346.42336634,73834778.21009764,344321246.94296014,559156357.8828015
105911472.72680894,92233357.80220154,68504348.86240107,324216448.3071241,590865627.6985357
88273517.88120705,82356159.17827538,65989058.70212383,309812209.44067824,546430945.2022845
88223101.93675636,81144118.72004579,73371788.76170954,317471342.70893097,560210352.1274426
88956819.96368523,78470938.68866012,81465710.58705732,263275418.03847933,512168887.277882
74665105.71541145,79417502.9817232,68665956.54725571,317088908.5983017,539837473.8426921
97046170.9972451,79925158.12477309,63573927.47608935,326151582.5146473,566696839.1127548
87500129.44643527,72328368.28348611,70311886.12617284,331523640.079884,561664023.9359782
90259398.07824299,93524147.27746251,84240953.39529058,369203579.5737063,637228078.3247024
131534366.4513896,82139927.2374055,66423757.01624074,341007609.2630962,621105659.968132
83750244.16036406,75515941.60722314,58460511.93424341,316419616.6080468,534146314.3098774
68905172.50738008,71349193.9672002,63228655.393690936,283717649.40715367,487200671.2754249
65818341.24639248,58239417.36677411,53272563.106824405,298761111.74740165,476091433.4673927
91337670.20096293,76763941.33935228,59926860.06551836,309635773.79935765,537664245.4051912
65379087.691809274,54058933.48778648,54856883.78816918,263803869.45022124,438098774.41798615
102569713.06203347,80413025.43259974,83149280.33804014,304441714.9207856,570573733.753459
94277842.83084737,75240264.01036681,77949811.73743674,309543787.9873773,557011706.5660282
99994827.38249458,69319950.34743734,61211488.11879204,294108224.287281,524634490.1360049
106763556.17437842,61824921.60194102,59317913.4638032,279960601.5025201,507866992.74264276
62532911.66399849,66895613.271364294,51066672.9666634,215101284.66105896,395596482.56308514
83620540.13307105,72851156.54394111,62909204.99795332,308248862.9847869,527629764.65975237
75752433.76527417,90649495.11472702,69922916.5092316,362620630.46645504,598945475.8556879
66638313.91204523,65024953.13356398,66045971.696913324,291126331.4932875,488835570.23581004
73437787.2325476,59196232.77078979,64404326.46864041,317902164.67639905,514940511.1483768
90673064.43880776,72509188.4926071,56976804.62301519,290799077.184294,510958134.738724
70644688.0584452,66525712.935683906,71653073.37520763,247086245.15069738,455909719.52003413
97202206.53108586,92692084.68808769,79427455.39720854,339707533.9123902,609029280.5287724
80968468.68868476,69458130.11492366,48557468.156370685,281067820.64574105,480051887.60572016
81767630.6905068,69195090.3407577,63187774.44307267,300396051.8879879,514546547.3623251
78768923.9529297,89597473.40010923,76406976.192683,354091151.50709033,598864525.0528123
85777157.36798628,80432871.8828344,60706392.42081224,323464625.1652999,550381046.8369329
84399612.78718236,67135105.86568835,62547891.59183658,287058475.3640377,501141085.608745
126508206.4168586,87075673.96072526,86409530.92815703,376666564.0998402,676659975.4055811
87737162.41368248,72405002.01892889,52739221.038080655,259622574.91417304,472503960.38486505
96972503.94569977,75287979.46458837,69342504.75738588,244038397.0845838,485641385.2522578
93777074.34665655,87814195.07630387,57012309.77682311,310849083.77995116,549452662.9797347
108142135.39743938,97021630.68863581,69704909.50115214,345898960.56716484,620767636.1543922
109646237.70265743,83965929.60547534,81400102.69768928,322846093.5093246,597858363.5151467
92892241.90201412,71857234.56167266,63638018.38365272,315744687.8833682,544132182.7307076
78002447.19205803,72314550.9553441,70318170.82647553,388771887.67550385,609407056.6493815
62809253.42959708,88761822.61059082,66601407.06726154,343686847.9481065,561859331.0555559
105028373.36052047,95103069.51087779,67192589.16310462,304734110.40119386,572058142.4356967
86462662.23147653,72887756.30543369,75920758.01320793,310787136.96615386,546058313.5162721
67296243.40540531,66704241.86448518,51046911.77904985,274134201.9315365,459181598.98047686
97124748.63817842,72311991.0490254,62218182.073148966,289831078.3191048,521486000.0794576
89195774.62408732,81194296.17136745,74779036.80602257,409013943.0497768,654183050.6512542
88949770.87821804,83228444.48094182,56843732.057235494,283334482.9584696,512356430.374865
83512090.37804359,67010473.36316749,58766931.20079772,288723698.7444192,498013193.686428
80437432.59821172,100912535.83213307,78207973.18390127,408790687.1972449,668348628.811491
110755565.03462806,74629073.25984876,67014134.63599061,291139822.1621066,543538595.092574
84977070.94839492,67593586.66023101,59709666.990690835,306147336.97437906,518427661.57369584
91986419.51318163,79320686.92152826,66992423.22966006,338719854.7607182,577019384.4250882
83691136.93581124,88543345.95466031,56258070.55059434,319833829.3192435,548326382.7603093
94301984.06527929,71663518.39315993,62215202.03591626,315143807.8721855,543324512.366541
100984950.99544288,64288943.780316405,67258861.46401893,286348338.0014528,518881094.241231
104427925.60378717,64111223.29596997,83536278.00597496,287354764.3843474,539430191.2900795
109649246.6931116,79525678.02067329,62062803.87996374,311445490.77523637,562683219.3689849
102832099.9374424,66037202.52234048,68668946.96034288,303730874.6260615,541269124.0461873
95650616.73833573,77817245.28430185,62737548.771239966,265408433.61440387,501613844.40828145
97126233.0235137,84235706.06145999,75051019.35823831,333333800.64603454,589746759.0892465
101451175.7603278,92648154.90746765,57883355.96172484,229776483.13476855,481759169.76428884
114824415.73298863,69385165.16064723,57111724.909173764,283170264.3457951,524491570.14860475
66915571.69566884,68580966.33154327,55601047.73436334,280376929.7130159,471474515.4745914
91204904.92774652,73894160.54433088,62546277.27446592,308819685.07039917,536465027.81694245
103082152.79866396,95122129.0723749,71286898.6564474,391182253.1971537,660673433.7246399
100352555.94183476,68150250.90585203,55006653.360548995,270397272.75144404,493906732.95967984
109906661.4450434,75694578.82871994,53581606.74211521,282720650.7073034,521903497.72318196
63505756.75933062,62702151.91739396,55776229.58900186,290630907.05642223,472615045.3221487
102750403.102478,85582948.95758449,60957949.73352989,289806083.61767095,539097385.4112633
88281103.35623017,74042301.3838707,63381882.84524899,246637740.40180963,472343027.9871595
72508142.99978729,69668722.06193264,43636172.86087965,293132762.54351383,478945800.46611345
69998745.67805552,78382724.80233754,70697996.21602671,290419792.10791665,509499258.8043364
102362586.23339227,85995397.52923416,67697077.2212138,295663242.7037182,551718303.6875584
103959784.36341663,81351334.60532023,77819394.4492774,242760517.76505214,505891031.18306637
88594223.03225541,63660862.17638994,61419382.15162079,319552545.0908543,533227012.45112044
115214765.49610028,72745291.04531547,62220180.57722131,296833747.51866615,547013984.6373032
74607120.91729262,82248721.16322678,66883000.54469018,310988435.55783695,534727278.1830465
96313523.86826359,77198592.35042092,60771590.40315885,296983565.19956875,531267271.8214121
76034581.10259445,74702819.0985965,73129214.51839322,271495797.62722063,495362412.3468048
68231380.05722202,72398140.69027415,58130507.36062187,293698182.9183158,492458211.0264339
91799259.4747479,60113799.708636954,65504890.49753447,260189381.6818248,477607331.3627441
86896407.17288105,70470115.03343345,60021694.134767145,358824684.4229992,576212900.7640809
91782561.16912849,85473060.31190251,70763990.04370059,336106327.1731856,584125938.6979172
93235969.91407779,79573427.5028932,77105200.34371386,323357227.0455175,573271824.8062024
125742306.23565024,92391902.8223405,64071634.959629826,303020743.22453576,585226587.2421563
92933359.00641124,77610172.02726379,72608898.69599439,342252967.75720984,585405397.4868792
70145655.16472268,83989956.49285851,63838117.079244785,283394890.6400222,501368619.3768482
79229853.56067207,81757062.57813536,65462192.7157994,282781258.1762901,509230367.0308969
81483737.57125695,60916714.13880604,54450402.986286774,246633288.64120027,443484143.33755004
83528776.27976018,81374501.63812694,72291113.56609365,361364340.72000086,598558732.2039816
102912003.6444455,74340106.0973211,66414598.57312021,303795032.8920855,547461741.2069722
61795473.30573935,61158369.063105255,57926419.23959528,281873623.4052062,462753885.01364607
94664415.21928768,81800494.4064852,55483876.10010293,312129022.0429811,544077807.7688569
89737976.00768359,82319530.31082863,77577033.31890172,313641347.58145845,563275887.2188723
106459165.0214606,71856588.1019499,58575071.715865985,309966754.6674303,546857579.5067067
82207105.26936446,77397964.8698642,83940667.21712524,337672118.864174,581217856.2205279
90221869.62664443,69371393.12835394,52193608.51071319,282902476.6251412,494689347.8908528
103455538.271452,76217647.70121494,70220154.53729764,365002195.85991,614895536.3698746
109150918.59415829,84145909.36852063,71357905.20269908,263736105.18061945,528390838.34599745
78836596.97720295,72012235.90064909,58022354.03777498,301521297.65266967,510392484.5682967
118441954.99557492,97204847.57270946,76717814.84915031,354576423.49987924,646941040.9173139
77603939.08146143,87772108.63278118,57680737.593131796,330726461.84771526,553783247.1550896
94411057.55138908,71012567.73233116,63078933.336706586,262890546.266896,491393104.88732284
73221007.08794509,60872145.821858026,65381105.32548978,340871491.5785113,540345749.8138041
61689133.731368765,87000120.956832,67951414.88440333,318907071.72831047,535547741.3009146
68889664.49672443,84031341.70850754,69263073.86960672,352755838.18923515,574939918.2640738
106038399.14744984,92815769.78603832,67217336.68348855,304748688.777587,570820194.3945637
79070406.82965954,82540249.88369802,70547775.78324607,351710635.83502966,583869068.3316333
104218247.97987618,64916276.13272552,73726442.40284933,344723095.30191505,587584061.8173661
82201084.87283617,78188607.03076936,65575713.63285679,326615519.2525227,552580924.788985
82172505.29246324,79356991.68532412,67476052.46577789,291930913.2556588,520936462.69922405
89904094.59506565,104749090.4791376,69424743.60844783,308185695.63211423,572263624.3147653
78359345.70672897,69605437.77102633,69724665.36163925,331597023.366248,549286472.2056426
87126098.19869554,85664345.08830543,76150820.43765602,312505607.12651706,561446870.851174
68215060.74706307,79222185.82512295,67353239.04943727,306492771.54117876,521283257.16280204
80936381.62076184,81548901.33550468,70453919.1797454,302365601.19636357,535304803.3323755
71668661.3704703,82348101.74591047,72283733.36894684,321619209.7258893,547919706.2112169
56988238.35362997,68805650.43486528,59852243.840008646,272442804.3003009,458088936.92880476
98403580.63844293,84951193.2707518,73387966.34567842,355969963.6715332,612712703.9264064
74038599.95168589,69590778.49371657,63596907.08902041,277803741.7113606,485030027.24578345
97977992.49692251,73570758.64908905,76702158.73065564,283214192.3427067,531465102.2193739
122695674.17378834,103947938.22482945,75898221.73163128,371319797.73739254,673861631.8676417
81791365.7398376,84318898.52207392,67149079.63726203,265766054.8138799,499025398.71305346
49528928.57866199,64898182.91761774,61566451.413634956,340638992.41472906,516632555.32464373
87720928.12572247,85565242.19900453,65682485.848970324,295510645.21042794,534479301.38412523
103243124.2847725,59490435.376777165,60707465.70113618,279336987.4398696,502778012.80255544
108438266.15894069,75230190.39472495,71051950.76172054,345254524.5507752,599974931.8661613
68667366.25881095,70940719.71513666,60030307.14063313,328243545.88018966,527881938.9947704
97164140.33127142,75923594.98732938,58780807.01772762,333902983.77993906,565771526.1162674
86268252.92550096,62979303.63452219,51053410.40620067,295603220.1057458,495904187.0719696
71093105.21556628,90066521.19973697,62371993.92457013,303736529.8074727,527268150.1473461
89458543.76427773,70364986.52022545,49207505.35467046,287798977.5737665,496830013.21294016
77298386.25220494,75056731.07899714,64237379.82622926,310625303.195882,527217800.3533134
111990073.84176087,75625234.43225408,63495308.525953636,249783236.4229706,500893853.2229392
84524300.35329437,79232090.16504364,63297405.062860064,317001212.81023514,544055008.3914332
84763885.95563476,65060579.371871196,64286201.73649501,291048252.25085515,505158919.3148561
88939257.68889897,71602611.11105925,59769217.11344406,300957516.7724709,521268602.68587315
84046282.48800746,92099833.39009097,78243300.28296033,343239279.2049368,597628695.3659955
84764262.27969912,59844280.69593384,54439050.833648555,263744152.83670497,462791746.6459865
83451029.52322385,75061121.05193454,70836048.19118984,318819692.74785507,548167891.5142033
104996598.45554063,76571152.29754306,69230095.18028454,321388799.33298206,572186645.2663503
90708000.87144947,89040117.94750518,77657893.91059408,276015969.0270252,533421981.7565739
85625804.07965273,75669508.12297776,85009251.0894836,311254798.55111516,557559361.8432293
74512165.79534976,77252316.39759846,69753143.3510928,305450055.10853845,526967680.6525795
84185549.18125193,84243740.68247648,62070372.42028762,290770069.33331996,521269731.617336
80212502.62183133,84732037.63211846,70966122.63747364,276296560.739362,512207223.63078547
74726986.67400618,91235398.46495315,79949218.30031879,356032167.1410974,601943770.5803756
87379145.52666876,90628836.88073379,62215293.94080762,332289090.93646103,572512367.2846712
81232100.84162802,72769958.40041724,70406190.65803611,302486202.77635384,526894452.67643523
81343706.42616504,70751789.5210377,50477015.29709406,308955970.5269781,511528481.77127486
74224604.43885027,90938233.33282377,67833794.95852779,360905963.964551,593902596.6947528
65274456.35546489,77549229.68104813,73357652.80085418,361608078.2949448,577789417.132312
68278732.31063342,66387337.69335444,65850078.858053595,304416789.9792101,504932938.8412515
91402559.16062015,73787603.35424301,78734881.40033308,427783166.66206586,671708210.5772622
88672214.1212517,80501378.96124569,68144609.16281277,357347073.5268312,594665275.7721413
99590670.288317,69346249.45383263,59786595.29932809,262918587.59702432,491642102.638502
134268156.89351138,90320322.48961487,68038455.8599186,290032667.79974186,582659603.0427867
99210473.64848556,86997160.16339426,77379639.0438591,305422302.5819068,569009575.4376457
91585470.58618987,77949008.1541687,59939428.88257461,268039879.99578336,497513787.61871654
93155180.72593613,79026690.34342152,72000899.52679956,341888787.5135002,586071558.1096574
110875019.48627707,73478610.34024139,71451947.09267111,338347125.74881357,594152702.6680031
82956095.3156772,76315626.92555541,63740532.33569565,384316462.3933856,607328716.9703138
88684608.09026475,80486120.01091284,65601331.68007981,289086093.5206415,523858153.3018989
70795490.71730033,82422935.40043823,73661435.0783038,303035385.8975869,529915247.09362924
75498439.35083778,75205081.81477255,61386435.24065368,290499154.383754,502589110.790018
71232661.99030396,74538879.3012339,66459142.61698112,343944166.7040313,556174850.6125503
85127998.33185694,72831560.05722588,53909978.16658958,327433728.68270856,539303265.2383809
100611883.27906582,78876357.75105527,57869235.46185744,257771175.49122983,495128651.98320836
79892579.85196622,83406797.57491273,70539334.03914021,262247974.49146757,496086685.95748675
93039593.73200913,70099886.3842716,60400206.8876658,330942770.25187486,554482457.2558215
98581316.53861594,88780086.1018676,70741261.6769645,347975402.13464487,606078066.4520929
79394789.26722154,72320945.53817852,61893814.588497385,298616102.6090934,512225652.0029909
70971564.81749971,70770393.11725415,75154430.72304538,274263541.77685744,491159930.4346567
70486454.62198016,62782616.352345616,82642708.3921358,332046876.05442834,547958655.4208899
83514116.6039802,75960640.49611732,67653462.7882233,284162367.49396795,511290587.3822888
80275893.85324329,73343234.51868851,59417555.87329026,282119527.9661697,495156212.2113918
92281051.8527385,68704821.03049932,86811036.29041396,351679830.05141425,599476739.2250661
71158272.15928619,54592088.00667421,52562732.701382495,301431895.01161987,479744987.87896276
94333683.80209279,76489378.53113772,62026580.51703854,270634999.62993044,503484642.48019946
81763144.47949433,66727638.62212273,59539004.7877457,341476752.4233391,549506540.312702
77075898.0276207,79413909.46416034,72968915.79963085,275912377.47933394,505371100.7707459
76190709.8236328,83508433.7253962,60890657.147947714,298298808.56678915,518888609.2637659
120901289.70398162,91777303.8512048,73681262.2850016,351906280.8252943,638266136.6654823
86430462.71452592,85429168.42404355,54289585.38766713,288576388.5289016,514725605.0551382
62439187.96366348,71880760.2947696,61345566.63338006,345956329.78824663,541621844.6800598
97737574.2393768,73496787.17139034,62629437.63535499,313501867.18926084,547365666.235383
79567579.79872066,74262816.14612895,76021249.7636285,285229102.7304659,515080748.438944
81174873.09745584,72268168.00749871,93677353.11536558,353182472.37351584,600302866.593836
104541344.2881625,86656184.2135652,77890414.97342235,339385822.944061,608473766.419211
92461184.75588892,65227705.42489458,65105760.240577266,295710565.83331287,518505216.25467366
95168008.02281354,76996993.2469477,73159889.25930586,348444246.10981315,593769136.6388803
54704604.726357035,65123455.79585585,48195842.901528016,283713203.0804076,451737106.50414854
83107969.33634731,88039133.67498414,71579379.52411081,297131704.2828876,539858186.8183298
101351678.77673882,75904864.23600788,62920399.36625876,315413835.1246892,555590777.5036947
112910277.32164535,89056985.13001391,76701553.06358409,440938661.13249224,719607476.6477356
77556658.49542321,67924353.4176173,63723196.32830245,354830223.1957878,564034431.4371307
75000569.79708843,90066532.12961574,58992084.70561307,295783961.07219374,519843147.704511
89664407.27190183,69166760.68867181,59218981.81541671,322221868.83611447,540272018.6121049
109853024.77961636,62822345.994457975,63572238.54234916,293658547.7017506,529906157.01817405
88720740.01702921,73660225.48627883,56057234.390320554,348331659.6535425,566769859.5471711
104998723.87543225,78432091.81635381,63986611.95191715,283196772.9018461,530614200.5455493
57640995.4783455,72175507.87460771,68922965.06291164,308902982.5084208,507642450.92428565
86010527.15500705,77046379.72251852,59981144.699877895,280995645.46964777,504033697.0470512
84915717.09591101,81985904.612142,80053649.28071173,312528932.61014706,559484203.5989118
73772464.38197607,73575802.0870907,81799843.4324575,285488013.1144583,514636123.0159826
100499447.69208284,91704919.02135491,68955182.95618504,289189800.65194684,550349350.3215697
95618648.75181596,80947977.54640429,74064876.12822153,399958740.3123425,650590242.7387843
89572284.64185908,66722209.40712688,63326393.281023346,306256221.1083671,525877108.4383764
106827707.5916254,77900807.01261903,64494260.7377628,259861391.57219598,509084166.9142032
95197820.47606334,114279262.21649285,76258922.46096589,344762172.90307003,630498178.0565921
79883280.23686571,64347204.40135518,64663036.79576021,298829332.01870596,507722853.4526871
59517924.15324971,84051073.83607617,70326903.77350207,312538638.26216626,526434540.0249942
81509607.91911095,78540715.83101419,70287308.2446066,324137405.17357224,554475037.168304
103474141.52255723,91880817.55296475,91542189.0340464,305113579.6626761,592010727.7722445
79556610.87313384,77713099.45600623,60383300.501694985,277512866.28503567,495165877.1158707
94103738.09985046,85920357.86972126,81175726.173749,316749691.57483643,577949513.7181572
93921924.32079765,79598213.17885071,67804912.66982701,280332058.80417013,521657108.9736455
74982254.75181441,79429601.33636563,60272698.42335492,243035646.2580784,457720200.7696134
86765514.82744043,89929621.70614786,50725802.68312647,280352836.44387615,507773775.6605909
97166210.17133461,63186916.33936786,60284704.57174478,257276768.81707424,477914599.89952147
74218090.60736495,70042169.28191115,55328507.96157946,251296919.45775893,450885687.3086145
86384666.4113072,98215377.51316808,80053957.29411738,366387380.7921837,631041382.0107763
99083950.57670662,72280129.39565377,67798440.6156271,346595154.3464738,585757674.9344614
99578250.30041344,80213076.43695134,72490852.26432198,416017881.18580455,668300060.1874913
99755503.08730538,75658695.69163167,66003342.9643424,270016842.42035806,511434384.1636375
126994673.70461738,99740771.10115965,76430627.96170883,417608834.05743676,720774906.8249226
96502289.96289697,74095520.24847725,73348878.47802375,326572305.4613667,570518994.1507647
99730163.50145003,66985399.460620254,57602178.511106856,346158072.45777,570475813.9309471
114369122.98611587,95300246.08055553,95952644.60217068,364867675.7978798,670489689.4667219
94584987.80710997,69763082.43658052,59938625.5216533,235010501.06278205,459297196.82812583
82831904.60205556,59309129.538194366,67745971.94556493,312881903.4957255,522768909.58154035
63043735.58780656,69174868.1903716,78502910.36557786,308543276.14604187,519264790.2897979
74322838.89607207,59722527.86549327,48157517.74252721,292655575.1133742,474858459.6174667
81354482.91331702,71941606.80055135,61116614.98273811,292115782.664002,506528487.36060846
71649056.36331837,75495907.26316004,54889616.43686394,265776796.22908947,467811376.29243183
102531225.92524754,82458042.4797056,74907441.13460219,405729852.12326175,665626561.662817
86378825.30490911,76130767.49968258,64031073.964005865,287036882.45864445,513577549.227242
74177541.11740442,74080245.13862437,67423827.62305062,319077143.1878749,534758757.0669543
88111454.35388608,84895848.71197522,69360301.76507477,296777950.9868391,539145555.8177752
75177304.72712457,61535476.56121224,71422898.16155078,280161692.17194116,488297371.62182873
75193210.05751964,70127257.43024382,61244294.161031656,357307612.4529486,563872374.1017437
82743595.42114833,101932142.35904674,74606698.01563145,407311940.55059266,666594376.3464191
100629707.15197822,81965059.89423783,82955076.60608107,369208665.66601187,634758509.3183091
96537515.94761238,101779304.60214572,70525708.98485139,283560274.4457144,552402803.9803238
78257540.41564485,90914814.89777097,83667679.87028216,307759434.3074881,560599469.4911861
59813191.82553845,68228583.76204339,54620409.0547363,270322275.6671893,452984460.3095074
73658861.93909708,60824539.33082872,74636838.48150668,283277271.65965533,492397511.4110878
109346012.0039158,78091299.77507928,59361142.87257628,316339324.53446996,563137779.1860414
81914201.04594374,73260770.33923753,65936804.46306397,275895060.29923266,497006836.14747787
67268351.69116215,71332349.0174935,70885254.95111883,276367874.2564155,485853829.91618997
89384801.0441103,91065247.32890448,70409968.4684786,317378623.18190527,568238640.0233986
87982421.6897209,70481748.3116961,57015366.114522405,260378048.19004247,475857584.3059819
92504341.07044569,84185642.27712011,76049589.52354696,304550863.58510655,557290436.4562193
103894474.39543383,82050554.3785838,69567271.1563166,211967009.34767914,467479309.27801335
76508135.56725207,61980027.77633035,64971310.99921207,300262692.28150284,503722166.6242973
73451818.48184079,75819662.77281088,55076288.150474735,257535949.01857218,461883718.42369854
77832727.29879478,78942543.80089496,78551695.70394403,297169299.3203226,532496266.1239563
107777763.25484596,80289494.8146514,70514772.4080695,309485332.8104744,568067363.2880412
84495477.21374732,79495658.5486484,73278099.91115957,282896885.12770987,520166120.8012652
84603974.06574847,91654085.7543689,72577291.20679638,327078216.7689022,575913567.795816
105132296.40142488,74937127.38028798,66311194.99485007,335185198.6028675,581565817.3794304
106345241.92194006,60583462.97404513,56069460.38502236,256335091.423063,479333256.70407057
85495721.70403259,68108421.29248473,68310837.42557007,309798235.34881735,531713215.7709047
100553367.02594954,87748713.85706024,76632349.89250144,308169967.8653573,573104398.6408685
88676440.28985368,72436425.44017257,55191864.24813595,323830566.72427595,540135296.7024381
86041823.71301948,63788810.20158187,65573424.14247344,291393586.1326878,506797644.1897626
62705082.3500346,60262644.77464134,54112326.46827381,289441324.69857186,466521378.2915216
98937408.0422459,85438487.13781889,75047927.02107817,316585466.40999806,576009288.611141
114903233.39651985,87838360.97303122,73314485.32433617,338963780.6851118,615019860.378999
81809613.91196606,74517943.84748648,50977575.864290625,272634165.15006584,479939298.77380896
115598205.8392385,82531761.84637563,70564038.21250883,351006762.559099,619700768.457222
92351033.6427136,70408765.97052859,64518404.83034314,264006164.5755447,491284369.01913
89810216.12723371,69551779.33109677,71329816.4837262,290203082.41384864,520894894.3559053
76418819.01749212,72905430.34018844,67217768.52116942,264465751.23241717,481007769.11126715
80223849.02389045,75592311.98814116,76806074.9225354,235595034.6834386,468217270.61800563
96236284.52007845,74454541.8236431,62230308.3631835,277300555.326469,510221690.0333741
82271267.15435842,80689891.9631167,63238266.39553225,366019113.3051962,592218538.8182036
96370509.6899296,79651141.47138338,66483481.96606562,351524016.34591645,594029149.4732951
108012071.97314598,69863957.73533277,59678834.68918598,318098063.5509325,555652927.9485972
101320998.5706679,76056362.0338346,61170426.242947385,302177534.9231654,540725321.7706153
110472896.90689899,80681092.3452051,59244196.766707025,302930255.352504,553328441.3713151
98853916.97931941,77390145.3901582,77951992.35177395,351211329.75396556,605407384.4752171
86349713.92439006,76315794.59524433,53158507.038232915,331911208.839518,547735224.3973854
82725441.11647193,71807616.01643638,60279180.51183634,311853652.0650749,526665889.70981956
72787830.30907117,65203174.526132,60955162.33162663,273146582.5107961,472092749.6776259
92017528.5149997,71966346.53547618,78397179.24004167,342162837.57314765,584543891.8636652
97254496.44473785,72748647.02774194,87024588.95144765,308656773.5703797,565684505.994307
77788007.59698424,80465489.17471667,68620589.10883544,280496799.0348584,507370884.9153948
123956918.35270491,92253142.42717153,73256822.93310958,420823288.23023576,710290171.9432218
99298669.79580273,78273528.29532589,88437469.84906572,353985688.74958515,619995356.6897795
96237549.14131354,74430848.8360448,66368419.65140278,290543365.6886327,527580183.31739384
109821012.71031007,66591767.23623745,74896361.40261808,281322260.40464044,532631401.753806
86402797.74540503,73401766.85665154,61216421.89180108,322379696.06621504,543400682.5600727
87135506.53637508,70446355.92592774,65266107.05561729,278207332.1927258,501055301.71064585
80012041.10208698,62785189.09962802,57660258.77569593,305977724.9163699,506435213.8937808
87727950.53078033,93979681.48959497,98109376.42314966,323659170.40038556,603476178.8439105
76313479.20902571,84128206.33690254,70928720.04277124,355287545.09027433,586657950.6789738
92959453.06386255,75503653.60125649,64732047.685254864,318430947.859251,551626102.209625
84308954.50801274,86946497.27914238,59610313.59752832,345286341.27492565,576152106.6596091
64605060.71253504,72302928.41759522,60950065.3565776,248404695.38755956,446262749.87426746
62702919.01272371,62215225.663567744,59879609.649533965,270942561.2598656,455740315.585691
73817803.474487,85668946.90255243,59188842.46910026,323015311.79625106,541690904.6423907
75636064.87842137,64728672.82957455,57087038.161082596,310251245.951586,507703021.8206645
70012347.9216968,74853279.7793041,57686424.82483511,267920486.8125316,470472539.3383676
92986414.02420369,99252489.35771558,66307139.245701484,339261895.5212257,597807938.1488464
82948364.6092235,71233627.6493247,72834702.62579559,280955710.83129287,507972405.7156367
72492131.89169513,76966279.84039283,79176742.63295099,345987509.5978867,574622663.9629257
69614888.41555353,67355986.16269724,69572296.3374096,364316967.70473784,570860138.6203983
90461181.38848725,71777266.17833124,78693570.76280235,313373378.60993624,554305396.9395571
79145066.61328201,68078254.8792075,54486135.54178546,397751929.1199313,599461386.1542063
109491271.15894024,74288649.64014913,81707305.78064528,341214902.36985284,606702128.9495875
94086837.8675976,71268759.1519072,60908993.35828669,295612173.54382056,521876763.921612
63658719.60756863,66990360.75270724,61447567.31085966,342001530.2857871,534098177.95692265
79009076.40263547,81738954.97486095,52906975.98246612,331455679.8163565,545110687.176319
75498716.650931,74775336.37958018,68175464.3593953,312991668.2246185,531441185.61452496
85729410.29120365,65687078.98182454,56009915.450371705,323555998.09061223,530982402.81401217
79251995.87362416,73590764.56881432,54273792.2592923,318887386.5599915,526003939.26172227
70597591.90684095,80639847.19004755,58755622.8276982,333065522.70147854,543058584.6260653
87350408.83916095,71378008.81853983,77899536.92840269,312480042.1906949,549107996.7767984
82298718.5803535,83427645.63198493,57306882.01732354,221546046.63908234,444579292.8687444
104976033.34879856,72068874.81341992,72613380.9058978,312481082.5751088,562139371.6432251
72377571.76829955,78256782.58485469,62834655.679946765,265553113.53590715,479022123.5690082
73695586.91938661,59971444.71082747,62271145.029474236,263055460.69417378,458993637.3538621
86724385.80535333,74432738.36212374,58574938.90399089,247642036.75547105,467374099.826939
130848333.5255334,82975608.98502977,87448925.82441634,377788916.28215253,679061784.6171321
82836158.79280578,76813024.47527422,67310299.44902559,377974468.5696378,604933951.2867434
99602112.34028107,71454287.72698212,67839137.64141183,334831494.15599734,573727031.8646724
72246376.38234091,77209332.111788,76949195.53113134,285694428.247949,512099332.2732093
77719422.08122693,84776775.19923651,65648081.48745339,273607987.50546134,501752266.2733782
100442046.23509073,83997803.4886427,70252359.05109647,355510041.93408823,610202250.7089181
105610955.46240921,78727751.39141952,85849595.28197189,391442673.28288287,661630975.4186835
63467870.90764084,62873956.75393418,45814173.96933597,262462821.87274587,434618823.50365686
71832236.596075,66295683.844676375,70203482.77181913,248583980.1168829,456915383.32945335
89038696.6553796,77566311.6184771,66062057.08979496,309618984.13202614,542286049.4956778
60996852.116297774,63917654.103132874,72149003.54367524,265246156.68021744,462309666.4433234
113884321.40653391,68731907.06243321,53966510.13018438,258526399.49658018,495109138.09573174
104491378.0082005,74446503.85137942,69149501.2992811,310661693.34635925,558749076.5052203
86450671.30167603,87995739.93167289,76732755.52009559,280345296.24125934,531524462.9947038
83443193.46344158,92153224.64650051,73900980.17577006,267344551.32800344,516841949.6137155
69281011.9822733,80057308.35437915,72127380.85838155,279915643.9402904,501381345.1353244
98299551.48155625,94064061.91919084,86281243.14736432,398726919.74417216,677371776.2922835
95321016.79504165,76080968.50829256,63418148.20145506,301199171.4935929,536019304.9983822
75793368.45504734,70727848.6498247,73925634.01207744,257677646.238702,478124497.3556515
68140764.78176814,79209448.55162567,63318068.64813311,241355485.2226709,452023767.2041978
86355587.75308217,74168757.3243651,62122353.25143024,323675772.53378296,546322470.8626604
70442736.9330173,72618956.78040828,62315528.17231203,299126962.06082445,504504183.94656205
66082672.54685504,67281542.14545359,61830731.24669268,313868297.24975824,509063243.18875957
117210766.16721363,89322752.6743876,76038581.66883671,371512909.47570324,654085009.9861412
83066535.31881179,90066057.52738439,80482508.6690072,307709485.4001468,561324586.9153502
118675612.63859092,85937187.07146306,92017275.05546221,346951541.4562242,643581616.2217404
79703149.78456141,68245077.06570715,60276552.33372172,275664429.23511976,483889208.41911006
106899922.91040228,79437034.09880888,56349971.445105895,302277383.46170926,544964311.9160264
88978507.74958257,72427597.69285826,66990925.69337649,302613968.298388,531010999.4342053
96523391.53386536,83225159.63332616,72069049.78435475,270336554.49545884,522154155.4470051
122441161.29104052,68677259.55044533,64008406.67194834,265338355.79219875,520465183.30563295
92922355.22239698,78454240.55313975,65888373.86315633,363529108.8430876,600794078.4817806
104147461.2163182,76296134.61246456,73719626.95043701,375314604.5403971,629477827.3196169
104028267.36132672,77976375.2547998,55980880.87069798,305054121.4935738,543039644.9803983
97063497.97792388,71346721.69933662,65083752.59772131,299179828.83279306,532673801.10777485
108909872.77543317,99146557.62330845,85842236.34026146,330012512.5305322,623911179.2695353
104803635.10021968,85518817.73236787,69564089.88384284,397310861.023439,657197403.7398694
77487034.68261908,79445784.99845429,73670435.68778442,302954641.4739151,533557896.8427729
95376739.608745,86628104.2271416,72138070.57025222,332600674.0416118,586743588.4477506
88692823.24082437,83768825.53429009,66939139.891298845,297226865.1888283,536627653.8552416
87495547.48216385,87319028.59446184,56793483.01029025,267602774.89881665,499210833.9857326
125553600.84860706,85332941.47805993,67685893.75723678,340907160.6656207,619479596.7495245
76905913.32998563,58021806.31814694,61287027.27648558,267667659.68470865,463882406.6093268
88635442.21184985,79349275.59936309,68443190.12002063,253250345.81757224,489678253.7488058
87575738.86168648,80192848.01443623,57198538.555719174,248017013.5760799,472984139.0079218
73486664.71391325,79802150.2901144,52516307.308590844,317227837.0857852,523032959.3984037
92858653.03306624,74936689.57142597,55366146.1994857,266014274.37194255,489175763.1759205
98840556.82917835,90527360.28888012,63274616.09591957,349557519.5084178,602200052.7223959
97332227.20760077,77964870.44525236,61638202.544817396,281059523.3891912,517994823.5868617
116770990.68720113,83008592.65951054,81824707.9059238,333720617.53887147,615324908.791507
81109597.1814751,80089723.84815511,86695990.13958313,302918083.73686296,550813394.9060763
100951540.58298281,80425060.74928366,57510115.52231142,250329436.18383926,489216153.0384171
81118873.98617113,77933238.25005911,73682278.41587955,261147174.74180067,493881565.39391047
96816471.10498133,76874434.96478237,66895822.21867497,327518820.2817542,568105548.5701928
115343346.50497544,83982773.11826673,59729441.59199484,294611561.8206289,553667123.0358659
99958440.40526702,86945675.56611453,76198130.07297882,301365833.8514368,564468079.8957971
70053175.33370312,77520378.39773731,56772254.68481757,317158346.28120875,521504154.69746673
97447856.78359865,73944253.45792818,64993580.36304357,309930981.8424739,546316672.4470444
79031004.37047894,63451017.06536474,60743623.736844555,295165974.76838696,498391619.9410752
108445840.36020698,73059036.17275345,74971954.08034785,275021848.8198499,531498679.43315816
70314181.18746923,70005304.44713761,56307725.12913589,247760728.1056534,444387938.86939615
119063463.9491041,77524579.96774217,89561740.51781432,294192387.2922802,580342171.7269409
66333309.05249131,83030183.50282441,61590257.82418829,305121240.3601893,516074990.73969334
70190078.84750073,72132933.07928249,54143653.515461415,285238053.7371599,481704719.1794045
80834254.9108881,76824201.3856527,71079802.07688944,318411852.49560344,547150110.8690337
93740014.42614555,76395968.96431865,63201012.79220768,318330391.6263615,551667387.8090334
85665348.63501103,75160686.20977928,68864220.09443389,272637725.9673001,502327980.9065243
109643099.58293621,77887257.57146885,68826588.19173726,307602587.3720473,563959532.7181896
96817178.61308105,81045505.80105692,67898402.43765473,364589433.2919651,610350520.1437578
52212294.95974774,78202980.83099079,71857503.35554957,250094203.4227693,452366982.5690574
101201038.97439976,88953238.14288127,76022792.96685682,267577718.93190062,533754789.0160385
97282012.140864,87639713.54872131,65877303.51903606,324637723.78683364,575436752.995455
82412195.42717625,83225249.20156583,65753464.44883399,286450442.46470886,517841351.54228497
86660880.17924418,65091236.71933347,61049679.77694048,306944091.6953482,519745888.3708663
100244179.37371087,80840686.0186123,57715867.95566518,346770482.4872648,585571215.8352531
109758119.52883513,81230625.42968495,63094623.426307425,285871303.74923396,539954672.1340615
84411510.1753344,78017131.48895285,64249754.479876086,274392107.1860578,501070503.3302211
102731442.2807696,81369466.96616012,60641477.879803985,310953131.9101111,555695519.0368448
89498075.17449924,70464122.53066553,73989388.35247238,315678616.4501173,549630202.5077544
84234626.82478352,74786276.64229293,69020780.3706638,304435602.45819753,532477286.2959378
86090351.09899221,85824571.40587881,58577434.10777599,258746209.91719797,489238566.529845
98762385.83388765,103473918.18117425,83700670.97359206,411345802.2713637,697282777.2600176
81347982.34001599,69602570.7206387,66994557.04507447,337706096.9359749,555651207.041704
70687324.5628715,70802316.84015532,63061512.86878696,275652025.72000295,480203179.99181676
79699423.34895435,82193415.5736473,71620888.56301333,342096742.0252977,575610469.5109127
92041714.38124268,69653788.31168304,67339778.65398403,272154150.1853241,501189431.53223383
82961104.6715462,66763831.65051162,58133847.843364194,294467697.43382466,502326481.5992467
81047370.24798496,67595834.77648622,71764839.23382907,302707243.3075054,523115287.5658057
80138315.75752525,65889700.375772744,49673043.72410808,272985585.6949166,468686645.5523226
69936677.24019998,78595315.58541362,66149834.13722193,363984568.18547684,578666395.1483123
90379558.34899417,70550771.8534493,51444239.79345686,312374516.6878038,524749086.68370414
70830127.08642629,69258147.7344752,76486571.40212092,334358650.47796303,550933496.7009854
92826088.6352146,86085552.60342778,77685840.31374653,384259394.71079695,640856876.2631859
79191077.25197986,71291444.81014101,57329082.09540887,290841160.48687285,498652764.64440256
85380689.3796994,61848649.281132184,56206540.188826516,338880050.6148974,542315929.4645555
90685957.89625189,83397454.0619135,67792011.62596977,248742388.29209295,490617811.8762281
85429881.5951409,85435060.62712947,60073587.83047714,327401355.90511876,558339885.9578663
66404676.31379512,71712945.44816259,67528231.82931978,292370993.3043205,498016846.895598
129571409.5633021,78647600.74724178,64334004.456760906,312506747.53732455,585059762.3046293
77276935.63892691,62695498.76796515,53237100.277918905,309150240.7063348,502359775.3911458
83051676.69570829,91615771.302109,67345489.03545284,337131296.0720097,579144233.1052798
94641935.40629436,73553925.01027335,59099080.9700543,242367188.63216135,469662130.01878333
95284877.33611971,89174297.95385882,58709528.53936814,287936867.5321878,531105571.3615345
78374330.69394337,79169402.91628508,64103504.10841734,352451398.5360186,574098636.2546644
82001658.86189866,65066744.29317314,58465709.09525492,279338258.4766152,484872370.72694194
94873464.4124064,74300269.53088696,69395570.11747724,281042588.1134019,519611892.1741725
83188282.45560648,68771536.214103,57218110.15357027,337033492.1388776,546211420.9621572
77771575.1256002,71238434.14377429,72272890.47938757,336465316.6040688,557748216.3528309
113421971.7414829,85412326.14542376,65698473.81302267,390712402.62594825,655245174.3258775
95727795.92625624,76356684.7912741,67090399.56196995,312437545.6388201,551612425.9183204
83962717.21686137,64371289.7787341,74760311.70519134,307995672.960794,531089991.6615808
89808552.74691735,97394770.37450157,67440336.4674977,337384394.80876327,592028054.3976799
76816410.59095846,76741141.32228445,67318617.25318715,334435658.7160886,555311827.8825186
105823138.58128057,74373220.75143884,78555180.27619745,376997569.09677035,635749108.7056873
83785777.8586609,75361953.08884616,61920390.750863254,288864835.6058626,509932957.30423295
71921354.86676905,79696139.51284344,52085777.84607816,265504479.69019988,469207751.9158906
86565655.05415313,88283661.83017294,65733096.083928764,323580139.02541953,564162551.9936744
86084279.23858649,84633905.18109284,72057105.23256496,345181173.114345,587956462.7665893
79847443.31984742,66357240.78901811,64944643.6690209,282694328.95462215,493843656.73250854
87632457.49559683,79034020.77853148,77789016.96985373,347835747.0022426,592291242.2462246
78197673.72514473,65052317.54057297,75414384.60707954,257899007.9246446,476563383.79744184
81112131.0353751,80657864.20722385,81752545.49781278,314859152.4685588,558381693.2089705
87590635.96249266,68861150.44670382,64487501.96680805,262775807.23744753,483715095.6134521
77334973.5692525,80891022.03023127,63798685.4260324,336578560.6670035,558603241.6925197
85090305.9571336,64618644.31586557,70982153.93101896,262271998.74924523,482963102.95326334
79196046.54831946,72764445.37100953,72649400.62569182,291545607.8737834,516155500.4188042
75180567.5326706,74983778.43225467,63392699.675395064,284533424.78402305,498090470.4243434
90284245.90524344,66754394.680204324,51264419.05718434,361957671.5693877,570260731.2120198
88675141.73176733,77947634.786113,60905072.29301452,331690547.30958927,559218396.1204841
80067030.69263484,54111375.464531355,53579040.15089924,271304683.1194356,459062129.427501
84864731.19251764,73920033.97452535,60410479.05401305,272685529.6622818,491880773.88333786
83144306.30925965,62259601.84436072,48193021.91370423,279890327.5197536,473487257.58707815
88825063.77861375,84593186.06001778,66998124.12353831,268871639.4303595,509288013.3925293
63923319.5190549,64001760.0127331,63417866.221234776,348485568.6289823,539828514.3820051
87966545.27965826,66285335.311716475,56381573.69454224,262454232.1707154,473087686.4566324
81718566.70259453,85355932.32537016,79422080.9643017,314920711.036523,561417291.0287894
89802420.534746,69873948.9582802,52265944.306766056,350703976.2597455,562646290.0595378
60122067.45643933,56588862.31637422,70733152.90530711,300127886.20645696,487571968.88457763
72820219.24919863,79050526.56037629,72623266.5597094,267339858.21969903,491833870.5889833
80075235.55829698,82596966.98812962,61629029.4689894,311024039.1170442,535325271.13246024
109558872.5874224,60801592.46520211,58970748.88789132,300170989.3523567,529502203.29287255
65452205.770730704,67081484.28906495,69687896.40343766,279873664.4917002,482095250.95493346
68758360.6793279,82172291.53075354,70651976.57158037,307879491.4693232,529462120.250985
85844641.7059478,85396567.06693146,71610833.34792523,337681657.0343596,580533699.155164
78053089.4158824,59476962.60670377,63958169.44958368,334659238.8890762,536147460.361246
84127586.51615795,83637940.6396143,65811295.338897474,303328249.5904207,536905072.0850904
115460205.532694,78422946.86666723,65479270.74928521,246735368.9066014,506097792.05524784
97397680.57970473,71896905.76169747,66273095.24561678,292798683.01032984,528366364.5973488
81199336.70342694,73873747.88744801,64675805.94368569,345340557.7989134,565089448.333474
111245466.40684596,86702775.30273862,82406808.67776208,359810721.9919147,640165772.3792614
94396308.67698556,91664130.27814125,61334929.33174882,281337651.6137509,528733019.90062654
76465365.06381276,71345067.19709665,69221302.44837378,268673168.94734734,485704903.6566305
94520119.28452511,72429251.22838102,62551772.120027594,306412630.5823617,535913773.21529543
114151578.49277866,74510331.86819987,66185977.512932815,269660752.3796404,524508640.2535517
77686707.01754165,65389763.90946224,63509062.246154696,311737977.5864979,518323510.7596565
97350529.36271532,71526267.99388987,69023559.59009668,310467924.4469149,548368281.3936168
86405132.05493812,65804842.23026959,63462739.25992915,303875971.07791096,519548684.6230478
88640249.34098642,80000248.10281086,73317018.95651484,276444037.9052764,518401554.30558854
84233622.63856484,80144274.74921377,65215275.8241219,340198534.9809413,569791708.1928418
88476453.1149227,60926969.66548211,66861232.44640757,295300959.2672469,511565614.49405926
65686764.074718006,69320609.0689955,53688998.572026774,311604515.11039716,500300886.8261374
86708848.71790309,68317919.79283471,69665444.6293085,321844635.7526389,546536848.8926852
83976797.81778388,65349315.70220403,56124313.425755486,261372531.5552218,466822958.5009652
98281718.36665653,64402477.09340439,62005813.44201631,287459464.01064765,512149472.91272485
102937768.60854892,81176055.61880437,73142556.61620569,296178146.2002483,553434527.0438073
71605065.92018172,70095198.2845952,69155571.23353168,332922719.0027046,543778554.4410132
81397291.6429612,67837291.24783634,55419348.58910382,283896154.098193,488550085.57809436
89135927.39451747,90668719.30525582,72071105.72974962,338989261.33656263,590865013.7660855
76962080.62511666,74337372.42630082,65991558.736085385,298196748.4382742,515487760.22577703
86903770.88028331,77163236.19187567,70356894.78979363,353933822.75964266,588357724.6215953
60672775.81747402,79716346.67235577,53576833.820429526,299289457.7798001,493255414.0900594
127169547.48565511,82497806.24611361,71653975.11233655,303545767.7104665,584867096.5545717
97042547.70900457,81304146.78880815,63131223.17344591,299396399.84600586,540874317.5172645
72907479.28986095,72081032.52118827,60762429.97260088,300662020.0015363,506412961.7851864
77836559.24067155,72356095.21645704,64323868.40744944,303227399.3074913,517743922.1720693
91123770.37177275,75338373.06091727,60162437.672572486,300319124.0657225,526943705.17098504
84745572.64072327,85111645.86020225,79083945.86987063,274150256.5643701,523091420.93516624
96266978.2038834,85539577.83003238,59476987.59173712,321025769.74934226,562309313.3749951
100662354.85245565,70458142.6639208,62963124.795621,305952155.7245702,540035778.0365677
95549789.82948042,69319004.31967816,73516302.72510338,245657849.99013597,484042946.86439794
107799976.68655607,85093649.91753462,65197216.93422078,339627898.06252277,597718741.6008343
73736872.0830221,74244409.49809004,66529294.528453276,311757518.33053166,526268094.4400971
76235309.30822223,69711387.44451582,64168000.28267234,275244608.8370534,485359305.8724638
91082469.85090157,71599190.84018494,72853743.84795913,371235051.8102835,606770456.3493291
83151156.8304559,83730470.67745388,66751427.78701715,276147698.0991961,509780753.394123
81460793.67563571,75683637.09379317,53105670.86586713,309744264.2775702,519994365.91286623
88417565.31925778,85695447.43662427,74584956.30136247,321279166.42272204,569977135.4799666
82377532.81705546,89574193.20895061,90905579.85012159,320631105.93244547,583488411.8085731
103049170.9936018,72848423.97165275,61309780.70934385,285581809.96658325,522789185.64118165
97313641.26997775,68915543.87326632,76942982.56578761,349274558.21425724,592446725.923289
96953277.049853,75356919.79999653,73200560.59317777,223304014.12282398,468814771.5658513
93587845.3340485,78778605.394723,53865190.11839079,304835527.5074001,531067168.3545624
95862960.6106198,62774168.43488798,53520512.35776052,360990435.73117596,573148077.1344442
84643909.33059706,84608206.47021347,78665660.90189023,335246566.96612877,583164343.6688294
102636586.74935591,61874056.159927316,59890998.21723713,205284736.07514682,429686377.2016672
65935662.229837924,67066375.74690639,56924015.80553562,290375922.9848372,480301976.76711714
86920030.9579952,77233582.10902557,67872963.96227019,318735009.0216605,550761586.0509515
74792373.6086901,67600819.7702499,62079290.85950025,295207500.9618141,499679985.2002543
73334981.44418344,82908818.1229535,73639076.55325174,284475001.6345629,514357877.7549516
84346062.02848086,95260987.0504593,73548340.95542175,333406240.5676398,586561630.6020017
79105444.80697933,71799089.83088258,76718706.1994698,317579421.2870273,545202662.124359
86223015.12004812,75978266.92531897,89263013.96883038,328784183.23099405,580248479.2451916
76353097.4601055,68464959.06792162,68849797.37530601,257867498.46579665,471535352.3691298
93733056.01679452,71159399.90886092,51886555.939030156,255247658.44400957,472026670.3086952
87593312.49316165,89500471.00807005,78639900.93759565,311476870.69298583,567210555.1318132
101898738.61626092,75659792.46390662,56042993.025737636,293777936.0747665,527379460.1806717
68520854.70489855,78951951.10454331,72554427.1734774,281252661.2148227,501279894.197742
89265148.82345657,77721966.78451915,74049879.54677674,271790748.13763106,512827743.29238355
95995008.18653545,66810500.46697012,69270736.82798648,344388986.8488628,576465232.3303549
78340789.02770573,85507203.94528988,57036024.37975438,336246699.6035897,557130716.9563397
109798512.92439233,83455159.14610833,68133632.91105549,321696853.6794764,583084158.6610326
79171055.45901503,100815033.80453663,68550089.6560643,365898283.04853046,614434461.9681464
77447225.92667332,89086762.19542192,88637173.65170176,345869549.8007214,601040711.5745184
91304508.97080272,68861142.20347972,56085436.57758261,300255552.7359401,516506640.4878051
110146082.53968002,75323474.52418411,86970452.79809077,304147103.4820736,576587113.3440285
90471041.50874695,78827540.76410073,66415506.873264566,241854992.24663416,477569081.39274645
78977128.64684124,76150548.65525088,64912697.87693642,325587515.49067014,545627890.6696987
98444570.35807638,76088894.12282735,59483394.461106524,355235916.7204161,589252775.6624265
70192002.66763853,67638435.85885955,56131623.65274832,314377927.12554467,508339989.3047911
107683970.92145646,78250151.93922633,69734058.2640829,325877167.6734246,581545348.7981904
116417759.66411015,66211440.85910365,69704086.32150492,319471343.62814045,571804630.4728591
82179833.24829474,77971555.44881102,72571868.73852678,333384374.11975867,566107631.5553912
123217793.54939274,83533348.68158235,70558657.04229935,307121447.8494509,584431247.1227252
95282711.4976292,77363876.48241581,67068595.43548754,307005679.89144623,546720863.3069788
85348211.41831385,70595584.14417867,67299943.38982986,293803330.4505692,517047069.4028916
96213421.7908104,78823936.38391247,64489572.23114085,363962230.7856163,603489161.19148
85790759.99023464,81478905.14465661,62455157.82961655,239289260.9115435,469014083.8760513
79638473.89939578,58249424.2466224,57367267.73695983,339509303.56856436,534764469.4515424
75439038.10180327,57747263.25497588,69973152.20576082,284426160.6281948,487585614.1907348
86988430.77927212,83312096.18440038,72922082.64151989,342595800.6960171,585818410.3012094
100734502.15383098,64277601.84599937,52778660.30507512,325609565.75112957,543400330.056035
76946415.7967151,68448410.3685147,54058636.25183798,273595087.40742236,473048549.82449013
82463573.21006286,67437733.52633758,55363170.188919306,298981531.21303844,504246008.1383582
76627566.04388064,68909799.02748127,48568428.1531153,349193458.5669231,543299251.7914003
101404481.27148402,74381409.98324302,59514511.894483194,297257547.16971123,532557950.31892145
86977354.1213754,65641060.13969347,46031745.09676968,259044368.8554793,457694528.2133179
67893461.45062222,73343756.86997303,65345922.50738566,269464874.129234,476048014.95721495
80052940.70420486,91497370.7496979,77549856.2239001,304984107.16698766,554084274.8447905
125879523.25659761,72035467.16776669,60281927.194241256,294217533.4531068,552414451.0717124
68246284.64839333,88524061.62471019,70534461.61389662,285136219.37599367,512441027.2629938
93691096.36668718,78670421.08952942,64945011.5211969,264892784.261948,502199313.2393615
69290187.50468788,92990810.79471421,60028000.81174323,366715048.5012514,589024047.6123967
76173785.54366042,80857694.3859073,70886890.72607714,335329488.4311214,563247859.0867662
98054040.84906979,64886010.76652576,57712130.47235887,248598262.0638971,469250444.15185153
89892071.20066957,65772732.47063749,49402996.67836187,272598015.9553198,477665816.30498874
61223915.297316104,72370335.88853362,54419779.24195254,261002918.36406732,449016948.7918696
60528488.130308665,84763925.53016938,56540648.516581416,282188872.31640595,484021934.4934654
65455463.39855906,64752887.08263617,74718776.35967453,318370920.6399224,523298047.48079216
77665768.83389348,73841168.29137315,60607247.067479365,293600104.6786985,505714288.87144446
98240358.30399512,75257922.40703233,68125219.6945299,315387370.8907936,557010871.296351
82770119.75339773,69083631.13272789,59527751.00246639,318592440.9327488,529973942.8213408
98848671.5008604,68660212.3444886,62051485.94793802,272955989.5096744,502516359.3029614
99126642.15415828,74201143.51520294,85729746.45395032,332352877.8556601,591410409.9789716
105380543.4758491,70661768.14578614,65130099.58786475,324416839.67596644,565589250.8854665
73908273.95660369,73476533.1760652,72972293.28014368,298545669.49391055,518902769.90672314
76088526.09037396,90867451.44760463,61171658.91216169,308368601.49720055,536496237.94734085
77856973.42108786,66569174.33361621,67858322.10808039,295101150.96452224,507385620.8273067
93064546.50629802,59529571.87664985,63882405.41614619,272136866.9917361,488613390.79083014
64548688.66115319,88371253.2403803,73772227.56759492,323673067.6862539,550365237.1553823
106524489.95653036,81949237.94514655,62834269.66005633,297631097.8728708,548939095.434604
78230783.24655366,70086439.43077964,54671503.30047391,257701688.63599032,460690414.61379755
100640282.9618419,81693348.11616127,64731230.459619805,271455896.3633241,518520757.9009471
81726309.19261067,61743014.03093037,61422531.793300465,326860572.91651416,531752427.9333556
127400768.07404572,73017560.07634388,74354733.84519602,289436273.0968386,564209335.0924242
72790589.48495667,64123119.19788599,61951914.27811709,264398559.6715224,463264182.6324822
79131922.12867807,70756846.3054128,58402918.34231681,266913939.8846173,475205626.6610249
59103763.09045039,70384142.10025589,62815260.76913433,270746974.28727657,463050140.24711716
92388884.07559144,90607055.46751152,71386531.67806032,367431826.56667155,621814297.7878349
124799128.19662055,110567124.81010173,68422680.34141323,278659434.6632117,582448368.0113472
81217058.20734711,76009973.90954474,79345381.51992764,341551182.86480737,578123596.5016268
71923526.21343032,67884963.06857778,61972920.60104101,249203982.0000676,450985391.8831167
87399038.67956929,66380649.833502546,51462932.921471514,253838997.44888946,459081618.8834328
93141099.64840463,80941841.94407618,68862962.3059525,346853076.4663989,589798980.3648322
100495303.42045864,80471294.13458039,68828038.0108116,314304643.43476194,564099279.0006126
85170219.48019527,58891840.475627445,68127674.33612297,313577338.26522607,525767072.55717176
71773488.58780147,85870806.59054469,63804334.484100156,300420493.2458057,521869122.908252
102740749.33876784,81022852.88703556,80350093.62066871,309029695.98750395,573143391.833976
114333153.15368974,73975938.06652707,77899943.52223663,244583690.4385935,510792725.18104696
73120799.48132402,75686119.46423085,62115447.41970744,296324204.53718084,507246570.9024432
87791557.48624167,66429211.32768746,54865559.894266605,295271050.04749835,504357378.7556941
78381677.95281653,86729633.3091906,67578432.88511138,335766439.3503021,568456183.4974205
93617079.07905163,72154171.90928933,51425024.75536454,327075619.59699583,544271895.3407013
74554833.66475777,70103262.68246615,62131230.04819428,295208051.40873224,501997377.80415046
101731969.48717602,78865681.48086226,66781755.95921456,345030381.55211645,592409788.4793693
96012916.43053691,71451219.32430267,56644346.54591295,265657092.1809372,489765574.48168975
86523278.21943037,65790045.3659237,62994626.952832475,292572499.71094644,507880450.249133
58040524.56806487,58994033.74418662,41178701.20499952,253390616.16090736,411603875.6781584
103573951.85698986,63613396.864080824,53241601.059426345,279740210.4026894,500169160.1831864
73548726.63812883,64722506.31781489,65258671.60668323,281789826.8343154,485319731.3969424
68731956.81294529,56660521.75391969,75024832.76301707,346722392.2361079,547139703.56599
81123425.89706185,75632425.90396068,61909463.26686977,317195988.02952343,535861303.09741575
76058535.02158773,69296815.13233554,66547536.21315523,356592063.5064352,568494949.8735137
98201765.42609334,90156560.42216025,68760026.44096057,291032367.9600443,548150720.2492585
63936276.994266614,71527823.88118254,65969157.154999286,290883492.71869606,492316750.7491445
77008517.06156236,85414343.26978305,73963672.07412885,366838512.2707704,603225044.6762446
74857864.10820389,67743641.49651429,71977728.98040065,305123686.8115535,519702921.3966723
79611633.76099685,70371888.03859779,63563203.30997208,335544408.4799471,549091133.5895138
84994898.11426334,82896803.1457445,72176778.87439236,283153422.64157856,523221902.7759788
75755678.29269865,69980898.3055158,54004223.697650954,270586014.94025177,470326815.2361172
111124776.52687909,80115985.37036085,62693445.71480252,377779082.98290455,631713290.594947
75133627.15576515,65843124.477082856,71402127.65026164,329556792.91128165,541935672.1943913
85410417.30619803,83385981.6906509,70955324.3732037,272345083.64048564,512096807.0105383
59403370.23384,65337177.96295385,68809298.19455506,286880847.13362956,480430693.52497846
93875975.41485485,79055634.37982176,55199944.792962395,279398648.14615244,507530202.7337915
92366621.21183105,70406074.81906985,61630404.74741007,311196939.3510547,535600040.1293657
88228167.22883572,86113602.93651861,72756804.60992448,282316072.74105966,529414647.51633847
80787484.26711869,74974088.2628257,76592223.33466677,297997081.4528241,530350877.31743526
66078623.39591179,75195911.35390656,58971563.27564647,254044707.26316518,454290805.28863
87470931.0028253,85213756.14304544,64635044.24261562,323843057.77240586,561162789.1608922
97270499.4248119,85484460.9249424,63996053.717924975,268771746.16116256,515522760.22884184
74485094.07619318,80456425.76621088,72344423.61346631,279416555.14449894,506702498.60036933
122708650.104573,72624044.82383895,74839572.6760776,374066078.17856055,644238345.7830501
88754293.97648993,69912513.63219668,58545169.761192866,284734040.41372555,501946017.78360504
103687747.60645361,68912622.38831878,51715879.507768266,297217087.1686729,521533336.67121357
95720622.01685935,97563918.53800523,62402196.31912169,302699534.6347886,558386271.5087749
105040899.78418797,80502510.41818419,66945397.00507787,337074496.73188686,589563303.9393369
79226471.45034482,82161655.26289771,58351131.71339438,249354578.48594633,469093836.91258323
83469692.2208624,56048443.02486319,58880355.07226326,235822944.33704868,434221434.6550375
91242583.11609669,78556026.7887217,66628559.8484502,321846142.3907574,558273312.144026
90106763.02783804,74122753.25621453,81459828.66870458,334412309.48201364,580101654.4347708
98682465.94880402,88595684.93278329,76725570.11962035,406368065.07684773,670371786.0780554
89557372.9514825,76505704.94008003,61450746.62311385,290668026.6341516,518181851.1488279
77571383.12452781,80140874.63941734,60066316.21564049,300810654.58070487,518589228.5602905
95382982.77816504,79029292.61005875,60735919.7300279,324757768.55469763,559905963.6729493
86024256.71294042,54452172.53873458,51389320.42537102,326449649.2627159,518315398.9397619
110607932.91044457,85352885.98283665,77259012.04356036,293180828.2107024,566400659.147544
83649581.97758667,86950974.90821443,73127992.75948174,317866268.3201012,561594817.965384
84637742.20640521,86571958.29528677,79347493.79135446,346683814.68399775,597241008.9770442
88138426.05566947,73211457.82404958,70713762.20331283,271717074.3758271,503780720.45885897
75568595.5892582,62308259.669691205,69915873.84477717,278361517.34617555,486154246.4499021
93036552.44480377,76120193.61512733,93645443.66086778,348840422.71770686,611642612.4385058
64721658.57004242,81471118.85001285,63523123.78301577,295017694.3647182,504733595.56778926
78304154.29895854,75967581.71489479,66986445.53116567,283028888.51608723,504287070.0611062
80392604.12973733,75594498.84897704,49648622.08807915,240203342.65197253,445839067.7187661
113946003.26540688,83985126.22145644,65864414.5443526,253576272.4549064,517371816.4861223
86425008.5078143,85102644.03547329,94477051.09200758,416671728.6676376,682676432.3029327
75661007.88862616,69594181.19199872,53026082.22630855,259302363.5530347,457583634.8599681
84285610.7808512,72386315.41015466,82462933.9309527,274709383.5202639,513844243.64222246
86580455.90031159,59873292.36393978,62413424.92465469,251799166.39059728,460666339.5795033
104049614.05676727,76598420.77496739,56837949.84788213,231254412.94550538,468740397.6251222
74558076.2427886,75508405.58134875,68504640.80569895,289036731.9900457,507607854.619882
101144557.33228478,69034993.87840465,45406908.08720405,285311631.07165617,500898090.36954963
107220647.7703613,92668341.66488503,62229653.99191669,287763969.49565303,549882612.922816
97925457.53721674,72676083.97163439,66256319.42463838,279871683.11496645,516729544.04845595
73247409.27860992,65961671.6327653,69046166.32615735,303365237.0408536,511620484.2783862
106908364.1780252,84641317.16792527,84681157.89253049,359685385.84271276,635916225.0811937
98484067.61207376,77153943.13469529,95796288.09235366,338452910.9153469,609887209.7544696
63578497.39172938,73070705.1743072,56595443.713110976,326700691.0367309,519945337.31587845
97956774.63896556,76430648.11666076,60098087.08702302,303211210.6333379,537696720.4759872
78697353.55209509,81436559.69152859,72024847.61638975,437535346.16520643,669694107.0252199
81208155.58455907,72308333.07058662,63262839.52364195,295686126.2301675,512465454.40895516
102798404.95416917,76518165.26013498,84692375.98196676,346706211.2255346,610715157.4218055
80681607.0787069,68642241.55164053,71360147.4296622,307886118.8887003,528570114.94870996
87334563.6709092,71048432.57008776,63847856.63874458,278777641.91092724,501008494.7906688
108457373.80614376,86868116.8400689,69347386.88494442,306000536.08596605,570673413.6171231
88504733.19516027,76313375.28066058,59141841.51779625,238277988.29760894,462237938.291226
76749988.30015296,72844897.59711458,58974290.78500776,323440393.08934677,532009569.77162206
84065756.91225262,93706275.30710034,67053419.99223577,316123462.1643925,560948914.3759812
83265782.66273524,79236186.89535525,75981660.0342107,338645842.7449765,577129472.3372777
62997039.85608487,74896998.29707395,56927754.36860606,281462480.2926142,476284272.8143791
97386077.46802638,68571145.53109136,73287461.16296463,297432685.79488206,536677369.95696443
123463438.55421439,83005540.68571839,85889360.21486193,377227212.6250221,669585552.0798168
79077966.41901648,64048428.3627784,62090046.167000435,275679374.1286801,480895815.0774754
112310627.25975716,78335572.88129818,65710729.55195793,260637619.45039514,516994549.1434084
93263426.16199605,67476142.16286814,66702803.08647065,322973948.4843127,550416319.8956475
77342526.37665449,82712876.25963342,65594271.74034416,258001551.61547655,483651225.99210864
111693074.94623782,72357675.14128815,70020001.14493726,323995322.6487296,578066073.8811929
92815969.39219816,80577020.14384188,60555499.28574138,364218137.0040135,598166625.8257949
101638997.43595712,83239520.92858228,59148812.98865013,267604403.25025028,511631734.6034398
96890284.40911534,61845892.167180136,63798484.057982765,254642405.8751904,477177066.5094687
75890426.90909399,62657246.90758131,62336893.67793133,334586128.4553649,535470695.94997156
92206099.439858,81259345.04191358,69506727.8479043,335569993.9184141,578542166.24809
93981091.87073426,56575939.57245455,65702879.31634112,324941146.30305433,541201057.0625843
82292122.18506637,59800690.37915739,61509218.909035265,303681034.19771475,507283065.6709738
81268402.55395082,76531582.08269663,74855201.59540424,413034157.0047904,645689343.2368422
89283822.08707221,79521962.47569025,61121675.6637395,283191211.4344025,513118671.66090447
85328613.65011507,86764219.24364793,76659242.19453163,398421672.6133937,647173747.7016883
68693430.33577093,61878281.21606211,68164591.14665936,354266212.80133086,553002515.4998233
87671819.18031968,45498977.26795855,49263640.87737398,281385559.3673413,463819996.6929935
75510009.52127253,75253020.92693198,81579927.00794403,376156347.26580346,608499304.721952
99268653.92202039,77794678.50970875,63474970.94885041,330215695.89679945,570753999.277379
87563311.63124472,76704250.39965351,55188790.30190922,268633316.9601066,488089669.29291403
98366165.10942186,68875550.52018356,66110163.265848964,316979052.0736263,550330930.9690807
94038332.224309,82593894.37396623,73985905.53965867,293692037.04192114,544310169.1798551
68942177.066163,65233591.08518733,66635017.78423445,261055054.33600393,461865840.2715887
73821801.70920663,64945655.300572775,49249794.59604009,244302450.0354177,432319701.6412372
102360104.29021586,72653603.93840998,53340467.72023969,272066615.68207705,500420791.6309426
94637468.14209871,62757446.505788095,68909483.3526628,256424782.9494071,482729180.9499567
81856152.96267696,71567111.41319527,60070219.069142565,293321954.87285954,506815438.3178743
98787646.50339156,77921522.71532027,62664206.23064717,318036707.1902723,557410082.6396313
90151018.54963967,70977164.90696399,64758553.713264525,276227584.7186583,502114321.8885265
75918299.32165726,80943366.63144255,70744870.38482156,339249530.65815806,566856066.9960794
96544463.88154097,70298868.25847639,72632317.20611146,299321969.7898386,538797619.1359675
101199979.18869172,77589893.26991206,69877865.24961245,322284279.02710676,570952016.735323
99337162.69977924,64905129.69991281,51924567.73488978,306426546.34892184,522593406.4835037
92329400.72844762,70493209.39133745,67208928.88306671,258427328.1634333,488458867.1662851
147088187.33062154,99696606.97413534,82319083.87143902,334555886.2300126,663659764.4062085
78981492.76922148,63967917.60508975,60402173.285240404,265223871.80755118,468575455.4671028
76704020.72862424,62767698.97779102,62454729.74842918,282026264.2622941,483952713.7171385
95009866.98576039,81806262.28422731,70354216.1214239,422883352.66925204,670053698.0606637
99504415.32085451,67795276.24098049,67268463.95690244,301320505.92622346,535888661.4449609
70348776.15681256,61513984.17731536,63074519.26488268,318853964.6202223,513791244.2192329
73755080.54694813,81955304.38371871,69601530.60505182,355085245.10888416,580397160.6446028
103833131.20216765,77743467.08983296,81955591.0287739,283138958.72073704,546671148.0415115
127877463.1365348,74998440.16931887,67154119.09435746,287674197.53968984,557704219.9399009
82101548.61899161,105219377.42313808,70950631.4313699,351250601.6040296,609522159.0775292
83981663.74736232,84077409.13148755,64327936.148170546,314068174.9929239,546455184.0199443
96445101.31748015,71637753.88094234,90122219.04521649,353519233.6812383,611724307.9248773
84108606.7506234,69645869.48469643,64327342.87628528,260733489.3856262,478815308.49723136
116013746.47283483,85341561.00776319,69903274.31111708,353199862.5582526,624458444.3499677
77692093.21416606,64874715.221450575,60555590.722159885,297582500.3776505,500704899.53542703
94941647.99036014,65427280.66904693,59298694.77069817,205496201.56868607,425163824.99879134
72165087.91009995,79185831.50769904,74263145.59919779,274749069.5077506,500363134.5247474
82790548.98176819,75437892.94781652,74578374.00350879,373083237.3258189,605890053.2589123
89372205.53668322,74262475.27053627,55256960.31214037,294605814.79230255,513497455.91166246
121579629.65462984,95246841.17586762,75615012.70960143,334046741.6392018,626488225.1793008
78103728.2861852,71228881.19550326,64996912.58323538,306112253.70753926,520441775.7724631
102529949.10205425,88229333.06186518,75475051.89641161,284720022.9652278,550954357.0255588
74763985.55282485,66333866.55128126,63630781.82897943,235439900.64875528,440168534.5818409
87120356.0923712,89529856.94700013,76355217.93899395,307222329.2349483,560227760.2133136
77982013.22671798,81436360.58352982,69875890.85224155,301213901.6440688,530508166.30655813
79357995.2974326,75156345.5141585,63027177.44747527,328463565.3374139,546005083.5964803
106383853.44757038,67988149.56318875,55415421.8516417,338236296.74806577,568023721.6104666
89554677.61191292,67187548.52236982,70792951.53272437,318474669.59859693,546009847.265604
124103869.19498083,80236569.03484334,78970884.12458873,271863774.6501992,555175097.0046121
109055021.4886885,89287455.67772263,86616376.44824551,375944061.15254855,660902914.7672052
85835619.22177342,66241759.68438863,58152971.2629676,237988070.0949907,448218420.26412034
75250646.21363229,77313923.37823804,65457096.02678719,295715789.8729787,513737455.49163616
76806518.18188675,60260482.8567887,60957544.89793667,304727560.45336246,502752106.3899746
74403903.9584352,69029578.23051655,75463885.98421717,355136418.6838143,574033786.8569832
68757280.24102351,71411690.70055497,75285902.27892615,303546728.16151434,519001601.382019
83531801.24125788,85503321.604933,77626994.5983755,355888531.5929972,602550649.0375636
83624933.50230217,81383468.20691504,80833221.14723611,319496874.2661484,565338497.1226017
81752322.85274431,86446917.86754474,88258805.60898583,420717659.91820043,677175706.2474754
82131523.84158929,72740366.98832655,57214978.13435961,296489585.43860024,508576454.40287566
73426738.85405704,68877057.22930789,68176847.30525488,317042698.5452876,527523341.9339074
65256790.45906722,85431157.57675713,59623029.957359985,267390261.84841782,477701239.84160215
71514261.8718373,67409776.88438593,55819194.6125403,260636508.21782154,455379741.58658504
58772366.26697561,70644144.4196162,64120752.67351969,386098963.88215053,579636227.242262
94271331.61067705,73146155.97767542,56743283.61489992,289474251.5536993,513635022.7569517
93705139.77138965,72989306.98763217,65815313.21423532,377241226.69031817,609750986.6635753
82005376.02381633,60359692.27795116,66519123.56266062,309296200.31314766,518180392.17757577
66328577.492342636,75148094.51647289,57302469.61225828,307679170.5319449,506458312.1530187
118358819.80206226,79915253.78115353,78341230.20601642,277988021.82502323,554603325.6142554
68373044.56653371,90914046.40099503,72363210.79435049,338861751.6404005,570512053.4022799
104875928.76222551,74666211.39458776,73302487.08196329,337686313.53888535,590530940.7776619
70877140.04784046,86472694.34313904,80048881.07627647,277367503.9998144,514766219.46707034
90050346.45558615,74644039.12383193,77784415.28621495,268924414.19799316,511403215.06362617
155272101.71923292,85013672.33024316,78598170.00561912,379551455.17741925,698435399.2325144
84513264.28995994,74570911.87817436,61634954.53402155,269710834.91575027,490429965.6179061
91088397.02140555,75670890.58569354,62281769.708179586,284957130.37931,513998187.69458866
95638200.90090922,70878682.8252298,62804349.01048358,331765167.01469254,561086399.7513151
90729780.35775244,68028276.80270436,63197172.58714219,313670315.56912565,535625545.31672466
102177913.01688081,72301158.76436165,61299216.33832988,275382560.4503407,511160848.569913
78643353.10051621,77903112.56313153,71075040.13895129,349757950.79746926,577379456.6000683
85943909.96751392,64492811.89111703,66900329.3861088,306290410.53866976,523627461.78340954
88049471.94600731,65767172.78164561,60957428.50758453,256884731.77337024,471658805.0086076
94205292.65770692,73699947.98009667,61699799.57619825,250476113.54771706,480081153.76171887
102798683.68343952,76675482.12167774,67781820.91535084,282374421.3390791,529630408.0595472
66951977.765047915,67411325.13238081,59128142.908440225,301863723.4798375,495355169.2857064
82388120.21983533,69151412.46937998,53012314.384163804,287449557.7447698,492001404.8181489
76764006.66402525,86119063.44738813,70072553.546894,332359337.480252,565314961.1385593
83801836.1140371,77196060.41495511,59650823.24281701,259495720.94445217,480144440.7162614
87419511.77153142,81333230.68517889,53911965.9835492,275248880.4138334,497913588.8540929
117130563.60248876,86002278.53678311,85084297.64047359,305616017.66789037,593833157.4476359
81041982.15618888,83691979.46551557,73557255.67987408,311312867.84140337,549604085.1429819
71244573.4982687,83086121.85735,90891929.37163381,275745127.16302425,520967751.8902768
109187680.71007758,75871144.53174016,64490129.7133464,313170335.6852214,562719290.6403855
71897775.54460499,72535378.31139764,52834966.65979301,302327252.4974469,499595373.01324254
124711027.4280291,76662198.14399397,66665271.091305576,302807563.2708313,570846059.93416
102132049.2591518,82664985.62613535,77076982.46287137,301072850.1613719,562946867.5095304
93478019.96483189,52404736.17722469,61912879.53064826,252193824.3467438,459989460.01944864
82750926.15102208,81965650.73954487,56550019.69002824,334181761.05882823,555448357.6394234
85489154.21980065,89605917.93533477,63324371.10660963,248129697.3655865,486549140.6273315
86804631.09475239,81359744.02397001,73497564.79889804,275744506.13734645,517406446.05496687
67230694.83766784,69205364.32177812,66408547.30402092,317477864.37093145,520322470.83439827
112174158.60571383,77177483.92904179,54383985.63483463,334959480.2510956,578695108.4206858
89976959.85111445,79187148.91248819,73726299.26527391,362919679.9618128,605810087.9906893
86887056.04709408,87109328.26094681,74486312.86776397,294130206.4125859,542612903.5883908
84010777.59368443,81035530.43361986,62160331.09172571,333777111.4448216,560983750.5638516
89445243.82397853,79993983.03458755,80146001.03299056,333930889.60912335,583516117.50068
88210958.11780141,75580424.10096778,64931351.658605605,314050649.8398388,542773383.7172136
108485366.67564279,74515390.74738532,61365545.20352512,347141832.04274094,591508134.6692941
79649343.22853978,76442164.04674567,61337480.37973759,246207379.77751327,463636367.4325363
90020627.16313769,87191794.97353517,69456177.78971806,263163106.06664082,509831705.99303174
88744529.8995379,70022039.6365709,46922453.91222568,275596404.29344255,481285427.741777
94745691.28489162,88848489.34561685,87144164.18607639,356161113.5577088,626899458.3742937
101270492.9705714,67877921.19117953,77350296.92968221,362959210.59703904,609457921.6884722
82228856.6675925,81249288.2667539,72398766.66993958,370331606.3565926,606208517.9608786
85123006.30767912,69441458.60045113,60020453.809628956,326861708.40529895,541446627.1230581
64126082.66209813,50216447.46984052,60863570.396305054,295246774.8535628,470452875.3818065
87466173.13977072,65500424.85677408,50833107.20082859,262028630.42683557,465828335.6242089
92408279.79124247,72069926.36838931,72259738.74370112,277644248.61606604,514382193.5193989
80248538.42950104,81002605.44715643,64434002.718290806,292616470.29219997,518301616.88714826
78668944.64535315,67562498.51327468,65245512.57289284,316885761.0388891,528362716.7704098
90438543.80013682,71467105.94584827,63101492.98812006,359811252.8957122,584818395.6298174
69458257.28991678,89864528.99430045,70350564.79461704,306148596.55127156,535821947.63010585
101592282.07815717,62056790.09779735,72528572.35461317,379396429.92983466,615574074.4604024
103805740.27743615,62109185.36846256,67545270.65505898,364098212.8221016,597558409.1230593
111647678.83953005,68413438.48294601,72723297.95158748,380824908.7651658,633609324.0392294
87620415.61135852,64422560.0251831,68239205.38891089,341176845.13173753,561459026.1571901
85285369.62975456,65995713.33676154,70030779.20663065,278905147.41119546,500217009.58434224
92937364.2857536,92434038.55805753,58971492.181030385,334818301.6678275,579161196.692669
84370161.74480945,73978784.39851917,69304954.26185867,280935341.61906475,508589242.02425206
72249846.26490529,59349601.705855414,68317796.52812186,286678664.46186155,486595908.96074414
95541869.54959108,73466531.24340296,57160525.47502502,316241333.3026578,542410259.5706768
91910449.0127601,74940552.64457181,68348130.68131217,274662549.16091806,509861681.49956214
103351706.46199818,91825645.97203024,78940942.08667266,310501799.45742804,584620093.9781291
88040692.48771146,91418981.83021544,82877415.6349216,411167694.0677429,673504784.0205914
76961453.73410758,66907507.178368405,63220129.816485606,311329182.82172555,518418273.5506872
85243301.45451704,72383312.84460564,75173719.46816279,309285749.44549453,542086083.21278
71786316.98473495,64137380.39298459,62681377.62119966,416667571.7004171,615272646.6993363
74590245.37140775,70834110.10138394,84476145.67151535,302839383.79802346,532739884.9423305
93806302.40119797,96091068.24915875,65179522.52191172,299328788.7692963,554405681.9415647
80699311.16306633,62757386.295201465,73293873.23040754,286457143.83119625,503207714.5198716
75790669.49281411,70035381.13542403,70672157.01784573,310408290.2622626,526906497.9083465
76824190.01273403,77527859.58185136,72674599.8864484,310529111.5838195,537555761.0648533
83990297.99307838,84853066.40019035,67421198.09016985,371386841.0221061,607651403.5055447
77244003.73599568,67657197.37490758,56162822.25655807,281184188.91294724,482248212.28040856
87242922.39862505,65310793.9609781,62892083.713593416,316600793.5222173,532046593.5954138
68966061.39162809,67947910.71015146,66442858.14837083,265205411.42060506,468562241.67075545
82904991.14147608,85312526.61710668,85310852.5626454,343848726.90630275,597377097.227531
84876016.0297862,71385642.78158662,71639072.80363701,351433035.90496135,579333767.5199711
72465174.77415131,81066889.90063879,62264790.91677532,272552135.53796345,488348991.1295289
85088438.14124036,84865288.89135462,71512821.0758337,323535015.7758055,565001563.8842342
92271447.97698358,81364658.06952038,67258482.9604705,331012250.76392204,571906839.7708964
78465201.95989437,80106593.59408893,74134721.15982658,340179549.5455378,572886066.2593477
98353065.92142606,82524317.4990954,79157762.86009209,247174937.1024894,507210083.38310295
99984246.20742242,98618093.99479714,68798568.69693625,289795711.92597866,557196620.8251345
107155819.33737652,71653342.51990439,60504741.33177989,303204889.6252217,542518792.8142825
76734619.91701314,81791101.81397557,61390632.487632416,313059493.5707977,532975847.7894188
91272715.97095896,93186665.32167931,82588917.94359067,308078456.10319346,575126755.3394225
71222026.1379293,80076602.79663299,61543123.367036715,288257613.3169649,501099365.61856395
73594973.60754934,79206696.88129313,61467798.61105304,298169695.74283546,512439164.842731
86936003.95425174,77682395.1843864,72075229.97078948,302850930.2262081,539544559.3356357
77444743.47758825,59769182.906895176,60223590.477301694,285500663.36633396,482938180.2281191
77829592.680404,74706224.64124951,72038241.56908661,351984389.905073,576558448.7958131
68201159.66669193,69042595.31229748,70008625.6340794,366187692.62654346,573440073.2396123
76509923.85087954,86627777.37725453,58778141.809572674,340876488.1441522,562792331.181859
83360580.43651003,90230889.9907067,66772408.44735411,298804093.1124098,539167971.9869806
85364831.89305435,63421936.96885452,49781705.02347622,296399243.7818315,494967717.66721654
102164662.74948262,84622021.7580814,60123279.95491126,318208172.51810473,565118136.98058
74420105.0495634,76957606.04613265,75079929.16443172,327003125.3026829,553460765.5628107
110328641.67569207,78897552.76202218,66472598.476906784,309357709.482566,565056502.397187
70336266.76959077,69189825.17245267,60361703.73815249,284801605.2495743,484689400.92977023
91036366.76676668,64776729.26132959,54263574.2301442,326033948.2726574,536110618.53089786
63235046.227331154,75976385.1684438,61766292.198161386,303419474.32556164,504397197.91949797
111922459.62631866,79326649.03715447,73687238.24979399,317080295.2135426,582016642.1268097
85693772.77075331,73791495.20070958,70863283.91790655,283752804.2345489,514101356.1239184
72749023.65760733,73672662.19588308,65901367.17557691,245222144.1679916,457545197.1970589
87061608.14139357,66028698.807899185,67256183.86631924,245300630.30828243,465647121.12389445
118696911.99679376,78491950.91014221,61748255.10257843,292094081.116521,551031199.1260355
95332955.67250583,86070441.62768444,67655394.27367076,262724590.553221,511783382.127082
71819826.59692319,75277912.4449083,72973499.06956382,353101088.9005606,573172327.011956
89587289.96416548,85621915.90286833,87110258.82453384,377318369.28026944,639637833.971837
101083688.49443667,71699866.05544756,73113691.62259175,327949853.03667194,573847099.2091479
96784663.80370547,90142473.12640412,74372177.64672884,314826394.709426,576125709.2862644
73476765.87455457,70742728.7330164,65038221.472826555,310168421.9218945,519426138.00229204
90681132.32918541,85780681.21684353,77064310.09647025,317283054.6995523,570809178.3420515
76143259.75761896,77141405.29161389,85914663.37645033,336257502.9994098,575456831.4250929
83171668.43938173,80099426.72371264,72170108.04044591,333862651.45862466,569303854.6621649
108651527.70809858,83644785.3779195,81611684.78655025,332921303.1125907,606829300.985159
111108136.50974615,92426223.43873236,81104850.19936064,357798009.5820624,642437219.7299016
126072348.95546418,93694407.77721773,66700653.748729065,321630205.3494499,608097615.8308609
83588355.58445534,95671235.28310083,83794535.83768721,415421911.6977165,678476038.4029598
77214821.00609191,84078844.2494376,58017034.01833984,247345589.84401387,466656289.1178832
81836853.37728372,89332293.7422396,62382547.192048736,303633563.5063368,537185257.8179089
105496143.02899009,87623581.20666733,92215315.62035108,335326243.7755197,620661283.6315283
81253488.88564004,66004365.28762411,59470277.04890452,257763089.21388495,464491220.43605363
65406146.91832918,89444786.70510331,69498230.1687756,419208598.7127147,643557762.5049227
76240548.26436248,70256085.2082733,57839122.5720666,271266041.9910029,475601798.0357053
100302700.8574424,83869320.06469977,77014015.5869016,372662134.2710191,633848170.7800629
104128435.50988008,70520322.03548671,61021775.68722084,301572479.20256203,537243012.4351497
158422151.51399297,95269104.5435516,76442895.60095924,350964925.0031508,681099076.6616546
79179224.68844658,76749118.50526315,73769277.05959995,311335978.66485083,541033598.9181604
77257384.18789707,73381704.82172854,62184713.878761694,255290712.34483594,468114515.23322326
79580430.07481456,63469136.57305434,52734614.45587955,248338870.21814996,444123051.3218984
101593469.04645659,93571153.28420565,60513079.511841014,364912472.70973915,620590174.5522424
72812298.56630085,79636550.64339164,68527478.96656618,330772956.66539896,551749284.8416576
72357249.82500517,59176841.42991534,53616276.79246981,296263337.0540548,481413705.1014451
119303446.07867853,72551732.05510235,65543402.70268143,278928728.50777555,536327309.34423786
86967707.95412304,60859186.81513356,72171073.28771298,305622800.83915824,525620768.8961278
101004850.67947035,76602836.28508684,68507828.29337087,350646773.61748195,596762288.87541
89066948.35763472,77967290.11286414,60844101.02358262,281297472.1411201,509175811.6352016
74151118.09120552,67365990.40939519,72178055.46504961,377700846.13099957,591396010.0966499
71418669.04592822,76132719.4672012,62770571.769386835,351897079.35071474,562219039.6332309
89111793.90437739,76414681.67326084,60710408.98042775,250241185.00195128,476478069.5600172
98509267.48369643,81494293.94243897,71674601.63042808,292129648.18716407,543807811.2437276
85195820.09051068,82946355.10404992,76750463.71252525,277675803.08700526,522568441.9940911
78796795.8495759,63348291.034360014,62446817.708933614,326434941.1006842,531026845.6935538
83401182.76726452,69789090.7502854,61164872.97147249,386168646.6606744,600523793.1496968
105548277.63882244,86473225.41246139,73261550.66926828,316194371.9807802,581477425.7013323
75422765.49427415,65145355.55329848,57466883.66093138,259460155.07370958,457495159.78221357
79119666.8081058,73574774.9364073,64570290.27057117,280572626.2519089,497837358.26699317
94405310.23032717,75815209.99911281,68090546.2877776,281720918.6651951,520031985.1824127
97441352.72660539,73371971.7325851,79458292.894924,309700091.5422449,559971708.8963594
85895627.46304837,81226812.73953962,74630858.85346825,350416499.7557387,592169798.811795
115889205.01034936,87623532.43773878,70817597.28447965,296306257.24379694,570636591.9763647
85358876.64286694,89895127.38417423,59862511.178673014,274472164.40851,509588679.6142242
84202729.6175566,68585346.4333307,60253868.664964736,362760173.143583,575802117.8594351
83142783.49861483,78952759.44965863,54924870.11894061,257072270.8973729,474092683.964587
101256161.18971668,95451833.40915196,75112792.6174691,310096705.9198854,581917493.1362231
94419704.7020731,57410463.70433736,61010840.347023234,258455893.38787535,471296902.141309
99033673.23253231,60814469.53539158,56592562.987053886,286575734.8822233,503016440.6372011
77192608.51396458,70889240.40929466,70903903.66552629,306208482.6194268,525194235.2082123
75134066.49355859,82017897.22142243,69434948.58229883,319989430.84209627,546576343.1393762
75593514.34143747,54902096.21912189,51555935.96945341,247346697.18690202,429398243.7169148
79050214.7215098,67535821.21847634,63415680.23053179,329426909.6895968,539428625.8601147
103609581.37147023,87173091.56070971,63533170.54037554,308129577.8671458,562445421.3397012
112049194.58800031,67086692.97462933,75069590.88062792,277936319.78624123,532141798.2294988
91408496.78991477,80678643.70854847,69444723.9289264,400429954.6766803,641961819.10407
83106325.42145327,62296212.51340596,63421163.55978504,290067355.3663696,498891056.8610139
95310521.99538295,85982657.3063947,69583818.16433379,328117292.3235446,578994289.789656
89245716.16734953,94093797.80588587,68995988.57508811,289805014.5088276,542140517.0571511
100417244.6077951,70585822.81778814,67872005.99253333,299111225.0929121,537986298.5110286
85804388.1685442,100474371.06285273,85440464.26115334,373404485.54347044,645123709.0360208
94941411.3270411,71633101.8436924,66956009.94782606,325222129.14848965,558752652.2670492
90031587.1959766,77502314.21277808,63668966.728111625,311972000.6237743,543174868.7606406
80168565.38355847,80986369.76479761,53046447.701983325,338855611.14509463,553056993.995434
70686022.79944289,64152939.01352924,63831304.41959911,315244078.6445114,513914344.87708265
121644976.70193292,84929778.46239756,70399721.4162091,320798840.0814038,597773316.6619434
112504476.6638801,106681689.00382335,75410112.66076374,346221426.0212807,640817704.3497479
86175240.78884211,75079996.27469562,82086232.38226536,288019661.0410447,531361130.48684776
60008622.48028943,72532068.73834808,72800127.64101838,316331412.8702937,521672231.7299496
94511103.86464432,84542856.46950647,70267200.54559177,332913781.8333954,582234942.713138
95078971.73591505,61903186.7590126,62059617.146350294,245961495.71161953,465003271.35289747
86676494.52205266,71776941.42711733,72962431.06874022,318963305.5572147,550379172.5751249
94073050.34345895,75733239.14773048,75147656.43053702,261546309.4564116,506500255.37813807
75557310.60613637,85469025.99580456,65098666.1440122,238923822.3232982,465048825.0692513
110048210.77400495,90853549.01136474,78506283.45133063,327182176.9689347,606590220.2056351
113777432.32933216,93483540.56425768,87902643.2019235,361436947.25116956,656600563.3466829
88939799.3327411,73003505.22021203,56009128.38904478,308768990.9263769,526721423.86837476
95778038.12140003,74664707.66537507,71025867.50926052,298093613.455063,539562226.7510986
100203548.42886664,70936264.62444884,57274321.81589439,284847601.55305535,513261736.4222652
99585393.33045408,68609419.44587271,72501446.53502867,255896607.51067272,496592866.82202816
83829254.56477076,64072101.37063753,45148720.19796636,284905518.1872068,477955594.32058144
84759778.8153765,64351309.35890942,58014762.355598144,305547394.3603704,512673244.8902545
82215239.72070248,73393062.0872827,61883551.15411409,279027228.6447306,496519081.6068299
79277892.60619983,69295926.36673726,57833542.06027652,259609289.87149215,466016650.90470576
82063149.18420057,69717942.45616338,55963217.35862823,316500951.5846712,524245260.58366334
106238581.56869313,79590223.5042884,68797750.58681436,285900396.3942292,540526952.054025
103458207.44496699,96698820.99196261,72244466.64226246,300124470.3766909,572525965.455883
92109548.99036501,78212474.54100959,63231609.348699994,318989755.3135818,552543388.1936564
101344960.76896182,71913859.9437837,88293700.80967763,273034149.8456544,534586671.3680776
76089278.84123762,75809903.69523077,85318002.89273265,302780719.6310836,539997905.0602846
73525253.59263977,78011871.82385269,64041430.05955766,325943539.7699077,541522095.2459579
86225054.09580854,68757877.17562526,83784346.0808741,227439831.83019608,466207109.182504
116720814.586645,90559540.12045288,66245701.421138294,385465231.2739512,658991287.4021873
70012869.90789378,81348910.93621223,52214955.725096285,252661498.4129592,456238234.9821615
72558929.20778486,66937447.064106196,62056271.71039832,268732846.89302576,470285494.8753151
62940423.15418581,74567553.53414774,64432420.335482046,314882304.631222,516822701.6550376
89642186.28513433,85504724.17769217,68783809.80194302,349091866.90565276,593022587.1704223
77020907.73919615,68100543.58358003,73772946.20928457,361008886.8588127,579903284.3908734
95600053.30236611,70127036.53220795,57399331.66543642,340711959.5935397,563838381.0935502
106921775.00363651,79123909.6154908,89933590.07995978,348091749.20019215,624071023.8992792
73038793.81308806,70817466.87252693,63458270.550000414,301622571.43969536,508937102.6753108
106534458.93740085,71315155.0889077,55789447.65789704,312295858.2433155,545934919.9275211
80407539.40468206,98847464.92105424,81626320.96868357,308357146.5696475,569238471.8640673
105902562.18396674,86533102.14227846,76076550.01624677,315139104.08968174,583651318.4321737
93281855.38728519,60617012.11499606,70879642.06335348,204579972.07047847,429358481.63611317
81247067.1865842,62291488.70486928,57197037.47067998,285933619.7351053,486669213.0972387
71998356.3460463,52894767.16286441,57757290.686920926,361370994.06160736,544021408.257439
82437640.21859299,83944882.4634815,81854026.69726399,259729041.78315952,507965591.162498
81050166.61048336,64595695.23175807,55962385.35520527,349982492.8347035,551590740.0321503
90388318.14740945,84044871.23125839,68607295.28135917,269813391.3980172,512853876.0580442
97211357.6156528,90143597.60868272,74033481.65045649,336637681.26200217,598026118.1367942
71561469.08048135,78958539.03286143,77595680.80147803,331588796.0063629,559704484.9211837
65402607.15478334,86121722.30899818,60842411.33223014,314008982.3041879,526375723.1001996
101585741.09344481,89247513.29701786,57545905.58817158,303399884.9735887,551779044.952223
87923396.73517628,90031674.12543553,74710231.37461694,376058635.2135781,628723937.4488068
95083626.38306296,76952114.93548219,68364026.48496622,366534700.7506795,606934468.5541909
70853002.27543545,80612696.37827827,61873963.032441996,272436440.3200072,485776102.0061629
102738294.14881365,71331186.46614152,68147690.466865,288989552.36074233,531206723.4425625
59791305.35261118,73826150.86946255,64529535.81972383,240868145.61289874,439015137.65469635
77977840.78873134,60226604.700217225,65117898.48908505,347781446.86773115,551103790.8457648
99916135.77706562,87988546.83683257,66535783.42288737,329660481.19152784,584100947.2283134
87081391.09820484,77727576.48735212,74674260.98901106,359584692.73257387,599067921.3071419
81931261.80408439,63780204.0936615,59963559.3965766,285077988.9075307,490753014.2018532
91274402.94851543,84661735.45066085,55158835.67260713,272529639.9434336,503624614.015217
74734384.85937874,84909110.28659342,66648734.785052136,289688522.8306267,515980752.76165104
95059024.94485384,72472918.79932316,65104396.03286705,372513214.86565906,605149554.642703
116087991.29326184,77475914.87222795,66499409.09321931,285678988.0603543,545742303.3190634
64064550.789218426,79986298.9417774,87909550.58840436,309828116.20867753,541788516.5280777
76515681.66888614,71591266.44350654,64553388.85456287,263633753.36151233,476294090.32846785
81034550.1039858,84156987.62861685,69508653.96517299,359416671.7352373,594116863.433013
92453761.83073387,68009484.33977196,59265224.1636413,302287933.86470294,522016404.19885004
72859010.71380273,63229201.51287178,52601641.29118641,299735031.04386246,488424884.56172335
82240385.62957467,86088882.91779342,62191114.4567141,228437435.77634132,458957818.7804235
85401578.48528038,91619244.23341554,71397169.9641491,269251827.5167436,517669820.19958866
67234532.81335019,82391369.99847658,60873064.65885003,357337036.46679467,567836003.9374714
96838116.00056414,71309516.40848055,74516176.12360539,280633521.09242404,523297329.6250741
69166852.39688319,65332944.06152386,66998818.02171422,342103629.0415641,543602243.5216854
81849027.29731913,60462351.523295194,49892733.2783175,246140143.97911525,438344256.0780471
70886310.87869406,74873490.54929079,81429676.94178207,349194635.58622885,576384113.9559958
72793217.44204459,67423154.01293401,58591858.390798345,304968454.63761884,503776684.48339576
112158502.83283257,76342365.31526819,80875034.46567711,408881157.7086886,678257060.3224665
82455771.7035481,71956191.93104474,61683754.31413049,299743163.67051244,515838881.61923575
82346614.96929356,83198701.37079364,56783910.265473545,277894267.4920196,500223494.0975803
91928290.85620405,85162842.70383383,90053759.47300199,286011295.39175075,553156188.4247906
78561256.56917243,57211495.224775985,51304523.196319945,227335100.46685183,414412375.4571202
80223453.36971606,72736273.42399377,68224947.30778134,294815593.4374947,516000267.53898585
94024016.08334495,78443499.0581694,59515430.82565111,245441165.76630405,477424111.7334695
95752345.77399231,94015755.94516706,97836521.11354761,380450949.92968374,668055572.7623907
110134137.19298758,84635629.7023569,72698060.4414134,319726143.9079025,587193971.2446604
85742729.58185114,81320560.36192574,63745520.74120566,298375304.5463369,529184115.2313194
72215755.98442222,77030736.0164766,58494200.00646574,296119334.2201449,503860026.2275095
94485189.67833489,82927772.66005038,75405409.19908096,309439761.527179,562258133.0646453
94267146.69868375,73229624.68327962,51814621.38808809,304356176.3459402,523667569.11599165
91477655.45525049,86486731.05399002,69612541.46671326,259531447.09712225,507108375.073076
85937636.03596579,84031251.28068724,72702961.17781048,308971481.2313816,551643329.7258451
66812911.88859659,63640685.41856141,63887155.45362356,244309854.21130663,438650606.9720882
82874907.42211333,75567065.8005159,75273332.18914817,336659577.6217622,570374883.0335397
101745859.79150055,81610696.25053334,62179064.80018091,281964072.8052265,527499693.6474413
75109058.49435018,78766724.31969233,61075355.310952336,285622295.3805227,500573433.5055176
87522608.7921555,92063975.81422408,77151291.9144437,294162441.2671227,550900317.787946
89354537.8544293,92604326.9374377,77062581.74301556,267687234.64716464,526708681.18204725
75318878.11218664,65651681.38126289,73140573.7419754,354869540.37754065,568980673.6129656
78901738.05637823,69046537.26431651,63458402.394122474,300903192.4305454,512309870.1453626
74753084.03979026,71409201.55173658,53643964.626526214,332268964.0611399,532075214.2791929
65785509.3290194,58187065.00751668,61257335.665443726,251944890.32144612,437174800.3234259
80485086.34424026,75282161.31532106,70898254.64295524,301179697.8389705,527845200.14148706
115955732.55787897,81182487.50498876,79731856.51335874,332345810.84797883,609215887.4242053
122680469.50784321,92920662.31780024,73759044.47206365,343986933.0328997,633347109.3306067
83640588.24373597,73067809.16389157,55556316.24679242,264830651.27822623,477095364.93264616
121308311.28012142,71375256.12240764,61028545.26014244,295247738.9762338,548959851.6389053
86368378.43848585,79380815.81612886,63550827.62410663,318528974.888585,547828996.7673063
104714206.11150222,91825201.77531548,69956996.84591125,337709986.52953845,604206391.2622674
72584824.31256035,67166950.25506637,53995176.49129591,284300890.31454015,478047841.3734628
75997600.33899428,61888884.94301007,57555840.76824903,236376345.80989617,431818671.86014956
107859507.82579604,74885359.40526192,74945832.39053772,297137562.9614172,554828262.5830128
72019755.23448098,83470045.97366598,68385940.52763745,383292774.9323033,607168516.6680877
80930226.59888342,71081141.75605908,72073134.55419658,346663066.2707264,570747569.1798655
89377188.09180845,112487690.38850287,74920283.97301707,280968880.79401374,557754043.2473421
74273056.81932828,71094411.15210852,76140326.45009387,305685799.1464151,527193593.5679458
112065098.00224066,84705034.1226705,79880380.72487067,337774662.760978,614425175.6107597
92668394.51304917,84169292.5664224,64636446.96948401,286891887.23929584,528366021.2882514
92228685.79211482,96445594.24035573,60797040.521122485,241536580.76390648,491007901.3174995
83601379.94982141,84910468.28615719,69285642.45888092,271653113.064278,509450603.7591375
88319535.22605388,62483493.11368634,65867677.10239717,288452691.3978873,505123396.8400247
86069828.07891984,79717559.42491433,68944645.22811332,290132749.49878144,524864782.230729
102906021.86826684,86634613.40988377,57090881.79224583,290244865.8474204,536876382.9178169
73354250.38730441,63211426.6131995,64581681.970682,282921607.03451365,484068966.0056995
85236715.46905854,70079193.75280826,66715603.70220553,327298800.5185713,549330313.4426436
123449945.25700206,80644826.53185141,58412808.64429764,281824744.43075395,544332324.8639051
99877251.50075816,71785463.6102304,54694312.33230388,265877372.67715916,492234400.12045157
80068560.88875687,65874633.06008868,63628464.50068357,294648574.460288,504220232.9098171
98964112.23313978,74390919.23521903,70619788.95094545,292307710.0965384,536282530.5158427
72777114.93411112,68608458.67157726,51670620.67435934,347985467.74277186,541041662.0228195
89220878.13046992,69788412.31643449,61151805.28052563,223731699.0514373,443892794.77886736
109726393.68101117,93556239.84599881,73934182.90842342,331770425.0517557,608987241.487189
71185716.52223223,63314843.920064054,49488629.28032756,273161289.4666585,457150479.1892823
103358916.62958966,75672957.1495179,69568888.14266455,345683726.2254393,594284488.1472114
67236426.91735236,88790026.77177428,79182080.03228225,340663586.99738467,575872120.7187936
101116985.33691677,88043510.56672233,73327909.44632801,373593919.1857231,636082324.5356903
81110085.26014078,78966923.49439102,78069363.50813143,233102579.2915341,471248951.5541973
93543823.70216273,84075646.45291863,56465247.17287171,305733227.9713992,539817945.2993523
76799101.06236102,77411700.62931205,65219098.30035896,272017795.8028546,491447695.7948866
104166938.675844,75499638.25867647,68905536.70530444,358403604.3362085,606975717.9760334
75301330.00283854,73683654.39981164,60891146.638491586,287723490.0074845,497599621.04862624
123170142.48434427,86763204.39496809,74115342.1342261,338201472.22590643,622250161.239445
93428493.74559143,62610581.65053258,80659178.64195608,265563838.27569085,502262092.31377095
115094055.55798128,87044763.8527811,72699680.54066244,305763147.60281706,580601647.5542419
132354074.041775,89706870.71029295,72896819.5819416,299460561.82135624,594418326.1553657
78522192.63238725,74753315.6510613,58337379.21459428,318305276.0054325,529918163.5034753
78641814.55922993,83491031.33374842,76518391.61770615,315493388.0210712,554144625.5317557
95700535.78232706,83596667.34442833,58098606.325142875,363634819.63015705,601030629.0820553
83708552.29753463,81709728.4875288,73893907.77201463,236256481.3517579,475568669.908836
78499801.76927409,81885679.80322653,68066894.18822467,333487126.75648135,561939502.5172067
88507460.0209227,88010365.02051787,71101842.03266267,369837560.9782957,617457228.0523989
74541469.07462475,72371507.75884856,59711848.356004655,308418999.02431375,515043824.2137917
83401818.12930825,73370248.12912922,59729858.90216506,280593813.9513095,497095739.111912
87064541.06885765,60241289.02733371,45808819.64275127,274627948.26771635,467742598.006659
55971631.17558143,67307870.88247584,58302709.28739525,308657745.0247742,490239956.37022674
78310347.58825754,89029910.64963803,77250131.09610371,268984430.69770944,513574820.0317087
83326012.84355657,89851881.7038659,64836841.70775186,305462170.3368458,543476906.5920202
109196570.9530783,75241796.651601,76391506.16470684,284689135.56960756,545519009.3389937
54920059.44393978,78975683.7671239,68384342.21546179,323948853.4494249,526228938.8759504
73205498.94452418,65068217.03395171,70270570.03402665,312416294.0250928,520960580.03759533
85582965.53636484,77741273.03310497,79623559.92260979,346640655.1191365,589588453.6112161
80825030.33879548,63614420.99216673,65606270.7347353,268560644.70347995,478606366.76917744
72164767.0282777,84871310.62851517,75558839.54160914,330925684.61464447,563520601.8130465
71520275.54500026,89458953.49140656,78565621.35788044,310027020.5548651,549571870.9491524
80300794.30347773,75376234.85819432,61854480.256130666,385458787.3712336,602990296.7890363
81986753.45642133,66342420.45317514,75199280.83208032,290301097.253734,513829551.9954108
98912221.80893533,84663794.53779909,69132839.17731237,278379284.43054247,531088139.95458925
86537645.28918108,66373928.805244915,62366698.345175765,324010409.3880961,539288681.8276979
114821339.61881584,71443313.4751022,63804888.420719534,283790664.8280171,533860206.3426547
91115827.52776231,64479965.460498735,55578606.70583197,236923735.89443758,448098135.5885306
69266971.75018246,66929997.09266538,75296356.64094397,322052243.1151519,533545568.5989437
88120372.98103915,89124042.27424335,73759200.8057305,335021195.79971385,586024811.8607268
80846010.45877804,69502957.50577693,54271595.93725685,268328708.67866966,472949272.58048147
83377040.53022578,78394925.53607251,66392257.784833364,292788626.1535662,520952850.00469786
75361861.30016841,77101432.56639545,61994007.69296204,311808913.184646,526266214.7441719
64193876.58105784,73811073.94364174,69804069.43323886,328718138.7039959,536527158.6619343
84503505.88054675,83989426.81415099,59003745.49716918,295596072.6628469,523092750.85471386
84548507.42005396,85182260.79083702,54307236.42156818,259509395.3108643,483547399.9433235
115364506.59878996,61247792.177448906,68080197.87196206,278669460.1354468,523361956.7836477
90838482.84977598,90436043.75167625,73560984.65522662,374410184.7308141,629245695.9874929
80596209.35161161,71712921.86276746,70463318.45249563,292007583.10416204,514780032.77103674
95962099.21996233,89168663.44127302,78615035.23208031,268975198.78756785,532720996.6808835
82568429.67317182,77655901.880873,64491074.94096626,305669273.2452694,530384679.7402805
91427608.03135623,72388826.46801256,63536450.99549144,262255507.95298225,489608393.4478425
80783666.95445937,62708623.856041,61680667.19930584,287392640.89576334,492565598.90556955
75312174.87533128,90471273.05336079,68104099.44146866,321101486.762578,554989034.1327387
78730134.82212023,70888158.13318603,66284221.89781727,290872388.8530458,506774903.70616937
87254089.9985911,83548444.25395557,64540193.01828382,261872459.85357383,497215187.1244043
68298137.30382496,85013948.95253451,75839740.44722019,341421327.94494057,570573154.6485202
81326084.55687506,64223668.4735854,59426168.82781241,288750239.5006473,493726161.3589202
72754517.03979829,61642058.67616174,48844697.58626389,298547475.1659652,481788748.4681891
71899674.89316799,75497324.62280543,61998223.59587417,319540295.7768318,528935518.8886794
92026236.70585892,75004912.60068417,67001833.71549278,301436081.00114065,535469064.02317655
79024265.69468305,83343219.4737837,64747483.59634149,301870046.5284668,528985015.29327506
69524562.29012905,74619055.13954176,60026597.169378415,280021406.3057618,484191620.904811
76237222.30674772,72772229.44601794,50693537.737026796,306872519.20578176,506575508.6955742
86669648.11082098,72008059.55520971,53787825.73223543,302844640.4204949,515310173.81876105
78784437.26077539,86480803.19107352,73180245.21589132,375899653.7855543,614345139.4532945
89141906.55367781,86623700.65892349,73670664.28005801,300300897.3917238,549737168.8843832
89861975.39477982,69591104.96277341,81680189.70584694,314352333.8935916,555485603.9569918
87574749.44456036,79688487.17844674,59211987.13451426,346493556.38670963,572968780.1442311
74002671.50252965,63459139.49973026,59556776.22026656,251432590.16929528,448451177.39182174
111991336.67188805,78431197.02994148,46489582.500886105,287972421.79968864,524884538.00240433
95290755.29048978,73963901.9325953,56000625.42736925,288656344.97040576,513911627.6208601
80733699.77085187,66819588.04559558,55005664.3636167,292649505.26238006,495208457.4424442
100776336.57001229,82949248.91537318,56328992.28627904,317495690.58268476,557550268.3543493
98691409.55779527,91939073.49474443,64279598.28905596,306148279.2851058,561058360.6267015
95504909.69548577,73100275.15892264,69897141.26841,307049530.48503625,545551856.6078546
76153104.03882292,67592686.01851742,72396161.56141613,273988725.6916061,490130677.3103626
72331099.67968266,75905698.0678727,64925366.40044509,259838596.322184,473000760.47018445
80247573.32508256,67962942.63360493,58198811.28547012,390091345.5328044,596500672.776962
83083065.39312732,67992171.48915975,80023836.7057402,349299019.00544447,580398092.5934718
97941227.3482567,70970403.05078703,74649167.39083606,342848522.5948611,586409320.3847408
89286480.20313895,62758660.37769452,61145284.98967776,358345218.7976241,571535644.3681353
90340612.78689502,73454950.43077183,63590960.96118227,295336139.0085354,522722663.1873845
76726473.27442649,73577596.40925404,76680451.67465436,365814983.6159838,592799504.9743187
77284821.69164501,85805094.39868633,75263518.29789409,340866726.9791082,579220161.3673337
93453217.14014563,69435103.83502662,61027061.897628196,326262601.3421491,550177984.2149495
71882267.69613533,64594753.34458664,63308565.79220135,270264179.7904636,470049766.6233869
99507424.42827056,71877881.7405877,67136385.9917173,316356877.93869907,554878570.0992746
80728668.00377737,72745073.17679776,59561676.70618077,294643535.5836592,507678953.4704151
74760730.05909474,71622456.84067291,69733320.35662325,268480946.06718343,484597453.3235743
80664381.59735776,79384099.16586795,52261399.04717676,356875618.72451603,569185498.5349185
103098102.07034911,66185628.45318988,49288695.64597872,281713798.63588625,500286224.80540395
72886377.06918688,81653579.49953683,70343980.30577809,314540397.2728275,539424334.1473293
79596944.95639823,89674719.57314721,76697927.3080997,342757069.009953,588726660.8475981
105685746.6317639,70673432.40786867,75762465.32504186,304128620.2621097,556250264.6267841
92010103.93570863,75658444.85328192,52987519.73501184,322225896.9595958,542881965.4835982
65113134.440198764,63706035.062268384,57134757.58192008,229960295.50829124,415914222.5926785
73115757.91276386,75221887.42246453,62358568.215872064,290055613.5884596,500751827.13956004
75321688.20505111,74013350.61883417,62244111.101283036,247241965.7530059,458821115.6781742
84446713.38980402,65459914.872997545,69060321.89480728,290028505.0908734,508995455.2484822
130593231.24437617,93256975.19743332,72683161.84049441,341276609.05553526,637809977.3378391
62404608.56697386,78836744.4882469,59398263.188525096,299065371.7377185,499704987.9814644
77616141.23577653,68990750.52358213,61689422.80771315,298824539.9207361,507120854.48780787
86832865.75261083,76015260.42128773,54473506.01874763,379740153.00651735,597061785.1991636
90508549.47365317,80728516.92463967,65185794.3556067,276006784.53451777,512429645.28841734
89342920.70866704,79125007.88706127,78487779.15699747,404531375.5915107,651487083.3442365
110478716.89677668,65483131.78954153,59934524.24581388,306002611.4638735,541898984.3960056
81793231.00922185,74630092.0699552,50626896.45655112,316129678.06989133,523179897.6056195
64583809.00706343,59290886.74795423,51904727.51501966,276293973.54715586,452073396.81719315
67251236.79817481,63482636.99245837,69146883.86577718,297671183.21637595,497551940.8727863
93477690.24790512,67029499.593776986,62733996.60394028,292905443.74218947,516146630.18781185
76779862.65361656,73505700.93689544,51618706.62681207,300006111.15365154,501910381.3709756
81803617.69319324,72815704.39725262,71519525.57538961,324463932.40479225,550602780.0706277
82873656.27728935,66131526.373133324,72881347.46697356,263638886.53123248,485525416.6486287
96455428.11466576,64750466.90068745,69580606.00409986,341767317.80547386,572553818.8249269
64200674.68070973,74781551.93078484,67076439.166533135,329087486.923411,535146152.7014387
92460756.47677326,69012200.7747786,62205195.6442672,360406222.7410838,584084375.6369028
73031611.4532147,75882973.52504118,74734141.09158646,278981578.1060993,502630304.17594165
69506065.86892955,62457800.58371581,62970013.905131735,254368046.51357675,449301926.87135386
85337941.30890605,88727437.49800523,69767018.30183682,285855077.4933632,529687474.60211134
88977034.8532642,75850558.9656974,69756941.084593,371522431.99815136,606106966.901706
92928764.39076167,97650505.8154259,77457934.97291553,296476729.76027983,564513934.9393829
125805840.11593914,81518174.53291698,61550857.4026583,395556981.8741047,664431853.9256191
77547880.07994996,67784149.62550512,58619225.94086263,297671606.29470056,501622861.9410182
101226618.39965823,57979071.475355566,66863817.76105529,280175234.7025597,506244742.33862877
81628245.08556175,91396207.8706275,72620790.04550388,332962594.91287965,578607837.9145727
86532418.39013955,82976456.63015269,82865161.21069255,243773113.197025,496147149.42800975
103749986.3134764,94648264.1386364,77516818.06311892,299301643.8900012,575216712.4052329
72513504.17781329,95873018.6075844,64288767.60249816,366472570.7218253,599147861.1097212
92835689.97971584,97764237.83694565,70697321.47520913,263313426.8321665,524610676.1240371
87238267.21786407,64108432.49782357,84767857.9030933,342280055.9102535,578394613.5290344
98780845.79310963,85654734.58749901,64412322.682875976,301738434.18927646,550586337.2527611
88762922.00936852,95642182.74969274,63240588.97349568,282794820.0690948,530440513.8016517
82283974.89240435,69489350.95933816,53391686.16273653,209910614.23951083,415075626.2539899
65088519.24886969,80859055.90194733,66268442.8664074,335576195.9539134,547792213.9711378
79440861.68102981,73672680.3875065,78480612.2596935,377694143.8901782,609288298.218408
101406886.3040855,80617965.19659752,72713785.6848126,327564675.82829136,582303313.013787
84907643.31785853,72196049.69532748,73794587.06516574,267995157.14631292,498893437.2246647
110661728.96571834,77816008.90984134,58052547.36542874,278677559.5593076,525207844.800296
75812977.95866114,68986625.2492853,58642697.4304909,271925306.61833864,475367607.256776
83011554.3273296,74699837.47647056,71581516.48243187,300991463.58193356,530284371.8681656
91881873.83276798,77080445.32141882,71106824.99654444,312133566.50669414,552202710.6574254
78626963.03313635,66861618.43791702,63871254.32030452,344889819.54909223,554249655.34045
84066140.703364,69608717.14537178,61712371.18434372,278285683.716272,493672912.7493515
78373550.18270501,62879766.388319194,59033796.587485224,298660805.87971383,498947919.03822327
73335253.99407732,66117142.59565099,55150701.196853235,244631918.23148516,439235016.01806676
74833736.87407795,71850820.21825717,54496927.35267286,283795503.06097746,484976987.50598544
77916961.27343458,66641198.88361829,65020156.17582252,277860775.531047,487439091.86392236
80884996.63894543,86917238.78013094,62181931.860990584,362979232.69706887,592963399.9771359
82483713.2753738,65911882.08497433,58203058.299542606,293453176.7207905,500051830.3806813
106611268.54637986,87351433.87468392,71409372.78618702,364138778.1327055,629510853.3399563
64526105.92425036,73159034.41063994,66068385.07504695,313243156.96633244,516996682.3762697
67386790.7109035,63831307.2269978,59299532.064354636,330427447.3879306,520945077.3901865
118510565.67420337,75563128.63118501,57682491.08730406,324881019.65494734,576637205.0476398
132549411.82010539,95097341.91827713,68148296.65916885,437636404.32491714,733431454.7224685
97346636.32772444,71217690.21272229,81600649.73007996,288647757.3064801,538812733.5770068
78951643.27872454,80922419.03424321,67075623.98471264,308009540.9151254,534959227.2128058
87749961.56906128,86681234.90421556,52892933.43316344,301543551.3734657,528867681.27990603
83247895.38688338,69041629.9431354,57936251.71711645,215689427.53104427,425915204.5781795
76741171.0795396,85812051.48717014,75863290.8313727,310597071.3364472,549013584.7345296
69567655.45879057,79503026.84032077,77320877.38729398,356232472.7888072,582624032.4752126
74676514.57050623,66492718.76256482,75368640.62854972,269502139.0209386,486040012.9825593
94148713.23609939,63068871.07393708,59487421.4268749,312474341.6229848,529179347.3598962
86790464.05374798,80765511.76468635,58519120.95553207,270398700.5604262,496473797.33439255
94203080.94806744,83940564.76095828,70960115.71669011,348796204.54621917,597899965.971935
66880900.73038323,67906193.70908967,76917809.17289187,360756160.49578536,572461064.1081501
96521425.37856176,76493846.75842085,75432305.2038855,330894857.67855275,579342435.0194209
68394713.92686607,80803385.57244879,60054810.47804657,325062199.89248115,534315109.8698425
67323997.76187348,86323358.53669196,66070638.982466474,269870687.98635316,489588683.26738507
78103867.47316727,71395961.71181186,63885613.816440485,348697883.0928871,562083326.0943067
88193030.78225352,59382939.94588408,51766969.70626066,385352170.52086914,584695110.9552674
89119337.12303273,85357410.8150083,66836453.33463243,274853533.00035316,516166734.2730266
80739171.89220203,75904909.73552158,62186099.05848919,373424024.3412984,592254205.0275112
79012805.79632646,65888077.15255511,68190869.8503015,336496786.34312046,549588539.1423035
87627591.58346193,71072349.31922911,51356838.90371562,327527925.464999,537584705.2714057
100221734.15563135,74655710.7292833,66721600.10473035,297409741.298179,539008786.2878239
113195576.55753091,71624425.71037117,61068949.55932552,274667386.8297671,520556338.6569947
91648816.38710038,77469587.13028458,68418713.64757957,278079791.91523796,515616909.08020246
110618117.89084716,76220782.5051547,77450483.15483876,455589989.2066427,719879372.7574832
75825991.71089163,76704628.86066721,64639331.15683431,381818599.0577491,598988550.7861422
83375297.95528655,77530076.12677622,68196225.59985629,303497803.6121752,532599403.2940943
98423098.88042715,79072091.43242833,71690222.0595827,319892822.124468,569078234.4969063
79161175.15671629,72177590.36493939,68645876.28964676,325267669.0795477,545252310.8908501
106449291.38651182,98695938.56310722,69959973.8324019,321873040.07830495,596978243.8603258
84548371.91224132,66503452.2171344,66813632.722502105,329586564.86173195,547452021.7136098
73392972.99256018,70090419.59668002,59737754.62893047,247238359.12628824,450459506.34445894
86701401.61184363,66591431.82417953,63824850.55493226,307598012.4299616,524715696.42091703
92873034.1519386,81237228.33748107,81731508.56854285,294037011.25574243,549878782.313705
77233528.0022214,79858015.54258284,65775388.29282731,346876059.32701284,569742991.1646444
95415704.07733364,96933674.46066238,72519040.17885192,268703961.28804773,533572380.0048957
92097545.34805705,76419296.92215139,70822281.10494146,334465531.33908546,573804654.7142353
80053399.03616397,66434509.0305105,61151222.086164795,224137728.3010947,431776858.45393395
88341796.24315633,72822302.13682534,71999980.18080956,246426870.41519114,479590948.97598237
87296604.64131421,91321067.42265941,77053570.85629337,359475676.17090625,615146919.0911732
92083861.43857135,63600201.65934754,62985339.47585687,310581888.38249004,529251290.9562658
73378479.2302389,72122941.65660258,45304421.451527245,265323070.114762,456128912.4531307
81321876.32452747,88077218.07474308,64931467.18935256,297513810.2707649,531844371.859388
86108480.6061605,70887769.62759967,69910754.24373038,243802536.43522862,470709540.91271913
104616846.28013605,79205299.14998034,79407008.58146568,233570030.49853843,496799184.5101205
59036889.2815785,67353515.24048679,65002866.39148596,279604519.41240525,470997790.32595646
95754857.91211508,87065167.52363776,76008427.43825285,323004216.6686366,581832669.5426424
88553341.14821969,71137926.96692221,63989316.044380404,266931537.48922756,490612121.6487498
76909577.70116766,78495288.89870858,62790806.80055171,276427781.21744096,494623454.6178689
93712764.86329173,80827898.29035532,66353804.867179215,301498281.48137736,542392749.5022037
93214614.51644854,86412590.73825614,71577730.27072313,273994157.47497433,525199093.00040215
84169824.84221287,72030176.93476176,56929003.62372657,309197936.76002467,522326942.16072583
95617054.71435523,84510276.98052642,61703155.97249428,308187591.9112739,550018079.5786498
87120353.85487144,78839126.5135428,68082410.01177616,307130513.6638369,541172404.0440273
85373975.93605623,86067377.93631221,62607329.365712516,297689851.3019866,531738534.54006755
103696048.26683973,72078476.02225883,59840510.31966565,322654025.72988003,558269060.3386443
69426781.4377625,78000622.88610226,61979338.96616904,313727870.98166186,523134614.2716956
71722852.48415785,83483922.64565083,58562314.48076375,322987868.14677334,536756957.75734574
72244718.10405429,89860936.79601517,69130240.72493598,389724527.22715646,620960422.8521619
76490030.9796282,70195864.2714846,73189249.81643717,262375736.78383422,482250881.8513842
77969385.97322842,78564033.82483025,58863536.546321586,314627026.3367382,530023982.6811185
89620462.09165834,64299032.759190455,69432466.5050142,262565457.0027475,485917418.3586105
98672526.63127731,79438616.36200674,64283546.64657377,267842351.59781033,510237041.23766816
91929684.26415034,69640438.92259711,73895247.19541477,358291544.6808435,593756915.0630057
113436990.12370169,83446529.80859381,66619593.642086275,298458151.2700119,561961264.8443937
82189729.49406767,77272567.195906,69748978.6894546,355464254.3132885,584675529.6927168
87489428.39741452,64769673.40054838,59057051.80338867,349175598.6727622,560491752.2741138
67967389.56052066,78332761.97025833,62723469.06326479,271173380.3250517,480197000.9190955
92911536.1249169,92457959.27698873,74753182.72888777,309974062.419634,570096740.5504274
70863017.14555386,71783966.4067035,54328957.565389015,277753932.85047174,474729873.9681181
86331757.19198391,57816458.20509749,69751496.33431795,260924049.2269382,474823760.95833755
84649254.729979,80401330.0311677,78752500.2193829,291256273.36021364,535059358.34074324
58351173.52434259,78694799.09852478,56140690.168217346,303923833.1021203,497110495.893205
93298869.02577305,53086938.35383505,47473025.679442614,258280105.57288888,452138938.6319396
57655076.5570678,59370160.084074065,58952553.48748384,284759925.4727111,460737715.6013368
91538708.5099384,81044958.30838701,55729708.74776111,253608245.9528063,481921621.51889277
98516014.8229843,93298804.94892468,64516771.40184949,318149567.77862006,574481158.9523785
99239895.3866302,80550196.34940651,66270173.80253929,285013304.862924,531073570.4015
119846593.12185207,82710290.90141818,73216624.62592751,327993495.8423898,603767004.4915876
76569311.56129451,74329407.63763049,62445908.215589866,287533886.86465067,500878514.27916557
91748639.15468763,69263593.51969776,55381687.00365392,306654573.45004696,523048493.1280862
80091070.86831494,71736222.96355619,51048492.148571976,317315156.88064575,520190942.8610889
94841811.84351884,84177901.11861224,72500569.64647603,264249976.86266115,515770259.4712683
90465348.30796523,71530117.16285992,57676080.674385965,310414292.5541062,530085838.6993173
113736661.21948433,96044142.13054194,79620947.37903823,325418836.860813,614820587.5898775
84249187.22628385,68024521.5793462,61056502.31193842,328000660.44723046,541330871.5647988
116775039.49069375,74000056.1796439,52682221.91847037,271667494.46386606,515124812.05267406
100791383.46724579,99908827.02398904,87011814.2020963,387398413.87252516,675110438.5658562
76115241.40650405,67117289.19158255,53207032.09518957,263991722.79395932,460431285.4872355
100955240.76557349,94909045.13717303,76036032.7032724,312665646.6521001,584565965.258119
73513733.39158581,72270127.67610246,65524468.73776958,254863850.26781845,466172180.0732763
101074543.49845691,74937398.74035037,73531895.0486643,312286992.62336135,561830829.9108329
91459032.34281698,70943104.75293182,61906383.32255214,320796351.98595005,545104872.404251
85390732.48868205,66671092.52660548,63428481.95853524,311235150.03395176,526725457.00777453
108651672.65477131,91385277.17528115,71710916.6009745,297417670.64950204,569165537.080529
84077223.87743758,71049252.9502992,68108282.1756606,343318644.63615227,566553403.6395497
106361117.16955532,75911339.84729536,63034489.32979332,287585441.5464512,532892387.8930952
64001265.799662665,61749654.79883629,59220739.14615401,302388089.3610734,487359749.10572636
94344306.67517826,70799491.43848789,60925742.509589635,287855979.8773814,513925520.5006372
82044574.80833548,81267599.6232388,57864773.45376603,259557160.88303435,480734108.7683747
83138226.71694602,64303477.83563991,49152874.49307867,234886766.43698058,431481345.48264515
83883389.04821572,81136715.7216681,73067926.11502445,376286737.74192154,614374768.6268299
88639350.43979786,78500677.7773722,65049819.069658265,297189138.170197,529378985.45702535
121689152.76963228,84594843.20328996,73605734.98818567,277997523.58142245,557887254.5425303
93132169.01452053,83351291.90161371,78575925.35714719,344440070.2370124,599499456.5102938
85455847.07728557,74289868.6176351,64817839.57093094,305973668.97277856,530537224.2386302
106835950.21164453,90200493.74335732,78503726.35003603,408225209.6752235,683765379.9802613
56993126.62131485,65533207.773787245,60316636.38277197,270089354.8457303,452932325.62360436
75144054.53516592,60345892.6972156,57436511.559101865,318613558.40649456,511540017.19797796
98714523.2935889,71764900.97365738,66864155.328142546,355660012.4204077,593003592.0157965
68365951.00772625,70710866.01659258,65260351.672896124,300661777.2356389,504998945.9328538
99934422.49974428,66027637.958765134,55966318.14526356,312920996.7688592,534849375.37263215
66400503.784308426,78575682.19267385,69266442.03148758,334805385.8896159,549048013.8980857
80894377.74673232,79358138.83813372,58188035.26409135,282150602.4081571,500591154.2571145
87716909.35470639,68695219.45128734,65134539.09232786,263541001.1289577,485087669.02727926
91041609.92672656,93975320.79944248,62171529.91834045,305083792.8169763,552272253.4614859
67302565.3801361,65183233.40331477,66279931.843251936,284726829.0900315,483492559.7167343
98217414.57410581,81466800.52631684,67991674.21308108,274486665.0988751,522162554.41237885
97326195.1624331,80814212.26932234,56938831.229101315,264683761.98726705,499763000.64812374
55972954.90762094,58785367.28770527,55641213.85284197,250905451.06270772,421304987.1108759
76333660.21145159,86705012.95532082,77947416.59636827,295315393.4489075,536301483.2120482
99024866.33145069,90128984.4380175,76821263.68974364,332411282.84015167,598386397.2993635
103977937.03708023,86563973.08421354,61044168.4031075,296420502.89738846,548006581.4217898
79829107.30264385,85214492.8960129,64165421.78156506,279632172.518732,508841194.4989538
102791872.02134845,81402735.13849217,88266829.2831987,298262296.80518126,570723733.2482206
80255081.62165482,85017387.47351903,59031540.511359826,347702239.05338585,572006248.6599195
71875533.58621873,78159896.76463597,52964100.204362154,289817853.0392624,492817383.59447926
70034048.8018516,90453747.77314371,61424649.46567358,275160345.54177094,497072791.58243984
95015258.94395739,72398847.06275606,70834456.46775518,284383668.6955611,522632231.17002976
76869911.59556963,73725187.3553157,55992759.295545824,304578516.5140153,511166374.7604464
100362064.92595123,83751586.12989484,74884162.17972738,254211840.00801933,513209653.24359274
80993433.63887382,72904947.99109991,76800675.08796251,293794631.10068583,524493687.81862205
60322201.90444413,62341286.065786704,54958112.28867122,221853451.46718654,399475051.7260886
101841894.08325937,65764186.5954373,66462814.91010236,266007431.19322246,500076326.7820215
111010072.98234387,77865096.80100523,64124478.10708974,323013026.45249665,576012674.3429356
74216636.23111106,78415447.51163009,62466528.382952414,280471136.67433196,495569748.8000256
85993556.01142065,66895645.671038955,61307315.393859334,307174508.4982816,521371025.5746005
60254554.00587324,79385527.1919938,72136587.40715188,250698685.16834944,462475353.77336836
63202811.46877565,77972021.9965889,71426033.60177498,332233245.3021437,544834112.3692832
69393325.1327384,89253490.28579496,63392299.79579413,313081159.10213065,535120274.3164581
90795964.34994504,92316553.13308707,72704952.8841957,332701298.36218315,588518768.7294109
86137482.88390057,66099802.7322809,47414394.045913026,278344638.62635165,477996318.2884461
69555319.99269822,75285489.95549518,65918565.632669166,307190723.545997,517950099.1268596
73676373.71997538,82565888.21550047,71392907.82340908,272007743.2537689,499642913.0126538
121455576.38953032,80071354.8100038,58970924.83981165,274084073.30685717,534581929.34620297
68488417.29640184,84294998.74969046,76947100.53154665,345685701.89844453,575416218.4760835
95254686.95327988,89685054.07055284,69040749.13669388,328217826.49321085,582198316.6537375
76575772.21492097,72598067.925891,67791111.53084566,213578513.86171785,430543465.5333755
78969064.22633666,75844694.87339525,64949629.232256435,287222869.7062991,506986258.0382875
95836256.32844947,71651506.25328489,56200173.22018753,334054702.4940371,557742638.295959
103055030.26437734,73760155.29973692,65527425.13139597,334760716.4495962,577103327.1451064
87825071.63843149,81041723.79287566,71761628.40410142,301077495.15648323,541705918.9918919
94718988.74462163,69369815.98038451,67137290.55824013,300866543.59606165,532092638.8793079
82313109.64752494,65044901.42636726,62788648.50969961,297491042.7587149,507637702.34230673
76236299.33585809,61390509.3065114,49428047.410335995,269723830.38070375,456778686.4334092
91595062.78619699,95286830.37081638,72207078.91978805,263458966.73373464,522547938.810536
84365620.35083733,87280292.51570791,64255878.68374636,347900723.6155363,583802515.1658279
89696850.08060724,82534715.92291771,85301607.81326471,264191040.72039372,521724214.5371834
100671209.32657003,77770435.37126501,60197388.892381124,295427020.1553154,534066053.74553156
114329449.86922303,94414689.58161914,57962092.17431631,276373534.47218484,543079766.0973433
101421861.53082302,78560615.5888128,67533431.70059477,256868395.88020176,504384304.70043236
77394541.44247146,63322070.85984402,50047248.966189235,241785084.96972877,432548946.23823345
75163948.01748244,67393585.21556976,56376623.6934563,325029713.9906033,523963870.9171118
75416581.29052165,86824016.73421219,65127592.061641015,322084791.15766567,549452981.2440405
94042176.37703001,69795802.60824586,61746114.00292896,280768436.50112236,506352529.4893272
92567431.12592465,76004130.92411223,60717872.23638364,302585221.1949328,531874655.48135334
92082129.67698559,95402303.59728405,73246756.6426994,319118159.1283517,579849349.0453207
93400654.37110594,69273885.37087718,52135104.33454971,275260272.67839557,490069916.7549284
103542201.79640183,91241924.034264,57592941.29224671,323964861.59345794,576341928.7163705
61462436.865178294,74130258.62564479,66894190.7905504,248431619.80691925,450918506.0882927
102354354.71616042,96526893.13634683,73009530.93875112,324593544.3597232,596484323.1509815
110515766.2720494,70512758.97047004,57224787.82335598,266115526.22253755,504368839.2884129
87727349.06186323,76513057.39168763,62067241.47422618,289801492.42137074,516109140.3491478
79989074.12654501,70510195.3138688,58168752.27285557,268219789.27668676,476887810.98995614
63298918.823091656,68968465.78008704,49256462.42155018,304760373.3928957,486284220.4176246
79728834.29036202,73553949.15210271,61987690.799012244,290122110.99134296,505392585.2328199
106762825.72244538,68166885.03524728,52933287.84981218,290524506.5250634,518387505.13256824
80550655.21482433,77918217.3597893,72240386.60653326,274123042.403976,504832301.58512294
96054999.77059337,69133966.581437,64616230.064800635,260769423.89976665,490574620.3165977
89073037.92906755,76288994.47634539,58145956.294196494,252585669.29508692,476093657.9946964
98346919.6881524,74224230.64763343,74425025.36147918,294222808.22612107,541218983.9233861
107428330.84824416,71515611.91549581,77930094.65668091,322489776.7647324,579363814.1851532
92973834.52617519,68766862.57332537,69520880.21986881,333744718.4242788,565006295.7436482
82792798.76847865,58788222.890953295,52039985.143292494,246780487.0711235,440401493.87384796
93714592.79630932,73314638.68729252,62089172.27673025,280323350.5472343,509441754.3075664
110342005.98571779,80699629.6844099,70456079.26903656,290519289.0167598,552017003.955924
86795013.13868432,67924666.12187906,65764006.65562313,263772666.48406726,484256352.4002538
98245882.38841039,71829834.76981807,72895292.81806168,386869360.4541136,629840370.4304037
87223324.11520715,88556079.79658048,76794197.23442803,271402273.8938322,523975875.0400479
88770927.10950121,80967156.58488525,72837297.47333226,319973584.47066104,562548965.6383798
89547399.13024113,76610285.92167331,67463564.6350099,266052239.37937623,499673489.0663006
83970799.68707415,63801943.80684371,57907312.7830725,270974302.1424229,476654358.4194133
78528295.15852867,65817723.25920749,63909695.64157533,286856564.93503976,495112278.99435127
81529850.19361794,63709728.94907053,59136383.51473953,332328154.93329525,536704117.5907232
105023556.66494697,82882593.3609045,66935273.304295935,329089958.6961109,583931382.0262583
78368868.087342,71761693.337314,58675756.01894446,326036679.6148206,534842997.058421
98810518.16017404,77980696.10269381,82698775.16430378,338410837.2034644,597900826.630636
92327405.91721846,79348013.24526542,58112785.768178955,267486584.1168757,497274789.0475385
86448237.95581219,75550443.86773652,70642190.09702243,286267593.6246541,518908465.54522526
88200715.250747,77086942.70144075,67518630.67152797,306975811.705366,539782100.3290818
69650318.63285998,55704050.31897139,51337289.75789017,261011390.2809954,437703048.99071693
72210140.64800733,72451485.44697885,72771433.11724086,336209727.7362793,553642786.9485064
93969770.19450614,86734479.99725817,62763466.06942507,288955412.03364044,532423128.29482985
96231409.49016379,73675726.8222716,62520162.3362719,371554328.3682936,603981627.0170009
88551061.31183799,93621190.24577312,57929021.26279545,279431717.5602846,519532990.3806912
93108224.7663223,78085951.61121629,52588569.187343426,281460812.14413255,505243557.70901453
129582740.34718531,85666207.02762227,76602193.64497344,297978799.06557757,589829940.0853586
90672533.81363818,76673171.73120086,75919695.20951055,357166468.6631112,600431869.4174608
93088837.06935668,77877260.72054002,54929238.801533744,239762158.76317728,465657495.3546077
88359391.8288041,84445921.14186034,80785812.2355675,291268367.5252749,544859492.7315068
68484603.61631224,80243411.73081239,60258975.26663207,248538180.0371304,457525170.65088713
80579058.70703949,70470577.85345577,74537849.55164349,343385726.27361375,568973212.3857524
77494869.10151595,87076589.69332114,70222052.52346835,352556689.64522713,587350200.9635326
107859255.72623739,77479560.01900254,72336844.73977606,298412786.3813308,556088446.8663468
101214313.38546775,79546447.24948284,76209062.682044,377852477.4839515,634822300.8009461
95195061.81455116,76801262.0134275,66158114.09755472,217215492.40815374,455369930.3336871
77800664.22363593,82594452.2486732,76014800.05203518,291000222.1540657,527410138.67841005
89536834.39003128,74908105.3182658,71417681.15059622,399435388.75977224,635298009.6186655
97685018.25653154,72275220.07468228,64672983.1136933,354770600.21151054,589403821.6564176
69596390.29637498,67354068.7876415,67381133.36898918,349778298.9684746,554109891.4214803
96140855.52677159,72544379.60056663,69589521.21919061,322386866.5086608,560661622.8551896
92247515.35995838,76223610.64354184,66831199.97238299,275277845.53568643,510580171.5115696
129731956.81171705,84803507.38296221,75793918.43256278,311856040.9919877,602185423.6192298
99849272.19084837,67552461.37399267,51734596.790582545,283449629.110262,502585959.46568555
121174032.79115048,94279158.06138821,67002464.49907335,332115515.87472117,614571171.2263331
78763472.6604409,78122999.51542462,70406992.64409238,344098394.25117713,571391859.071135
67868577.45269813,62124730.877711535,59324425.81911768,257577969.32339096,446895703.4729183
73009293.59324513,75432171.66644712,58346751.64191552,381499895.7274136,588288112.6290214
80071124.4423418,72354292.6364373,66698280.71520532,255018688.5659362,474142386.3599206
94606515.91281009,80643388.78711185,65292183.68422839,315266537.70916957,555808626.0933199
93398917.91532658,91233159.09478875,96092444.17620371,300165689.9708284,580890211.1571474
70848287.21672724,73471170.37020287,50189856.183093265,304879056.3056151,499388370.0756385
88801538.36977465,79731013.10706817,65053895.97967223,313665732.23909694,547252179.695612
94058690.76256022,79232533.03708538,57587615.85337957,301756253.9707137,532635093.6237389
117352906.28219098,83703658.00286725,71296244.24717969,375911661.7593792,648264470.2916172
77392822.24856997,82088451.43216641,63448384.18036536,343193897.796717,566123555.6578187
99096418.4026244,74702572.06738536,64159740.84029042,338314808.579373,576273539.8896732
64791032.07854807,67608286.60003749,66430434.86122789,289696837.8331333,488526591.37294674
89111839.02713327,60421297.16920438,54540199.62387957,307850343.3884388,511923679.208656
77326027.39480335,63718199.52225933,69222000.88557044,320862740.2790699,531128968.081703
73257443.60186288,74336692.27683589,57064927.49576754,287263701.35088205,491922764.72534835
89700634.70420937,69767802.33237526,69854960.38717845,339542948.29655904,568866345.7203221
90967500.59977973,80601353.39531705,57112271.57044148,345655270.96784794,574336396.5333862
85941844.47212489,68089841.44840595,64256189.670636974,326047390.75349337,544335266.3446612
94664786.8194239,68408329.98112807,69699042.4552198,303693301.6715243,536465460.92729604
94495979.80605562,70653283.2958801,73053261.5761069,316792545.95728135,554995070.635324
105495812.68418245,66558231.929099396,53780724.76497359,279187491.1103542,505022260.4886096
110312584.88422218,100694084.75874612,67690444.58062837,317072767.171456,595769881.3950527
89401832.04888678,83154667.17008156,76209254.8320794,279527477.31184226,528293231.36289
88114693.12767988,60494838.367569044,66425245.72307509,287217814.88668704,502252592.10501105
71899401.27689457,75699229.54266857,62270526.700166635,345647167.0327538,555516324.5524836
75592653.52776895,95241623.863092,79228255.01059541,375461621.15566516,625524153.5571215
73961127.10625245,90133943.35587335,60556289.38163041,294602194.08322424,519253553.92698044
107470950.16309746,84608636.54172884,60443045.56312864,343817076.891012,596339709.158967
92087119.35986742,73436884.51255384,54488418.83608473,304684634.09014493,524697056.7986509
84955232.22382933,77034652.29357542,54943045.34634362,277600790.774893,494533720.63864136
94180247.94206582,96183951.0542201,71257097.95492809,374188112.0420068,635809408.9932208
98926768.59213354,80457451.83099738,60492177.432892874,268371912.86334828,508248310.71937203
96272933.93398447,73242117.97672856,60944753.33158367,291815270.16242355,522275075.40472025
84949749.38941991,83948634.91790226,64636611.87799683,334782648.54883444,568317644.7341535
93569919.19307646,63739727.972674295,64077750.29499486,219074272.9223844,440461670.38313
75560688.77424707,77719315.90295787,65903099.81737718,248151976.16576645,467335080.66034853
72899012.14534129,54067953.19708803,48530422.85395363,291964251.6038006,467461639.80018353
79760566.92892766,76059954.22637914,65776911.24036001,304749790.52475876,526347222.9204256
102733458.21371032,77158717.46851902,74920997.67318182,236935737.46218908,491748910.81760025
104196339.79275382,68274277.19746406,56440523.533907145,268338256.01402718,497249396.5381522
103737314.18570702,71436624.29641873,60369223.540401615,265863015.12820566,501406177.150733
90848552.58980624,83703554.63162617,84303151.42866659,429401027.904847,688256286.5549461
96777459.01566488,81286064.15848769,59189796.20020445,371942211.78850484,609195531.1628618
90268600.19568986,74186629.92994249,68677936.08536491,285082159.9345853,518215326.14558256
59976051.15237015,74684835.1003266,74902079.91944355,331969639.23076123,541532605.4029015
87109139.18124378,76204168.3983477,67499752.36425874,311023084.34774816,541836144.2915983
86364339.60699025,76162010.59005746,79459121.65024239,336026039.7932816,578011511.6405717
88688787.68090013,82440890.94802399,73898866.50627255,351290211.32871157,596318756.4639082
77252953.24237004,70046986.1227875,57563168.58783278,318522184.5280035,523385292.48099387
97832211.53687142,67436430.0570767,66506768.64688984,353766024.3518905,585541434.5927285
83982608.82431875,78245396.6576381,72697317.90514565,268142580.9950305,503067904.382133
89356548.32503149,88637441.24019395,65613548.24829684,339131014.6940227,582738552.507545
87588091.75624311,70473758.45507705,63389332.838726655,281732412.26511407,503183595.3151609
75644337.56597711,71558288.83861312,64361805.10477593,294438523.64479923,506002955.1541654
83579564.16328351,77370078.42577235,70657546.14792357,271463569.9387384,503070758.67571783
83753441.93030551,60044482.09924509,58797125.977809705,294552022.0828976,497147072.0902579
95539415.47640285,79093189.87956771,72110857.74681582,314786387.67951584,561529850.7823021
78266468.27157134,65284196.77560372,59791031.643197164,267880518.29893577,471222214.989308
85551955.75833976,71592833.9874972,67698906.12268575,306138013.16130817,530981709.0298309
93686706.21607967,81408070.5298237,66824757.824940234,303272539.19544065,545192073.7662842
94502037.58963317,102800946.49912733,66704660.331083216,315345766.4887912,579353410.9086349
72010869.28273107,72697319.16591497,59104330.57022565,290142326.24162287,493954845.2604946
89404099.24053271,72332211.92655721,52516990.11531892,337790240.49555635,552043541.7779652
99752847.53917293,77288297.92634587,60396886.46396241,301829631.5232377,539267663.452719
92397828.87862383,84281711.82178964,76595320.39449887,359588347.1095455,612863208.2044579
65990949.92790656,68975032.85067803,70082947.36963563,273998329.1879982,479047259.3362184
106011390.52303907,98048894.32085831,85457986.89461355,358708026.4832018,648226298.2217128
81177058.7913793,77355435.50045884,56433910.880814575,267908539.40814313,482874944.5807959
77825471.71094519,74700325.43527654,62126033.878593236,307963610.9845981,522615442.00941306
100370556.08852299,72389736.6477604,66608416.35994213,290091627.9764276,529460337.0726532
89904472.50087236,82953510.23626506,76494015.99508186,343452720.1890051,592804718.9212244
93185328.04793057,65573978.41641585,55039567.75923348,261651813.51696563,475450687.7405455
92362788.48779486,66425989.118665144,65419799.715915106,309519751.1576808,533728328.4800559
63963845.669547774,62568332.443308264,67652401.3907997,324306913.8755212,518491493.3791769
76105080.85014999,65481085.238242395,46095192.37009658,325253910.05280924,512935268.5112982
87783171.10524979,94741267.69599198,70585952.6707369,325887127.82022667,578997519.2922053
100587321.51801954,94987825.81410089,77456624.53778769,323512911.5136651,596544683.3835732
87599258.06756347,67517772.48280501,60236865.51755986,296230109.9018541,511584005.9697825
108808472.14288086,76146965.61650077,76192271.30946839,313246000.2402206,574393709.3090706
106424568.37820485,86094242.15556522,75727899.3935922,357132126.6625877,625378836.58995
99655179.96042277,88698011.30058794,91372163.24956676,402847684.9117121,682573039.4222896
93971138.66293728,73557621.5684563,68468717.4930143,245582398.28805825,481579876.01246613
99588602.2717814,69396768.39680292,73465491.07606077,389744235.0832836,632195096.8279287
69127020.07386416,71782604.13991158,55981810.19747935,237587110.28564146,434478544.69689655
85735699.66765927,81583249.16478212,74244600.78228909,320603773.83056957,562167323.4453001
66805713.48850274,72671697.0382475,53344037.62442981,243239597.81690535,436061045.9680854
74341301.71460123,82861124.99704407,72141401.57795146,324328336.6803396,553672164.9699364
75956295.22164452,70529994.32264113,53970541.974103265,336007065.30784494,536463896.82623386
123984927.10436803,87900415.26910858,78327345.69106655,317276990.1388177,607489678.2033609
67286494.45479228,65096884.019172385,57680878.895618565,276711079.6869663,466775337.05654955
79023677.52834253,74836614.6789843,58949484.53663462,378725739.02911574,591535515.7730772
70080679.65443182,80239647.1593298,64445938.50091055,319492638.9074603,534258904.22213244
94600612.93619023,78943053.52426516,58989205.520699196,286362826.1062945,518895698.0874491
89601676.13987786,77522752.7024091,59102505.05580154,344413241.31205845,570640175.2101469
58497236.79125968,67539027.92920527,54907486.39390154,292172450.4030605,473116201.51742697
102628114.40971033,67127676.98031095,84066292.32454191,327397163.63202876,581219247.346592
92705144.7337392,65349574.72083609,62115483.810260385,331082202.5938502,551252405.8586859
90189396.95750286,77941037.13352966,66490756.902253374,260888542.65905437,495509733.6523403
69875219.25061749,82840508.55439362,74744224.76255113,354491690.4911511,581951643.0587133
76441876.40800445,72534752.49990456,74339814.8865341,270208734.2172264,493525178.0116695
104504755.91609271,74102175.30904251,59863017.53259425,296259246.5036633,534729195.2613928
72924230.47933583,58705808.186246075,59348210.94814401,307230443.0356744,498208692.64940035
105943889.79375519,85316002.89777215,88587409.17836222,387278052.68020123,667125354.5500908
98149312.65425116,82521273.64973421,79678385.55889262,249231751.66726404,509580723.530142
80755014.3172106,60346594.506714284,64803550.78073549,272103517.8444625,478008677.4491229
141437332.01401913,79997184.06168187,70693679.01674463,299053718.46724725,591181913.5596929
80641626.53288668,64744597.91059113,52934472.54001154,221033112.3960634,419353809.3795527
95168090.31823818,73914858.72158158,82685924.52953154,278207461.4276686,529976334.9970199
110466193.83650078,96284244.12289585,85957241.05623636,341682414.6862319,634390093.701865
82610421.97932644,87113298.86745472,63289590.132475354,314273815.98593014,547287126.9651866
86599126.94163156,68553743.44220617,65484977.39769384,327649003.1489457,548286850.9304773
75131089.82616013,77592396.4266163,50606780.48583529,252769818.29161167,456100085.03022337
81049250.65438579,78006727.33260821,73626497.55207506,315793638.43192065,548476113.9709897
95490710.06035416,76261903.76232617,69863542.09203206,321792561.5461193,563408717.4608316
80381326.01954529,71709224.15958202,68905916.37384401,376214786.77229095,597211253.3252623
105800261.22691976,69796500.61222978,56649178.55060593,274455969.28660834,506701909.6763638
88600412.33009072,76807727.23245724,76948230.17930019,366931088.5854721,609287458.3273202
87287102.9334202,74147310.3689932,69556622.1038686,347462570.10929316,578453605.5155752
95274441.39718318,73874706.2730818,61132362.43346912,262580098.9655149,492861609.069249
89952346.38093612,82361676.1121398,74610302.32346961,360584807.4422904,607509132.2588359
110536888.77577586,68520069.9716818,67630249.33332734,320157626.95476764,566844835.0355527
86181351.28563611,68979163.62550469,75360288.04818404,291046458.8452182,521567261.804543
61385999.9760795,70445314.46550573,60765412.32991551,364695620.15453106,557292346.9260318
94321962.85877286,74789255.86324796,64490194.458063655,295351728.4136086,528953141.5936931
124380175.2462823,89179775.05184174,61148375.71108653,296290435.2281026,570998761.2373132
86878534.69098769,66912713.471527524,50803125.49401159,302333702.11917293,506928075.77569973
76664833.1474,85380658.6543574,68659145.15165485,293343886.44929266,524048523.4027049
59221490.35431563,80280156.68800129,68024897.43366481,290746248.7761808,498272793.2521625
75620388.71037084,88629184.56021674,61313009.6300624,289807441.04462814,515370023.9452781
95538881.3709247,91868125.80877455,69937204.59522192,288859381.08969307,546203592.8646142
85729966.98660146,84158836.81611446,78593422.09330484,273414808.07757545,521897033.9735962
88827983.3027743,64760552.490576334,68901795.58337124,318248633.6353637,540738965.0120856
75247192.62528604,87868367.2105828,72102706.47355503,322430049.321639,557648315.6310629
84742130.33775288,75543468.75508069,62866071.55264013,275869869.11212426,499021539.757598
106178961.77309212,75179431.64684983,62675426.064603485,296695326.7596465,540729146.2441919
109553649.60521244,91330929.48887675,68981624.23458189,361324659.21039146,631190862.5390625
88731024.25829323,69315927.50645608,60253763.771400474,345762243.697692,564062959.2338418
121733979.93806663,85174999.69987874,66222422.22259163,304880257.44408196,578011659.304619
77184536.9074088,68939816.13543609,57864917.31332351,288948637.95885605,492937908.31502444
88909683.87859337,75144629.96842909,64154760.86214902,329564802.3080618,557773877.0172333
84065005.8768212,74051616.42451563,63862611.39865243,359405538.97726697,581384772.6772562
80610853.8486589,80090583.79185824,61397997.19840283,312340831.4458249,534440266.28474486
95179839.4147437,87986099.1213372,67363400.96411218,272963893.1899598,523493232.6901529
76918743.23607866,82685866.28126843,86694894.1494865,359766282.12909377,606065785.7959273
71248867.72811954,79739111.19843403,59361037.664330706,285200358.93921417,495549375.53009844
89862278.43211982,79836052.31484982,68056999.35081819,287476506.45221514,525231836.55000293
103341089.67354406,74419135.09801601,76947870.69230363,270325719.18281645,525033814.6466801
90270439.41720837,66578453.347290985,56894049.17708161,273600292.960252,487343234.90183294
111252478.43099011,93541134.93168601,81045071.42094079,328319235.67110926,614157920.4547262
89874192.61174127,88695869.68012074,76550546.69865413,320614054.43052745,575734663.4210436
110649560.56959446,88250904.18177451,73431681.31982271,301327334.2760098,573659480.3472015
79865252.73243918,71763526.30906163,67735761.96378142,334869043.0911665,554233584.0964487
69200590.73933452,57680189.17380341,51975967.536215246,266340007.70140636,445196755.1507596
105616231.52169426,76952646.32371467,69377660.33525619,324479083.2893004,576425621.4699655
74023516.04977345,86794843.12574252,63652745.40810769,364223065.18802553,588694169.7716492
85463541.34349874,72863396.4085741,56863352.188187964,298991230.6258272,514181520.56608796
125124318.24942094,86640315.72616646,73777942.82005578,294646490.40998507,580189067.2056283
95879726.05083694,79189106.52743518,67120913.33127907,325082715.04175544,567272460.9513066
65203259.108240634,70428047.77584088,54461570.191851705,288080206.0878455,478173083.1637787
77658700.08391367,68724824.30110191,53730003.762317486,325542959.3799023,525656487.5272354
78238547.2488077,69092518.4725532,75659130.01933806,332289441.6127313,555279637.3534303
62958283.064674854,82948910.58134854,81283324.16794406,383638358.8067063,610828876.6206738
97056952.92518228,68661494.34374432,63546792.98784344,253364080.7444885,482629321.0012586
75914927.81815743,64871938.37697725,56995723.20734151,294368790.18696547,492151379.58944166
81210790.20503202,70785165.94118871,61720939.6769027,353031083.43884814,566747979.2619716
123321526.03928526,78153372.0314868,71269413.7770633,283677710.0889621,556422021.9367974
98615219.72467749,74069265.80295019,60632629.718015626,375079933.1055523,608397048.3511956
70185181.05485554,54579704.04795401,62151996.85777717,278089663.0564754,465006545.0170621
78637353.90079154,101912327.7194546,80443384.86927523,324985871.0808681,585978937.5703895
77861271.194393,78093654.1281897,53949367.13177133,273252338.9336303,483156631.3879843
86691382.80806722,77901553.99824353,65581864.33630758,281127605.00180024,511302406.1444186
101061421.11828448,65030320.54208317,60688514.973677255,277668533.1758383,504448789.8098832
102547899.32278755,74880750.41125469,69979552.58267184,321063361.52465796,568471563.841372
65002336.525911115,70662785.92126551,51106105.28857632,294462539.7724138,481233767.50816673
77582601.55305405,84999646.70987408,67074501.54134788,281878321.6310093,511535071.43528533
105682410.93006627,71882556.07670346,72831987.14379306,328188415.57165813,578585369.7222209
82251032.70100172,64367043.80908552,71316992.47146161,323234396.1192066,541169465.1007555
77067157.09949411,76123201.6497342,73835283.95412117,316124009.55695486,543149652.2603043
90601626.1947248,86484564.32287548,83723768.19929624,321813431.76112837,582623390.478025
70394841.33620676,62374760.9320562,55382665.66773325,256423253.39703968,444575521.33303595
66610897.926016085,88625147.1801752,73385778.51058753,296745818.0498627,525367641.6666415
86755017.93384866,61848023.272170275,69750726.71882136,241919086.56695297,460272854.4917933
94629596.41368553,62700855.01910394,58574575.38320784,335602069.67921615,551507096.4952135
67130439.3003495,70501429.47373381,67786292.00397094,319524923.76990724,524943084.5479615
88193643.48924938,80796728.10589467,63030530.142211765,377903820.88585573,609924722.6232115
67381754.79315676,82091887.31328064,68422002.95291732,330429045.06350213,548324690.1228569
99040858.206701,83525662.70474719,62895514.030618005,294077174.3508435,539539209.2929096
69119766.10246912,69752908.85029785,65233185.91680717,321655778.74556226,525761639.6151364
92849413.10067779,63035056.79426626,57599256.82030279,268550199.63985705,482033926.35510385
70702981.11934637,65893220.48424512,61477241.97386233,346233144.2917936,544306587.8692474
74864035.16427933,64533089.92478068,57005603.19995474,300104430.1945743,496507158.48358905
106086798.10540536,78774514.58479768,57260774.131071195,256751588.09035122,498873674.91162544
89877394.07633969,85961750.19118331,86274905.88328649,286685609.98450834,548799660.1353178
89181947.52939141,67917781.8375739,56863811.94059385,259580266.5816377,473543807.8891969
82662621.3297858,67905930.06350912,84406802.6089878,302985402.294354,537960756.2966368
102153468.94761184,73101876.85445043,85729051.08979413,336724801.6235865,597709198.5154428
99715391.0199928,73279452.6961946,73804581.3410264,324521206.99636495,571320632.0535787
82072805.70554054,66266252.1459913,60536626.6046928,283321618.861779,492197303.3180036
100229235.34911086,76468631.79001167,53263490.39982978,312017369.23067945,541978726.7696317
107273386.16014096,65806359.98817762,78391072.0584777,368901235.12150896,620372053.3283052
78827936.61878479,65380862.91188308,69965126.81972484,259686374.0281839,473860300.37857664
78356482.50322187,63816334.470769465,61172865.81953516,347437929.39308065,550783612.1866071
92604143.35424101,86774697.42140968,67116861.80578825,312942706.22193706,559438408.803376
71657377.99235675,71981974.88862841,58350119.04580523,287624473.5527377,489613945.47952807
84067655.94515257,72785383.97585498,83150481.10519771,392522493.2214444,632526014.2476497
109406870.37830225,98577868.81875548,88188020.95203783,334447094.48984873,630619854.6389443
85480874.955364,77850235.98071964,64970874.74479513,269450787.4009028,497752773.08178157
91450077.62783512,64204161.47678166,62977290.88458035,264497559.19895226,483129089.1881494
86083524.41146372,77577431.8051359,63826936.45494135,250347637.6605539,477835530.3320949
72099596.90046239,76854423.45551883,61284005.51999248,318114257.4522061,528352283.3281798
87343532.2179141,74414357.13951334,68277346.93782108,283348853.4546449,513384089.7498934
92982741.0030498,73570146.99535742,88497665.63533384,286201190.8846529,541251744.518394
82358885.78461769,72426586.58060896,54982548.755716756,314788293.4357569,524556314.55670035
81421585.49044192,56927197.65035138,63583476.4062112,272798316.45154774,474730575.9985522
85755200.97426784,81980843.19073574,65146351.70009281,292488362.90408015,525370758.76917654
129410296.88606049,64906430.787270516,54767637.57861952,254510160.2673647,503594525.51931524
116138798.3184776,75389872.08140808,69157339.01560794,292534088.1893304,553220097.6048241
96052100.28205617,77678421.4515128,69155720.44490476,358064939.23136616,600951181.4098399
93578378.29277681,71040409.31968044,67065568.44939576,401385337.240167,633069693.3020201
95465860.232185,79059334.56791656,57424494.86785031,321333646.3424914,553283336.0104432
100280587.72470047,81444840.24494484,69542509.72794765,430372234.9664106,681640172.6640036
100011177.46897873,90594550.3855008,72156859.32812518,311790469.9057983,574553057.088403
96497639.02150324,76691429.87342548,66391732.18475104,322154246.7785092,561735047.858189
80332565.57046396,76628534.55354081,66529332.22872446,340512954.4460639,564003386.7987931
79075316.57196581,59086609.3258479,57165057.48949719,300259490.4480327,495586473.8353436
101766981.86072156,72758625.03783189,70001207.75045107,351153871.22587806,595680685.8748826
98356559.84280565,71387687.2301327,59929231.15281832,311333728.6101591,541007206.8359158
113134144.27191377,80866498.88453957,67663746.12408377,264069858.34047812,525734247.62101525
82266112.08315371,69153011.97840144,63555053.3521048,251001692.54559407,465975869.959254
82737721.04935971,66933802.615875475,69929953.67535204,276142426.0216125,495743903.3621998
79570272.88517472,77009903.42618035,62530855.26350733,393788453.63305837,612899485.2079208
101221005.92219523,78879288.18397109,70801983.64998494,237425533.5331961,488327811.28934735
106223087.4375194,84434829.0797361,69289897.89389305,332732294.396103,592680108.8072516
97363000.17479461,74369061.41154876,69057189.09603572,346977045.99331063,587766296.6756897
93797843.9481211,75150369.63304214,68481469.18897757,359932076.8156346,597361759.5857754
98873356.4019876,68464008.95304553,68535018.43996263,321144651.52451056,557017035.3195063
105079192.99539866,79694815.17548731,65316187.57897025,261214617.86341983,511304813.61327606
78027744.86453971,85319351.96179172,70289575.86869733,308060632.4509903,541697305.1460191
107315605.60608922,90469202.06069435,65900481.9404798,355870667.2962291,619555956.9034925
66866196.28978046,75563632.71327153,67351067.5235303,347322196.5573822,557103093.0839646
92694570.59693255,75018666.87160636,64729072.926890455,412666628.08236104,645108938.4777904
88369715.1262504,81784480.84321861,53592428.63085574,264851227.64765036,488597852.2479751
94762137.31601557,64363500.13310272,66362247.16073507,276524374.5671764,502012259.1770297
73901752.06366988,67385953.44599923,74572898.9187521,321304070.1594088,537164674.5878301
75376831.99383417,80528335.74367668,73839585.27136156,300103533.0640295,529848286.07290196
101686608.12181073,88519626.05190349,78551128.23366581,298494244.334833,567251606.742213
72203202.55338337,59970019.39735626,54845304.59843951,272200522.1558125,459219048.70499164
83298132.87362696,74910065.36401488,80408587.83321236,306331885.4629484,544948671.5338025
86529452.99046949,61589282.14405925,79044411.66736232,268090995.97080445,495254142.7726955
77874700.17344682,80383457.68336302,69013764.95563595,372732124.7470955,600004047.5595413
97865785.95035973,77393400.09673963,75944993.94039479,361001462.86454237,612205642.8520365
78459214.01894042,83044013.74129727,66178228.001063,302760037.9398152,530441493.7011159
89227072.54758596,73212163.79038891,61918406.9759659,334514034.42641884,558871677.7403595
68268890.95125261,63690133.29835512,65521915.318558544,295308009.42857885,492788948.9967451
102214579.28885981,82226544.8015061,58877734.72215438,300993358.0503588,544312216.862879
95001898.26361258,79724553.1061021,64101532.61485654,294422631.7623244,533250615.7468956
79726698.14816722,63993269.44625919,51516919.15432226,294685179.0480934,489922065.7968421
75848795.20306143,78803701.13304743,61850304.3918316,257818157.6788774,474320958.4068179
81692986.64797038,95504078.66429444,71258121.76381278,340420460.64157504,588875647.7176526
89597494.15152419,65105508.74879342,73876199.17959411,299848918.1916407,528428120.2715524
70699079.22819136,68401957.43473198,60888269.974156685,321103014.1511099,521092320.7881899
78200760.46472976,100483824.14746891,65614052.76066674,333675221.64256597,577973859.0154314
63572904.29445901,69837655.19171652,65221612.841790415,263408585.59248582,462040757.92045176
110869033.59791481,84499674.44551706,67536715.19546649,325557763.0675581,588463186.3064564
79303581.00402412,86064300.18594128,77803004.15346526,333727563.59168273,576898448.9351134
96182805.08963296,65613310.41950912,74641508.85651368,306332389.9226237,542770014.2882794
102764938.54205938,86138001.85252975,79229207.03494394,285875510.9543,554007658.383833
75255462.81444086,95423701.05914904,59817769.2912168,266662596.74659398,497159529.9114007
87813957.03324494,76623591.55991703,62205368.78539618,322224828.37417614,548867745.7527343
100761194.2931039,78476676.15331599,65498583.2954516,304507106.3125968,549243560.0544683
80531552.85095252,61435012.55648863,62513799.956907235,321328245.0797371,525808610.4440855
85084581.08167037,58264732.558377616,55400746.57639016,315897803.37359583,514647863.590034
69267593.2324384,78278031.37456737,62383702.26545619,299193180.856398,509122507.72885996
78136465.08242735,65111702.033204354,73033776.37774451,337176726.6015816,553458670.0949578
96692882.55473287,86527858.56138296,74417873.49045599,353828414.1863952,611467028.7929671
78412212.67212674,87105179.92699924,80687234.18511255,337259539.0570074,583464165.8412459
83277346.83659615,65391909.661909945,63703521.10267586,360979934.01868755,573352711.6198695
72414117.30718683,82067755.34840606,63582965.285090245,289577292.8572606,507642130.7979437
72244757.35247846,66857434.06444374,66857894.054238416,328716289.9830954,534676375.45425606
90564770.52409573,72448481.28217886,57017227.87710168,294683200.50631154,514713680.18968785
82257319.94894822,76959033.5700133,63654626.17449218,291593042.7518968,514464022.4453505
89456376.59574349,79724885.65326558,78009208.01011124,306236394.3165891,553426864.5757095
95168581.26562579,95604371.2028975,78006179.77552165,370263956.1593062,639043088.4033512
78957474.25901775,68471790.32795583,61737194.51744752,294335736.6109995,503502195.7154206
103521070.07202367,72731073.10734203,65026374.76019525,342638629.7751721,583917147.7147331
90270630.83229771,76609339.04360865,68350207.00528397,269894891.9070103,505125068.7882006
72612499.63615768,60776986.80830682,61100001.14212275,324374145.7245694,518863633.31115663
98582617.37746415,89299863.78888819,84482426.89702666,333871276.4902131,606236184.5535921
86310330.1466915,90037628.8911679,65027525.47132686,268775788.42486733,510151272.93405354
82601509.67392868,71322279.64878622,64527251.75274009,272644608.2028562,491095649.27831113
92527304.01310305,72229650.13972317,75199943.36659591,272753487.55105376,512710385.0704759
85281755.24373557,72849997.55696762,66653710.79465408,337878918.1739805,562664381.7693377
91006044.97713657,75713711.3359526,71822072.79557118,342286192.8415839,580828021.9502442
91049614.08090997,80372549.39778824,73176960.93795174,259727101.4073891,504326225.82403904
82443910.53362074,78480176.94985624,64392403.67671533,293185617.0770898,518502108.2372821
92603916.58930317,80775366.3323406,71865762.59221454,285398252.926711,530643298.44056934
69494750.1959842,79323824.49562667,60560553.34113419,271513964.4950476,480893092.5277927
75481737.14813296,84125215.98697792,69844666.84557627,323052350.5407904,552503970.5214775
97389539.61081247,77655992.34136972,75739291.28630358,275161251.01443344,525946074.2529192
73291781.50918642,64134998.06863555,64086445.32600826,314508677.65441024,516021902.5582405
80851738.57089561,72830803.02069157,75082000.93274915,288379034.90215474,517143577.4264911
91432908.92817561,71071608.22041692,73489452.77553916,333930352.96746933,569924322.8916011
69705200.5751055,70191304.41840717,49221429.84926659,310971370.3535476,500089305.19632685
121043193.95677689,63733272.53121035,53211982.22140678,291325606.12520665,529314054.8346007
86950543.0457725,72532093.2000648,52758737.797879875,297865511.5184021,510106885.56211925
100526377.88560995,109193159.09242253,90121877.02858134,292605296.3685504,592446710.3751643
87042036.1938029,81457182.26435512,62599948.94642302,330621334.8104106,561720502.2149917
97605415.07310426,90067943.8493011,78410747.97950314,333437815.6848045,599521922.5867131
78738978.57627177,64049726.61906558,62852050.25809372,282218561.405039,487859316.8584701
83021655.60107742,85671554.88106999,81251050.15475707,280395152.9596735,530339413.596578
84318180.1558219,71842471.71670444,66891901.327342734,233936106.76629147,456988659.96616054
69017474.98432088,71202210.82147518,69482758.8034809,307798133.266063,517500577.8753399
97108534.0294778,79782944.25982353,78979011.7334821,379284345.0948678,635154835.1176512
77209029.95151529,81987074.45554797,71712993.76779303,416057481.54945564,646966579.724312
76748337.04531199,72943713.97510913,56981767.245494165,261064957.89871526,467738776.16463053
92762169.9100272,79033896.10500196,71880323.543247,331237158.8334903,574913548.3917665
83978492.05511299,73374545.14708275,57904960.13321565,270932712.6624098,486190709.99782115
86418287.93831383,77697996.95526163,72471450.20502108,334421509.25581414,571009244.3544106
111904143.42229351,71978422.94360204,64014264.181765206,272556470.5185718,520453301.06623256
107000945.73022217,75226439.250593,76565065.10360494,373618919.57867813,632411369.6630982
93177140.9392315,79917481.88701637,68044410.29054672,297203111.9259798,538342145.0427744
81308739.78734963,73643420.23288661,80591623.63368715,282186617.3584177,517730401.0123411
90112704.652705,83238265.74062355,66406847.287805185,322442449.0529883,562200266.734122
68535474.02694556,83974057.74330702,77296534.78928193,314180712.0190826,543986778.5786171
75747108.00086197,80781490.08184862,58497557.387414925,264126972.84228274,479153128.31240827
86462476.80497576,90512303.52718444,76410515.73025024,297241664.75267106,550626960.8150815
66614854.992986776,71941323.13078283,65319666.39775542,298216947.44485414,502092791.96637917
116462279.64459743,80038262.80860992,52535979.084017694,277306803.6287902,526343325.16601527
93794041.33980253,80909140.88319956,66689344.56401368,295263880.64436305,536656407.43137884
63312310.13476899,71480865.61909492,60529395.63758635,303387839.44679636,498710410.83824664
94346062.4978245,89415200.97167382,63319639.28576662,263738571.93841848,510819474.6936834
79549665.0861901,68467334.92715679,57078094.15717951,343102654.8302815,548197749.0008079
89305445.72030249,96090197.94065064,72681676.61084391,278096953.7651178,536174274.0369149
76621365.55255966,83186797.53786054,59338655.66874255,318088894.8113504,537235713.5705131
82365429.01494512,67478990.67030177,73946576.40644814,288936216.6134435,512727212.7051385
76383740.57689276,73184087.6477582,60694122.02829898,382513107.094697,592775057.347647
103347693.34588489,73879713.6962497,62496099.72761673,238106886.08364412,477830392.85339546
89148096.55952002,70166130.8433547,64759428.01661701,239957655.52195457,464031310.9414463
86835084.29027708,92510180.07440363,71926644.0745415,289237969.8389826,540509878.2782048
86922589.15977265,75488364.15168811,85425832.16363263,311521921.61378205,559358707.0888754
71923455.10841708,73033752.01789875,65639548.83539882,322012197.85372174,532608953.81543636
98427639.5321812,98041905.11566862,68773905.98697963,291120511.66424316,556363962.2990726
64804671.33132821,76800536.8170637,58470137.71914872,326133442.0625901,526208787.9301307
80605428.58122,91248611.0359071,59646652.69439539,339052340.7907101,570553033.1022326
100789583.00591382,83576989.45344746,60743364.081230134,320447416.10000795,565557352.6405994
88997912.4811272,61892812.546723425,73301427.12476999,294564607.55115205,518756759.70377266
110552964.28510626,79687855.4586122,76945402.15228747,288385227.6482185,555571449.5442245
90254606.17838247,77987543.50517757,64401236.09197016,274490492.69091475,507133878.46644497
53366543.85217497,61750982.851043284,63782417.082811296,250330477.34776694,429230421.13379645
72098271.37115714,61763177.74788905,61480571.30408838,264116421.3307495,459458441.7538841
106029648.5748895,86598717.38064198,72292473.928045,326928964.78879863,591849804.6723751
77178308.97913086,67786617.83540453,68062958.6684502,336355297.78814375,549383183.2711294
97587982.26886284,73943674.227718,62885968.45725087,270002661.33819497,504420286.29202664
98624735.40349047,62398762.53155058,47419938.13938017,219565480.6982315,428008916.77265275
61878291.328872554,82355279.59148508,73092536.80896562,272209428.12584573,489535535.855169
85741037.11938219,89797050.53709278,74865697.91126822,405941060.00896955,656344845.5767127
85626694.88047694,70269542.34544381,56248015.64788377,291370620.3697384,503514873.2435429
101310995.28190234,79645020.88956882,65216086.76026772,352860278.97728205,599032381.9090209
94915894.62137367,76573290.35643783,60877249.27069853,290361944.17432827,522728378.42283833
94066337.41342212,70753322.83489552,55764593.37344224,274981474.7714766,495565728.3932365
86523417.5813714,88923464.9746657,61286911.31537666,311066931.2098489,547800725.0812626
83416463.6728383,73386501.5904964,77946616.4825771,318522517.1173779,553272098.8632896
75339198.51290253,81580579.10977583,74094863.22722107,280019431.1024098,511034071.9523092
72042837.77882539,76418410.761443,65063843.00682235,286518915.2400183,500044006.787109
103280542.69682623,73855278.77090676,69496206.80277744,352689735.4077218,599321763.6782322
82598184.2112513,60862365.3815301,57395480.56820708,294435679.9695828,495291710.13057125
102402879.77074133,74320334.5243115,81247937.00147383,275749338.6602851,533720489.9568118
89530655.48783992,74476584.17971013,77029110.35358007,266274309.3264882,507310659.34761834
93359324.58882886,75143181.05358295,79227951.18650372,289157330.818612,536887787.6475275
93205216.41362162,70135898.98668163,65729236.915438555,289547049.46864027,518617401.7843821
81990674.18366483,59659742.113251,62701567.66524959,259403923.12854978,463755907.09071517
72927994.30789287,61068544.50105503,52721107.907412305,298444024.3226704,485161671.0390306
93741917.07772616,83526594.69248739,61065734.04106368,309023907.7554487,547358153.566726
79023805.28476334,83099472.34699428,71521475.42993195,289552942.82175285,523197695.8834424
103020825.31766765,83806689.71836771,58988154.75805554,247148449.4408927,492964119.23498356
70279468.26809601,87674866.52740018,61081435.94767958,373989063.9103481,593024834.6535239
73506743.71350792,63932811.5887944,67593724.10410827,334239858.9738811,539273138.3802917
95326151.89587206,83964763.57436083,62926381.22661049,334452776.56850463,576670073.265348
90624811.83326155,73602340.91851549,66142203.2355278,343130773.7903059,573500129.7776108
92855602.53077461,60171811.31001852,67168569.10048242,328939141.0064014,549135123.9476769
82071660.51645154,76085402.09339339,66699012.059922665,242751614.55253243,467607689.22230005
81775096.50066574,71926192.01169682,63130304.778080285,281669044.25495976,498500637.5454026
96973875.34290433,71007064.3369888,72163306.40613136,332261359.75237244,572405605.8383969
108434917.92522639,97685132.224257,91219239.54343504,294704972.9756912,592044262.6686096
92149539.22519712,70934373.19034848,95194578.0257547,354921829.8445911,613200320.2858913
109409841.98743746,84254869.49639247,51199872.53435039,264865133.59954327,509729717.6177236
78140426.3039269,70965535.8327905,66554522.932959355,320434779.0675929,536095264.1372696
57257519.21826196,67314317.20875432,57651527.943723656,339114465.3229957,521337829.69373566
95883731.30675365,76134941.99739581,68353943.68207607,253188191.22395897,493560808.21018445
96950743.86679606,74476488.84752007,60003468.537350684,345783752.4190191,577214453.6706859
91113514.06637254,71181769.8974088,60093266.85606445,308617954.3943997,531006505.2142455
91326648.74687609,77169419.76079735,57825619.31311792,261561205.218767,487882893.03955835
77359386.50890973,72407990.76005374,63933351.83044029,294585383.4124492,508286112.5118529
85626985.20735398,94181510.72494903,79527672.65521036,371897424.33845675,631233592.9259701
93938636.19280006,78050861.68769735,70477328.09526855,318412726.06647635,560879552.0422423
99254124.82981385,70026949.40683359,70318913.61268656,313310470.9990644,552910458.8483984
65294779.948283024,71981990.40424062,54238996.60657682,270264388.5540928,461780155.5131933
85012896.26732402,63582048.28266307,61005943.97502754,295989944.0535004,505590832.57851505
98416794.00158061,74229629.55127457,68198239.40972315,303292751.27499545,544137414.2375739
81557997.57757552,61808811.88847746,59728503.286306545,317259895.1080024,520355207.86036193
75096344.34837738,71742645.57159573,63342870.201862276,339390020.5111541,549571880.6329895
87629425.68416855,78767478.268926,66977823.28192558,289503942.4744413,522878669.70946145
72720478.54820089,70670274.91626436,66368950.743833594,306125884.65979594,515885588.8680948
110522858.47170214,89576073.37961318,83146276.37337819,259493601.56699407,542738809.7916876
112303711.66423157,83121437.10134913,73196242.21086954,350043976.498359,618665367.4748093
87506156.89371307,67310447.05632931,74729706.2061682,283963285.9492457,513509596.10545623
74473593.19804473,71470852.97427851,60887933.24756034,296131455.43046004,502963834.8503436
85847164.96851535,88599890.58295791,74110352.54869929,287401479.6387156,535958887.73888814
77704666.56939016,70891531.55239433,60886666.99923447,278977773.8488794,488460638.96989834
73102652.52164312,75615785.32082465,61686424.12011284,267430686.38932967,477835548.3519103
94258261.99320959,85427705.83043312,67627365.3464806,380068577.49395376,627381910.664077
124348058.12931374,87354370.7501171,67779068.239356,321639445.36586577,601120942.4846525
71680270.96579772,65824996.99326416,50378254.9570794,260927369.71633694,448810892.63247824
71587615.0201335,78213621.51742932,60298569.224803254,307129237.55634475,517229043.3187108
98303900.35099389,89528604.04944877,68240046.12354319,323215805.28893787,579288355.8129237
92124687.44236678,89252538.73547605,77631785.63029139,373290003.86585736,632299015.6739916
66801226.8234964,66352734.5842315,69379942.03239241,323869293.9463558,526403197.38647616
85479014.11914782,71726487.37764892,70780366.3555426,245123824.1392426,473109691.9915819
99003517.11937422,79152838.0082852,63949034.19391108,321728094.0287374,563833483.350308
81979917.2691378,75299421.04569156,65176251.800481185,329854978.44391316,552310568.5592237
89459544.49299471,61403738.54507428,51518323.64240027,248283275.14988792,450664881.8303572
93822584.99330653,82518369.49805559,83677537.13191131,289256051.62240666,549274543.2456801
107550083.19034263,63810258.81876733,62655868.61145274,305264583.39636225,539280794.016925
90647941.65020052,74081377.76043013,66498973.34471153,264029880.5739987,495258173.3293409
100167190.60542867,80834383.94133665,71397500.7779967,302663091.6843213,555062167.0090833
82745814.60526386,79903708.38289869,81090621.84195834,273477971.0902022,517218115.92032313
69203047.25978649,74473217.28732094,61971887.20671835,302302048.55446976,507950200.30829555
86876352.30290024,81703899.03779647,65727589.420612894,266253717.57358938,500561558.33489895
76846489.56780975,72597459.25428025,55396083.446873106,288629224.64000803,493469256.90897113
88060543.6831248,73187932.68283412,66758675.33913588,252617896.23699772,480625047.94209254
74862596.4365071,64429800.01828311,67891614.90741847,392537350.9057777,599721362.2679863
75735176.48932031,71735828.14921638,58866082.296717495,301334503.9140434,507671590.84929764
79112119.76867011,76914929.40626837,71336254.2519342,269231379.6047726,496594683.0316453
91083367.18990855,62479385.95358963,59431814.13665985,281025105.02571183,494019672.3058699
84065973.45599322,72805054.62548292,61079589.30313314,288346902.7995711,506297520.1841804
90597837.4422024,79164969.30518295,68268046.94070524,288422627.8426099,526453481.53070045
103678879.10674931,94396958.6988344,62627116.04194678,313032909.8373605,573735863.684891
80909246.98626451,83264429.4744186,68065340.16005847,310594111.3928601,542833128.0136017
94401655.8370528,74870326.56391455,80580061.24712391,338584392.77103364,588436436.4191248
101238713.53529406,76746162.87693915,66068509.78833895,335201903.0364692,579255289.2370414
97727477.97154993,67611638.70751232,64525411.922341816,316792175.39481187,546656703.9962159
85407110.5379878,79135739.40427352,66353244.538553715,236090140.64881244,466986235.12962747
70694789.88009495,81216650.00525206,64934177.26363242,310563918.573277,527409535.7222564
87156891.96657078,69179789.89063153,60194032.99178924,306431294.53931296,522962009.3883045
93439513.62809658,99533365.76255149,69906010.17431344,383447820.49660194,646326710.0615635
75983051.0739248,78047304.34185272,67533543.68762234,301628835.28225476,523192734.38565457
87128959.1649024,70812844.31665619,71483475.66493502,279784561.5214452,509209840.6679388
91756966.90676351,84011377.41177683,81340455.32607032,361421346.4972363,618530146.1418469
95579959.0780451,72189002.46007629,59349205.79497426,259343150.9903243,486461318.3234199
71567609.65193407,72759319.2819133,58725801.6761401,337121777.8981052,540174508.5080926
79486061.36787847,75339158.34608743,63383753.85389518,255819177.53764743,474028151.1055085
103830145.47499852,85799403.96215186,77314572.36191714,343193265.43546486,610137387.2345324
77221121.16177271,67972640.17440963,66079391.94664443,359111444.11093116,570384597.3937579
92768332.99726246,86413436.38548303,65644179.295241676,349089040.5027565,593914989.1807437
81542357.04820818,77064269.64057608,63311735.27065639,333700638.5038922,555619000.4633329
100772143.79352815,66313701.79771937,73956984.74227354,406976726.72880673,648019557.0623279
82384158.68331225,74039219.9335873,75423802.13064496,315658574.5016322,547505755.2491767
87152460.59134598,94731245.1549438,61462043.42547668,278584622.3246863,521930371.49645275
93242608.77492143,64090813.38168674,59317318.97497322,279754292.8716358,496405034.00321716
101728958.23659189,85376623.02395415,57326052.75554793,275065916.962847,519497550.97894096
78084470.26802534,72390365.5782273,56439491.99709372,306684502.83607715,513598830.6794235
78032834.80008589,79432000.63131443,66696066.19138199,273357579.1765636,497518480.7993459
108919756.2420938,94279466.30427024,75748022.96885368,313142868.56249964,592090114.0777173
73636645.17319302,82885994.57593669,74511920.43491983,286803034.2649805,517837594.44903004
78125039.10753435,78254100.45209925,57696883.413876906,274320693.0640165,488396716.037527
73822333.8628986,65229935.18492646,56382469.955167726,319759559.81190795,515194298.81490076
65846470.96054045,75074496.40788649,66442322.06510201,338754958.17957217,546118247.6131011
90872621.38864037,73532671.35305302,59366497.39275465,331565368.58153987,555337158.7159879
94431596.7713668,73203521.9457901,72901921.86629142,295494579.12104446,536031619.70449275
87194792.94760124,70973413.09603858,68480528.22816637,272167360.99823874,498816095.2700449
83136184.53803052,69805637.44606325,65658513.55179932,315113883.79760885,533714219.33350194
73074341.01167148,76628984.6079634,54943086.09172418,373691685.93328106,578338097.6446401
80349764.10097614,84329143.18352285,70134468.33868495,320041775.8064105,554855151.4295944
72353416.05203518,80414104.08170843,67073608.24315602,323099275.9877348,542940404.3646344
85950249.1980227,77004423.25536405,59724172.3118234,292098999.7154957,514777844.48070586
81536862.20212828,69090602.05311187,64304864.00262249,312239447.65982145,527171775.9176841
90781323.68873526,75901697.69206256,69532377.61712956,317002080.8862011,553217479.8841285
88580634.16211908,77856564.0717157,76842990.44877666,275511255.5548172,518791444.23742867
82870245.8983567,78227474.40532221,55200877.80613771,342192924.42072326,558491522.5305399
90840159.69305184,85788931.4545829,79437307.67612928,337555241.3510768,593621640.1748408
60993804.651367016,71387305.42734572,64406721.22994197,263942436.26254717,460730267.57120186
65477113.54216956,75223214.22598663,55591072.503390044,367913796.70185196,564205196.9733982
90961262.4442125,89815598.05132034,71120779.99549402,343115878.7775944,595013519.2686212
87954974.00373581,85643288.51815055,54463130.57321145,325170649.3234184,553232042.4185162
97065889.0034129,76602232.19709831,63623912.879370935,292092773.0651115,529384807.14499366
91247645.34659454,88464137.01039925,66121179.964625426,253932870.23117778,499765832.55279696
129822915.9422914,90009485.12904322,69444948.23860054,360841020.9287494,650118370.2386845
101272544.36420888,83336968.6608416,65480774.57688658,331416650.65608084,581506938.2580179
103832107.36661442,64915503.98843308,64492411.0039482,309588412.25803286,542828434.6170285
91004088.57543363,77256886.68218021,76780655.05244188,308713471.1860087,553755101.4960644
87169054.41426069,78924380.9639314,65673547.54730456,260020397.43965134,491787380.36514795
90250199.35321453,78724207.67182733,64326461.891812734,298925566.2753631,532226435.1922177
52408946.00871872,77960572.0805214,71624227.97359887,264563505.23116067,466557251.2939997
78267109.14840624,87783692.43071073,60573381.82206075,318413907.1559994,545038090.5571771
80600500.23389205,78385072.00387242,66914653.46482787,295954399.8249105,521854625.5275029
92806118.46595784,72916599.76553355,52824276.50326066,258428630.15179637,476975624.8865484
73736168.54604422,60877090.701962665,62399724.32084559,287692430.2206712,484705413.78952366
92293606.1971587,81869479.58444011,74759145.46884394,331110991.8301678,580033223.0806105
74546482.51740539,78530416.95484254,67961864.72218713,394345176.6764111,615383940.8708462
87318597.5944126,79570435.96824819,66550296.263218015,307873588.05258363,541312917.8784624
86948391.19097397,72332805.5049659,66134210.28512762,325513990.8710847,550929397.8521521
81541857.09378731,82549014.03517021,73976955.20932083,284488925.25577736,522556751.5940557
74736760.07432325,77392839.17233875,61394009.41729103,264899473.85060224,478423082.51455534
114805111.79923272,72450578.05901827,55173115.8776875,266275420.33793822,508704226.07387674
90503735.67833842,77404592.42471898,83467797.36666124,295502060.9265626,546878186.3962812
90569097.20742527,87446387.18246639,64813615.87580462,332825092.7481766,575654193.0138729
65033022.620112374,87242720.4291289,76941740.56112833,294272519.8195278,523490003.4298974
99601858.51397724,91278145.67281918,61610620.29614571,284531362.7211565,537021987.2040986
108186282.98997214,80544849.1410995,72318723.2233894,316327488.5156119,577377343.8700728
100590388.05316672,83407982.77260488,70159789.16144782,245114499.09295133,499272659.08017075
96619973.26208365,84740148.59917088,60020640.895070806,262863134.24794698,504243897.0042723
94744392.56441657,79310947.38058035,53493396.493200645,264459993.27401713,492008729.7122147
91702868.29511383,83235606.88772714,64165785.88809216,299795954.7922959,538900215.863229
75752976.22851661,85891442.63022664,70135030.16916873,288473693.24262583,520253142.2705378
72466734.01950093,63045699.227423966,74990198.0385681,301622402.3434425,512125033.62893546
81803246.01634255,73186324.94544284,60116572.96383239,292540157.9345947,507646301.86021245
87697098.04788288,76335768.41202517,57006177.59182496,325553031.4245755,546592075.4763086
79817726.14182767,69130976.43376131,58145288.06191553,258871033.84415153,465965024.4816561
91029172.59117572,85217884.31077877,63684419.130910635,246739789.47441795,486671265.5072831
73981520.57519178,69621751.54324833,54478522.655631684,268309934.39586076,466391729.16993254
79836039.63839191,74464588.6363446,54800615.24312177,309928269.3312471,519029512.84910536
113780927.00676621,95342936.37892272,68809826.84309277,340178295.1883878,618111985.4171696
95241140.99194601,77253860.70807135,68342769.54039586,332873797.35270303,573711568.5931163
100459785.26642206,71556993.12324437,71185546.43556027,374153952.6032808,617356277.4285076
100440576.09788494,93840414.96916339,53463598.98688151,316259533.4704481,564004123.5243778
90977490.63990802,86516638.85790162,61082376.9575841,285226415.84963506,523802922.3050288
100736240.22389194,69580246.02150102,66309211.58504358,302320308.1647719,538946005.9952085
84514193.74556156,80733732.83356974,59170707.271548785,272245661.67562854,496664295.52630866
85284814.7148396,65915960.16715696,72094644.51450858,279877599.9833112,503173019.3798163
98910629.81323501,70781618.64906503,70432537.42831789,255782996.44226858,495907782.3328866
109275075.61882655,91320036.78039761,67687924.80147697,284061101.76771706,552344138.9684181
93841485.47972451,64880195.25313026,62590640.07302323,270213243.63810927,491525564.44398725
83727771.78690003,70004453.01089405,57984787.67623133,355858031.69177145,567575044.1657969
98819023.91501208,65996543.88528872,56779514.28620086,320341576.86178696,541936658.9482887
101841638.41276118,67180242.26447178,69070972.66843535,314444973.1913949,552537826.5370632
63902612.79033294,67699038.14168188,60703378.4089998,295272613.8395405,487577643.1805551
70585159.96492562,66425256.58156383,57268897.0817828,272195731.80205053,466475045.43032277
80253005.83962108,73550938.60248381,67245699.8770732,373213680.77774686,594263325.0969249
100259101.40542603,91453244.50882462,67888558.98581614,278151826.85624504,537752731.7563119
99150024.78489883,78208009.5746499,73547691.99990454,283531801.0920168,534437527.45147014
96752609.16937667,76359841.271175,63139929.61354688,289197223.9976934,525449604.05179197
94333132.7641345,84719215.69109051,66447291.801601544,320580472.75490355,566080113.0117301
92099830.98763897,83912515.00015901,77581593.8274988,393486476.1514318,647080415.9667286
80947757.42103824,88574070.56391545,70857171.76998825,276386387.6833304,516765387.43827236
78580858.75438266,78439238.91100559,72367530.09115985,277150588.40988535,506538216.16643345
77166739.37833709,69605284.0380709,57074675.85382295,234336912.43226525,438183611.7024962
61123654.03638291,67185640.02444196,63168787.08599475,319238965.0599794,510717046.20679903
70114803.94616464,62011440.34925076,56315768.84779462,286617670.24797785,475059683.3911879
102497636.25448687,85768437.14228517,67161312.83315502,322780265.3938154,578207651.6237425
76188667.83087713,74447411.65588081,64417712.88909012,354063947.94361216,569117740.3194602
94380301.4522258,70885045.26393719,59040209.93758617,283624729.8994052,507930286.55315435
67881595.63269967,70019032.6783209,61739910.02261927,312324848.59393394,511965386.9275738
96189479.30668771,78711698.05085376,55616511.72428225,254882660.96046656,485400350.0422903
79153985.2776688,80277417.18709938,72174497.17669187,303161218.27052015,534767117.9119802
127253099.44891818,99300518.64061655,87523496.5983122,363884010.7564507,677961125.4442976
93852595.15323484,80908247.0866323,54982162.62914613,259723731.74896896,489466736.61798227
84160264.96079119,76618587.10520987,65147764.813900925,313009247.39890414,538935864.2788061
62269830.48301063,74750127.35909274,64547226.71043608,294158152.5532124,495725337.1057519
101169098.75578251,69761707.51140298,62731166.11300169,308895059.86639136,542557032.2465786
76073189.5290463,58547198.78097591,51399026.0259953,277091284.9116114,463110699.24762887
83798735.14527616,75262988.66430269,60689941.4826162,256015098.84028688,475766764.13248193
89142452.10934882,75029943.62556306,71004564.8561878,283967407.6077927,519144368.19889235
63097439.86236452,52353120.190707244,53013956.8375428,281735281.2412145,450199798.1318291
84023235.6217764,70699971.19682597,53003996.83384621,230565249.97087035,438292453.6233189
92490885.26262435,75128232.46844381,63254536.90510352,252217131.59588486,483090786.23205656
74706045.5297338,73866544.50512241,66819507.016020335,297972820.90283555,513364917.9537121
108762404.03090787,74871526.22845839,77714519.03183335,325250867.82824373,586599317.1194434
88731212.8411408,85093285.64098242,64280212.37776915,294151230.42826426,532255941.2881566
71690619.78511988,81101363.60926017,69585777.59056775,350596706.28514916,572974467.270097
90116372.6552907,87090787.9039652,64011168.774236545,342663339.95270455,583881669.286197
81825599.47795743,75037402.04328972,71336551.3729899,404317754.00246793,632517306.8967049
99446229.5669135,87138791.7123485,66039020.472525425,314340092.47503173,566964134.2268192
85879353.82370038,89228983.44497333,69175918.89006814,363646644.00582784,607930900.1645697
70799526.31178486,85318589.80268745,61563964.63076698,332381933.0681185,550064013.8133578
75935422.11374478,79214163.81641689,59341224.01003078,334564450.7663663,549055260.7065587
99848235.05150191,73220283.54423341,70383443.10901488,344201051.9681387,587653013.6728889
75221489.40769653,65314377.563461244,54183097.26706161,248326384.8753654,443045349.1135848
73403532.41947424,81438697.88568106,71684353.79707654,256312983.79471764,482839567.8969495
80366571.30843101,65360374.12289765,68480546.49001092,287242625.4607953,501450117.38213485
68099773.39753972,73383943.20722415,68781065.74043879,273468175.83211255,483732958.17731524
83585689.89063305,67919196.20533928,72974208.64663652,293504101.88545394,517983196.6280628
77688069.51213287,73699862.42654587,63150693.35941937,324336573.58221096,538875198.8803091
105956734.46997385,91615036.22252852,69009149.82033719,324946944.4841404,591527864.99698
110681961.86640647,95824736.09493424,66472730.119066544,334397269.7147041,607376697.7951114
93323014.41251402,86011528.5265995,80851671.73083757,287026865.2972069,547213079.967158
78076692.72335796,82422866.37528361,68916694.8496633,239332721.50853568,468748975.4568406
66783781.78794632,77334455.65358895,72106568.70920075,265472299.4734727,481697105.62420875
103991999.3471015,77423568.63486207,59707675.456555784,279699811.2376458,520823054.67616516
71699785.62891547,67803705.47527409,49867850.336662255,278160789.5384755,467532130.9793273
95805057.04804899,66544520.55560673,63190067.69652041,271635123.61480916,497174768.9149853
97066459.07021967,59690788.80797244,65751694.67771224,241790430.9044516,464299373.46035594
84324800.17015924,69592472.18300825,60959844.22167849,248246503.77455357,463123620.34939957
113766329.95346762,69676638.81348182,56352936.03563558,358683185.0035541,598479089.8061391
91833049.25822142,66621506.47213753,61948419.2073626,288439969.5630133,508842944.50073487
66555645.40744773,65581676.447638474,60896492.637589775,339163491.919437,532197306.41211295
84610350.49920219,74601498.67032704,59408735.40425309,335720391.7650564,554340976.3388387
100765039.72777487,86146931.03445898,71130922.9175687,261339475.5922491,519382369.27205163
103784082.96875788,79696244.72816053,65730672.660330676,322312387.4492231,571523387.8064722
90395703.64542444,67817426.76889214,60918963.21747327,237454148.523267,456586242.15505683
88417647.23857524,89019703.99824543,56950533.10144663,302294200.1409095,536682084.47917676
97061449.33388072,85685428.81238545,63940910.27984194,269346125.98221797,516033914.408326
79383147.77943344,85484493.582425,56173779.96425059,256760153.82772806,477801575.1538371
81030773.66305147,66874498.869526535,62129812.46900986,348366648.8064633,558401733.8080511
71917406.92691515,71630684.99749988,63575655.7539984,287724666.8454951,494848414.52390856
67730025.15327297,66764396.99376383,57136594.339182295,311117613.7113498,502748630.1975689
93268837.04731154,64597543.81993457,59406540.784314975,276278876.74791926,493551798.39948034
119261252.62396558,84510718.20515016,62043596.67804176,278150881.4448329,543966448.9519904
82078485.59596868,78275724.35052198,70506659.15583645,316917324.3965336,547778193.4988607
84327164.69282462,74352622.28350268,64342849.143638484,245744319.71800715,468766955.83797294
86356175.9594664,71041062.2972047,52823946.053849034,378323486.9870687,588544671.2975888
91665583.12828949,77088844.45061982,63812940.529634275,328908021.6659259,561475389.7744695
72397152.97973146,70373994.1189988,56468609.81335149,315208273.9131112,514448030.8251929
76393892.27964346,83871936.06559122,67289866.48189917,336423875.1158745,563979569.9430084
92974759.76489058,87267216.59425506,62791396.39280301,338115156.0510707,581148528.8030193
64717016.5847319,71484590.59443182,59153472.96015726,249553942.33581123,444909022.4751322
75581275.56910354,68423406.97239836,61256998.048032835,278054657.4196017,483316338.0091364
88332724.5230149,69351408.53342809,60241592.28084807,285594334.87742394,503520060.214715
89788416.35859406,84501716.1924479,76441314.2817638,327262569.34557444,577994016.1783803
93428394.83581436,80140160.27763101,65338308.80093779,338617023.72211784,577523887.6365011
75328025.2757281,58115224.77355942,51892499.9103268,328516097.2679969,513851847.22761124
83178205.8201699,77716421.04685436,64315468.08230017,322943371.51740056,548153466.466725
88201081.99218632,75700754.12584816,71001700.06558342,293506259.7159336,528409795.8995515
92562051.36389178,75601563.7415956,65372750.984517284,276435523.95010906,509971890.0401137
84243610.99043523,70937546.09981497,73300619.80501728,255438898.61115736,483920675.50642484
100554489.72643486,64265314.92653392,66506724.24868133,273332760.00863445,504659288.9102845
95486528.32750757,76607328.79147145,56290436.44230024,343001953.0770308,571386246.6383101
98757371.618775,82967338.3110858,63995670.1833125,334805004.93808925,580525385.0512626
71008391.6830709,56165833.78446199,47919574.93517609,245671534.66640052,420765335.0691095
77278621.76940192,70422785.00642695,60656258.787342265,274239117.0212978,482596782.58446896
62140190.81627974,72058118.53161651,61178134.35850862,272955628.1689255,468332071.8753304
109089845.45659032,77862588.55768803,68259599.59345394,338088360.9955265,593300394.6032588
68697449.27829435,71910803.03727965,69789312.66344537,302526654.42416346,512924219.4031828
70780301.55027878,68655280.5658062,63909498.52957118,234033711.1366926,437378791.78234875
70223497.88649793,91004473.72761059,74066388.88638565,375812754.7443778,611107115.244872
100185738.6725966,82195021.85684064,66378353.78594599,321298775.45645326,570057889.7718365
110001042.86222647,88245456.9669565,72743991.32786027,310682352.66884965,581672843.8258929
94452399.54507002,72879020.03017436,69316493.79502556,283457967.0468954,520105880.4171653
82402786.37674361,66727469.54234157,59283947.475350276,270629836.3279546,479044039.72239006
114346742.59510018,72987779.94561689,69368915.34425181,276390086.1652704,533093524.05023926
87865328.332808,78832152.43924817,53861726.51988857,247503372.65968874,468062579.95163345
74844749.67957096,63243002.51531959,61318655.72695928,301589768.0471135,500996175.9689633
73556748.72359654,74282649.49457368,61504523.03351769,294310022.75011104,503653944.001799
78858963.03480019,78699027.36723676,80751333.50866121,349781842.26797575,588091166.178674
109008984.23411912,68084755.48070082,59287202.05187041,314385531.9308202,550766473.6975106
111033359.78720509,86662511.15523693,62733388.891691275,290408721.012443,550837980.8465762
91990579.20726818,75583232.62081338,60195188.793623894,287900787.0436379,515669787.6653433
87006574.7961148,67110333.91802794,70625317.09570017,290785261.7653241,515527487.57516706
86200263.12226841,85543511.60709064,68202865.41114697,346887255.3437787,586833895.4842848
73956808.21086071,77073566.35297059,72536613.29559417,282594148.3872792,506161136.2467047
84752198.7073746,74251365.02134706,66966152.758400396,321654550.8734115,547624267.3605335
75367540.2920575,73121039.97877814,77749653.35270911,355297764.9280408,581535998.5515856
99029722.23380502,76608493.26630865,86089312.8955104,366280462.0720408,628007990.4676648
87732080.20789571,78175078.74019274,63309634.90209784,315983805.99502325,545200599.8452096
95896483.09575737,84336074.05184098,67883028.463985,261429028.36282077,509544613.9744041
90650817.20072377,83307304.92133345,61206133.70118514,298291081.4707552,533455337.2939975
108106314.0486324,69538954.69824225,62599184.868133485,354791571.45446855,595036025.0694766
89438538.53591642,72033278.75171484,64726661.99105876,331538739.0211444,557737218.2998345
84411738.11482467,80943774.19852248,69512884.4172558,321199291.4634383,556067688.1940413
96953685.46867324,75348173.90141872,59311943.93602558,313406626.2142278,545020429.5203453
85378346.13607161,71922422.69133505,68682212.09320647,353939629.88236386,579922610.802977
85075710.0624494,75754889.3166982,57255078.05554952,286349597.8912429,504435275.32594
90353744.35293451,76540194.05508819,63632706.16827563,328231404.6643604,558758049.2406588
88021814.76565568,102840833.09635518,76498918.30648305,236323587.9582349,503685154.12672883
72982296.46554092,77727028.57238796,60991384.74561463,278986224.07400936,490686933.8575529
71510738.22072604,68860961.36419912,64070604.6495784,312022465.6768321,516464769.91133565
74067094.72144084,80487830.25054325,58020520.60212076,310941554.439516,523517000.01362085
92044250.83127503,69164505.31969671,56365920.71446471,303707502.57489544,521282179.4403319
79729285.31467313,72952716.89085074,70063061.25768138,324526159.62964016,547271223.0928454
75310374.2509147,73163147.27712534,57636414.442270264,323553453.3721116,529663389.34242195
111536313.61672671,72992245.83331247,65914760.383292966,338113855.7143919,588557175.547724
87546715.89007798,81276610.10889278,68307141.18239486,273371018.96097845,510501486.14234406
88884685.50501837,87062785.35309176,72516974.3315514,379888424.7186245,628352869.908286
65667906.03479464,74558135.17521496,59498565.67368038,266639534.32549006,466364141.20918006
107984381.92994882,77567868.45231886,64874028.416076034,316870014.8103238,567296293.6086675
61780970.03052608,82304265.14486079,83419684.31532861,358342895.5329877,585847815.0237032
93155549.13427733,75346192.399713,58233013.12870981,338712188.2099816,565446942.8726817
100991522.93316524,82879943.17519678,71914438.19304113,324853098.486345,580639002.7877481
80163874.90901394,99669285.75902136,70778074.60162614,301499246.0769016,552110481.3465631
104349633.98107938,79001148.05344486,67814666.20655093,362653052.32730764,613818500.5683829
97219134.51291801,84860769.36346772,58825397.80224592,313476906.9409666,554382208.6195983
74236754.7416485,69622197.5286058,64385877.637315996,298069799.1580521,506314629.0656224
96840052.23819253,85190742.64800137,77031933.02149707,273890182.42974937,532952910.3374404
127312777.38762398,82690193.37666918,81071983.95382658,242809990.34545752,533884945.0635773
83580163.53115237,63677866.09155247,55401212.74748132,288528551.6730537,491187794.04323983
82656158.09344104,87506857.98449329,85898435.71685931,293644841.573684,549706293.3684776
80655394.74895808,66377996.01698846,71371941.32041886,311612676.88089246,530018008.96725786
87660631.01741788,78995907.23596124,64694648.26351997,275385147.3784073,506736333.89530635
87923863.38455667,73933249.25585315,68127155.44837147,253570283.09470323,483554551.18348455
89849723.79742076,70761802.30456239,65505439.05722793,335029369.1390464,561146334.2982575
79775706.4090875,85637998.12177916,56026292.91960802,352488509.37885123,573928506.8293259
106338290.89578623,71861399.12621781,59042654.07459776,248942504.5684796,486184848.6650814
101073019.82989593,75750625.21276456,63562974.15773233,265545453.85508803,505932073.05548084
116566434.70651034,72647168.44864883,66431355.54366838,312594471.3284047,568239430.0272323
81814380.39890581,69984720.53868991,60904000.072165325,315777124.94971275,528480225.9594738
82493408.74603479,90671508.39673118,64417394.64896052,334850177.89046276,572432489.6821892
65826942.95764916,65277329.501035415,55305032.44102605,252161173.8915267,438570478.7912373
91257955.41667669,75922362.33372214,50568283.387145154,359053179.9538311,576801781.0913751
89701036.97983454,76605478.06617124,77574359.96430366,354918943.8284515,598799818.838761
83141714.97437344,60090479.18815339,64073302.92424801,264600297.63584742,471905794.7226223
106351410.80192198,72785617.81645586,62423854.509730436,257058454.84793454,498619337.9760428
71247088.62928323,71787189.9651119,62142739.791348636,281543336.6239992,486720355.009743
121153782.88199453,87917515.36510183,71792246.07305573,230353149.51865676,511216693.8388089
99537288.96164675,110820769.70083293,75875803.2726189,297214278.39958376,583448140.3346823
89518913.899344,64895843.815772824,65628880.70026879,356120656.90550596,576164295.3208916
78323983.75293788,68994783.43114519,62477775.103902094,280515056.17397064,490311598.4619558
68450848.80854353,68905606.03130847,58237499.599085554,341062751.5114793,536656705.95041686
104932246.44367771,93265334.49048053,79921961.07943998,333365614.6942702,611485156.7078683
75812976.25469878,85928611.708785,71606733.85514355,271229832.9871698,504578154.8057971
75335418.98204067,63626273.93733379,47736208.078611724,288835863.86375034,475533764.86173654
71526250.76026957,66679478.61359946,62097324.838393435,289066956.7523735,489370010.96463597
77792597.27208222,88378335.22384961,58092909.15437249,251690446.49191004,475954288.14221436
93842107.55021119,71985591.04728866,60056731.558787696,261731998.95667103,487616429.11295855
92061268.18603778,79081307.6930956,68348930.99792568,288241428.0611641,527732934.9382231
77325752.17005463,72677708.03963573,72154074.97155753,370130882.15355295,592288417.3348008
104195161.05113986,84006787.05534789,78258630.26658517,280092497.74987435,546553076.1229472
77788505.90498564,78789058.32237013,65561666.42326506,316244322.5957453,538383553.2463661
102017571.23607033,86735382.00609842,61899659.517220624,304327553.0137723,554980165.7731616
75251567.47105823,67285371.5933872,50829928.47727734,286218809.3213662,479585676.86308897
65528500.37308819,74652143.181758,75506212.35284884,332056710.2543613,547743566.1620563
87935601.2745009,91032026.63404827,73883691.48738292,287833636.7306066,540684956.1265388
88972714.48164512,95868179.65616263,63796825.2280671,263009195.35898706,511646914.7248619
96232361.60970385,75837947.49546583,62413908.48042216,260085903.76153672,494570121.34712857
63816279.37173218,59928138.67232133,71139308.01241757,301496880.2567892,496380606.3132603
63691191.384328514,81256261.4235697,76824378.01161894,363941975.9216488,585713806.741166
81502371.18240869,72657495.22860311,65638245.81419942,355150239.0581353,574948351.2833465
79792912.9332073,68366021.4397111,68333645.82186943,348778603.7834202,565271183.9782081
86473814.55242364,82075614.21810128,69011399.02832498,300847523.23443204,538408351.0332819
76362861.38011287,64637002.78533876,57019605.18963461,258176803.05380213,456196272.4088884
91258101.9325761,88502262.46993048,72182641.1300242,283763900.5549364,535706906.0874672
100010365.9926537,81246262.58234994,72668711.53149578,295802906.67123675,549728246.7777362
104563247.77379726,90340160.96172462,70184942.05724436,341655514.0679637,606743864.8607299
104030668.14254358,75068646.32240126,65937332.03143089,307529165.62552106,552565812.1218967
73148578.25004134,76959081.91761181,74027306.93270992,307197592.2831332,531332559.3834963
92085579.84626977,90557011.46537732,67817323.33950369,324570510.88485247,575030425.5360032
79602606.93982217,69581522.81514364,65979898.56941733,309891409.66617686,525055437.99056
95314622.1599325,78342635.43108982,71119942.37604333,376765981.3959071,621543181.3629727
103340297.65963626,82245152.33223641,73284005.50986782,304508543.474971,563377998.9767115
85012917.62216087,80095966.6711232,68055642.95787707,337246900.2608379,570411427.511999
106826071.58239666,78759785.8440479,53583445.01271329,367875038.9136728,607044341.3528306
78555570.08609274,76018867.89877886,71493654.50412166,364167396.0837573,590235488.5727506
116455612.97480361,77922008.7960456,78445761.07431982,326805881.0405356,599629263.8857048
135312465.477506,95471658.66403766,73145910.05761836,292688916.4783412,596618950.6775033
57264366.3385346,74788502.78690661,71796240.90373552,335576344.6253987,539425454.6545755
59825039.90774417,60425572.68868336,62108080.03012925,358483815.9393252,540842508.565882
86435560.19187094,86156337.57144184,61418639.46940267,309643081.746275,543653618.9789904
83455362.88124682,86427022.33921164,65047051.29211745,371675857.13979656,606605293.6523725
83014805.72796789,66514948.02911649,55193975.934413455,267821571.36848232,472545301.05998015
92539665.04717332,71891770.71615125,58871906.21507137,326522540.17735356,549825882.1557496
52146508.90707631,64449878.300951734,50892654.487267025,252681677.3595923,420170719.05488735
90679297.19233057,74985416.24065556,63627785.33170521,345578813.70848876,574871312.47318
87017970.82196704,93709152.65673336,78177887.32935366,289033770.0137876,547938780.8218417
118868413.5737512,84309079.15855086,87911825.66637088,320857580.670408,611946899.069081
91093832.18834111,80795712.10796948,66580699.1084073,355117178.927058,593587422.3317759
118839674.39291136,62645625.525291115,68847845.64696932,273942002.7853081,524275148.3504799
57574986.85211896,73529435.32419102,67316622.29016574,327438818.100544,525859862.5670197
92546490.24393779,85341052.41874315,64710253.83551865,315690005.7219617,558287802.2201612
97523991.2094764,91260974.70459323,72042321.63843624,308818076.2563364,569645363.8088422
86439919.14146951,66175328.845086895,68430401.05089848,256359217.40813854,477404866.4455935
92842421.46714717,77952863.09350738,55781319.3710891,246833116.3951733,473409720.32691693
76064904.07484056,70910863.24019945,75845686.5647998,308110816.1444244,530932270.02426416
95183707.03515257,89859198.90733834,80750378.9860933,324528911.4137195,590322196.3423038
77891280.84880927,78580527.36621046,61236515.77884609,368560856.77896446,586269180.7728302
100209498.73984422,80459418.83654498,72549295.83514367,320107788.64696115,573326002.0584941
82212870.40146351,79546418.27242151,65103818.92030548,380088707.35562474,606951814.9498153
78051376.96673955,78707438.65880951,60583188.147655286,272426213.71422094,489768217.4874253
65514699.64027697,74798211.60548688,60387057.0369863,335275215.8414269,535975184.12417704
93175028.55582243,78591624.78649038,56918636.88504118,315254039.4079213,543939329.6352754
78434247.8138668,62968965.734717615,63992151.231628604,256522365.56578422,461917730.3459972
62391363.6697553,81939896.99786617,62209493.04865198,245784115.45312962,452324869.1694031
74749901.29204337,67621315.26354481,71417237.30945285,252877076.2425634,466665530.1076044
70378346.33542056,81184847.92705625,63341965.08836173,310030296.0560772,524935455.4069157
80614588.40155153,94408688.53677583,61506965.46813362,314656737.4761599,551186979.8826208
110938494.48924258,76970261.47513889,61779889.17054965,328679892.5219419,578368537.656873
102420245.18246876,71969033.14576463,77764949.74162766,317731060.4097358,569885288.4795969
94610406.29568365,92062844.72513643,78614435.63425428,323352545.3991875,588640232.0542619
78315693.42627452,101545792.39892544,67065996.683512695,324618684.25030595,571546166.7590187
94629014.59641065,82683041.24833763,88468445.54511754,331358098.2292448,597138599.6191106
85890374.88206501,90734140.34365378,69725179.16971774,346394382.32957006,592744076.7250066
89965354.71821384,85246497.3629098,75563997.66172154,303427218.8329784,554203068.5758235
64909818.79690549,58667523.88094945,46881588.57198462,269529756.4842505,439988687.73409003
59832598.037897766,68595854.95919341,62714276.273253426,326614418.0789491,517757147.3492937
94544044.81381631,86021715.31555392,73347644.3474061,304504183.83441013,558417588.3111864
85740350.09097862,68713841.70107111,65112819.98817627,250436846.80987394,470003858.59009993
103441709.0485315,70837814.89455082,66215328.74750658,314844529.9572445,555339382.6478335
105055795.66353807,65381304.42658658,60645246.75874061,314225552.5203828,545307899.3692482
115437183.222881,80741309.70709015,64360309.15408809,385583410.77892154,646122212.8629808
99168053.89356503,91826590.62418595,62321564.08974711,324719943.7913741,578036152.3988721
73318566.78801721,62935091.102647975,64824397.996666536,320157986.51140755,521236042.3987393
80729737.90680641,88234451.80769077,66772830.46351039,299423490.25841033,535160510.43641794
86706102.30401224,73904876.38256563,75984337.11088972,278571467.4945327,515166783.2920003
77284731.58724135,64532730.71211933,76694459.34451383,298979736.35565895,517491657.9995335
77109517.62030426,71597231.80170529,70715688.16576947,331497748.33472484,550920185.9225038
79534224.15438177,71172911.07378443,53798209.966460384,292075081.3675016,496580426.5621282
107087175.38687678,74554327.81143296,71739056.06853041,290830872.94087917,544211432.2077193
73174014.761571,79115311.34281076,87589592.11764327,347139607.7788516,587018526.0008767
81615674.34578162,72007455.89996053,80697740.72928216,328980107.7289523,563300978.7039766
77141636.28557426,73489436.46755135,66286941.077049844,319878298.8362302,536796312.6664057
111099961.92237185,93165781.92929845,74674565.54263705,318997379.140111,597937688.5344183
92917111.23542288,71972674.64533456,72936721.8731872,303340060.3130984,541166568.0670431
94340201.15399942,94424536.50247121,77393297.21600334,331533802.5065794,597691837.3790534
80273699.38807677,74020102.72259939,56798137.81648921,310805495.53431475,521897435.46148014
61960867.647435054,78764068.4624549,71336385.44087222,312869092.78525263,524930414.3360148
80073036.2010104,74508034.5995336,52789555.95491447,315892443.20904183,523263069.9645003
84949834.97131777,90121510.63745952,73969324.7748969,326033241.68162507,575073912.0652993
92990978.85440433,68996541.14929281,60523874.72045869,300239361.92484415,522750756.649
83083273.45258392,70427373.61306109,61758068.36435644,298658635.66236264,513927351.0923641
126420575.84583081,79739948.72604929,63823638.43447632,299608030.44444305,569592193.4507995
110914306.08380187,96381941.16711833,93151959.80352578,341558497.29404664,642006704.3484926
96644448.3223939,69005825.06805162,61399849.255784065,261179962.12446445,488230084.770694
94074043.27681395,77770519.3563135,68865899.25578123,279836208.88026613,520546670.7691748
99935285.57225794,59447144.34451304,58675913.988685444,286377880.03467697,504436223.9401334
63089856.91388315,73927411.81045137,62550877.56139723,317914608.5019199,517482754.78765166
120126342.89599602,84965759.8477345,79327919.1622335,378543225.6837422,662963247.5897062
94357210.46441668,70107071.47037287,52956915.69149102,299363594.8232411,516784792.44952166
81793595.53194043,86992862.04712251,65625632.410788886,306737678.6045331,541149768.5943849
72435300.69199716,70129868.22988755,56454553.94656224,262965774.69715852,461985497.56560546
86473488.3887647,70819935.8066824,87666843.84404393,356484717.22890246,601444985.2683935
103750350.53390753,78157316.12983519,68501311.05861022,293777196.379006,544186174.1013589
132762075.38412032,82671318.39478074,65550945.30366062,282544793.99688596,563529133.0794476
92019244.53326164,90777144.53243199,81017256.6092989,298093909.22204095,561907554.8970335
76956222.24680479,85429445.00103733,88044895.99215387,323607655.9698909,574038219.2098869
105796954.53269778,67132335.13155524,57668611.66357388,260116491.7570301,490714393.084857
93158891.58343571,75674649.30942707,68164246.74002975,353029857.5507821,590027645.1836746
78547120.09504099,75134136.19261521,55701417.86024402,332930121.22906774,542312795.3769679
103946149.41691914,82578089.93713237,70156793.1745254,294248401.1254702,550929433.6540471
69742853.11487697,74944202.10937223,70726243.25367834,388385068.7059604,603798367.183888
81881509.9235593,77404717.17591107,75617489.83076896,358911145.0947512,593814862.0249906
78934166.82660152,72045716.60685623,60334096.294673294,266699292.2055966,478013271.9337276
110384053.197353,80868566.1943749,68279217.77,318603547.6900432,578135384.8517711
87961989.05966006,74334581.02626193,59867346.37816349,355100628.86979026,577264545.3338758
79596742.56941177,66952485.19843853,61794192.16481841,378864767.0324345,587208186.9651033
76457139.58245245,80177806.30753577,64946837.8964985,312582556.860465,534164340.6469517
101086003.04471679,64524990.0680543,56222483.90445907,320907336.7012094,542740813.7184396
88579554.39090028,78268503.08050337,72817677.70984979,282122118.1447745,521787853.3260279
103260268.19227692,86931234.86070447,72595131.10016808,333469316.36379373,596255950.5169432
105093669.63576812,74133981.25054197,71697550.93081488,379650533.3730576,630575735.1901826
96629498.9157279,75923358.45388758,87574285.8585128,335119894.48841304,595247037.7165413
109099808.87400235,76268077.86283568,76301944.44645531,297112945.69146574,558782776.8747591
91843088.12940203,71795549.8151962,81206634.14460896,310575166.7426403,555420438.8318474
73030223.82650091,73913124.36604434,68756177.96386884,304733855.7904155,520433381.9468296
76558254.5322567,83294867.63896719,78843812.10378522,264454101.35935193,503151035.634361
75781187.73928395,72376563.32133916,60228311.27155691,314065189.0517663,522451251.3839463
117080963.55232464,77863337.66997512,82136170.2700298,272858397.82897407,549938869.3213036
93811619.89241779,72241928.3236455,68866955.75000805,250350928.94644767,485271432.912519
70984074.58843912,76734239.92189446,60653405.77154949,286544507.81836,494916228.1002431
117021131.06736559,82657865.45816302,77652483.13390464,293602708.6542165,570934188.3136498
70352458.70106146,71816412.34314005,53300761.91641495,264370662.95120117,459840295.9118176
90592274.12179607,75787021.32592183,68851784.3073368,329485316.05454826,564716395.809603
72010680.52575392,65362671.45549513,47382931.65569907,264672563.6554103,449428847.2923584
98128523.92353553,92860358.34878829,73850906.83815649,373478937.9515825,638318727.0620627
92736370.82795334,78138789.61944358,62410438.61834159,228982122.99360698,462267722.0593455
106077991.56347604,79076368.4638325,80254011.75863527,287948761.2487974,553357133.0347412
128668832.87887065,80770659.06018114,64121576.32374164,298250088.38439655,571811156.64719
89621208.91787025,75963957.69450894,62262195.18224394,243926316.26395196,471773678.0585751
76668582.82512458,83679974.87745465,61301712.366393164,246961637.90404007,468611907.97301245
73645997.61807656,72499139.90431973,58540176.57973347,284227929.647291,488913243.74942076
76740739.71770999,83074925.00531925,71914366.6297483,403278414.5153676,635008445.8681452
82036752.5737503,72630363.82506193,74327873.87231342,325903526.9418733,554898517.212999
75002723.2535273,78429628.99367018,69379003.23639615,250687617.9107997,473498973.3943933
78570462.54568669,75979646.62213562,77839045.19938873,342552943.6017565,574942097.9689676
79676162.67319079,68708988.52047448,69297268.6369639,230511069.00329995,448193488.8339291
76628645.2032611,86968853.34047875,71574142.89156882,287253640.0037837,522425281.4390924
71937391.44299386,80274656.36514895,67231469.42753349,298595358.7875847,518038876.023261
92590259.92666136,78628019.59939441,67967384.34880562,264226065.8444645,503411729.7193259
73989689.04806101,79939687.44154279,71203660.62131834,324451505.1929139,549584542.3038361
79390003.82655288,81385748.13147248,64553751.30291927,353125793.4629637,578455296.7239083
77377859.35042477,69711415.82812579,62151805.764223486,327380387.82579243,536621468.7685665
86719442.65523374,76341610.99087375,63159771.00313879,310567208.2827391,536788032.9319854
86225745.26464373,69338958.6729156,64599342.12840768,305409127.4984149,525573173.56438184
127050910.97897014,77239859.92761657,61837014.87687842,311586200.43546915,577713986.2189343
74388739.54593052,64856609.40836606,51697296.93370225,258001635.55494517,448944281.44294405
77339892.84785376,63862202.26603761,59304392.5039462,221958550.4291839,422465038.04702145
94353262.03153598,72653717.89493273,62157569.66705928,319922717.5005133,549087267.0940413
92557102.59084709,71729609.06377298,68396865.35585055,365177410.6541827,597860987.6646533
74158623.77391931,80031799.88843709,58433314.6166312,338868773.83668107,551492512.1156687
77811470.0655387,68010977.91195977,71829634.04877555,333481145.68570894,551133227.711983
78221684.21114714,75353280.55369614,60059644.10854247,247020947.51519582,460655556.3885816
89891841.70329408,73542066.43775816,58412557.20120255,342363727.7503107,564210193.0925655
75357716.83493209,74862030.21382506,73868188.94621475,302496946.5425851,526584882.53755695
77534735.55314179,76696900.30777512,69408522.38049924,340299686.4858027,563939844.7272189
117677429.22828712,77268630.138167,69542241.52768785,267984648.25273532,532472949.1468773
97028790.20192628,79642987.02766137,66413479.581855975,285510913.9796756,528596170.7911192
82475313.49695536,77229208.82078859,59062444.291722976,286078823.05308974,504845789.66255665
87441170.72369489,63749591.34310642,54366775.720188014,264903017.32307628,470460555.1100656
112104220.29406211,73197720.36353159,65820549.734931685,269959094.05388254,521081584.4464079
77012193.73480316,62649108.53089541,65617704.20791793,255905906.4398982,461184912.9135147
100840735.5459876,83022152.11102144,68549660.4828549,345644311.1931243,598056859.3329883
143342370.61976272,90014662.93871494,64148578.2470509,366985073.54315656,664490685.348685
89846168.12787591,97775660.90243495,68982539.54213586,364699593.14840096,621303961.7208477
87205756.07466573,103431935.16780873,72304835.14646536,451572952.7211167,714515479.1100565
93571731.07018027,85277766.03100416,85074212.34959157,298953494.2690059,562877203.7197819
101848325.2432646,76212687.19743876,68088537.7230242,310361728.15759933,556511278.321327
95579672.70399916,82611517.32145187,64231080.2450823,309401364.75428563,551823635.0248189
60008097.69434592,78390947.96121106,79623960.46993819,324436640.7070675,542459646.8325627
67431361.74575081,78226537.38463117,59941929.77459714,303096463.79939526,508696292.70437443
97326521.04122932,83107461.20556188,78456152.89024433,325832371.40014386,584722506.5371794
89662913.1815662,83388897.29163094,68130303.91057059,285800705.416667,526982819.8004347
93754604.823367,67911337.60818958,62874948.207362324,254382773.39543262,478923664.0343515
79794042.3304924,70296101.90841985,56620973.15146879,329938446.32199013,536649563.7123712
102648918.59155059,91912830.27054313,70547680.55417497,300023617.227892,565133046.6441607
99184319.05594075,79531291.39423476,68905607.20201501,230912192.7034862,478533410.3556768
98439505.1447702,84071275.2537972,69350508.03359675,341958377.1766315,593819665.6087956
96029055.99193135,71775505.6550252,63343977.901120156,267340175.4446484,498488714.99272513
110217480.33426572,89844318.49385598,65235275.491942085,331952739.2997413,597249813.6198051
91186665.07763101,71026213.36580385,65462888.67705367,333372938.9621471,561048706.0826356
101373559.32471305,103084910.08637628,76313524.2389133,315919710.034406,596691703.6844087
95422602.66804455,76052764.97055438,62056606.521762826,269904629.5807626,503436603.7411244
50370085.401107326,73150662.14154004,51522184.246832915,255856247.14534503,430899178.9348253
91389151.87692371,74116299.35715124,84675238.14929764,271305403.73487264,521486093.11824524
124810903.47458817,96820415.97101426,83192433.50546807,390288008.08583206,695111761.0369025
93045554.84695806,63443851.04134109,65625031.13239519,252434379.6649001,474548816.68559444
80132743.36131312,73990539.64682928,58317092.96936201,327981026.11323845,540421402.0907428
84273269.53745288,79173530.9895085,66923382.86719349,310726363.77499294,541096547.1691478
75661864.94170108,64351826.81496904,60076909.86462366,261619661.1795087,461710262.80080247
109011862.08301081,68292954.16652834,84846374.5803767,332764134.9296519,594915325.7595677
88181511.1928915,71684350.00249666,69821539.9893235,299764620.20163554,529452021.3863472
91506754.38127993,84796950.06116273,74994502.3418644,365763388.2116256,617061594.9959326
95052013.40424581,69534771.90499693,50128427.13413855,289736057.14824736,504451269.5916287
90414139.72839805,95843817.81767559,71705569.20632568,331105290.9516328,589068817.7040322
98765755.34097297,83067028.66615109,76347914.46756253,289769589.24782,547950287.7225066
74585197.81653288,71114236.64550419,49162060.1412511,279664735.80926794,474526230.4125561
78466447.23210892,77122502.94031525,63919077.83089178,268554640.6378762,488062668.6411922
107577710.3615526,80581762.58212681,76055107.24749745,324392677.245706,588607257.4368829
93934591.77380109,66143921.858556144,73101467.51185486,341178291.28889483,574358272.4331069
86945231.30225271,78626817.49648064,75413997.2849458,302004181.5634605,542990227.6471397
67679550.373593,68982986.28062357,63551026.48125227,296574304.2614586,496787867.3969274
107693355.38181566,71460518.50393686,59278576.61537282,261940124.7667464,500372575.26787174
93405777.05246344,64812302.5788305,68028850.4836951,271731392.04071546,497978322.1557045
77052912.27722315,90783550.13275702,81393623.89542408,329099120.6445584,578329206.9499626
70693129.0003768,91573445.00740041,68525067.08482847,320167890.6445394,550959531.7371451
100920261.69897932,62714761.643252514,57293046.89935248,287415168.1143077,508343238.35589206
89052727.68812384,65782716.83003232,64909474.299952134,300409067.7446496,520153986.5627579
113897212.8431302,90757787.81102909,70033984.82124919,307945889.9108585,582634875.386267
102591486.67412075,81592089.36505072,58450567.7420224,379241156.83398044,621875300.6151743
74424100.8618335,97753280.20867631,76026125.34130509,298617779.80500895,546821286.2168238
59694715.76456878,76392018.99162768,53619181.06639579,299795691.4461538,489501607.2687461
118859671.5712244,71592399.23227781,71976589.55749564,282926588.75075954,545355249.1117574
104559446.23432894,79909204.43071048,68135373.03894386,354893189.3244572,607497213.0284405
96392513.76960857,70946670.16124259,80010139.19708572,265973192.76560426,513322515.89354116
91144397.28412528,69904802.0189125,53730668.774030626,252378996.50959173,467158864.58666015
86523004.29814465,79101860.57768607,76076532.2598133,374456737.03272283,616158134.1683669
91173448.07471545,73042990.12093876,73785132.76743422,290443173.67863244,528444744.6417209
67543841.01283248,80048031.91056955,77499033.4429347,287985986.6496406,513076893.0159773
119378341.91542919,87415554.75524952,75238914.00778615,301210248.10675496,583243058.7852199
102637366.09998381,66225088.039267,60753396.861729905,271462305.3761184,501078156.37709916
70716967.53681868,80178776.41395809,69245973.25787957,338157233.8313033,558298951.0399597
83406732.35407577,84418274.721809,69324287.37706281,294197728.8365565,531347023.28950405
78726912.35386711,59143651.3638524,68095350.8653794,337705109.193139,543671023.776238
139362509.33093375,81435148.53286678,64895070.78665418,252624897.45585123,538317626.106306
101699517.48745017,85736282.06017415,84267884.12628989,294410429.2015865,566114112.8755007
97808629.63798316,73543261.48103303,77094607.46451557,335650675.0320261,584097173.6155579
67977017.71462199,70845185.83911493,50087778.91235663,246436683.05613098,435346665.52222455
73090297.72083923,67903139.7716088,60448122.93392959,299656927.168571,501098487.59494865
88822372.96478562,76214003.83814543,68892602.89798057,266445887.01433414,500374866.7152458
88235920.19568338,90056617.22112346,69402992.94111018,331084244.2723984,578779774.6303154
93001054.52252232,85310168.63947824,71928683.51074609,346307429.4218471,596547336.0945938
94588138.61105476,83634904.78867938,72770182.63121898,280256760.42225224,531249986.45320535
72299090.7400657,70023935.45539421,75828175.42957453,305350729.1953645,523501930.8203989
91639984.49404116,61326536.225629166,62251704.49547235,297431199.0491544,512649424.26429707
56837449.13370845,71425177.10503307,51393592.61530897,260228154.60962033,439884373.46367085
102263030.89849201,80353500.56373176,64794640.35334457,287032338.1004638,534443509.91603214
81561635.05170435,76366171.61230245,57139319.119658925,334166190.6833579,549233316.4670236
72568203.8219116,59802066.12778731,66619671.79941889,283019894.08084786,482009835.82996565
88197507.54056548,82293425.07838853,62683873.24642146,307513630.59768134,540688436.4630568
96746998.77111146,94200782.1746057,68278923.39785865,297030218.40098333,556256922.7445592
95440732.83529508,79573752.98764513,66640551.367207155,368307616.89278394,609962654.0829313
66611235.287858516,60756357.00602557,48598720.3442885,316579060.0792392,492545372.71741176
94700778.42468959,66191323.0987779,61965625.51666459,295415277.13137645,518273004.17150855
61222537.15781773,71783531.1522364,54759834.5936719,312056601.6236549,499822504.52738094
72575437.43317018,74873285.65810086,75573970.05641729,350193928.7805839,573216621.9282722
94586222.58376886,76797039.04849197,55857704.785871916,278458403.6517036,505699370.0698364
84108132.44490394,72933144.24347767,54042476.0572342,303441067.84620345,514524820.5918193
72181655.85839349,87163822.95726259,70086124.93308094,348738023.1105825,578169626.8593194
101677156.00978895,100172644.68707372,76245430.13089235,309588244.9051076,587683475.7328627
82180548.29054086,89249374.50671701,60001258.20408399,272424657.0607885,503855838.06213033
90581213.61795846,75422304.14305438,74075419.294722,268242579.08993983,508321516.1456747
86278017.36953855,74300295.17371903,57611886.60790878,324997258.6633049,543187457.8144712
85935523.54039527,74688468.84608717,59435166.850067616,283789298.8872866,503848458.12383664
74046555.13233165,81026973.1538035,75730401.57722577,382795079.2338873,613599009.0972482
93485270.99878426,74346211.81529406,62254498.01777975,317130286.22623926,547216267.0580974
90058669.09076373,75137421.6131088,63901520.42304283,345235372.1209365,574332983.2478518
81380872.41202311,87528313.14907311,71093693.0505073,300424039.90336245,540426918.514966
76902930.00343138,72659257.79435225,68264612.07173619,291986243.89431643,509813043.76383626
99929656.17361696,74717787.03493011,65287091.329622164,261913344.98924813,501847879.5274173
95381912.08396965,75309505.46235234,79889221.36387716,345780310.0272181,596360948.9374173
88396031.0163682,87942506.32472557,73569266.62931319,355466388.92218477,605374192.8925917
75959247.12938161,77795127.70786646,70092952.54200236,258473240.24247348,482320567.62172395
111003692.96695167,70306662.51303968,55849691.81013057,209946822.3226254,447106869.6127473
94083040.16387464,64047169.28798525,58335126.49427299,320604585.20432913,537069921.150462
89931693.17631163,71314180.67466035,53451043.723251335,284081752.1638635,498778669.7380868
100008735.35362555,85125510.58203295,86297677.32679869,304931081.85279644,576363005.1152537
70625288.07876673,75196465.52058177,66451042.83357612,303290341.20476097,515563137.63768554
77383125.51082826,54524150.96794512,50889253.89988875,295096289.85152787,477892820.23019004
91265132.44045049,85962745.48582888,72549517.11369236,342824990.9511128,592602385.9910846
98569129.03249487,78435435.29329966,67717516.68680955,220195019.3812467,464917100.39385074
78504140.21650892,69232208.89446448,62358559.70720543,266980907.15731642,477075815.9754952
101335327.68778318,71122072.00728984,74108206.81355816,279199099.0915483,525764705.6001795
79170783.79855354,68835202.50132099,59457371.37170561,336202159.6017241,543665517.2733042
82757674.83552949,72633767.41134301,59195336.654634535,286232199.78029287,500818978.6817999
90283713.17514843,74825278.3978554,64657659.286198124,339985766.733463,569752417.592665
91114515.43224797,67301513.27944577,62488008.742182784,279382769.2578377,500286806.71171427
94796407.388392,78488189.28254269,76983679.39979897,291295890.2207438,541564166.2914774
84561718.04736741,66838369.32600736,62304637.600048855,248464963.4778977,462169688.4513213
91815152.81234728,76509214.26029705,67724742.48433308,335691217.2275733,571740326.7845507
90404574.63410974,66212663.977769986,58678609.70470744,289581177.76243436,504877026.0790215
82744226.58077495,73438147.67284648,78685768.58213855,319933573.29117715,554801716.1269372
92713096.78093062,61194734.88370124,66462393.13786852,415306418.63619655,635676643.438697
108178846.12448408,75957768.65353417,87910277.87667103,328285538.214002,600332430.8686912
91595776.19077854,74618708.58375667,63565320.09738266,232643801.4480584,462423606.3199763
98929075.3799538,75674631.7372942,65083855.817547694,313432690.5146638,553120253.4494596
81606237.89524105,77288893.94978774,76352370.48453735,330361945.27378505,565609447.6033511
85090442.08025056,74612368.48887347,67043639.53649451,276996973.9822964,503743424.08791494
90159622.7826675,82991487.61150542,69320630.37028873,295737447.34704804,538209188.1115097
83289230.31860247,81208686.47244066,59356078.44733898,271395656.0351733,495249651.2735554
67421872.84200138,72075415.62209097,70335930.68501516,356928096.4698421,566761315.6189497
111753520.24077757,74339978.17229544,68660901.77867386,293892724.28241694,548647124.4741638
113538943.54259641,93923999.11314864,74765880.66470309,298903338.8187416,581132162.1391897
50205905.51415308,56905158.011075184,45406782.757811636,227312572.55053514,379830418.833575
117821455.72305197,70163511.60377751,57645970.06876267,264265444.2061839,509896381.60177606
132213926.47310367,83037620.06900905,79342806.707,329393309.28584623,623987662.534959
63466747.14945873,84525701.94095005,70684845.63966551,306433253.63242084,525110548.3624951
115602638.51690969,77947991.66174763,66942204.49757316,295433886.28678787,555926720.9630184
103611735.97556306,86938384.27703539,72962952.88450234,280368579.8399199,543881652.9770207
82187807.7545443,66500485.03158834,71558565.58593182,255581330.3609084,475828188.73297286
112574463.19248688,93571669.70171893,65588867.938217126,296266222.985808,568001223.8182309
77805198.32118654,77940784.65228331,78269089.26973832,363561474.2926684,597576546.5358765
81366758.10465628,86601286.49559207,79604078.35579392,314882606.1861429,562454729.1421852
87075954.82421026,90905693.20536004,80471299.62511878,373444776.80709153,631897724.4617805
131935577.02806015,89052098.09170082,75369208.27145739,375027140.21311074,671384023.6043291
119895575.47570325,76227942.62809612,66067117.18706057,272166852.56686676,534357487.8577267
92128353.1668683,85393695.7178907,62105744.503426254,345456312.7925093,585084106.1806946
81101427.850392,70381107.71872248,72871835.76510935,287719716.960825,512074088.29504883
69654128.17443454,78810433.41478045,64949933.190397516,347734126.4531868,561148621.2327993
99652479.15796898,64104213.24539179,72816350.67898303,382594673.46053326,619167716.5428771
102905868.14441152,89449713.61328666,69302457.12420855,296544841.91945,558202880.8013568
90225845.15726961,85291873.064367,77128434.53727375,303752134.4023144,556398287.1612248
79994315.04671407,62833597.72767132,65690992.93381662,285296171.42197406,493815077.13017607
83103492.1384369,91902691.65166356,76279520.72146715,332409164.2307085,583694868.7422761
99607911.94162472,92418807.09335254,59550866.82026278,283627567.23353624,535205153.0887763
84025626.9799447,67406362.77574241,60854420.04861164,246801247.6031439,459087657.4074427
101085976.74514955,74133802.54930809,67700398.86228944,308000949.95036983,550921128.1071169
95350491.43009908,58452723.86035966,63129437.03840281,285259624.6421345,502192276.970996
93079114.92841901,67405152.65150799,66438275.122431196,350399771.1254389,577322313.8277972
89898768.05358495,70542153.90031743,59330476.92741308,314872378.60983473,534643777.49115014
95537339.35813533,80963444.49404085,67906199.59710106,315853048.3810805,560260031.8303578
86306164.90506126,72660822.41356613,70934578.46218817,319524442.3999641,549426008.1807797
107228303.32092936,90737710.57978646,74397037.5740235,341915297.46577716,614278348.9405165
74814623.34053078,72851389.92128026,66915600.08382357,252916244.78737384,467497858.1330085
93415963.36142348,69197912.45613462,57816271.150346905,275249098.6463263,495679245.61423135
86782949.35880518,65214528.36234448,68755231.87566642,309330574.6525329,530083284.24934894
118695072.06064382,84495319.92523302,75403976.4812295,289002901.03892684,567597269.5060332
72171315.6756075,78313455.71319883,57950824.61780002,317311335.28902394,525746931.29563034
114614566.46138848,90316688.97022094,77249444.49289261,332571532.17399985,614752232.0985019
82007348.07831763,74066904.67045037,60882183.69106348,255662781.7148979,472619218.15472937
87704105.24724592,86605023.72545707,59780034.994924754,353022948.37685585,587112112.3444836
105976028.62153,83278000.15690744,72915583.39592198,308570789.1280886,570740401.302448
87796698.69120182,72250208.15303536,65016606.0608478,306717298.3762775,531780811.2813625
117866678.6133346,86987981.25183241,69512633.1025594,309830536.95102084,584197829.9187472
77794884.17620005,69610176.38363177,70479423.31885976,289261529.83063567,507146013.7093272
78996571.79395895,69497893.50045578,58051111.903544925,332561831.7156713,539107408.913631
89223783.25921993,74048727.12148286,65718022.10456575,311031258.27662534,540021790.7618939
77372029.14738221,63088803.028890096,71251243.49857852,340845830.11501306,552557905.7898638
92646947.45481548,85798531.9105419,87412215.54167466,309900572.5352262,575758267.4422584
72888829.82113716,78874207.223211,55638233.97770364,293358913.53307354,500760184.55512536
83138278.36420023,81379124.9812844,63913560.468448505,348431163.5218553,576862127.3357885
77377109.49040659,80360164.35551295,61900189.694261454,320069096.5774063,539706560.1175873
74129389.33094367,73149844.34882553,75229838.2275936,316338996.1491558,538848068.0565186
105398782.78749232,79207378.6343787,64129537.18230535,310275176.73972285,559010875.3438993
96286128.44181877,62462113.49007008,65432992.71591026,268208631.64367118,492389866.2914703
72094759.91896823,77569480.84816872,77017555.2415298,323428291.04821706,550110087.0568838
70192620.6529966,67053359.964244194,58874188.842057884,298299292.7313537,494419462.1906524
86209876.41801219,80376014.83516128,76012528.26453732,329175866.21681684,571774285.7345276
100696627.90090673,76218931.22836277,98781807.4290556,358423786.01272017,634121152.5710452
97303760.88502394,95578232.90193062,73764993.99048944,296769069.4019262,563416057.1793702
107501544.21968749,93430642.4251176,74189724.2060063,391660800.1556864,666782711.0064977
86052555.37914406,84501490.59079513,82431715.58368924,327784538.8547707,580770300.4083991
93826392.9418964,87112942.3079215,67169898.26034093,282022448.93207103,530131682.44222987
107959539.08729927,82762090.32558268,65376142.032626055,310285010.41590214,566382781.8614101
94606936.84113128,64676442.274691045,67810006.35633801,316794074.7859082,543887460.2580686
113674572.91157831,78803481.0447856,80432471.8141143,319946364.15637225,592856889.9268506
89173374.90974587,79014932.05480255,86150191.25736876,282530862.44424415,536869360.6661613
94403278.7748267,77866485.22258526,66866737.04448976,327518270.09721696,566654771.1391187
104105860.5653432,84241972.73802353,80727645.23239385,314161048.1852993,583236526.7210598
86532527.80789338,67680939.86785243,79740355.85659654,308501201.06940305,542455024.6017454
83154476.4662683,80753421.32241036,76930535.69471337,292992696.94619113,533831130.42958313
105459736.25785705,76723769.20648642,79653571.10712202,300410291.31245124,562247367.8839167
98107962.0794627,78553493.4720737,59074321.61125866,252935705.95221916,488671483.1150142
77425829.5120871,83077486.78178197,53920894.08600693,302914836.90736973,517339047.28724575
90724913.93880875,63234353.27422984,55996731.08235632,262545044.91874754,472501043.21414244
87946911.3091701,90321493.55992064,80478767.32117024,311110171.39208347,569857343.5823444
76361158.06758997,61686913.00698815,57550466.614108354,259973802.85202813,455572340.5407146
86704585.98819971,76022503.44240227,62428146.418747164,284892807.8550359,510048043.70438504
78037736.49784447,69949164.80264844,75171141.05275907,330213244.26791847,553371286.6211705
94953265.42667864,87207281.36490877,78369406.70099933,378799517.5466524,639329471.0392392
95824994.89084263,79614582.6291072,63181107.466601074,275413671.4353107,514034356.42186165
100441792.39958689,77583561.13129912,57271561.70862244,232073421.12675226,467370336.3662607
123003439.96391259,73426293.72455533,61562109.83581927,345379044.9643974,603370888.4886845
71862652.15321574,77448659.03075923,81491984.82397188,407725049.9910793,638528345.9990261
81177812.02486674,74776374.11867063,62307526.97563847,298662580.4681744,516924293.58735025
107361118.24649665,67877506.77662702,69202292.40523821,298895565.1736483,543336482.6020103
108575361.13954188,93105350.60748142,69370391.11432073,310738303.15369964,581789406.0150436
100610910.56477612,88067825.29332986,52816724.33062245,324319016.58881193,565814476.7775404
113517817.04673743,83216655.42373012,78143523.83420604,371730793.84157,646608790.1462436
90358132.38623707,84285422.3891467,69146718.95651267,308909608.61728245,552699882.3491789
78441843.70478858,75799868.871847,81925998.8432581,288467599.181185,524635310.6010787
96262636.78769603,80769831.52553101,81209238.44737,390076005.7028202,648317712.4634173
75209944.97757103,68873406.23012687,59089466.78891321,277071840.96819437,480244658.9648055
81817298.12499613,78081072.07318343,60101391.894004636,274496684.586962,494496446.6791462
76837428.55285159,78281823.77944836,65757468.2286486,295870070.59933317,516746791.1602817
76208918.09173381,61334619.46606209,72862153.84864539,295094114.5412956,505499805.94773686
134605509.92632478,91817842.17890058,91320521.29597698,377908169.5729698,695652042.9741721
89450008.78932771,71441875.92774159,57505728.927919134,332996412.3468745,551394025.9918629
90988895.62923408,82512855.64088733,75436452.00610399,330053795.8467881,578991999.1230135
