Electrical Infrastructure,PSA Oxygen Plant,Surgical Bed Expansion,Operational Costs,Total Cost
90591916.32599016,85091244.7533583,80059083.99292625,327157716.9363462,582899962.0086209
106100785.15110974,91891511.21757631,60909872.991357304,267129543.86830738,526031713.22835076
78126937.86228469,74862650.72348292,73881842.48548272,287452505.49676615,514323936.5680165
86137044.55395979,64558319.03533031,51520476.79724618,295290246.91651183,497506087.30304813
90382331.65690428,90825127.83534074,71082711.54813752,356178627.47169346,608468798.512076
69240413.85056643,73685865.20037366,72179339.25567658,339204983.7383865,554310602.0450032
101314047.99298534,65219101.648645386,62818104.73897212,275649815.1757352,505001069.556338
84563655.05631353,79624536.5734293,64623815.131424405,300123657.255792,528935664.01695925
77546749.17382357,69286345.4998299,66113363.03728859,238152764.22878745,451099221.9397296
70858658.49355914,73616177.3652188,62752715.01929472,351790773.5121971,559018324.3902698
71659485.87995927,68593444.43344131,63350732.50429409,285930363.52197576,489534026.3396704
107808054.1357424,84193949.25844896,66867079.52858095,375945483.96650594,634814566.8892782
97576804.08893298,79680500.02043998,57356035.76261128,260733295.91211787,495346635.7841021
92129665.17938969,82338602.04138133,58425319.297573045,310130598.02259934,543024184.5409434
78983257.36042792,82847160.43819712,53201536.837164104,337566630.10915184,552598584.744941
114708043.65685369,89899322.41079096,63634638.72311571,289251537.98890805,557493542.7796685
94678305.33747336,86145390.39220685,68339999.00703315,408143905.9723194,657307600.7090328
92834616.13499461,80456261.54892705,70627648.38536254,296368370.8234991,540286896.8927833
88520315.6276312,70230833.50578217,64907201.051790625,283909790.8094854,507568140.99468935
81604863.0581091,71434375.53294756,66040731.474172726,309039943.66906476,528119913.7342941
119768358.07026954,70942007.69359386,62793500.1061142,265859186.38900712,519363052.2589847
79046187.51204741,76036862.05699733,76205105.38293278,296263636.533919,527551791.48589647
67771402.43821594,65604894.36072063,63925387.91378604,295514422.1978711,492816106.9105937
100192486.33275293,91512283.0419069,63920962.61655817,313947491.9551002,569573223.9463181
77971582.92768931,67175470.48381029,66433872.72256119,280576871.5634275,492157797.6974883
103615070.48759288,83513052.42623997,65669942.121757075,336994813.4050772,589792878.4406672
97555422.40702708,78563400.29519622,67887253.04265422,257126612.78224415,501132688.52712166
66311057.03271014,94204485.01720937,64908282.64035217,288197129.1412189,513620953.8314906
110717729.20560113,84508863.45250122,56746471.186578214,393055283.7310099,645028347.5756905
71431109.39110683,64146558.63970647,51763547.697355464,280907715.8047389,468248931.53290766
92183463.2345121,97698981.34999199,85194608.98668514,373435653.66568,648512707.2368692
87950990.92505445,64206348.05015874,58509639.225452535,229597841.02868885,440264819.22935456
81513710.68623814,74290978.0182684,60647573.416783005,293504835.61453265,509957097.7358222
76378359.57942405,71957405.03383353,68214397.85385725,236961413.31495845,453511575.78207326
76659586.43775146,70973121.43958266,74237046.48884854,338888433.51619714,560758187.8823798
93703752.22520241,71341925.21974385,58979798.10913577,231116739.6919848,455142215.2460668
75253132.56721015,76935370.73584983,74375078.89140551,299892335.9283284,526455918.1227939
81905555.60809706,75005431.47014959,65984238.55909258,255981836.59917417,478877062.2365134
68977154.15994212,62470291.99560654,61415718.831069164,291723625.7646087,484586790.75122654
115640509.78426963,77522204.48607336,80353890.55359247,245973367.25287306,519489972.0768086
74495284.52964963,76039212.97328672,65624099.03213757,298898681.84235483,515057278.37742877
70884394.54636098,74947135.39604525,67671325.21694022,296801176.29084486,510304031.4501913
72997130.29675359,73395891.64051609,55538062.82153666,330538178.2096111,532469262.96841747
71182711.2968224,73847190.40403956,56940554.90569278,269529765.25023234,471500221.8567871
93132581.98989145,78745264.60792641,82573529.56137896,300139875.314782,554591251.4739789
92881684.09815985,73155148.30135648,72694997.40577443,329200292.06556875,567932121.8708595
89054462.81733355,80051013.45430702,62955916.79767147,363912592.7835788,595973985.8528908
114861195.63334809,68244233.1624167,73655191.69721071,287447776.10782623,544208396.6008017
84301506.99213037,61491962.54496639,68889118.80533227,329505969.9310747,544188558.2735038
84838848.51341504,77577899.82694343,69406866.26361573,435451657.2592244,667275271.8631986
96986555.47786896,74944730.36945443,69860847.43548438,305969638.12781775,547761771.4106255
86946698.22986762,82065278.83837737,63203552.70444874,311121722.49715316,543337252.2698469
89394163.34231725,61673963.769342266,54454199.01926232,296060939.006532,501583265.13745385
91762527.54555924,74031425.40033667,69039182.7801653,333969560.10923934,568802695.8353006
84936745.36726254,77043273.38431108,73445187.10480404,344142290.64563596,579567496.5020137
95440132.99811564,85280744.7413519,69554202.78777309,283593942.5176425,533869023.04488313
122101794.58479595,97912967.95806706,87625161.16067927,308782595.974841,616422519.6783834
99860024.9969682,78276528.8353282,67912612.47533464,351287673.48010063,597336839.7877316
85404061.07847732,91680703.367144,55594598.35559358,312957095.4634784,545636458.2646933
108062810.50213157,71905918.22952585,51782825.821338154,302081265.59974873,533832820.1527443
88773530.47672369,77451636.52926956,64193968.38084062,323882557.6222439,554301693.0090778
88996203.45964107,79915192.4135529,85482698.05873579,456597774.6528108,710991868.5847406
88803175.85406703,90659923.55844794,89555259.5722,302922603.1851706,571940962.1698856
110507898.1963363,77628201.88708094,66227579.142568514,288789525.861201,543153205.0871868
76750260.07385425,78058574.05515136,68681219.75323486,289053424.137449,512543478.0196895
88069855.80666304,78395210.65980908,64716907.71970255,337997205.85195,569179180.0381247
68517694.07287449,85115361.29177737,58530464.44428433,269008107.8701567,481171627.6790929
64506670.9925718,63236131.2423143,60528216.34356148,289435387.26471496,477706405.84316254
68164732.23875953,68598217.46890138,73452100.22235498,344264474.22507757,554479524.1550934
102353056.11500761,81518694.6968302,67058001.15206348,284508655.6448359,535438407.6087372
69881917.98046462,79578630.1409954,73223590.49417359,323171831.928329,545855970.5439626
87651604.09266432,84046326.9421481,66320232.398673914,313214889.6425777,551233053.0760641
78400191.14993218,73803886.44626296,53651002.23485718,281099810.314649,486954890.1457013
82937218.1372658,68714640.97294584,71251926.31003866,289315818.9657211,512219604.38597137
81498527.4028785,84169599.09495838,74222004.49702609,360420155.4082213,600310286.4030843
97854694.66834794,69618306.89830385,63474003.52228102,323894195.08181596,554841200.1707487
103568676.06434529,79333497.30273321,84688171.18829525,310568114.27355945,578158458.8289332
71329215.25087437,64316057.37391597,61952639.881048076,279824633.7729475,477422546.27878594
73029380.39740583,63802589.219034776,56106646.17075435,275423289.15214777,468361904.93934274
86420639.44007096,68383986.43330012,64604472.55068224,275293524.3665633,494702622.79061663
66725228.47203763,65230137.87000119,55137801.8899223,273373505.44203186,460466673.673993
97593642.09788167,71511072.50939782,73801425.24819013,292704284.5332043,535610424.3886739
75913265.19891882,72916847.50378288,64442904.62762119,283459269.5213028,496732286.8516257
72728744.1118642,61765617.69716745,47969029.55088952,229453328.25177822,411916719.61169934
66389605.34680178,82783922.44317885,60529925.58700489,310740303.3571183,520443756.7341038
75783276.92194341,76203709.80904858,69262075.5770395,359688929.60323817,580937991.9112697
90058542.70602812,77956764.07755458,58282888.52101883,306466669.72320604,532764865.0278076
82608529.94730237,63212410.97779298,66263855.621607356,263092596.25906667,475177392.8057694
78212565.2788516,91795312.16001347,83108946.37056105,361637951.08273846,614754774.8921646
71684705.30445154,69980273.17671302,70504719.37416045,263262242.1052655,475431939.96059054
72131757.88790227,67110565.53442973,66804052.628507644,323191182.73850334,529237558.789343
87378804.5832863,82526923.30511485,72616135.71119246,317678709.2357616,560200572.8353552
80074984.43854706,93178673.3714463,72281722.46163696,333664884.5500837,579200264.821714
117087609.37575136,78709197.7815164,51343345.514881425,292500040.3075075,539640192.9796567
85554271.19714275,91540043.9717059,68423549.31380148,391488004.0275468,637005868.5101969
100638001.28129163,70465249.61654903,53820105.71617713,302175876.0870341,527099232.70105195
100952708.98198327,87154156.43466417,84550792.50817645,375985278.1849421,648642936.109766
93028641.13801977,91512251.66126469,77390512.20091443,365297308.2494762,627228713.249675
116177694.92006192,72871426.67934848,69379930.69858046,358148150.84616166,616577203.1441525
68750373.56669968,92255928.19725288,77143986.86650442,321625731.5109154,559776020.1413724
80303368.73497717,85654342.44175102,62304055.47626375,264880073.07391518,493141839.72690713
84142130.82023041,64954491.098321855,62589631.841200486,238622366.9523915,450308620.71214426
73358831.44897828,75774237.17437501,68312713.59970663,323977509.63182956,541423291.8548895
109198620.12546961,70591385.11004367,81143896.68311301,328676713.64550227,589610615.5641285
75811273.07112594,92035948.91665891,76577318.44903253,354825909.8028655,599250450.2396829
84619652.21322913,65876329.77296123,54908754.34256717,255895207.25371915,461299943.58247674
90986754.102419,76084784.8603086,69243629.72116053,294733390.5146375,531048559.1985256
78718937.4772772,72073558.68328574,74422052.55324367,308498695.9027419,533713244.61654854
111705087.31153955,75746453.95325294,67972364.60855232,293636512.5640588,549060418.4374037
86854682.62708576,83548783.8940251,69247224.34732641,297449586.9175792,537100277.7860165
103233494.1293392,95460537.97864866,83632008.34460516,387409112.09176105,669735152.5443541
53478128.71443554,76561096.42539561,57777300.68109181,308099047.19929576,495915573.02021873
79896735.65821426,77547210.12048227,59784239.668978885,257921636.70944357,475149822.157119
89597174.32982388,77824535.38641931,62388057.064983286,234510942.9267317,464320709.7079582
66104666.86023831,63775228.41319131,60913796.732124075,345179042.69014245,535972734.6956962
81555053.43698877,64584722.89213219,51374690.278602675,423257984.9897991,620772451.5975227
74817428.18189757,67593861.0232878,57862331.077879734,267086415.12247232,467360035.40553737
99220659.46045396,83065838.77991308,65074642.985679254,337554506.9724025,584915648.1984489
87209889.29433267,73439677.42016633,56405527.19243959,258920697.8481482,475975791.7550868
85598462.80623117,85773531.8738805,58454549.078058824,345787007.51263195,575613551.2708025
112653590.84160548,79614755.93819281,66080116.22244118,258109294.10643744,516457757.1086769
90793756.5559996,82072872.14265057,64067146.702818975,286583720.61034817,523517496.01181734
94451793.80842099,80709158.27108528,60007638.16645979,308293380.1004124,543461970.3463786
105629020.83190978,80890949.34946813,66733092.59384775,314366565.3358815,567619628.1111071
80529960.47228606,64266848.20086897,67981705.57586499,309252880.3439379,522031394.5929579
96884029.39575274,70011942.88360503,58608535.322524235,332042617.94691896,557547125.548801
93150418.84661843,91383806.71536422,80604916.4001139,343386389.8444927,608525531.8065891
107139997.86209457,85562960.56415603,65184127.83140748,284403929.92328507,542291016.1809431
93996826.5297553,65509740.35838195,54567041.784718856,304468149.2558921,518541757.9287482
99549913.46550104,78940008.77742603,85321065.51097417,316315667.15453166,580126654.908433
85907429.5978072,88346891.58986089,66331638.27235231,293664287.10826266,534250246.5682831
55327614.30387826,70673397.6009336,59397659.97250685,289377251.41005725,474775923.2873759
84321180.05515878,80702688.41938289,57918109.038171135,350306357.55229545,573248335.0650083
88664551.7156495,86953340.62361377,68029350.79646796,336483157.8296342,580130400.9653654
80062173.60328282,89218106.72354016,66123233.629328996,303865887.8738494,539269401.8300014
95136286.96512264,86669196.1438357,68983054.5613759,294535912.10783255,545324449.7781668
82191536.29978035,73641710.42166111,68259436.48401612,369165060.7261588,593257743.9316163
74433555.00847913,77870425.2639544,69439315.76535966,284463416.55271,506206712.59050316
69485272.41810514,88456603.3128764,85852291.28305537,383414060.2669821,627208227.281019
96764473.72291805,56344933.91302053,49533972.42658899,282620540.8985615,485263920.961089
79379581.39827427,73926127.36646944,52710170.49141853,296345046.2911093,502360925.5472716
82384190.76244491,87329537.77811301,64281906.22597497,341918366.94994557,575914001.7164785
115518992.55922,81887585.22464572,78332063.79028518,338708582.9884145,614447224.5625654
96929808.57878147,73785367.43959418,67406784.61450939,241401390.00868514,479523350.6415702
80792826.1884901,66320959.11789692,69553715.12968898,286130284.08139205,502797784.51746804
113605562.17757183,77716864.95832303,70171100.74104966,226193265.06661552,487686792.94356006
120065671.36540005,83199267.28503768,77389697.77230786,274706141.4481679,555360777.8709135
71748515.02741103,70330609.98141709,64030861.66233611,290438919.0585814,496548905.7297456
108706155.18987195,88976300.42107387,52117219.51326869,235682967.0354611,485482642.1596756
72709814.52265868,64571330.19660231,57369590.67239589,241550515.56747517,436201250.9591321
98547852.064737,73218375.04935633,70260374.4937313,300436701.7675986,542463303.3754232
88175390.2721636,86836759.21483168,66053326.81116992,261594966.44014928,502660442.7383145
73664455.47360171,84440456.72415535,66573706.05398485,272220263.4342319,496898881.68597376
112008907.89382783,80902909.58396359,67670268.25386615,312690932.6881536,573273018.4198112
88597505.48856074,67931053.20800865,55602017.74736459,282549707.9418374,494680284.38577133
79854583.3988998,64354664.5015185,62971371.36443157,335721118.5002687,542901737.7651186
72012606.14747001,69863350.30563007,58880302.36334693,255975868.6431173,456732127.4595643
79495318.28667228,71158980.23761328,67646618.61455709,262521819.55319318,480822736.6920358
109786542.48149951,87845533.34034385,73546622.1413534,356814723.57021564,627993421.5334125
103266252.81862757,99587421.7433143,69883460.95571055,368447041.9498927,641184177.467545
124091380.15039165,78643176.78262936,75705926.26950249,347247181.48883605,625687664.6913595
97773975.90298732,79293285.23919404,65646967.96254508,320537173.48517567,563251402.5899022
92431441.3384945,93264533.92195058,82349411.17685792,323796221.506014,591841607.9433169
102165168.784162,79006179.8308341,81134008.10556228,285194312.19500047,547499668.9155588
75054451.2924944,81808087.913845,63054361.61368247,335540194.7522923,555457095.5723141
76180410.31463939,94798121.00231734,83844978.80414887,320972944.95618975,575796455.0772953
89452238.491207,69489106.22099242,58291557.96820743,361135820.4153044,578368723.0957112
99772623.05204971,95361064.24553199,85759158.17037265,307942396.0002359,588835241.4681902
83201711.08513597,78804864.94998777,64686490.78304375,374215020.80014473,600908087.6183122
85663335.51829846,76282537.12254532,63337954.32451899,271651270.569918,496935097.53528076
101413293.83442654,60981541.44590236,59383269.47856788,261262354.6002107,483040459.3591075
76219304.60811894,63763754.54596979,61376158.17405111,316130956.14938194,517490173.4775218
85778857.88452409,64455814.334911056,46637706.82095209,342294053.89512956,539166432.9355168
76845365.58456053,67553908.8548456,73774279.81078772,275083883.123852,493257437.37404585
92140801.25124474,77860729.48029369,59505535.301511176,284219304.50469255,513726370.53774214
115474723.43326083,71509687.14812258,66129754.07069736,369457435.8620892,622571600.5141699
82452866.6851175,85388325.40135719,74016283.98737149,394165466.3293355,636022942.4031817
71643724.0770602,68769240.01815818,73633863.42479599,279428975.3480148,493475802.8680291
84557748.62088743,99011159.66341023,66551381.06169506,319835125.39237493,569955414.7383677
57454865.44274174,73636943.48878698,58075763.26448097,306532188.6424282,495699760.8384379
69456910.42955044,72165936.35697868,68904231.91979897,307309048.9354562,517836127.6417843
79544858.67485783,72872006.24861902,54728447.75586674,319078994.3880713,526224307.0674149
70985152.48415715,81157299.49128303,74967354.4779589,326666448.0202578,553776254.4736569
118694526.84588617,65530895.20622239,53515911.41414543,318512912.2428143,556254245.7090683
85326795.22717355,79045471.60208449,67931891.37683329,347897877.0419588,580202035.2480501
108740843.93265082,72350972.25944231,76216565.44997506,257460162.52588877,514768544.16795695
79989315.94377853,59441677.89612467,56010286.24704747,255171660.58976403,450612940.67671466
76559602.45581928,68147843.55892493,56039836.99008233,295151366.9890927,495898649.99391925
94688309.78311634,86778221.92629981,70780486.5529629,292480156.5456478,544727174.8080268
94495064.52449742,75385860.6835444,71045454.66451432,327384166.5088181,568310546.3813742
70063308.334467,82753902.00189988,63858577.55118587,321488734.34162617,538164522.2291789
58615853.755975425,73995668.27008231,64197017.034575604,320320402.8879965,517128941.94862986
69713853.28557594,67573689.83380945,56824367.910072125,251929405.63990843,446041316.66936594
106596730.83340546,73761072.75654568,72507218.31091318,298342317.4666803,551207339.3675447
76231629.37647198,71196227.00038572,65377802.717553794,341072415.95197845,553878075.0463899
86416143.64284648,80429611.32382272,63690897.67292486,330868516.9019555,561405169.5415496
65353932.58710196,58880196.553513564,62896810.42820908,260577167.63222846,447708107.201053
87618730.61288473,81882475.54973939,78074932.27768166,303493703.36360675,551069841.8039125
107114623.65498048,79515526.2780347,61318009.43118962,358842940.89374596,606791100.2579508
96047338.82776971,75564937.22892359,72165178.66090697,385627337.1427537,629404791.860354
85660598.7692071,85129379.85220407,81304841.03491074,375165648.9108471,627260468.5671691
82393117.63795677,70950394.8137048,59851073.5302034,324714189.387922,537908775.369787
94987726.93680187,90449190.13418826,65792022.616702236,294496274.9851304,545725214.6728228
62234870.660076365,77728579.33472873,72855524.32103142,318728598.5313181,531547572.8471546
93353981.04457778,72955797.22603998,72035179.28956833,342404964.4685101,580749922.0286962
77225220.14804387,90120291.28573285,73070220.98096028,280725160.39443886,521140892.80917585
97425526.93537776,74980296.36036322,76737281.61022228,338643406.8337389,587786511.7397022
88985163.32466206,79634211.90885504,68999978.58174561,360671554.24519974,598290908.0604625
89647158.61587854,69729971.29737814,70728523.23271364,338922797.8148297,569028450.9608
71868778.47058435,76628640.45435415,74841291.34327157,301523319.0031597,524862029.27136976
92770252.31865765,75547622.70746933,61294010.48390287,364776732.48419803,594388617.9942279
82332495.49529035,94812450.20550674,60039368.36624433,326642444.0261308,563826758.0931722
94772054.12550674,94122121.56318368,75952053.21281295,345479555.46367675,610325784.3651801
90944496.98516269,102727834.55752195,78112318.94247563,333054066.6511368,604838717.1362971
70134090.02804407,71278844.02890459,71023225.40406328,243159947.52591443,455596106.9869264
109756996.38198192,85657812.51418565,61709473.33877597,370526604.8256788,627650887.0606223
86362883.01273848,77667046.34446572,66416141.79275655,306764509.18235296,537210580.3323138
93849296.71515827,63057360.85357196,60833875.51445787,297065926.76784015,514806459.85102826
59759386.9616133,75028335.29891756,54970747.85764171,251192119.1010371,440950589.2192097
92199427.161198,75248304.23317744,64899619.03412424,303570226.2045331,535917576.6330328
108502901.60007828,78084172.0819649,55919257.182754174,264210163.62008092,506716494.4848783
71282667.49161394,80523089.1646204,66690863.77665126,320133344.330199,538629964.7630847
75233891.91860333,63022108.150626846,58079608.89128355,293601263.6389924,489936872.59950614
95246650.51418142,71000907.24636428,62212307.12066921,425589980.2858655,654049845.1670804
84338190.8074988,77523271.31168605,67374989.22335894,308470198.371231,537706649.7137748
111571419.36505993,83958159.88596828,67976925.07103741,295437703.65375066,558944207.9758162
85532943.72646484,79368275.21638152,69856477.87371734,279536988.1195288,514294684.9360925
71913522.4488069,71273619.68574665,65202469.908081226,359995327.47699636,568384939.5196311
123359713.29669204,76382512.1547462,71395821.5807825,290523083.31702083,561661130.3492415
105742767.69072445,85463940.83057788,70008147.95345753,264873724.58704177,526088581.0618017
68353097.88888569,70104047.93342888,59759979.09336568,278886779.29968476,477103904.215365
69943565.1411128,70153930.09991983,60341479.9261266,335648925.30330926,536087900.4704685
58578749.78572155,91650771.16264367,62899530.27587976,303165606.0566998,516294657.2809448
64378147.10522671,58545439.43736218,55343174.73771779,290115600.8509187,468382362.1312254
82908855.29610841,81887495.23016,67975939.81342249,266580834.33662122,499353124.67631215
92640441.29105143,72268406.08813502,59794447.706147976,269540132.7077522,494243427.79308665
79329248.51428887,76428187.50962222,50542938.1496003,274819666.51403075,481120040.68754214
87017789.97460565,61242483.194723174,76319585.01633513,329578834.0844518,554158692.2701157
93694507.78313386,61817015.96679722,55667277.51540013,277084886.0039525,488263687.2692837
77591129.33316942,67200265.02072926,69862715.99881841,266338994.8355985,480993105.18831563
93145907.87049283,75139101.70475762,61528868.77956936,254387916.7065278,484201795.0613476
87587373.41716051,84258235.0858493,75768384.2969875,322765286.65118724,570379279.4511845
101581114.96936351,71475089.56263393,70497116.33344688,330951410.94013786,574504731.8055822
104367342.31313829,71533727.30736731,62900533.882664785,321932611.291821,560734214.7949914
69852992.18943274,91130747.71047308,68294651.17350656,295424554.5628878,524702945.63630015
76108470.7774344,73576107.33141722,65581595.5174829,279079274.6094119,494345448.2357464
91099338.6737103,63476571.92495687,61570275.210839026,312011451.40618134,528157637.2156875
90488762.16445182,73587418.25918111,66786137.77688958,319920923.0428638,550783241.2433863
92034421.88148029,76644605.6341573,64212930.67491771,331195058.0850819,564087016.2756371
106745567.786514,74538133.59491144,66750605.682054296,270801815.31450886,518836122.3779886
78834933.50367549,71160310.26359357,68503156.75979988,307045914.8463073,525544315.37337625
83758458.3348023,63134443.38734701,55892061.72917635,281778064.02378637,484563027.475112
97508598.9721218,90814507.15536025,71439298.46370387,274432272.43342304,534194677.02460897
88635250.7000541,81722432.86498454,72991049.5396991,278074767.54788357,521423500.65262127
82711601.50777483,84177384.55984372,69539368.45670415,341445156.82004005,577873511.3443627
75997891.87911531,77672564.64555192,57068510.7610334,293349155.7126746,504088122.99837524
89910260.03411832,84984356.92374898,82183126.77922201,287201770.7483212,544279514.4854105
121380940.63132635,88673785.10907294,84843338.34826097,335051183.40064955,629949247.4893098
95638715.93845688,68608371.40327312,54470375.66667455,252072401.43202314,470789864.44042766
72523674.20973167,73506148.19548163,55591877.427078776,308082058.08624274,509703757.9185348
88678869.80012515,76812004.70905383,69937658.234711,291638480.64943314,527067013.3933231
76360367.14680652,80356029.15842338,63161940.65873893,286544895.29625386,506423232.2602227
92353387.84979741,74463430.4702607,62611122.598017655,337296495.8843339,566724436.8024096
66052702.57567767,62066457.559218265,70373095.77887823,252181715.0501553,450673970.9639295
99173343.53427377,62792119.15370904,63191955.858789116,285281299.1707342,510438717.7175062
77247737.17473638,69666106.6864144,63823210.36710709,245210543.36622956,455947597.5944874
91609819.27245629,72281509.60857539,58935044.629349254,308285915.31788105,531112288.828262
73188517.61098853,84172035.88359259,62418777.029917076,301701188.9540414,521480519.4785396
82189994.67699136,82193133.07401787,60034528.046773374,256033215.18015,480450870.9779326
67136177.90910971,64173756.91059224,54958435.02415427,338806477.1918067,525074847.0356629
81986059.03679922,80323592.73028207,64079377.03832842,332742146.88788337,559131175.6932931
86439409.48989013,86667157.40272023,70379732.65791516,329742987.7508891,573229287.3014147
97812096.9617276,71143046.63728869,59510791.17774773,336064503.4601273,564530438.2368913
82602680.09057473,64121847.62684345,54370772.69198506,280804770.0480711,481900070.45747435
90190915.17444806,80533524.90909132,72011217.30699725,266767807.43857107,509503464.82910764
79816696.40129331,75248563.92258282,58307621.82048773,268121377.63007724,481494259.7744411
90072804.39646618,78788250.0695093,69786351.55520399,290259457.8567767,528906863.87795615
104890790.80455188,71625689.0966298,83462314.6035603,364862115.9891086,624840910.4938506
84271646.10086714,76075825.4674729,66753536.634489916,293826443.3973231,520927451.600153
125508080.60021406,83412395.401875,82088748.11277843,301842557.4203132,592851781.5351807
76121623.35669966,67491747.14910677,56483354.09719793,224424641.8995904,424521366.50259477
76388660.6077924,73992428.64834341,72725733.2190719,301069317.7947774,524176140.2699851
106548942.83378454,79544387.29399881,74799640.98142748,275997288.49696,536890259.6061709
86181614.19468664,88577133.52914256,65291766.32569484,320471502.9917642,560522017.0412883
67684880.98380667,69226340.8351427,47580325.63450033,299872229.1670445,484363776.62049425
78012252.09225713,71898635.65683784,67713348.08193134,280631262.71315056,498255498.5441769
105884707.13150233,85920108.16589786,64362863.61692401,268635967.31708735,524803646.2314116
77550967.18569921,83702824.30092616,58056349.968286484,292262684.06323624,511572825.51814806
106512990.07158712,87156365.38238592,66219695.914272375,384858587.316688,644747638.6849334
105031849.81799911,80046246.73228228,73171982.26702438,337479357.0696773,595729435.8869832
127664724.60892886,73435583.03490563,67111418.36075668,348079799.31952417,616291525.3241153
56941026.14320157,81197388.73378937,68782972.50925207,362231150.3922292,569152537.7784722
75091510.64921772,66228775.676696464,60188988.77550148,330723126.16900945,532232401.27042514
89973822.86571611,66769441.90415731,61591455.99491539,327355222.350656,545689943.1154448
79552097.10106091,83538922.7419908,70561978.81360316,318456238.6729973,552109237.3296522
110606332.59998369,97138195.46917151,66424735.16938598,334780412.44478184,608949675.683323
84349361.8673032,77436570.44777723,62828502.13461374,344326777.7719213,568941212.2216154
77510212.28080408,69881538.6001083,64155108.37559968,263853476.37539297,475400335.631905
80911816.76904239,84646697.23148763,65354909.032372184,292927930.43035287,523841353.46325505
113453744.91316655,93924054.13672936,68981908.6982207,347408883.7237728,623768591.4718895
100770162.20076977,89862943.48795496,87690036.38413388,369563896.3819598,647887038.4548184
77023358.27081344,81199106.58488964,70293298.03677505,292000068.3742496,520515831.2667277
92718586.98963226,73448131.67385852,59878764.410586044,278561831.07886416,504607314.152941
83787786.13358882,66618459.4161241,55684851.12804173,257396567.65778288,463487664.33553755
76477798.61008842,69272528.38844387,59029655.454907075,231526660.5654632,436306643.01890254
122916081.36031789,82923714.83220261,56724004.721024536,298147816.45420367,560711617.3677487
82080100.2976193,56407385.01699442,57293140.65326434,322863105.7519445,518643731.7198225
80631050.24595211,66788364.228604876,51143240.502836935,268694301.8766919,467256956.8540858
68885380.28073256,88546601.33968477,73420596.62901478,323630501.516495,554483079.7659271
108901124.62178841,79701049.86534399,76913669.3908925,326243562.582102,591759406.4601269
88380757.02903073,73466678.48135042,60240106.78301736,316878007.1321139,538965549.4255124
104839357.71770637,85333467.51566347,82920868.86284395,288716699.1772626,561810393.2734764
90648637.70993632,93333298.47051315,74361128.08913834,322873573.6632825,581216637.9328704
100595771.90323856,89272383.09163146,71494871.32108672,361005218.62321293,622368244.9391696
95501736.79589793,78634389.56957527,70266647.71075873,237697048.04648483,482099822.1227168
90301860.94270329,83716826.60599972,67976808.72993205,331694196.54659563,573689692.8252307
95469936.02834949,69680990.91527715,64673495.14291967,254883173.857198,484707595.9437443
73369784.36957927,67002734.59696996,68040438.41944745,280543322.6225421,488956280.0085387
84809984.37082253,95089844.93361859,70857038.98456055,306038327.8398545,556795196.1288562
93670807.60614154,79396991.88713095,56208934.8313077,290503954.4931689,519780688.8177491
72384077.21359046,71398370.20857081,54387839.11005165,319316931.70036876,517487218.2325817
98141169.72101873,89290030.19354257,71038632.95734267,348548091.8559344,607017924.7278383
104413023.64668581,87080172.43556556,85092228.26049311,346375889.6258798,622961313.9686244
95099704.57964553,70510895.42046468,62674558.47022867,333002745.5182991,561287903.9886379
72086939.2990968,71940464.32536906,57744918.73790571,320301744.7597597,522074067.1221313
114510273.26986241,73776890.90677014,52868971.50705252,314600385.8099313,555756521.4936163
78008099.51323235,75838488.60681915,60269286.97520889,333510996.6521995,547626871.7474599
105194143.87189259,71380570.62561244,59345017.76895104,330460492.454609,566380224.721065
85908309.31632757,85465149.65458347,77914149.08823186,347760877.6499662,597048485.7091091
88889828.66615297,57544884.344278105,54518750.591879435,222718063.63695988,423671527.2392704
63046705.88997524,51945327.26795045,48855457.30394101,331057702.70144814,494905193.1633148
120805599.4562401,88703433.52149056,83107342.91372795,344314744.39250475,636931120.2839634
111148858.45363973,76910468.26926209,64224315.709683105,308023350.23521894,560306992.6678039
91224873.4339381,77120376.18086816,71811686.71737048,351870912.10103136,592027848.4332081
79577923.93498687,67489642.2596027,70045508.65729097,320516823.8477729,537629898.6996534
57175629.821809836,80709319.10384896,73596747.2745856,328236164.5357617,539717860.7360061
101728829.9875682,71677220.44313852,77928352.04373588,304869409.05279493,556203811.5272375
90292649.09967005,86813074.64438075,60738226.4923196,258649308.078159,496493258.3145294
78662020.2054339,70235722.50578606,59843196.044186525,328746378.5011454,537487317.256552
117059443.14107187,76954900.94029003,73450100.32871778,317464574.3863119,584929018.7963915
86260115.08127244,89005543.2126824,82895349.79054888,299369353.98160076,557530362.0661044
81592257.68894352,66054300.21202047,58539598.125559635,283793877.28037626,489980033.3068999
89685145.87622751,66614860.374746844,56546399.307485074,318272298.52511,531118704.0835694
96729459.39691195,83276753.03129706,72518568.459682,251441740.25439885,503966521.1422899
86144561.34294175,60179003.77106283,56335998.193329796,325560231.21233416,528219794.5196685
103549428.81042062,83482628.32503802,69786058.23551066,320931699.688263,577749815.0592322
78804721.65819654,58839246.756768994,66993103.294106,271298497.4786672,475935569.1877388
60039134.72285893,75464066.10551451,47803035.06992286,285858408.0374694,469164643.9357657
104606150.0630551,88797228.47899435,62301370.762270175,286284621.3887405,541989370.6930602
94551382.07395226,77492956.89919133,75651772.23628081,254427703.1588362,502123814.36826056
87744448.05295658,77622527.50468214,63066230.25980758,344959929.31568444,573393135.1331308
83363034.17321824,80892691.35824719,65668929.65868342,312697945.259719,542622600.4498678
84415258.76402166,68709035.61308992,71468565.92959277,356945816.1572452,581538676.4639496
98453865.64867023,87962719.21807128,70133246.42251995,287472696.83064044,544022528.1199019
73989246.6476143,69004918.5678918,63185108.450386375,294479640.00151145,500658913.66740394
74813715.75964081,85025997.95907101,62910649.46770104,229184122.39434284,451934485.5807557
94043059.8570332,78603368.57424968,67097771.95371102,328259058.77053434,568003259.1555283
106857231.17408496,87567098.25926746,77214085.3853183,314830687.2847614,586469102.1034322
86886280.21712317,70154049.70071404,61982766.761098295,341565258.3123172,560588354.9912527
118595682.135068,79559850.95276067,64648099.94778538,298353242.1508122,561156875.1864263
135724228.10226363,79840728.26869841,73537067.07095121,302005991.4715639,591108014.9134772
98913911.60123123,82745603.3973317,64546877.691324666,330484590.8216976,576690983.5115852
91716260.58030115,74050328.01256289,56725733.78939371,257147041.24465695,479639363.62691474
90808892.01608908,85848513.46473162,75279253.53874318,301629682.9098195,553566341.9293834
78582598.69891338,65787720.55125312,58476266.17170369,318431318.89778376,521277904.319654
86930460.24048099,62117774.8704567,57190437.9176542,339936114.5932339,546174787.6218257
94638367.14038372,71242502.89674728,68181427.02647966,310039177.44666666,544101474.5102773
88426108.54299979,96022932.62928198,76636340.5789549,285883862.1675797,546969243.9188163
78600760.34759414,67967171.42118624,64861280.9643278,309320031.1390149,520749243.87212306
76675020.16154695,71719533.30659814,47850187.70596166,281751719.8104911,477996460.9845978
90636322.3740036,66312749.071408585,55943403.95055593,272873355.5033199,485765830.89928806
99808501.40148205,74071370.19569859,63849804.71560083,317355715.9479404,555085392.2607219
81352562.77588774,89727686.33142474,72132212.03058118,314492612.93828344,557705074.0761771
86264539.25180817,66379689.87254466,82045108.26875283,317359586.39106554,552048923.7841711
67474336.24428874,67149939.716457,69350438.48515272,306986517.35397124,510961231.7998697
106937225.61888091,87906958.8821859,69255649.48932783,319893464.3314398,583993298.3218344
103725495.3418815,75984599.40451826,67844810.49711813,308157225.7025602,555712130.9460781
85720431.02827595,62867025.502087526,63743262.11479378,326274488.7895871,538605207.4347444
67486250.04288103,69665378.31607284,59628525.97186156,264699225.2382736,461479379.56908906
71531494.9594272,66120405.79943356,62013183.80649595,286070846.3243043,485735930.889661
86458568.91453634,75818069.69696242,66532739.570984654,262548807.01779675,491358185.2002802
74719416.71658723,92857641.77279243,69147637.44483504,305868856.2170197,542593552.1512344
89537503.04226983,66464491.81773637,72379211.16922635,312844574.80669594,541225780.8359284
90385292.62880284,69928995.86284113,72513582.78909059,351019848.6710913,583847719.9518259
82735929.80594534,59289020.25493722,65569432.5444925,325515890.70896214,533110273.3143372
87491253.47235508,84798878.12807041,83701217.35555081,321383269.7493208,577374618.7052971
76912077.97718135,83487381.90784009,71593022.29804766,312626309.9173757,544618792.1004448
96891672.80337177,80781393.50900984,74385228.41759516,299984403.6797942,552042698.409771
89863673.87138347,88214072.44126219,72574517.19894236,282065308.1660879,532717571.67767596
84426097.16148834,59728958.71248771,68075432.77386118,250499836.7872259,462730325.4350631
96571231.51028238,69190275.35434055,79768077.89390047,333023365.9122132,578552950.6707366
75259094.57999068,77542700.684433,57024705.4091427,349884974.8744655,559711475.5480319
91545927.75140746,89954381.64586057,78662238.88426563,350378427.5747194,610540975.8562531
72115275.36723228,68188062.04265073,67726461.96983905,310500655.10068357,518530454.4804056
95436437.86584242,78226923.34976183,64768389.31249235,346911087.3150563,585342837.8431529
85410944.38625455,75778023.43429826,62155773.82930172,274040935.41499877,497385677.0648533
79017641.68531716,85161134.05133335,64209475.68000734,288409233.0514281,516797484.46808594
78964000.55100021,80116009.96269639,68464464.48898758,307346982.90993726,534891457.91262144
76944385.0027776,98462336.38285887,69017059.60075259,336522917.4871882,580946698.4735773
82777596.23211664,74667561.47052796,79537642.11789688,315324816.9426967,552307616.7632382
90043819.1614623,72642850.86673123,77426018.20977782,317401219.8854441,557513908.1234155
90142095.80705579,89017587.88422737,94840998.22392209,418634417.7747376,692635099.6899428
111017667.16005915,65555877.71076475,72471808.17439023,349259747.4443174,598305100.4895315
118329496.03384814,83993649.96787359,66657292.07222232,330931529.42305195,599911967.496996
84510132.35567813,65382507.058508195,58681567.96254412,253619931.56659958,462194138.94333005
99998144.36161982,75512311.57931627,57502804.284735076,231943861.16075793,464957121.3864291
82829857.95962842,66311811.38901075,55737267.470377274,282879522.14747405,487758458.9664905
90484083.27938835,73646815.00969468,67377569.51946412,289462648.1496335,520971115.95818067
77999409.5513322,66948107.099505745,65247478.28607228,359739294.3879012,569934289.3248115
98179660.01010768,74578018.92830154,69766329.3787562,309543946.7132322,552067955.0303977
69122706.25370343,87238913.84586772,77502434.69301796,336065337.17935616,569929391.9719453
76736266.10128498,61862347.05651686,67740488.35332526,339197498.55876994,545536600.069897
86222019.79833877,84934569.17782424,60570914.42835072,299744131.52635765,531471634.93087137
84930528.55083756,69449368.80216555,54331443.59595665,335921796.2206037,544633137.1695635
98726883.14696355,84716658.61035843,65370153.90344585,305505835.4384654,554319531.0992333
69024983.02500348,78063723.4942346,64886227.287513636,245643936.7154409,457618870.5221926
70518910.53992851,76440748.74160558,65940403.480433,308172686.2457767,521072749.0077438
75075952.06119649,76359126.08575122,73113258.6764473,329539317.4183352,554087654.2417302
86821221.11671595,81559360.81136188,66636038.556856014,304102319.86612576,539118940.3510596
69417892.87299122,65417227.44215244,73656935.65212658,323180176.27853453,531672232.2458048
82703328.15481749,72960223.47774452,73821082.63596432,236446291.97205192,465930926.24057823
102443349.33523744,87395854.09894873,62250489.8566745,299006128.23633164,551095821.5271924
87612802.31090687,67968413.56920975,60066557.45169985,264662057.31763366,480309830.6494502
83069860.25392729,74478796.09868015,65425448.278068274,296875215.27909476,519849319.9097705
82506368.39918378,86169774.63062671,79667678.54916352,334792585.7826769,583136407.361651
94466689.89648609,77582832.27890328,60750843.798158474,274072025.0171464,506872390.9906942
88045581.90708174,89563515.1874819,73177073.08335833,338474684.1218299,589260854.2997519
68432456.360818,77300933.52619945,56155334.87704334,376233629.5760558,578122354.3401166
97559757.25030853,71099185.297274,56820846.50572589,291137303.3950453,516617092.44835365
114764608.59862271,88852811.31111968,85864926.49554428,343891403.41502243,633373749.8203092
76242811.08170724,72171876.79850464,60630007.47991339,269971591.9987121,479016287.35883737
98247231.33468252,76438326.65070657,68446386.07696481,328502591.4593961,571634535.52175
107005847.54459381,82632789.64011274,58774529.08072584,345688891.4714057,594102057.7368381
96874234.84498955,70217912.04955716,59702727.08993139,320088381.63031864,546883255.6147968
88966146.3215615,69927626.28586775,68672306.39867198,307272868.92671275,534838947.932814
71865683.39828737,62209835.778673954,65031774.129189104,311391491.078706,510498784.38485646
72708451.7446947,79765195.43224101,70788000.40585573,268010916.11118782,491272563.69397926
67678507.0136305,84267109.1610289,68380584.72728774,350798275.71773034,571124476.6196775
112743046.78527224,97854785.30130088,57627948.71979473,279873825.7652953,548099606.5716631
105110510.5121732,72743752.2738489,56927573.907878414,310018538.11182857,544800374.8057292
86872323.96572544,64295856.71860836,51802769.2605767,255988109.72942698,458959059.6743375
78149225.2793389,74096995.82183416,75065152.52327396,249033588.94212836,476344962.56657535
83757815.17664559,75538318.59975524,71202787.41805926,330333246.76473784,560832167.959198
78557321.50768407,74423826.5606942,58287233.38405849,339886037.83323044,551154419.2856672
92687097.62949115,78897050.48331843,70318945.70119853,352812672.3578009,594715766.171809
118294781.04299602,74860027.35649513,63888303.39489302,288235985.5348573,545279097.3292414
84832609.47149189,84376642.21398427,77334193.07431999,323358341.6648483,569901786.4246445
89842584.34423786,71583470.6679539,72875278.37903978,314114031.2828192,548415364.6740508
90726657.64303972,66050532.18806545,56908718.76104707,285412174.23583066,499098082.8279829
99791253.87853888,70972130.79066749,81329529.15468092,358384728.3930578,610477642.2169452
74810295.67824045,72887692.91595228,56992400.3033453,333967133.48414826,538657522.3816863
117419971.61020978,81881667.31909963,68133529.39889504,332401428.0231148,599836596.3513193
81424119.2645877,71931523.02035475,60004686.44767796,306747020.0004701,520107348.7330905
73172534.34742546,77829072.68422274,57234490.90182363,278314823.9179516,486550921.85142344
95237060.74693082,99194959.98239098,72958690.67288251,336122064.5295668,603512775.9317712
79510646.51812398,93879790.64353022,68616062.9807243,279864948.6232857,521871448.7656642
60973891.0760983,73787118.95002578,84770897.73943707,297650446.6322572,517182354.3978184
73302675.58314148,55091736.24229147,57777377.32352543,292736538.2054919,478908327.3544503
97770356.46150695,75374855.2090944,74241229.65795419,334637471.6278297,582023912.9563853
120165930.79861167,71170097.7846315,71730962.02730455,244357080.7539924,507424071.3645401
87667692.03106895,75947948.53917737,56719954.60240238,291485275.5132069,511820870.6858556
85223314.13126746,80293794.34387414,66441249.9488165,270201049.3242291,502159407.7481872
78919516.83226393,72180167.15885423,52810302.90305303,262827414.73149207,466737401.6256633
80755764.99514216,64529153.323970035,60102083.208157584,247369421.80104533,452756423.32831514
77092460.39760022,104967321.20894757,79410766.08987813,342174711.06230485,603645258.7587308
83565928.80886684,86743072.26968065,74719401.31113982,295007634.3953418,540036036.7850292
110366578.88625677,72770128.85555135,53473874.52932763,312779164.81810796,549389747.0892437
102302306.01562625,113698459.32730997,67219194.42199627,317819418.8337991,601039378.5987316
83393312.8948195,70687531.83529165,67895969.86099102,300998221.2553353,522975035.84643745
81701311.71324424,84581938.91022119,80179525.4748668,313851444.97901726,560314221.0773494
79138490.09077595,68246169.81238519,76851274.96112427,371429910.2345046,595665845.0987899
94591265.74774604,78093788.35989438,65558420.219288394,333264299.25997066,571507773.5868995
74448598.96128248,87370371.18556024,76343983.33800514,315314050.04058063,553477003.5254285
100377740.88483651,75133095.03211473,63003654.97829367,302453862.6415055,540968353.5367503
75878717.30767365,61330989.43349639,50911612.80993888,282701306.57991606,470822626.13102496
76671583.23311836,89522030.21659848,75867569.53207642,275569980.0642004,517631163.0459937
78791686.61867233,71101979.66508332,81653156.9912097,372794422.23071355,604341245.5056789
95917746.71650164,84823895.83324175,65285835.36919145,267231971.5930057,513259449.5119405
105315449.2420806,67878415.21420383,75975632.67468613,330084276.47997427,579253773.6109449
96815341.45931657,77981903.79936697,71640651.74479993,422315751.9868697,668753648.9903531
72718217.17039257,79262652.62329723,78563595.2135552,347726591.353176,578271056.360421
85292815.43956763,64989364.98188434,56955719.97423539,315764521.93445414,523002422.3301415
87160778.29354355,82108328.29224847,66401583.03554433,290250202.0972789,525920891.71861523
70171220.0966797,72816682.67409004,60539967.226296626,306097713.0839885,509625583.08105487
85366864.63742235,85970018.41901074,89256268.19182144,371217176.6261086,631810327.8743632
104202439.0875588,80866640.49390282,65415940.965955935,315956897.2102698,566441917.7576873
84384647.15271057,80818638.47892123,67413115.16588497,244319297.13610438,476935697.93362117
110575089.88833068,90508487.15032637,74247036.60034321,318207000.59511226,593537614.2341125
98297002.0980889,81771465.11109528,65093353.0690978,314604146.59682906,559765966.8751111
78833007.44079944,82936379.81880051,66052117.40875517,290678726.5492309,518500231.217586
87183032.00331476,81597755.15945564,59816588.71817132,260449988.76052323,489047364.64146495
69893647.46885225,72528506.44369027,64596522.466416545,317442139.58076257,524460815.9597216
94709791.59126435,94611206.25659448,73992140.73639713,283831646.09354895,547144784.677805
90189220.97167239,86901713.33374743,66301621.85617579,346057456.0406502,589450012.2022457
106551377.37990515,75890781.95980592,84873330.24456605,403656843.95615375,670972333.5404309
95935980.36241068,72881804.77995016,65447906.88674742,260311488.74279043,494577180.7718987
95013243.9733195,64067018.426622,72253235.75056772,272396195.42250586,503729693.5730151
73805403.29270405,72572418.99974257,70056655.27383585,289908757.93236667,506343235.4986491
74468145.09321356,87232959.34454212,69829038.95300889,287524597.8765458,519054741.2673104
86135712.32794563,84726094.2008289,64951988.68617517,246574024.4218577,482387819.63680744
90107860.64965661,66998917.247918956,57992340.81932206,264593460.20682177,479692578.9237194
88013594.93602686,77632273.66087095,61494788.22007567,280643768.3747923,507784425.1917658
69314469.23218276,70743525.83390056,59012616.97236493,265428362.9877576,464498975.02620584
70102205.54412685,60837050.06982644,63119375.60441709,310560528.93871516,504619160.15708554
73705084.49004057,69960811.2012833,56201088.49459913,272808139.5206125,472675123.70653546
101891313.75208668,77862162.09195599,75379818.41728343,334006539.90554553,589139834.1668715
129170135.51358525,82406860.35837494,61408016.56820703,298947336.7424645,571932349.1826317
95759037.60905531,72358535.5243584,66277846.42235306,288166675.20652175,522562094.7622886
62990162.141859055,102431074.0598964,78802868.37016566,327684238.6321471,571908343.2040682
97985618.39655986,85742525.79760993,72077741.97921619,301416224.4884884,557222110.6618743
71428072.38441421,65517865.26732675,62280379.41252078,266160352.5783028,465386669.64256454
84047952.253854,71118277.58682376,70296193.33319598,298084746.9939677,523547170.16784143
95080714.57781148,79041170.17461593,55061628.38167847,288738166.8631713,517921679.99727714
90762077.36960864,71250344.88048038,74108510.90434961,327544194.74111503,563665127.8955536
86300965.13689406,73395278.19905446,56319467.24897454,314092946.8778928,530108657.4628159
99636987.56971915,94917267.52691354,78986300.07331061,317357437.1826345,590897992.3525778
90847709.35578164,72198979.32511158,72743821.47701074,302314755.2289614,538105265.3868654
97805876.57651946,102967358.58107662,80054837.48166817,288256223.4759307,569084296.1151949
65939057.61983272,63796926.31522817,55443902.18211493,328227650.03419685,513407536.1513727
74194340.68110003,83835789.06761502,83355260.43324815,307459238.2941226,548844628.4760858
88275038.0629126,76251038.54661272,82140935.55256534,282099981.0820245,528766993.2441152
93144804.89107388,69893586.62739332,66058302.751433805,335922638.3165634,565019332.5864644
97666253.1481793,88899661.97355674,64889702.38517303,342986178.6656736,594441796.1725826
97994633.31256925,78022876.01052508,70070990.95484313,277391757.8029115,523480258.08084893
87336974.5369434,68893911.55037376,69758673.19685039,261925813.28461716,487915372.5687847
108089308.02509502,77802625.26375584,57830736.406904005,366401977.1360518,610124646.8318067
84491134.48661163,74592867.9582752,49296616.67189772,327763646.3203717,536144265.4371562
87009601.47743824,79094657.58507536,65539537.980107486,270514192.8119095,502157989.8545306
79801892.74183796,78983275.35794722,69846963.97894968,308118597.37846,536750729.45719486
85762271.41990933,70538661.9127514,64825600.341175355,355837125.67847,576963659.3523061
100493861.1726987,75649574.54449077,53124117.06089899,268766916.2298107,498034469.00789917
107896173.18562457,66466952.01044882,77310277.24684769,314048179.40606666,565721581.8489877
104260291.39375843,85461176.28780387,79373932.08213258,275923306.13142115,545018705.8951161
75460562.74564567,62013711.06123716,51156062.598836176,277392406.75877094,466022743.16449
106836492.5385413,73704304.46871671,54117081.96571402,284656265.95589435,519314144.9288664
104093966.7911894,87935721.98649018,76564258.76723282,275032426.85735023,543626374.4022627
82078001.23390988,80586698.42123301,63598573.694650695,256851401.52134296,483114674.87113655
98140356.49145712,78777655.90629885,57768934.43187586,309930258.0099705,544617204.8396024
92203852.10887346,73271079.54491621,74737283.88759068,278988367.1502371,519200582.6916174
59459017.311171666,64868653.36888511,48352948.744154125,311414240.1505808,484094859.5747917
95491824.47788307,73391431.01043773,73026218.85288903,286105320.2873628,528014794.62857264
71524729.21150172,70496985.18266158,46774429.19148378,272285092.86882365,461081236.45447075
73466955.82972258,67951205.14202318,53614131.64838794,321397550.42186415,516429843.04199785
92656576.15180059,67242330.5619408,57956887.842378125,260787402.94468176,478643197.50080127
85599312.71381474,89520098.73732361,76826289.33716913,306652134.4533633,558597835.2416708
98643074.4228567,76443498.71214588,41354152.589698814,297222776.07446575,513663501.79916716
103941387.94731092,89005881.8349097,83978884.42641579,362083231.3265769,639009385.5352132
70318336.71659344,76140411.34919797,58927855.93194295,255942840.1828529,461329444.1805873
94214422.28550047,81035608.16657473,81433300.87491561,381433435.96114975,638116767.2881405
104960203.50668427,72871703.21872889,65595581.170012996,296878710.7818629,540306198.677289
97204487.34245455,75587075.42376323,87244330.29901607,287175462.09176874,547211355.1570026
84881957.28115046,78233409.0904491,63381253.364306904,265698743.0656765,492195362.80158293
103984605.43615209,74293678.27139406,60252553.317807734,312916586.35285825,551447423.3782121
86465881.91514093,88643907.44418287,77737805.735596,352454394.17172533,605301989.2666452
69367716.62104182,75429628.02188037,85900995.76673765,368403141.53164274,599101481.9413025
96283355.19042695,73518041.9021238,58824629.10780376,275131553.41791254,503757579.61826706
98107580.40082195,83880309.50371607,69881361.91456555,304451992.7881468,556321244.6072505
92957109.13443592,92829251.01719634,81620679.49411654,319749034.6228266,587156074.2685754
89749503.81633131,75961997.06981435,64183554.038183495,280525891.6884165,510420946.61274564
82520326.26224993,59733974.696097404,56223125.30737224,314211406.99771976,512688833.2634393
80246030.23734762,66593396.30584213,76451597.48629709,302545484.88532877,525836508.9148156
97230418.2647072,75269397.25976466,58926779.65726663,255113131.0455718,486539726.2273103
81486142.81155711,76104686.22783175,71013837.83765285,289313786.22468567,517918453.10172737
105360007.7529567,65685288.444589674,65620060.39685099,286886040.0659128,523551396.66031015
75087982.75305372,64635446.14941472,61382349.50884919,309951439.2317772,511057217.64309484
85852914.4833859,60860231.46943658,70644921.95616235,258494669.24552697,475852737.1545118
74908293.94677414,74011987.1129729,65846607.094718754,314876458.0153744,529643346.1698402
97886559.96341042,67688614.97749206,50626996.78992159,238543035.81842282,454745207.5492469
97220582.6413217,76880529.6318332,71806993.99049617,344396500.2397507,590304606.5034018
98550493.33347407,88020962.2964568,60033381.33226839,296674249.6987052,543279086.6609044
73240461.58975239,77347097.91682424,66876518.35319718,292515737.7267457,509979815.58651954
131387069.39178401,66836984.66660542,59641938.318605825,244456907.849247,502322900.2262423
92910709.01364523,77143161.27102964,67745966.19819668,316051568.92195964,553851405.4048312
89569047.18898255,80415176.25132665,80842130.43468235,335644619.06260675,586470972.9375982
121418849.83670226,92140504.08215459,78173222.42594819,368735581.4783128,660468157.8231179
76291651.20290416,78546030.5301545,62863706.783252254,305444526.21585554,523145914.73216647
99357568.09658372,65234095.80442059,75849345.41341011,307831089.53347886,548272098.8478932
86433102.25852619,63953882.41961292,79593952.75540403,357268452.51285416,587249389.9463973
122354714.83747919,99734204.42428927,67203754.90003806,303588273.05732274,592880947.2191293
88330722.77864951,73691270.5793507,68927017.95905435,314728365.13491446,545677376.451969
82767887.91413607,59554940.05032454,56201260.988505036,283606499.10150045,482130588.0544661
85160507.00751968,71574660.95755182,67570748.59600498,313498818.92090243,537804735.4819789
85604881.64694868,64348547.80451684,67095302.638524756,320838341.3842192,537887073.4742095
87269736.54478243,80276411.16157043,68974314.54126625,307589377.44914746,544109839.6967666
105067933.4124066,86692353.00311719,59609932.24286491,279664356.8021463,531034575.460535
106197458.16420789,82017879.67251575,76231694.37089218,323910595.79570246,588357628.0033183
93772594.58911586,68440630.13084659,59723404.14766875,259742810.3617179,481679439.22934914
88647151.15349847,74678114.18766177,90024203.8144677,277984709.3686899,531334178.52431786
84777872.48769045,60464526.81768649,57512975.364372894,268943075.45029634,471698450.1200462
127593272.35862675,98008551.09097971,66826332.489986025,263351347.98002216,555779503.9196147
92225686.15505737,75432912.50292759,79887555.16272755,329934680.77450854,577480834.595221
123735418.94500491,77065377.90550604,69260948.47162274,291003673.6895271,561065419.0116608
69600916.4732614,67299638.92683652,67049412.4528208,304363419.4857657,508313387.33868444
69885404.73392668,64452536.65270782,64495241.896004036,338680549.2760777,537513732.5587163
79105039.35846657,66030256.538622946,54710583.69919216,278078965.8550405,477924845.4513222
108511363.60144912,70421711.38292013,62333660.1237298,295605061.9882795,536871797.0963786
117321115.66890316,70681101.05043715,55227287.34983983,303796581.2019987,547026085.2711788
82771848.74483383,84416046.28541978,75710875.04875638,319559957.6457082,562458727.7247181
75350733.9801879,79873470.05722436,66485432.76974679,308558091.8132503,530267728.62040937
88215754.40375167,71514459.79224002,65481937.4653188,358322585.15018344,583534736.8114939
79787890.43355848,82349953.40385501,63160821.385021284,270498664.93396056,495797330.1563953
107545124.05287592,65241334.6794526,71707510.67018689,261137295.80141234,505631265.20392776
96126236.39913397,83361640.97332451,61256682.2601289,283868899.8329403,524613459.46552765
91990869.71529132,84660882.08665988,88558755.9827298,308928470.8188271,574138978.6035081
86498498.00526652,96550136.8901772,70411555.27529013,350316088.346088,603776278.5168219
65775187.048576064,83443850.91141342,67912133.01359355,309327791.0219929,526458961.99557596
87882062.26294039,74964963.24704641,71048882.84603713,302373811.0240976,536269719.3801216
75126196.73587036,69068991.38913041,61591770.47900985,318056216.9463116,523843175.55032223
110213610.87054971,79223981.97512543,67593727.3619184,301994655.3117049,559025975.5192984
88434449.29302669,86757413.3890056,75796539.64660135,247039905.44029987,498028307.76893353
77192054.6636966,77125989.26248334,63663894.44337506,323968076.2200894,541950014.5896444
91814283.27526295,85989071.05264208,70521685.60683219,291204452.8313559,539529492.7660931
74218132.03317352,61327040.96577201,69507949.98361984,303221458.6598942,508274581.64245963
110804906.24761184,74770109.74702097,63312717.048442855,259587127.71872953,508474860.7618052
98841035.15903105,65322561.53079004,58158069.466570266,300029528.56205434,522351194.71844566
84053234.59170969,86992018.71389884,72804477.70587687,292778687.6994501,536628418.7109355
91864041.67502736,61665836.98222191,54135135.13198045,282726850.6865295,490391864.47575927
70912167.4589638,71587154.8770368,70577720.9439836,246468551.51667255,459545594.7966567
94687757.28667039,78336165.96709919,61747953.28432546,355782239.66215146,590554116.2002465
75188492.68933843,75065960.73904769,53195605.63083096,299947021.12604755,503397080.18526465
93711877.2333857,63821714.928950675,66277741.567516536,314855501.8979102,538666835.627763
54204915.51838008,64410679.66893946,54997460.62359494,280017964.69899344,453631020.50990796
104156754.34224677,74392554.7747295,61489375.61054832,297013365.68948716,537052050.4170117
89315522.2609037,76723261.02513123,56609807.70799485,309523620.95614624,532172211.950176
108336451.16390327,73396776.49084416,68735229.58585747,296214933.7487142,546683390.9893191
82876878.38780266,73460186.73852518,61882306.095083274,324381296.41042954,542600667.6318407
85770326.41808824,70227136.89110787,57947409.85327874,351443463.14728886,565388336.3097637
52737196.89312975,64689535.74769413,70452176.85791977,296063093.1209381,483942002.6196818
90995905.73041947,64282014.20470957,62475077.548098035,263252990.52250892,481005988.005736
87268786.91090783,83156117.75526075,70812627.84164646,348347795.4834298,589585327.9912448
93612905.8985466,79884236.414901,60240540.05636178,273465187.8937737,507202870.26358306
90465971.31632337,83928854.98016559,62989234.6457698,294641869.5618795,532025930.50413823
83662137.0846744,94837136.25531593,57734319.85219024,270579294.28210545,506812887.474286
83973272.13537683,82492045.65769137,63348764.09694569,364984193.31993467,594798275.2099485
85354992.10733731,92726118.5014699,67540992.03258862,301951848.3982756,547573951.0396714
89744571.87793317,78974575.70508099,80898988.93323058,334563667.7554858,584181804.2717305
100988162.67822538,58887886.5975192,72720966.40180264,296044527.5415315,528641543.2190787
95692074.7585363,77179347.2370309,85797629.55131467,322728953.300421,581398004.8473029
82115842.08320278,62309887.33597727,78599855.5734714,325498888.5794889,548524473.5721403
65233593.37193508,61185413.38180069,60092646.61708507,311487735.95555824,497999389.32637906
87792871.97400525,87182228.77772774,77311432.1289935,331432447.31135315,583718980.1920797
84407531.87770969,79667685.98862104,63394923.97723881,302080176.46030265,529550318.3038722
71821889.45113182,73632895.22364958,74116367.3605786,337425850.50481975,556997002.5401797
86954571.30513056,81006262.40157977,63853296.245639294,271815601.8117406,503629731.7640902
88881457.37703483,82945363.11630592,68810503.28185028,363919457.64354074,604556781.4187317
83080899.42635348,74075244.07696295,73164241.54142362,409600950.2955834,639921335.3403234
85196113.12095624,76637844.03927164,63155023.139990635,282174241.2401555,507163221.54037404
95254358.4574573,91291049.1061883,59834284.8661161,318683517.6860173,565063210.1157789
68483694.92630394,62578641.35386178,56739910.607385375,249816271.77497485,437618518.66252595
97560270.96531542,84643885.68121733,67921310.01577388,278431351.1494898,528556817.8117964
75548208.86960718,78122844.94537295,72954884.77508892,309173427.66792214,535799366.2579912
87562833.33223808,64330088.91656685,60459569.57854266,311649974.56906617,524002466.39641374
88414877.8693457,80824527.71424714,65835508.1783056,310034111.55565965,545109025.317558
70218914.40442637,75757010.6666142,68713658.72737657,333784047.3395082,548473631.1379254
90511428.27139574,90039715.9652637,64361503.73827402,342662523.90058166,587575171.8755151
114302968.90397167,82135181.60688333,77829397.38341814,313630888.79813933,587898436.6924125
94582695.77265213,86257610.1031906,76924298.6122685,291637841.5458717,549402446.033983
68292019.31175856,61315153.946774006,63525240.82289548,281466683.33958554,474599097.4210136
121181222.92272206,103594179.24677001,81755510.70943134,334615012.03753614,641145924.9164596
89608287.19570157,76437715.97165826,69680940.4913907,269845834.38685644,505572778.045607
73191268.48895231,69511103.60868937,65380747.58290719,319302146.111822,527385265.7923709
90392241.90555234,77599771.67698723,79208071.44293144,284343139.67875034,531543224.70422137
74557176.21621722,77851062.78375924,61487059.205495685,346570233.65867573,560465531.8641479
80252631.91302697,84672097.7938933,87564606.27262644,320110833.39392954,572600169.3734763
110435587.99834393,68735167.14952797,70910394.51023099,275502385.2327529,525583534.8908558
66268233.686966434,75882873.49044944,55054593.27739367,234362662.47001708,431568362.9248266
87205810.74451046,73910127.4740492,48473644.86245846,298418819.7969722,508008402.87799037
82624392.24474154,62601646.7924636,65007463.25457177,341831931.4201267,552065433.7119036
82938858.94619198,76316580.84585525,76967347.1069311,309089356.6263594,545312143.5253377
92090139.00018452,86700049.61852592,68282134.66548604,276632188.0252288,523704511.3094253
86116406.40717022,78185645.99890567,67697474.79299198,319669876.00288385,551669403.2019517
93052629.808232,81900645.55605398,65260835.99660381,290880986.39983964,531095097.76072943
73508289.38188608,69682816.84921637,61585583.475783825,294826314.57630605,499603004.28319234
114833453.21335463,79008477.62059365,68185556.14242002,316651519.17580855,578679006.1521769
77905427.14640081,85254431.25452735,73822294.50126886,302027194.0619159,539009346.9641129
86426674.12711789,68840957.1650068,66472570.41696576,286859407.3192537,508599609.02834415
88723229.79494755,83218836.72408894,68112271.8216601,282765349.5506389,522819687.8913355
97563482.76972811,81487060.53064111,73478418.9423605,315854220.1318097,568383182.3745394
99662753.13328,75877320.28254655,85578135.81132743,361288151.40277237,622406360.6299263
80779274.96272571,67498850.84032829,77792869.51356159,333282000.58747375,559352995.9040893
87794189.13737838,70183576.75387251,60427528.64559128,299125143.1936825,517530437.73052466
80904753.56886733,78267799.83672066,64634355.03608426,292822785.81924355,516629694.26091576
91163101.60437542,76016968.99636562,70916429.03570478,317676374.0774263,555772873.7138722
87771023.11459574,75605066.71869723,58510394.19872566,228006038.44387746,449892522.4758961
102468162.17487657,66577323.6393078,54092494.648313135,279480995.5702331,502618976.0327306
108978070.92202671,87856444.85138826,66423526.54874028,284213623.9693608,547471666.2915161
75980247.03281903,70056468.86196794,51509691.65513647,317633822.34354216,515180229.8934656
101289925.85464904,64423911.13259086,63055980.60184695,282416446.08163255,511186263.6707194
77076808.2836925,61932265.17214493,64515116.2342053,337487884.6558765,541012074.3459193
90548483.97148901,86564555.80923212,68265161.0383159,280665458.3895487,526043659.20858574
100309311.47853467,81166703.95854709,61816286.50820361,301957205.75547564,545249507.7007611
65750284.51247162,56995999.23343132,54822769.38363178,236879328.00417426,414448381.13370895
80771861.00199752,71032372.71120411,63766345.742390856,307993749.4809111,523564328.9365036
88440991.59425317,60447447.39043394,64197586.262090094,318274846.85716605,531360872.1039432
98637918.7137706,72043619.08747561,61037445.71214154,293724234.3628639,525443217.8762517
100119685.2288316,75499468.74406639,68454807.77512127,266765205.12047794,510839166.86849725
95973637.65222782,79690808.12916856,62452673.67658194,269285398.9318254,507402518.38980377
87637127.70423315,89191483.42854887,95686893.05088533,371832211.1801429,644347715.3638103
108125297.70046605,81450239.96232596,72631162.42762056,309212857.43054456,571419557.5209571
93882052.3971195,77622196.37224974,68545929.26182562,359767990.25475836,599818168.2859533
62886460.46180697,62118565.67611558,64838118.180666916,306905953.20471513,496749097.5233046
100479363.41778557,89215228.04014394,80984255.31276563,344671575.49442476,615350422.2651198
70328063.73959771,69382943.23828773,70499929.23643339,284988959.10377324,495199895.31809205
55085154.156286135,84069107.52236809,57328479.23684485,371123373.3295241,567606114.2450233
83004470.47600107,81225459.09476973,74555349.31206387,318130358.3153239,556915637.1981585
86441932.22927548,87129588.44418623,75324904.1845817,321032066.68009853,569928491.538142
87272111.66554275,71757271.53771017,63880167.09291601,330277290.3235989,553186840.6197679
73039676.99992028,79729710.91127998,58429874.304364026,286361588.85778755,497560851.07335186
93865449.53583555,74007469.07156906,58745089.76885653,293520445.4408531,520138453.81711423
59632325.368868195,61045539.94351334,58011492.75786577,262090213.31227747,440779571.3825247
67175019.0288475,65586835.543508306,67103530.09875917,292795337.03521556,492660721.70633054
77469069.00224593,61843797.55352029,70891646.77311108,324930858.15514547,535135371.48402274
135185600.01458952,88449949.34451571,77487586.13997199,321215850.02661854,622338985.5256958
78871410.20679922,77568168.214986,78091621.5761327,256544753.11422092,491075953.11213887
100142551.78415364,86489590.87020567,71410933.37943082,330309015.1993489,588352091.233139
85587486.34174515,87332214.06271917,88239314.88575746,322549388.7369125,583708404.0271342
81794175.24764605,76516308.0552637,62606410.11118122,315834821.3866977,536751714.80078864
61458889.62334627,77614572.60765313,67384617.01915309,263480867.8231785,469938947.073331
88947823.9138082,74742311.9318136,71650376.346158,304827334.18182224,540167846.373602
115359569.0965531,81152468.12349679,74376595.96969743,352938748.4908513,623827381.6805986
81566317.76219696,88384429.62991202,70939913.64220268,413275425.0259255,654166086.0602372
84123935.71067245,56077995.635951824,51194495.62557779,242137889.94565904,433534316.9178611
89966346.87149204,83753801.80527815,61613238.653558835,309027663.9468916,544361051.2772207
76040901.73579362,68678652.44614634,63086340.01531692,277185448.7005947,484991342.8978516
68773049.62222175,84651515.20198038,49764393.450540654,248176043.4589772,451365001.73371994
87877440.53570499,73075947.44737607,53817745.31771654,261076346.60154852,475847479.90234613
103897047.85336038,84459984.40821607,56137585.26474078,297179506.2947531,541674123.8210703
94600334.21587022,74393803.14542606,66837222.02344345,323460573.7558901,559291933.1406298
115987795.88682568,78948446.58951847,91660174.05377895,293755843.5966435,580352260.1267667
77364851.13505875,59904798.14351744,72077336.70383045,259248226.6256335,468595212.60804015
74802793.13619573,63074315.611829564,61014429.14428695,298025688.4025683,496917226.2948805
94928365.86185692,91869091.35818982,88537126.32132517,277163276.8539363,552497860.3953083
93584652.98027544,76997962.50096385,64256761.74899361,309055662.1304112,543895039.3606441
86575853.89426118,72434198.64944647,63235833.66088538,305509154.1250825,527755040.32967556
101890062.25608556,76914256.27782832,63182602.84108529,272029905.42185736,514016826.7968565
82744580.87621486,74788920.58581498,60612754.744921714,341916128.0427408,560062384.2496924
80861167.95496204,77946772.43931298,68209717.19264376,298982714.5180083,526000372.10492706
101439260.11409867,83075667.34615375,84979993.86009066,409289302.7941985,678784224.1145415
91956914.4719459,92362534.07825677,75016740.31392935,292005538.49848735,551341727.3626194
100994074.83124764,80500930.4422646,52501146.023096226,303351385.3890362,537347536.6856446
82431074.1781862,83795987.33665662,65919023.348903015,242580096.62256208,474726181.48630786
87659112.13652085,74336300.80018997,63574512.54126327,301826434.73098844,527396360.20896256
105819456.42591897,92692139.5604619,64684381.49612793,288500323.71931535,551696301.2018242
67390533.87020472,70263392.6670946,64603980.97180485,249690922.9430786,451948830.45218277
91628829.25931892,62667940.62447962,75104794.05459288,337409220.5497199,566810784.4881114
107319866.45664011,98342767.45956701,69195771.16344714,275570579.06451494,550428984.1441692
118392522.9883984,94206056.18719906,85653715.65696776,362064305.99749607,660316600.8300612
105182939.94174801,80712062.09795545,62562356.89826064,273295495.03496295,521752853.97292703
90935640.66001377,77593372.41945021,57832113.756667696,247642357.68601632,474003484.522148
98526317.85881461,89446404.7444176,66849154.801273175,279480587.37297267,534302464.77747804
89438774.50936402,74333642.66767967,56698161.71826589,260636782.6442299,481107361.53953946
106499686.75601014,80829770.93778317,79316178.60275315,341386231.6165654,608031867.9131119
59506695.84106976,67142835.36243303,68049420.12591775,261947965.20366627,456646916.5330868
90560610.38998736,75336200.7834578,58031760.77756442,291439259.1740255,515367831.12503505
82397389.01801355,69169701.85352813,65329912.43620402,215306042.17787984,432203045.4856255
89794505.24877381,73816830.01415737,60628089.41750513,246106744.929759,470346169.6101953
98874060.73499654,71339719.42387928,49787465.4606869,286749797.6672721,506751043.28683484
89915612.74510756,80543477.50249454,75053404.75952776,349404334.57930785,594916829.5864377
108020353.46828762,81261178.57308513,94298812.56595822,332187961.4181106,615768306.0254416
80886329.65287992,71437497.40950462,58256266.7657219,307947535.61628085,518527629.4443873
83037361.16129746,65404062.630027086,57909030.30035298,305664949.3101018,512015403.40177935
90437336.63764352,67682256.49854447,60026877.61807888,284530957.2124014,502677427.96666825
70346310.1757201,74801192.02261744,68953859.68080549,320645906.1508399,534747268.029983
111080039.91634053,90916155.05608566,71906927.54140513,273172339.81365734,547075462.3274887
76770036.46122277,73562902.19679372,83267494.65192,397207479.71500474,630807913.0249412
98315522.61393256,87205121.73713373,80359822.32416424,348495484.099613,614375950.7748436
92767499.14539914,68479902.45857179,70890882.82790227,414178674.55170596,646316958.9835792
80810196.04315098,71259201.77974528,72825100.76074013,368066421.2619668,592960919.8456032
92462216.14071022,85505832.26669239,79495170.02349223,322640709.20257705,580103927.633472
93248200.54510596,80591043.52967183,71135965.2285882,303908568.98349494,548883778.286861
98448049.54501136,77545395.1753091,72485014.84643623,278048675.06075674,526527134.6275134
108572373.10356013,81758993.65219268,60333452.83353265,287185881.44368446,537850701.03297
104692506.08150823,75900473.12315065,71049039.31425218,246170122.10530072,497812140.6242118
100507445.2951542,72649218.04880773,56259689.959046826,297987470.0957469,527403823.3987556
69057455.8169069,65094544.22422429,58339046.05862179,352507907.82081324,544998953.9205662
87607949.35672781,90748528.30084889,73851082.9053468,340672291.07019424,592879851.6331177
79020458.09900372,63781278.834022954,51493391.068456255,291740814.12769353,486035942.1291765
84485990.46120292,69008918.65853618,70170575.37214509,336651897.2059788,560317381.697863
95345154.7502605,88386588.11256856,78335504.93572924,276922563.129407,538989810.9279653
91598625.2008199,72041612.24919541,65781354.33276654,277742220.5339018,507163812.31668365
92533825.12792908,92732337.80894881,84134336.89421965,353136106.8655737,622536606.6966712
101508765.50901815,93239988.50302358,84771638.28311719,313665043.7355289,593185436.0306878
106994041.31137474,95946960.21375233,66427545.14538802,330664557.7304317,600033104.4009467
131895561.98678955,77436717.7473452,75032489.46156164,328918325.54750675,613283094.7432032
91538306.17901762,84991862.31185406,60372641.3427034,315966293.3059588,552869103.1395339
79629445.0803032,64913525.07380315,82463046.82187067,293813509.1980562,520819526.1740332
88700165.1683284,67532059.39587176,64130826.66853193,287768968.1645222,508132019.3972542
82298609.92353421,81494823.43873434,63626862.17887666,299473849.6544297,526894145.1955749
81337804.11748937,77561051.59794456,66347209.22318702,295504215.0057566,520750279.94437754
113464034.48047525,81557416.72717668,78130021.39028499,296097136.466375,569248609.0643119
93421848.05660653,77941021.24196237,63155091.57574087,288875300.65753263,523393261.5318424
79131984.23783557,81948797.01989308,67157151.11508127,297112293.6323637,525350226.00517356
66096041.95667448,77220263.35985418,66009910.52775434,278004772.4217089,487330988.26599187
70834459.44707777,65623594.512668006,51752292.4034601,278998409.69996345,467208756.0631693
70211589.4390333,78199794.75869821,81470278.41582038,286440922.619862,516322585.2334139
87315829.1515009,83992518.82437722,62901145.100839525,300419454.04903865,534628947.12575626
90867614.0949811,75149723.8452333,60213647.66116825,355121194.67999893,581352180.2813816
77175974.08924887,75921019.29508261,52624901.60599438,339276978.664975,544998873.6553009
106185853.81141064,93209182.21428323,72611031.25960559,386269005.2192604,658275072.5045598
90760953.17085087,77923609.81912675,67311527.86256419,276016181.97052634,512012272.82306814
80530065.26165646,84327878.87505169,71883895.36299375,260643691.8896173,497385531.3893192
83862281.83295377,89363737.70129111,74922132.33403674,313639492.66035414,561787644.5286357
91306847.36384182,70896014.57080005,55066621.78754817,316301046.33789474,533570530.06008476
97634336.32364927,76088837.28094172,63236611.38730461,238486065.72883466,475445850.7207303
81231131.76717782,74809574.3135444,75360176.40085249,323084207.97853625,554485090.4601109
68954067.1060408,75348513.92735687,73036828.43246189,296199098.00632304,513538507.47218263
77085113.80838197,75360363.99179655,60648964.67957591,347295095.9020318,560389538.3817862
84335618.17160407,69351455.10433796,66720586.41110745,254826772.22426477,475234431.91131425
72324625.37805043,69268763.67916407,59648706.2721507,276622936.28770715,477865031.61707234
85376748.72038855,74137821.90514645,67608533.40332799,398645068.6144774,625768172.6433403
75180375.08077101,86645456.26314485,65795874.496353686,299088722.57907856,526710428.4193481
80359375.22803178,80101398.53429729,69197957.03970131,325951828.24734384,555610559.0493742
122120738.55895749,96395102.20255822,83673103.54010989,295818650.99199235,598007595.293618
109317982.59539273,78357244.93259321,62274105.046985164,274340034.05432385,524289366.62929493
84793125.93969215,72697500.76861861,65771297.92370893,326663959.38228583,549925884.0143056
89055397.42364597,73878237.73501603,55787597.3773457,371689488.5352864,590410721.0712942
93963074.2930718,79282305.75163643,77650066.15776545,296162287.31074756,547057733.5132213
101861577.72365275,82889887.25928211,70724993.11215442,300645738.7901325,556122196.8852218
96965113.25152925,80175581.52782622,65479036.22809936,248605602.74206126,491225333.74951607
71602840.86013757,74395211.02113627,63432084.0923943,290682831.4756519,500112967.4493201
95132454.80481498,93561328.81582579,83690314.2772135,346562649.91753703,618946747.8153913
75034002.85980026,67624921.44635704,61661176.52144152,300923157.2170293,505243258.0446281
113623995.62414765,90752234.1414262,72394142.09307207,248112986.30451223,524883358.1631582
85558337.3621102,83023307.21509375,64115850.93533131,317406735.86259836,550104231.3751336
100116336.23464443,77540037.79212682,62431523.67864088,302627383.52524453,542715281.2306566
105801608.15239578,69490760.64826855,63837203.3089927,307055730.5616646,546185302.6713216
83409090.19073194,67752515.78619583,64998488.80180959,336360776.66986936,552520871.4486067
107435861.17882937,78639952.2083452,72852479.2898461,331793498.7239906,590721791.4010112
105403726.41592765,78971479.32297674,82514967.58581696,347657223.2512412,614547396.5759625
63707105.69529674,93761202.18824466,60975180.938657105,291930569.0860208,510374057.90821934
99860654.34523486,94621509.15855882,67030110.22137368,288560788.82560194,550073062.5507693
87024113.77939527,77854195.9733441,86871087.51335725,268635659.909776,520385057.17587256
70139240.15953279,65913445.71070041,57157462.865206294,280400465.65228957,473610614.38772905
65728737.31441758,73739077.35714021,71579988.02026652,344702489.7198638,555750292.4116881
89784831.59054069,69546654.77243116,63287073.01146275,323523504.5158314,546142063.890266
90791655.40511116,71955890.29359083,54775755.72172264,305653962.8834273,523177264.30385196
67565534.17181914,73602936.42001955,62828530.954721496,309982704.8347829,513979706.38134307
74217008.19820331,62030302.754983984,48303383.887787126,279266002.11835283,463816696.9593272
80059627.20284945,67320754.36838381,64548281.94161999,357212233.82147914,569140897.3343325
79687234.3054886,80039622.51640677,61545519.357157506,290779463.01302046,512051839.19207335
92820236.29339887,63102565.37529878,68234228.00171441,298370668.0879246,522527697.75833666
92330153.5891516,80608735.07517427,77584315.46786603,357540753.5155035,608063957.6476954
107301420.32311617,84938197.78809085,80449292.78465754,287753452.92677444,560442363.822639
101666180.1205789,80003337.87264162,81202432.12802622,298559994.3258745,561431944.4471213
87050832.06452818,101758542.55461451,54917142.36405706,360279806.16335356,604006323.1465533
79830860.8112585,73107007.58000012,60008266.69154326,280881123.4604462,493827258.54324806
99435446.06862791,95639202.69867681,71028898.82310395,330978933.7662334,597082481.356642
80507810.82702366,67078320.30413103,61552038.995263994,261522960.87654474,470661131.0029634
77930510.38525951,92208333.56847377,63651524.47856047,313830119.3784006,547620487.8106943
88735806.36170934,90525705.16614313,82441255.38945861,359342158.4974322,621044925.4147432
117874396.79617967,67387903.87382676,68743069.38191102,312379657.50412565,566385027.5560431
118142004.95638359,65584854.083164416,55759241.66577261,262389666.62753695,501875767.3328576
69643541.3449984,60620984.61023635,68826021.30242056,303915468.98655725,503006016.24421257
70323563.25015558,81428549.37634172,61647899.901649125,273084102.72835565,486484115.25650203
69260659.58674857,76744185.9730012,66904646.36564388,287408908.0235323,500318399.948926
89495610.53635335,70198537.96793233,64912465.99331465,328262822.173817,552869436.6714174
92786905.51659492,72892930.22334315,69793199.05052277,303732986.8677827,539206021.6582435
98680906.6233787,70092339.07362738,77824988.73831291,325047779.5940681,571646014.0293871
76550497.226183,50904537.52234285,52123748.82790416,258739010.81080598,438317794.387236
78518482.64912209,61888875.70271309,49743370.0549168,264806915.19398913,454957643.60074115
102446232.5654165,75344344.19256769,57132614.05313191,277071703.96593523,511994894.7770513
79895424.19443138,94782915.41506422,82724144.84158142,428150991.75506365,685553476.2061406
88725853.51958376,94527038.406331,79044575.16591732,312760930.2809207,575058397.3727528
92013026.58086261,81425059.60097682,75756178.30526198,307614747.5816219,556809012.0687233
94366132.52215542,92147087.69114918,61261663.53545657,290249717.8631782,538024601.6119393
68481466.85957395,72306310.60175636,74492191.1079182,272570367.63832766,487850336.20757616
88076008.31171241,74955484.59723961,68180046.64873083,310433926.9146899,541645466.4723728
96848007.48794015,76046903.49794814,65003024.06759655,285377594.4308209,523275529.48430574
97406393.08654794,64555610.91027692,75120754.1772723,306469118.80206084,543551876.976158
82559479.97191224,71572342.82772186,60459208.73570963,335085776.6573201,549676808.1926638
101017579.4925602,104105827.91903226,62018011.598413736,293668204.9579476,560809623.9679538
128643588.09666568,94060317.40726933,65995427.988975026,283246511.8735595,571945845.3664695
100120208.56014304,74903341.24494994,78388636.4840181,368970755.5759991,622382941.8651102
80399579.65411413,59619797.20364018,59336003.10709453,322548598.1940573,521903978.1589061
91150336.01788375,68045439.45566933,51211152.166172884,286701817.7378279,497108745.3775538
95885777.27955103,76671303.05272998,74866724.41712028,357321330.6539964,604745135.4033977
78293532.14671627,78129357.25893608,70723225.30621651,298887235.7135835,526033350.42545235
104648968.45816194,86701396.8124151,74671507.86463648,322692118.49112535,588713991.6263388
91784248.9609864,75881617.1964536,68945606.47344948,395099090.29246354,631710562.923353
83387297.42888983,69654490.06230786,50588584.33698593,233872889.5868341,437503261.4150177
94695833.84545182,64416721.183938794,61662589.93552661,266907518.14643276,487682663.11134994
85729959.6152299,75093710.63451436,71099879.38402662,279360680.4459293,511284230.0797002
89791728.5769483,87196929.85404053,70422894.68975878,292755617.2760401,540167170.3967876
78138331.2948129,90156634.32454571,75336963.3014311,392324295.7411896,635956224.6619793
82350305.44044526,71507379.7261738,64999059.2994413,287020378.9468333,505877123.41289365
75144806.54741882,74264043.56423917,59133245.27745549,373340110.53007066,581882205.9191841
67210669.63857882,71352063.7942461,62577003.534134984,261926498.1344056,463066235.1013655
101033822.67433912,64859551.6348594,63866392.90345266,312915706.77157134,542675473.9842225
62215844.011689305,95404629.28445496,66223192.73405243,320433438.5845919,544277104.6147885
90167250.23505974,76041114.47322111,65468812.02764379,306496124.8627921,538173301.5987167
83356085.97214127,92421296.99658392,72622765.11625439,321282402.4724922,569682550.5574718
113496599.96553905,87117546.51512861,62649973.55145338,344056373.0278208,607320493.0599419
87385124.55884668,82091366.72697194,70986746.01786509,331539726.6365839,572002963.9402677
79403907.31785455,86938098.81276156,71362104.5196511,355099195.25819606,592803305.9084632
98874142.0411638,92932028.56013785,67029610.573038936,259279266.52527967,518115047.69962025
84419516.52778867,73273796.69736312,89034288.60878855,368796691.30593604,615524293.1398764
85073727.86563231,69768828.67511906,65610296.50510698,281617642.3163778,502070495.36223614
97382438.16978681,82625492.44452561,61895493.73171971,299958873.8834265,541862298.2294586
100040100.93242829,68123169.07133655,54605490.20959369,307394854.9082706,530163615.1216291
84364646.55462807,79218666.96553107,64729807.5834123,347309412.9021501,575622534.0057216
88042838.16615994,86791414.06485234,65731122.4242418,277958813.07123333,518524187.7264874
67711849.07163543,71971718.11831246,62981730.530456185,298792814.76115644,501458112.4815605
95102941.86757389,74767707.36532022,71142854.67893265,314379366.4835595,555392870.3953862
105594490.2106117,90272457.92406778,72822791.68541384,282538925.3632878,551228665.1833811
100361353.15313171,77095602.46769825,65891677.535540424,292913524.4098692,536262157.5662396
70845320.80615154,92241400.6168658,55608136.16829578,267338103.25493187,486032960.84624493
82634477.53376752,86493873.6023451,48226204.13950537,245694692.707846,463049247.983464
103292023.84846704,82227756.0205658,67368813.2852706,343213518.5982874,596102111.7525909
120496924.10022317,86279794.59827632,62447142.68719195,334905362.4364623,604129223.8221538
73845173.89458796,74207712.2914219,65814111.35635797,332828352.08607554,546695349.6284434
54201208.1152006,79747664.88236986,63529110.57446689,283379013.1510346,480856996.72307193
81165034.11033127,82994334.5436303,54765740.59723182,238535614.31689534,457460723.56808877
95438822.38807608,79062903.033804,58492281.40531192,297794506.830783,530788513.65797496
111957437.86367437,75772501.12803064,70633486.11222258,326943070.80435574,585306495.9082834
76941027.4101628,75773332.43214138,70637023.99072461,318357263.2336174,541708647.0666462
87739398.19652241,74409633.05019914,67848107.8657676,349137124.99715924,579134264.1096485
86842122.93478137,82510037.19287454,68182630.57068676,298943438.8677366,536478229.56607926
87991291.89064474,82510649.32235172,63145239.358761035,288365810.2765867,522012990.8483442
72121756.03231452,68720423.51731357,50284954.68757499,316916949.43861914,508044083.6758222
87634615.89191863,64206004.39168428,49113431.80935371,239476557.18289092,440430609.27584755
78190758.11276792,84637062.11506276,57007509.57438234,261595650.3842768,481430980.1864898
115219095.21699923,85506537.71189281,72908529.28190559,336569812.5346264,610203974.745424
99973228.93658192,85106556.66303588,70068559.56104347,270450808.1764587,525599153.33712
85132337.53946668,78476727.8790592,66929586.004763134,368179824.45430934,598718475.8775983
109597560.49687187,78545085.39189194,78052300.81329638,303426008.03454125,569620954.7366015
91829555.85847057,82075768.74851814,77187021.19228272,296830322.275572,547922668.0748434
72323450.95611891,70542008.12214708,59386847.86642638,288152403.750353,490404710.69504535
74559809.76111792,73931275.26549713,72200125.77823593,349170756.3259625,569861967.1308135
68056939.57830872,69161861.89925852,67530260.61789945,329709108.4449714,534458170.54043806
101227519.05529769,63437880.02845095,58930766.56022344,273291786.13325673,496887951.77722883
81209807.42167152,81115790.1868563,67932873.3967377,295086958.3617318,525345429.36699736
95260236.22440577,81961884.40389994,69186617.9360573,359927264.02236754,606336002.5867305
102602606.8027856,74462111.40484293,61332718.568033695,318539636.2144192,556937072.9900814
92532589.78725037,78168274.76507334,76571928.40743357,333456016.867183,580728809.8269403
98437521.87999494,73973844.22124329,61473032.74848142,314591964.5609955,548476363.4107152
126582508.33601573,100085666.9200222,66187914.844756715,408498698.541968,701354788.6427627
91122521.07290095,66018170.73657445,57964818.94386861,274206753.2440762,489312263.9974202
102690061.81669658,89835528.26997127,65930937.04202032,288501930.1065278,546958457.2352159
90537986.54638301,66190520.41103706,62914918.98993146,317860497.48156697,537503923.4289185
93401339.40259829,98464408.8033247,80305248.10155994,323272679.0996885,595443675.4071715
101658094.11292398,75398907.33302855,78353095.70656227,318381300.78365505,573791397.9361699
77126618.8056385,60010064.10356537,59985830.73273364,294133938.686291,491256452.3282285
79579647.72066931,64673956.917478465,69637996.94716565,287791723.6385725,501683325.22388595
82438271.86648437,81092400.18293981,58155472.22535384,282495882.61724687,504182026.8920249
89667514.24705875,80877381.03147408,82166497.69811198,302932204.84489393,555643597.8215387
74948758.12204853,74884593.68628527,59577413.12422317,300671865.4050611,510082630.3376181
77020079.51035218,68975707.11248147,49766071.22240685,298617660.91001135,494379518.7552519
78475187.46744403,71325788.18084344,58518774.00275422,288193617.2633047,496513366.9143464
95353075.45235117,87762131.38190967,82576791.22411717,332234291.3169612,597926289.3753393
90936958.35578518,73926739.58227615,61352271.29615738,357334418.79621077,583550388.0304295
89579601.817927,59294231.482283935,54736709.066915214,268156710.03991684,471767252.407043
71699991.66968644,79238598.33302161,62940719.76182273,296304189.44739735,510183499.2119281
68907086.32002299,75562997.15608922,72616376.31114835,317181789.60004926,534268249.3873098
78552956.73739178,64502570.56750379,62027784.29386032,281901251.6698075,486984563.2685634
72984374.06924206,65644915.40898506,55024844.60397104,294715639.1310971,488369773.2132952
104690349.1387872,91534567.64662428,67532346.14575343,332089263.3595721,595846526.290737
101655029.033016,80413193.40525599,61226903.84021488,246454129.12914553,489749255.4076324
93418056.31382103,76769439.83156668,65119471.76310402,309589284.21516705,544896252.1236588
87365008.55983958,88406151.93809308,69154479.33619966,306071768.1907829,550997408.0249152
98788662.70971406,78401492.22992167,63689762.37049071,291236735.4992726,532116652.809399
103084162.837587,63445998.22934888,81692380.45306888,299279199.1717771,547501740.6917819
84951521.8531068,84395058.14786917,91166319.26216748,318725980.6542092,579238879.9173527
75484890.68465306,67866057.2972531,57674951.983967505,250997739.2144988,452023639.1803725
81098241.65414315,75386493.52849653,67644135.86514477,286514552.3624354,510643423.41021985
95434793.97150025,70242645.63015898,61820353.45730989,401030825.4980401,628528618.5570092
91075377.13944846,68443363.64595887,68796495.8750861,385764439.91683453,614079676.577328
89477108.8642646,100253701.60136144,72567738.83897081,358996893.1925209,621295442.4971178
101781609.23577513,87423041.02607387,64102380.14479267,370305566.8090447,623612597.2156863
79113194.26798525,72089768.88494697,70447392.30222933,323990481.6972593,545640837.1524209
78700361.04213578,72644748.47837563,73641831.04334545,246078687.56309348,471065628.1269503
67929624.48957257,63589043.8866348,69918778.20567958,242535419.74459442,443972866.32648134
84845560.79391453,85252225.41609871,68289606.02733418,328253938.0120696,566641330.2494171
100099614.57981797,66354524.82539243,61875148.21683565,364050842.42938626,592380130.0514324
94633560.13698804,75286536.19112149,77213754.65857208,345088172.96937823,592222023.9560598
111038748.7052044,71094405.80659737,48027058.6406957,309749847.60587233,539910060.7583698
105707924.97974062,78576267.14217603,80157281.90038778,325809901.45486283,590251375.4771672
97277249.99693193,71692882.94906078,74222188.74575566,301070934.49940884,544263256.1911572
79646674.29679513,80740287.69166349,68303259.49443471,376156151.3038218,604846372.7867151
82570789.75869009,75250118.0182508,65065792.61594921,263028558.2342286,485915258.6271187
78355258.50388195,90426780.29316418,63815331.51019985,307562618.52356994,540159988.8308159
81655049.8911058,88650241.30521421,64453827.13490765,359632537.28453094,594391655.6157587
98449062.46089552,78950332.77719639,60723352.28916474,275840902.56990045,513963650.0971571
87962342.72041912,72618138.16922516,74709996.24463059,336609090.1300928,571899567.2643676
66566514.9018721,83854453.23822325,65697292.00395493,230812200.84167576,446930460.98572606
91125930.51015702,86106476.81590945,75674819.46271876,324939622.2560849,577846849.0448701
65925614.75002097,70697185.47046418,58500617.77296769,342992526.4465137,538115944.4399666
68253768.59375957,67201800.32084611,67737628.6304209,334015199.35155183,537208396.8965784
65321552.152675435,75234522.0099689,65730305.29954884,333111161.16544837,539397540.6276416
88321253.82610339,79815545.12141763,80112041.41540533,324444615.84940124,572693456.2123276
74307216.12305596,62904606.59983128,62947589.990965694,324789784.7040228,524949197.41787577
103580200.46285608,73246564.59514724,57223906.00780766,306975151.038237,541025822.104048
84771811.36972393,74790981.1481821,68807626.04486041,287432240.68057394,515802659.2433404
83881230.26198438,60405650.993839525,62136490.672035135,302477480.011213,508900851.939072
82050570.09915276,81117628.40867846,70086354.46236846,327960089.81241125,561214642.7826109
101306216.65632567,77456550.5608926,60978714.612316184,247621731.14252138,487363212.97205585
100376485.06752305,80999282.49725927,63705093.140319556,310581827.41251826,555662688.1176201
69148797.56556167,74052495.0230325,63463399.68461117,283022100.65086347,489686792.9240688
91802679.552732,86461014.69871157,75128792.15149869,303121166.98692715,556513653.3898695
88582903.57528108,80567509.93371874,67742734.19105144,292807797.0852613,529700944.78531253
99493121.25700031,75892539.94505557,78207331.6043089,287699956.78246075,541292949.5888255
83957381.19132885,76040497.5551134,84020208.27433556,378150838.90423787,622168925.9250157
111675312.2534343,84240323.53849457,56724517.16173738,315825933.0505844,568466086.0042506
81128509.37392747,78309862.38503776,86224607.9267864,303799321.0730041,549462300.7587558
74996719.59186894,89048610.5061979,79946639.18440813,314459534.32146275,558451503.6039377
116113856.39810249,99648348.65775174,69569020.00876051,339203732.24268043,624534957.3072952
93787491.46491481,78512909.28095657,72412620.16822535,334499090.06668264,579212110.9807794
79361309.8171683,75976409.27922258,61489014.30092572,299073659.4771399,515900392.87445647
90557000.3348286,66286644.7258123,74887892.15553844,311010791.75522274,542742328.971402
71100364.19486412,77077562.7054066,58023785.54288538,292935850.17679095,499137562.6199471
74290974.48615693,67967122.6564953,60757065.951181225,297892174.19176894,500907337.2856024
75513941.56282282,65965064.17249704,57525302.08398654,314911902.0906222,513916209.90992856
103762381.39389515,82947669.50980161,72401982.06552806,318834332.86663723,577946365.835862
97815178.65593307,84848250.42527771,64339492.14910181,224434151.22473007,471437072.45504266
83226848.51625508,72052163.4591324,56294364.19836733,248386696.81735831,459960072.9911131
103651807.59561273,78260311.07461905,62601146.02865603,281201961.3082987,525715226.00718653
77046776.64745425,80885821.87220436,85029414.47556931,319789983.0990755,562751996.0943034
131809254.79454908,89818517.97809306,75399008.1183347,241857754.32974848,538884535.2207253
64768110.56058154,73572072.19124123,50550363.26649211,266946699.4455671,455837245.46388197
93191751.10436316,78247563.61908036,75893955.03608175,279156956.07935864,526490225.8388839
89597005.15714136,74029455.42419754,60842241.27282878,292975707.8809746,517444409.73514223
104796500.40263937,72673134.10091561,61669320.34694666,330628094.6560081,569767049.5065098
70941159.87114538,68667735.44608183,63717061.52227878,271989357.47373086,475315314.31323683
79632214.70389752,82087736.47888651,82383078.34117295,348131997.7352655,592235027.2592225
87639552.30620332,87045140.44083315,65184686.050381154,321910892.86105484,561780271.6584724
77682393.67468046,67740510.07116094,63524247.9567449,276593455.0897804,485540606.7923667
90178076.40611109,85109659.79827319,67681197.60311586,309862306.44011825,552831240.2476184
88951678.84537424,76979109.15852161,64338769.69195578,257588633.0671995,487858190.76305115
71076403.34143034,67410784.58142343,61039838.449638054,374638520.25570166,574165546.6281935
82724964.00019643,82980510.33194065,59575980.65926473,273145587.3738024,498427042.3652042
79433124.23793758,87612641.70423897,68821363.69085716,295489130.94455963,531356260.5775933
91088469.00186431,63285928.1829232,68306897.6364243,297584337.8068442,520265632.628056
64570500.820103355,64271594.929439254,59984518.19098336,338033343.43965614,526859957.38018215
109421098.23615842,85506995.88123725,76063481.64716327,311341871.4566836,582333447.2212424
84118918.53191221,96393659.03342508,63764479.840162635,294258710.3325699,538535767.7380698
70526223.46748918,81435801.4285634,73091701.60843934,333659690.3903633,558713416.8948553
97898956.64278594,76823064.67017858,69081029.67385684,258463366.59923822,502266417.5860596
97022425.22109373,81339985.87406911,63701188.30109268,305086635.15827084,547150234.5545263
85360031.53661695,84309808.86240387,60173916.45909976,324731296.8790729,554575053.7371935
106106411.20596687,70918560.67571332,60898128.27401852,274973534.0628824,512896634.21858114
66027663.45646414,57460206.910568595,62109065.46319055,294420195.7120341,480017131.5422574
95254525.89414518,73874151.38426611,66776665.24810157,277444841.8074403,513350184.33395314
120846938.72467746,72856038.479943,61947980.598472975,247353541.39180553,503004499.19489896
73617045.71566235,69951127.72523463,58879260.74630727,308278610.679188,510726044.86639225
80428254.51966767,73659656.18859282,62773111.213387296,238573073.41575915,455434095.33740693
79183091.30997647,73109941.49678689,63555129.14751888,288048240.72737104,503896402.68165326
119136379.06334956,88595866.5628995,72633706.23387045,358320791.8804871,638686743.7406065
81762249.3921543,66076743.49269072,62891386.97316451,296770057.9325249,507500437.79053444
79580354.12858741,71568663.56568396,65777771.69788051,267460701.92916462,484387491.3213165
91712550.41642879,78719704.61160289,81964589.41581127,344296648.7901158,596693493.2339587
96450308.77412616,73183133.81211877,60685695.64620806,325558375.6012283,555877513.8336813
86946174.45024735,77056752.48672037,62879691.58264919,312241837.75875556,539124456.2783725
78932268.78112124,73823770.60997431,62260704.166648716,359813374.4179279,574830117.9756722
84688977.59417291,93986739.746474,63997989.5623624,279731297.2058775,522405004.10888684
82157576.52298595,86664870.96532667,75951693.07727376,240021367.08643433,484795507.6520207
94645948.60999782,80570575.50165623,81160760.14105915,297741149.79692215,554118434.0496354
102450963.70884457,65984431.267901264,60731758.2885323,358195529.84104407,587362683.1063223
106736639.86995222,70060742.4122391,50695846.43359577,296101858.55903137,523595087.2748185
85361955.46644248,80768196.077921,51121887.145474136,278125431.6308481,495377470.32068574
82973444.67994952,78229151.03447458,60071541.388278455,326036516.51236695,547310653.6150695
79787901.57109079,79361423.63237582,83869125.12621287,357038603.447571,600057053.7772504
72153516.41714303,58706571.58373608,63217121.23032044,299612253.2219782,493689462.45317775
90374063.30190025,84078613.43885128,63051593.561207496,316122813.340667,553627083.642626
92207741.35712418,65460321.20733274,66514882.6507821,310712903.70006394,534895848.915303
84198189.40735061,87846888.76889795,74741995.14466268,423307708.1065956,670094781.4275068
111191499.68386413,78157517.45413327,73998378.79950821,288227290.5112005,551574686.4487062
92901669.00575805,86389164.30417652,59737927.112337574,267442060.60697836,506470821.0292505
104923076.36976196,92388142.87808238,70041156.67283332,416413958.1596934,683766334.0803711
88694561.64554879,78519223.40276675,64879867.47906966,288503381.24148536,520597033.76887053
78870890.80074178,68127415.3009983,67652355.42359899,301648750.3774102,516299411.90274924
82285407.35083301,69398796.78152949,67295855.44325428,255491634.5668898,474471694.1425066
92198216.96002053,72740617.79041338,61938730.238285296,308624684.2587989,535502249.2475181
71528020.82401438,80539118.81344037,68371260.18905176,367568410.60793144,588006810.434438
93040093.25991233,89136775.49976538,67884608.85328604,257438064.19433787,507499541.80730164
93219728.95480171,75504917.16569573,60851705.16912393,328598100.20720494,558174451.4968263
73599158.06859806,66673872.87841748,63942240.865771756,356904826.1955459,561120098.0083332
96375954.39844655,61592328.998862006,60406778.614397384,277085165.2017018,495460227.21340775
80073081.38568237,74037859.07937957,53798434.95334658,295280636.08243823,503190011.50084674
98449906.0122124,81934159.46331052,86543620.88706507,343988028.3482938,610915714.7108817
82291606.8831793,65239361.69425547,53383376.373538345,263007721.4095565,463922066.36052966
86533870.32358778,82670966.87627044,77586977.25910978,273202059.9997028,519993874.4586708
90067313.19206077,72565520.91274765,69386731.40189879,304843797.2997024,536863362.8064096
103970163.45288883,88538360.90860203,79932989.5260046,347701404.1978764,620142918.0853719
100666851.21594279,85968239.42472096,78412159.30040571,287922098.47628367,552969348.4173532
64975945.53917303,79836635.29564556,61332106.397211984,303550656.9193248,509695344.1513554
87431242.98088792,77602924.3286343,56794427.26237515,280377047.9529181,502205642.52481544
97577311.91462483,86003877.59611335,63049178.70730212,263157250.83168155,509787619.04972184
83381006.30984665,76610552.86949074,71335202.64847736,331493826.81321126,562820588.641026
87761119.28812213,68796351.10183437,60939546.29410494,303968497.88042164,521465514.56448305
75154356.79368708,65113819.39415486,64314348.01134113,293930014.10573316,498512538.30491626
122513876.41642869,98698429.57064565,68611749.51255794,293951068.6139839,583775124.1136162
84848427.77701262,74788000.91881695,71555004.17776978,253904468.3203744,485095901.1939738
81576682.0999578,62321674.047508545,51534534.483767614,292005711.1259465,487438601.75718045
87801751.93863635,66791161.133867964,59892730.854540616,360201866.7078115,574687510.6348565
94382637.79000014,86067202.72384588,72950697.47098412,336980242.6215688,590380780.6063989
105556455.12097897,86827275.07375103,67372856.31401956,292823378.4937966,552579965.0025461
91412507.67649901,92213485.9482729,59877936.13828084,304584499.44235325,548088429.205406
72415150.56587607,81442946.30774438,68408922.8330091,321149055.30311733,543416075.0097469
128798753.7769086,77673551.82809821,64971260.86314492,333321438.80116695,604765005.2693187
97515891.41635889,77105231.28358278,65603318.10402057,266974135.66590402,507198576.4698663
81897666.0764496,60299032.48384218,64475390.05595296,324959032.7182559,531631121.3345006
81192026.15506186,71419468.73952205,71363128.78029986,361537167.3082596,585511790.9831433
98223567.17518796,64817690.22248279,66669413.70215362,403094922.4066518,632805593.5064762
82072899.68876615,82193861.2114676,65639714.302467994,340579712.14926445,570486187.3519661
86826420.35943504,79027083.10890234,61424706.65716091,284021484.66826874,511299694.793767
100696046.2810114,93841727.32436417,65337484.125943005,300023466.7611632,559898724.4924817
74815387.60142323,85523773.48811577,66030927.07767453,334626574.2190135,560996662.386227
86220108.85079068,73728284.0534793,71368935.75970294,280933120.1473951,512250448.811368
75172312.11563899,76963755.96331479,70779518.47042891,324909686.96445596,547825273.5138386
83837842.49751042,72130062.04490179,59049118.64267445,304329405.1991726,519346428.3842593
95903255.57852529,89744083.39832658,67067617.14862782,374276352.05856854,626991308.1840482
79021207.44613168,70117021.51924215,76617590.3695703,269809122.3032326,495564941.63817674
101314790.5314334,79835401.44625011,80123162.7293153,257665046.5291318,518938401.2361306
99985984.53616932,72466487.1403142,45934785.6836389,253152076.71676984,471539334.07689226
75447859.1330594,64100707.42469444,61296777.137834586,240551780.61963612,441397124.3152245
72226991.77856657,69912339.95354073,76403704.55082713,249509509.1182832,468052545.40121764
79913400.95371974,65010806.86613402,57588485.00986812,284486698.7962711,486999391.62599295
80954558.85955983,78269301.38090579,71658071.6897768,326537292.9281152,557419224.8583577
111799693.41777664,68688571.17369202,60242988.41925475,307085863.61479825,547817116.6255217
104735971.43929298,74936677.39901042,85906169.19919758,321358940.46321434,586937758.5007153
124632475.55901459,75504591.07859509,64925902.99573529,315590552.86086154,580653522.4942064
69939808.04849683,72699002.93236338,65888708.10326055,290535787.4902777,499063306.57439846
83568166.356391,74082129.48076133,56287483.00328528,271563138.1943095,485500917.0347471
87385333.16018727,78734300.56696618,68984757.0755068,296818427.4972349,531922818.29989517
87673926.52941868,83015358.97988603,65602420.96882534,284324090.6086566,520615797.0867866
82207054.84736158,72973097.29378815,67753962.35547647,308492620.8168181,531426735.3134443
99025643.98333043,65620171.5182422,54720502.44083091,357035833.97133505,576402151.9137386
89876753.17304364,69339443.14726348,66685610.9789451,336628850.21155834,562530657.5108106
89340243.361396,79417811.39162631,54590793.1242657,262246324.28023502,485595172.15752304
93656933.48670286,62321462.34967164,63980491.24926922,353013993.87373686,572972880.9593806
90872428.3220665,76938110.50596972,72489914.33842671,337795975.1493577,578096428.3158206
77060637.07175164,69618789.32555,75503525.45029832,320776938.95959455,542959890.8071945
79118058.1449433,80567761.08766262,68763520.73186328,328698689.72628903,557148029.6907582
99854000.72844611,96918806.5834578,68053386.3775339,287532692.1903956,552358885.8798335
97272187.95343286,68919298.72491829,56629619.35393144,295399940.47455174,518221046.5068343
76941157.44605206,69475579.97099082,62049144.5026424,260789906.07858196,469255787.99826723
98282172.41102697,61550606.29029716,66775961.44018971,297685349.8757827,524294090.01729655
77700715.50299923,74333703.9961488,54200717.19067643,280696017.7246133,486931154.4144378
87148832.55632158,79531770.18934448,62509976.472241715,279637314.09475183,508827893.3126596
72693180.33344546,74968723.57174115,60493613.91723145,287645202.5897012,495800720.4121192
109462071.36051814,75846951.19832316,80430815.47419007,345832803.221197,611572641.2542284
77797716.8100277,86022795.68916745,60979434.879988894,302280967.9538897,527080915.3330738
112766202.57973903,87053262.22934163,60956168.35125169,295277900.5920027,556053533.7523351
87804856.60075183,64236965.42955275,69359048.11458927,313526902.1522998,534927772.29719365
83859296.07890776,76640268.2085613,73476794.01555279,290619355.0408141,524595713.34383595
69257190.55907889,69533547.21990328,56389046.053001076,269608446.0196519,464788229.8516351
72947204.03111027,82476517.71442512,67927174.34728459,300276261.2246919,523627157.3175119
122377215.76881571,93730460.55288717,82839984.09954013,300969043.10948527,599916703.5307283
95602991.50202726,72497956.44790211,71513141.96823613,276311400.953368,515925490.8715335
66934797.01189701,56856302.38920889,69639159.79491253,288659953.69846046,482090212.8944789
110348198.5164264,72883445.43617481,61655731.3915453,269565040.1832421,514452415.5273886
103907626.62120497,82633520.81984764,67991921.69860172,311873812.20596224,566406881.3456166
77950415.55397299,68319886.03825,62788260.20944559,269363756.8288489,478422318.6305175
91066220.94084114,75802791.43609104,56622499.818966635,330051537.67251366,553543049.8684125
80226697.50527003,90878687.16693121,83992636.35196534,301385659.63232493,556483680.6564915
99264776.72107393,74445982.25658874,68493695.23997152,291819840.86916834,534024295.08680254
90939799.34917025,68722253.04154254,75446974.0974139,273240830.17140764,508349856.65953434
77167137.95795636,64639504.58153991,55824170.65385684,315976216.68695253,513607029.88030565
90412284.55536085,96773152.50904217,68648681.29322492,246638041.39200112,502472159.749629
111379298.07636079,93161568.60225861,62591874.33363293,366418135.92406493,633550876.9363172
73742555.47790255,74859998.01387888,62509005.47815483,290335996.358515,501447555.3284513
88663473.02045184,74518105.494783,58000259.406936824,317143001.85894585,538324839.7811174
83556349.62367344,84085932.05511473,67193838.41917711,386525868.7187629,621361988.8167281
86646438.54542294,65324460.86890418,68851603.22185004,280325044.09829086,501147546.734468
87956945.57509193,93366040.42390981,69608359.79740466,305516405.366243,556447751.1626494
112114817.43014975,81868039.63738671,58458045.74950969,306660758.6690849,559101661.4861311
68040211.16535203,63201619.67323129,58901121.61075421,238478652.92034173,428621605.3696793
81426733.03290728,69646158.05310766,61065366.7190259,282660101.03003603,494798358.83507687
73745056.85538179,66574779.95027336,53072599.30068972,308460147.94570553,501852584.0520504
69955406.15923648,60387548.29881829,57042706.6509005,349452533.00380826,536838194.1127635
88771109.35998838,71811623.80536447,59763196.8449602,335237314.6779831,555583244.6882961
89664586.57260269,64463759.12198208,67995475.61154738,270687286.45724124,492811107.7633734
104450764.02284679,85193357.99832328,97200257.65473942,393754707.8870432,680599087.5629528
90062611.61171709,72234444.43722472,65002892.59692136,389689625.064539,616989573.7104021
73875863.80131571,55015166.06271589,53714409.85402944,304398789.61628747,487004229.3343485
97519958.52800056,73525963.31231432,57050166.75872127,304547559.0174208,532643647.616457
95722105.86779563,78288974.04787767,64588898.22411658,337128113.5334206,575728091.6732105
80972056.07513775,75068542.53192434,74994149.56248963,334742187.33597934,565776935.5055311
110865593.5538146,81427027.39087014,83759815.53982364,311821483.0257606,587873919.5102689
62877811.94446526,71990965.52886172,57475490.00735022,335599297.8113275,527943565.2920047
63552088.43215346,61423716.539185196,60247294.364294656,312153301.7255124,497376401.06114566
77323078.25452644,69119085.1623623,68390339.18754713,332769519.4614098,547602022.0658457
77989954.38651466,75118447.15089956,75927567.81915344,303616208.36144537,532652177.71801305
83939851.93376034,57422952.361433364,81717869.67650245,305387597.79342854,528468271.7651247
72181783.14552277,86180156.01646823,63902761.07089461,278097855.2765863,500362555.5094719
117769096.96141276,81983996.9550847,62744144.17199523,327656710.1714684,590153948.2599611
77251232.71681835,77153357.38965341,61575553.52722753,339571117.85869867,555551261.492398
72393815.35759805,80230164.27999431,71519813.19020054,353312536.79787517,577456329.625668
84602279.01853701,58579509.44276052,60948079.256057985,280126123.3409691,484255991.0583246
70814999.60611701,72977630.89250273,66768490.018127605,286249286.67764175,496810407.1943891
85512980.63601354,65817922.64169835,49291326.13589146,301266514.5013473,501888743.91495067
118103585.00816037,98525398.82852095,70078749.14597055,265909881.83349684,552617614.8161486
73967721.46376222,88146140.52541475,78644870.92842676,380768134.2049055,621526867.1225092
93699626.23889072,80060610.37650557,59497510.41458432,220848324.5410869,454106071.5710675
107906343.99810235,81320840.61386837,62760871.86356784,355352442.2156323,607340498.6911709
58207251.25731974,62251433.70910254,55221348.96995051,248064671.69437537,423744705.63074815
85433091.2518223,78094560.7131484,64902748.35816441,291443142.20542973,519873542.5285648
112844843.29731624,83278015.60170472,66050158.271775,352586656.76359665,614759673.9343927
84032966.24098758,71230496.02860537,69900773.29033484,317230898.57435054,542395134.1342783
99697539.22284752,79299299.85664016,71523205.56589444,248634549.94531828,499154594.5907004
83274616.82434969,70659319.67694713,59710050.40670238,317418805.05072564,531062791.95872486
65718202.705440976,67966537.01302457,51550354.58943458,301199966.56349397,486435060.8713941
82022818.67782232,68887283.44801141,60543665.62664266,246416592.13045213,457870359.8829285
61010099.573718466,77348755.25311144,86488421.93670858,289683907.5269413,514531184.2904798
96346061.90403493,93703336.78509666,71395111.42483908,284636851.1576731,546081361.2716438
81359132.46799035,86817324.71739486,79367609.90730086,384919140.3409187,632463207.4336048
86097734.60488419,87438596.44846715,67783011.9372769,350433215.8226952,591752558.8133235
91952468.20470831,88331032.64015026,62345060.801055856,281235409.7302415,523863971.3761559
95983578.24842036,66592216.32490727,68148478.2374074,336626280.6047128,567350553.4154478
99907662.02179953,86700751.76533036,66476633.29684584,294869187.73465246,547954234.8186282
114679122.50721502,72522556.51759239,74511728.641821,290569653.2933584,552283060.9599868
76718889.03561059,73240653.02681954,57229206.92274749,259210632.0952247,466399381.0804024
85961609.81963657,82145994.56946859,77503576.24686687,309208522.8512164,554819703.4871883
82935964.15521765,68180475.16733225,68956194.08027902,312462675.86507744,532535309.2679063
83307758.2046809,72203308.76407546,54512145.97495855,321960721.0487526,531983933.9924675
73628850.57142393,59137050.31009819,54951217.93132473,275167981.49263525,462885100.3054821
75152610.03712946,77134393.17359671,58094903.79986629,310227660.7417903,520609567.75238276
79165162.17086679,75725762.14737517,75421810.71096906,289382355.6494952,519695090.67870617
83267644.85575046,66143507.59200841,66842260.47182365,363905200.4506392,580158613.3702216
77095734.73876765,70403743.59137176,74441399.41275638,268152082.29591367,490092960.0388094
76019452.21005784,66944133.09668472,54974112.53852567,207530676.62055802,405468374.4658263
87026582.47333784,95896934.7111499,72081108.41995305,337274971.91538,592279597.5198208
80188992.94283807,74296249.34418823,67839640.37440455,294694603.00818634,517019485.6696172
65006289.86127724,58288999.60440563,60970800.835392214,276201874.3588851,460467964.65996015
91986462.25262092,89856190.07929656,65764106.19631862,296984714.5767322,544591473.1049683
93483054.51149207,63538215.505137295,61361916.46568606,259709711.63459438,478092898.1169098
105837385.24170738,88841074.66291499,72682607.40142739,305313988.7869371,572675056.0929868
58601613.18920667,65608587.7441218,61167406.441134915,318180835.6528126,503558443.027276
74102614.27770835,68202347.79462104,65306571.934625454,353151775.4534557,560763309.4604106
93055038.274115,67283194.86160648,70096397.67627203,269615667.3375214,500050298.1495149
94427232.18785189,80364234.44088197,55677809.18778518,269781547.6600123,500250823.4765314
79963984.4480801,74559858.14059576,69209914.13888836,406446139.61422634,630179896.3417906
86170139.71159177,79849576.5075866,72221755.3558438,280501020.25176394,518742491.8267861
97898427.71170257,80700112.52014868,62554193.192352474,313144897.91263986,554297631.3368436
75059092.71620306,70514666.18136744,53727760.582145035,266887616.07859328,466189135.55830884
72977802.39666101,74157698.91277894,61451265.948944874,361185234.87651485,569772002.1348996
101385841.08170797,68855796.15188162,70780703.65844066,311967809.7142518,552990150.606282
74808518.81802936,71326519.61964853,63608577.026616625,309794217.5447482,519537833.00904274
108524109.44071335,90411802.41193163,65230987.995964594,365419738.07762676,629586637.9262364
92434141.02597731,88292162.57938498,71184590.45871377,322506328.7202501,574417222.7843262
86541610.99961933,71736011.11492218,66741013.29067442,326669361.55461836,551687996.9598343
91415907.782751,76985614.43698107,64624249.376663014,296109624.34106547,529135395.93746054
66031124.85980261,72253473.61153758,52080233.20043795,290614259.37114197,480979091.0429201
95513519.10362074,68999706.71858832,66935567.51290231,420571274.0416256,652020067.376737
81472300.30550317,57644134.060697876,52374784.30713766,244892968.32151833,436384186.9948571
106790919.01555851,79986181.26384501,61477651.5954711,306517343.8051624,554772095.680037
72476726.8335403,88856253.14129095,60728015.26810545,264828505.8949884,486889501.1379251
80969187.33629087,75401906.92488249,69003124.16166115,385690133.9541519,611064352.3769865
73907125.61673146,71289163.72889818,58070274.81098216,308859608.3459519,512126172.5025637
91534019.12790218,90581786.38954249,83435666.71906884,382992091.7267998,648543563.9633133
88781330.34181482,61859496.47428214,56157014.78448401,281629135.5518505,488426977.1524315
81073910.38381036,102633370.7363589,73128056.18347159,337457742.15230364,594293079.4559445
97524132.38701211,82711205.38675706,88106054.19952284,314117971.9702966,582459363.9435886
83990730.62038083,92412460.83363558,68777246.25390431,293614940.2513163,538795377.9592371
84176545.8960351,83910543.94236214,63095615.730997995,323808590.999731,554991296.5691262
113664462.26746212,86691488.57485494,70677070.80851446,320017685.6519257,591050707.3027573
89690741.35119617,74654828.22030722,72366460.72598124,299065603.70691556,535777634.0044002
90058620.12666442,79352891.53081982,68142446.18108642,327706015.23667884,565259973.0752494
91029906.8910803,86229438.17442977,71901191.22157703,292809250.4215777,541969786.7086649
95045874.10285573,90797638.78590809,76645498.0012059,345763125.271052,608252136.1610217
91828612.36713049,74953050.56924728,79692484.76682222,296277337.0800972,542751484.7832972
94396057.03130336,67907208.83037116,67739365.51139645,305167338.1369789,535209969.5100499
83439564.25413743,71877079.51024741,55712908.55054662,272921762.2306725,483951314.54560393
66196013.918794885,73415510.01216377,64096814.30508979,314151415.2067929,517859753.44284135
69444504.8059673,66004771.37507492,59149944.5857356,263663465.8586886,458262686.6254664
85737333.34572981,65745244.86024697,64219668.72055103,352429799.9144654,568132046.8409932
90671946.64718847,67769690.19394585,60197644.691654526,273130718.7761363,491770000.30892515
92930827.55693199,69655578.86875574,57547311.620624945,229156568.82982737,449290286.87614006
86604572.54956827,81857703.48135813,54174417.10638854,326697991.31093097,549334684.4482459
105877335.24787745,65774095.65769121,63663378.683246285,306229823.12634915,541544632.7151641
92425163.13799274,76912282.19011325,71915367.8135385,272328234.96764994,513581048.1092944
73670579.39752868,75570060.31867449,76349169.74546781,345904951.7063713,571494761.1680423
85201476.68499584,73362165.82569093,74043683.33802167,325327077.5769053,557934403.4256138
82595450.063504,84256275.40236202,80409740.82991934,314267713.8997984,561529180.1955838
72837707.60235672,71941632.9368442,61528775.54179873,313447713.2549698,519755829.33596945
71848033.2910463,62210844.93712907,68205379.86720607,239236399.00696886,441500657.1023503
84311504.72684723,85693370.62149753,56433749.07536491,333367967.31292236,559806591.736632
104755702.20120877,92376826.31938213,74910724.12273172,309374394.79292357,581417647.4362462
93115991.34502004,68666676.01737702,60943665.054940134,247790289.5977621,470516622.0150993
108233194.89795849,80085906.86471857,60529028.29731182,336196930.63129705,585045060.691286
76241023.03279929,59888287.578030325,50684661.47997659,250189798.88016286,437003770.9709691
106079214.22334269,77359543.32721569,74566299.10925041,329419128.67498606,587424185.3347949
115212329.69640003,82929513.88157322,62682047.816005,379074952.7229369,639898844.1169152
84897376.65494853,67299577.80540486,75605781.69159947,252738444.3840234,480541180.5359763
80158046.54547133,105303680.49946329,85107431.23487327,408773548.14229137,679342706.4220994
70979244.99366029,70770074.03260121,64748551.46715157,300179662.0223138,506677532.51572686
90894595.86548486,58791247.98035619,52871923.236224756,297280682.9947218,499838450.0767876
81592420.55860518,76801741.96402137,61223843.39498135,292649445.44548464,512267451.36309254
75716351.37297851,65249267.50876016,61258387.36911668,287050113.00219524,489274119.25305057
87989886.21190923,78775223.6016567,69796798.6320816,263999363.939749,500561272.38539654
87614720.12729836,82965241.59905177,56795344.721738905,304239623.8435714,531614930.2916604
120914129.21745513,67130492.94724232,64913713.53971814,330138389.84869766,583096725.5531132
91473147.23494142,84433382.0836474,70382676.36171913,337725027.77473646,584014233.4550444
82930525.31851453,75081757.18297593,73699626.02251817,274064780.64794123,505776689.17194986
109893600.74503979,70701700.67725872,60880886.42527675,292246843.0644628,533723030.912038
68523311.88257548,69912524.9175469,66084481.9869374,292917487.78853595,497437806.57559574
107733571.3031962,95967985.01676261,77612956.93656588,280028555.5746934,561343068.831218
84453485.36052471,67682173.58782442,83175368.65884268,258759814.35352767,494070841.96071947
81552362.61410457,71617501.25532229,65999253.47796025,368911461.79682636,588080579.1442134
102874833.71765588,97335047.75823967,68007703.23929971,318398182.58297676,586615767.298172
88194654.50635168,89614777.16257751,63780898.24112435,339373573.7840149,580963903.6940684
85495446.45225334,74589565.65545699,54967768.667108744,253753894.727794,468806675.50261307
96969380.08871338,70622628.33681506,56944088.45726167,268956432.740744,493492529.6235341
93328666.09073232,75325198.18308918,68714132.21730177,276959124.7124801,514327121.2036034
131781487.18778513,98696833.08746488,71457897.95049557,326311844.8556804,628248063.0814259
100423893.31729077,68066151.9147984,52492240.589336626,349502907.45111793,570485193.2725437
94084671.25969832,66007796.18616149,74570390.87182385,288392697.7847072,523055556.1023908
81518720.65096658,73975601.0379097,61116898.95629238,319119065.64685434,535730286.292023
92497117.04784131,88899901.86910829,61951228.7656491,334871423.8499636,578219671.5325623
106892294.66858754,78976177.90502302,76547665.21937583,354506265.3180522,616922403.1110386
77776275.39755112,72840353.82870087,70739821.1843633,311362645.20973855,532719095.6203538
78296947.65908483,79437420.40779838,59665864.33393013,365317812.9401599,582718045.3409733
74490242.53409894,61392269.34009977,58318095.046209715,293086744.3873181,487287351.3077265
77105372.07499625,68674350.57339138,55808295.143793404,265535393.4693895,467123411.2615705
82288602.92291127,64661016.194794126,74584703.2478804,351705341.635891,573239664.0014768
94682435.14025916,76327823.01475516,73718060.26689942,294303408.55917233,539031726.981086
97929517.04333448,73733535.91763236,65974692.84998545,317191715.0078235,554829460.8187758
106995971.1031421,74647126.07889858,63733270.459510796,294111298.488002,539487666.1295536
79814359.67932123,75649785.7713166,60231007.96573641,314497443.76342344,530192597.17979765
86599999.82491109,72898549.1432789,68288938.7462766,306469299.8356551,534256787.55012167
86147252.9378285,68308056.31566072,51660886.12854672,325774509.4403837,531890704.8224196
64755338.838959716,69310109.8188883,56175465.16916634,303692861.190196,493933775.01721036
87822071.97565396,74140690.98424041,61355406.424385644,302764450.8034717,526082620.18775165
84794320.31508434,73763258.41494755,57713665.72291252,311767299.43475175,528038543.88769615
66470450.03017048,67497714.06999262,50824771.20647761,324342422.36601037,509135357.67265105
76561062.37847339,78761986.40684412,69568667.26116215,389435270.28105634,614326986.327536
73947892.8058699,82600703.65174729,85373175.92079946,369340280.8141558,611262053.1925725
98632839.03788184,63515822.07222278,68743387.52855107,322438653.76689535,553330702.4055511
77373144.6859443,86234800.01327334,65087515.90469984,285656249.4574782,514351710.0613957
73970978.48674858,70199110.58112009,71803901.29487045,297495886.63136315,513469876.99410224
76768149.13343614,67418463.75121662,64622278.60240072,348816856.519422,557625748.0064754
72803134.49988768,74364572.73966835,76835643.01771158,307850939.05938315,531854289.31665075
93377059.10515149,88432796.38664983,72156899.65470594,272112666.90510845,526079422.0516157
88084424.19935709,76311862.04613596,78893784.28978042,256835497.01118687,500125567.5464604
120046706.10904126,107921978.98983783,73160635.66629878,275165309.575961,576294630.3411388
90002233.56843781,77428709.9156468,67541943.04258819,323254716.1028909,558227602.6295637
80484735.48781067,68562904.13919663,60058399.5631288,264588385.85449588,473694425.04463196
99023924.93879305,77923798.24489313,68903896.84364665,279495646.8272822,525347266.85461503
87692867.18835568,72055816.66760117,71475831.25008294,354874892.65562004,586099407.7616599
74446449.13687226,67599197.84570134,59503458.958551146,287789406.6885552,489338512.6296799
67764333.91437632,70801928.19669165,56677666.39951327,377722447.27397764,572966375.7845589
122137382.65318398,81049921.78507052,71412082.47573173,275376493.5897977,549975880.503784
85949519.8565353,69189431.79664658,70142655.7110485,308381353.65064335,533662961.01487374
63157932.29574209,57209039.32140642,58982203.5346884,252056266.6199462,431405441.7717831
74581767.2822343,80841141.85880567,58207293.42984292,307317224.51758724,520947427.0884701
105554426.5344425,90910432.80444896,69803965.5491297,320168468.81754905,586437293.7055702
65555408.56758588,76853785.67337166,79679830.988651,289550208.41934246,511639233.648951
85975234.92954166,79914284.38946602,62755020.510874,348900165.874395,577544705.7042767
92524351.92012347,60902873.29725443,62163169.7219098,256893989.6596544,472484384.5989421
87065961.80254588,80543707.2604953,62203991.18546089,259088899.95384288,488902560.20234495
109620788.89916047,97566947.95398016,61928608.21950201,258767214.41276816,527883559.4854108
74073537.64761251,72960268.85769244,71256035.62675406,348941598.47826445,567231440.6103234
91017589.31549317,66870214.85916484,77599077.05128331,338019582.3819049,573506463.6078463
104599724.16728684,84567702.38642702,86067520.94249113,318675318.98889613,593910266.4851011
86334586.27517428,77390866.27371964,67737804.4218581,307402338.8920421,538865595.8627942
83597052.53988823,62676680.76373887,75824846.4674155,324527732.8992255,546626312.670268
99815812.69692744,88267951.71087098,59198477.17066987,258088294.80242443,505370536.3808927
101056214.47935209,79435153.71532227,76804294.48173499,301637723.85540617,558933386.5318155
77875002.04036844,81778738.52019124,65178028.2551039,251599181.3398359,476430950.15549946
99708257.71289,84361526.78394146,75112372.86765873,242829108.10456315,502011265.4690534
76855575.93869846,74093871.76573014,67166065.55043414,319527600.7814001,537643114.0362629
90356148.45836383,68991933.39747965,65142306.14365178,305410899.7494128,529901287.74890804
103801815.75560905,80592643.2316864,70170507.53445198,314271317.5162319,568836284.0379794
75539302.93646257,73653396.03154299,62885599.43428236,291119409.4988478,503197707.9011357
80158123.03515913,70399145.72675091,61579456.67648799,267169573.22770694,479306298.6661049
92016396.34773232,75471564.64356697,59157855.70770058,345454305.97797954,572100122.6769794
78415738.98981668,68161186.47205941,61569135.75451753,299331710.09616256,507477771.31255615
87168489.63995604,78154642.361114,52371463.09474526,265634291.84483302,483328886.9406483
83745796.69814444,84329533.60413197,66453818.082233116,314839276.7173385,549368425.101848
87991910.24588524,70324534.7781111,56932408.439037725,296970811.1300499,512219664.593084
94616932.8716669,84771971.19489364,82880967.51609111,390432181.4209521,652702053.0036037
93082428.65923277,70649079.17409581,61677843.24574651,333793330.0259747,559202681.1050498
95193513.11812265,72996942.47822236,73794102.4587529,321937053.4448991,563921611.499997
84960040.39070803,78636781.6148176,67726039.23513062,284994911.3180708,516317772.5587271
67306084.17924476,61269371.0896928,57808293.09592589,251892574.82175803,438276323.1866215
61032058.66719391,67494299.12648399,58722385.26531559,338580161.562388,525828904.6213815
74643707.98112504,69435553.05447277,63968207.61431878,302813598.8257101,510861067.4756267
110408874.61629976,71161976.03975922,66715824.588037536,333268700.3898047,581555375.6339012
95264896.58520544,62449450.71759792,51529531.255456656,293759631.0303953,503003509.58865535
78741085.46106082,63768846.62374136,58855694.69475432,301681812.6607073,503047439.4402638
83317861.34895022,70123674.00999135,47345791.94383335,272861750.9374802,473649078.2402551
126175442.22970569,80768431.91492291,77101720.69732988,367280138.63134646,651325733.473305
64045472.429423064,67504807.65361206,72311464.51641135,301519957.16121805,505381701.7606645
83932356.37881397,67558269.64797674,74784794.36162038,336802843.52388924,563078263.9123003
108550795.1327828,70432216.69147651,66506590.28034422,365795408.59548587,611285010.7000895
97675157.31097852,78765929.35563292,85838490.08577423,343044218.6702647,605323795.4226503
82522618.39050438,76702074.77157702,62613292.1437972,241152413.9298901,462990399.2357687
75857058.27170503,86589198.44129641,65958131.480746895,319806601.7808459,548210989.9745942
84715589.78513792,80485383.07423349,79494633.61160755,376248966.9314371,620944573.402416
100076179.48186748,82524479.34225428,65489349.32711097,326873072.3125405,574963080.4637733
85416151.40534396,75407060.62417094,64528859.9400036,285572899.11973584,510924971.0892544
73387268.77916737,76041370.53002046,61664507.64798016,270603136.9591314,481696283.9162994
85494851.40767336,79448618.64538616,60494776.661692396,271262300.37528604,496700547.09003794
97772236.98143691,77218356.79687677,70561847.74714082,321836221.95899934,567388663.4844539
118396387.56874093,71723164.9120759,56631502.48779816,290236179.2029324,536987234.1715474
72220727.6705659,81636158.82276009,69903242.9453819,253933050.45944616,477693179.898154
80334131.45657732,70630312.96051463,70451067.83379245,311192033.8969567,532607546.1478411
94451456.16195025,70522859.25752982,72179287.95006797,310587364.480351,547740967.849899
77645394.6734446,84128453.87122491,58020049.56965908,351833940.265632,571627838.3799605
99682211.78828852,89595070.11011739,74215249.66189724,273388922.5710799,536881454.1313831
78931877.21959773,62476352.877616234,58639103.62169885,295733248.74416775,495780582.4630805
79325104.1720107,60868422.15991717,66062485.09669393,313612288.40531856,519868299.8339404
65915395.67182265,78697206.95326833,56673016.4704141,279121512.9983623,480407132.0938674
93164056.04311903,69622021.57960191,61730720.77670188,296100123.5916574,520616921.9910802
97001717.6142891,72069136.48325282,67337536.83670273,277953284.9196735,514361675.8539182
72696485.62620789,82475225.23366846,74049641.09204084,265772494.02711472,494993845.9790319
75502030.25842288,78125213.37726705,53530861.93770994,273310712.79857475,480468818.3719746
102417968.89643721,77779643.0819646,67854493.89039613,301527784.8182784,549579890.6870763
86160208.81044276,76915567.22598186,57805267.85259632,271513584.6123498,492394628.5013708
78432098.4304249,70244537.96960089,60199141.88240875,276220302.94333667,485096081.2257712
83293778.83346777,73477030.03842917,61746647.52872902,278096699.0728291,496614155.4734551
105088915.47276959,92703940.08075851,91255477.9964132,349569445.353374,638617778.9033153
74845118.75748925,87409329.07249609,77367432.32858962,339972321.6220419,579594201.7806168
66433450.696351126,58465020.85377111,69736120.85487504,300964419.4020409,495599011.8070382
78217874.28466873,72203053.77465591,62270103.94856793,303288129.05693114,515979161.0648237
75258318.073002,70991827.38360134,53379255.35258283,293349528.0732963,492978928.88248247
81649094.95681427,76598431.70858587,64597808.479849756,308515965.4015769,531361300.5468268
89788479.24280404,89176303.14165452,57791031.87544726,265196121.66914845,501951935.92905426
90298369.81171972,72633422.7085455,58331817.55665605,317684792.0651801,538948402.1421014
101661980.20697933,78673713.30201328,53588068.71902385,291258212.9887906,525181975.216807
76709911.40335602,79267653.86324875,65789209.27246175,280588911.8410641,502355686.38013065
99341851.94337805,90663360.46618496,89808408.81998028,385868521.2102149,665682142.4397582
98363519.91844521,70076991.04204996,59421814.31710487,296878108.28771394,524740433.565314
70990540.91287528,76251664.54423624,67307151.85929766,306380260.61780435,520929617.9342135
107712870.75003816,64871207.38862752,58450201.85965833,215700168.78575662,446734448.7840806
79910768.15868708,67374464.81168728,48677472.077676825,249452624.015676,445415329.06372714
91238176.14932957,71887573.69640835,71304545.74657547,412527118.5336397,646957414.1259532
88653405.51463117,71211180.98738536,90880712.03350802,321064688.473202,571809987.0087266
71019799.19974107,76613666.60132447,73514712.34970999,320428966.3540931,541577144.5048686
74231324.05713697,74428496.4297571,55659658.78155638,340642941.0453475,544962420.313798
106842814.59737754,65636852.588604756,55766168.1246842,264252189.30197254,492498024.61263907
85371182.58934009,84884127.5504393,66318750.55271619,316849971.5722408,553424032.2647364
79787039.39811823,84309460.89693509,68456296.73958568,344812455.0445947,577365252.0792336
109799017.76073389,86123369.65883131,89260148.65341477,285178119.107839,570360655.180819
92586648.02270032,82695356.2477568,59565552.75005243,298834273.6159594,533681830.63646895
79832619.54312293,64085473.367637835,65377401.290886566,286782352.2345948,496077846.43624216
73023269.03274883,79229094.12239371,65202279.03028249,249546124.8487332,467000767.03415823
88979743.29126363,71800801.02902243,61806363.75394399,306868147.74299425,529455055.81722426
78245954.18002759,84136086.35220125,68822564.45928036,334003760.30054206,565208365.2920513
106872403.00432405,65314449.828214444,57611142.377143085,334457623.0379738,564255618.2476554
88765429.70267387,69704842.16351,61805058.04808748,287539824.24832463,507815154.162596
103770893.86931102,72749212.29691732,72361095.90173772,329373984.7654651,578255186.8334311
96867869.15230164,84497230.82258779,71709964.63248293,277723412.8743653,530798477.4817377
77177986.99588472,64362219.03698819,53379432.91510391,285713251.26050305,480632890.2084799
73474895.88523877,80436727.10464932,62530327.09157739,332598702.433032,549040652.5144974
60673930.94639151,80003954.5500911,58254075.748154685,242593423.8747132,441525385.11935055
109484928.45805418,85252975.35182215,66238003.315006174,334471379.9965639,595447287.1214464
110204915.63139914,76879106.65419292,59014830.35063397,283820359.8456434,529919212.48186946
73827992.17138237,76777688.13044041,59170786.404210076,260539334.66022444,470315801.3662573
77136804.63572797,75646411.27846916,52621546.85182451,263733219.34867105,469137982.1146927
107382955.03824975,87112557.41070884,68818039.46265486,340563217.8973182,603876769.8089316
92105529.94990842,87071754.92705086,63407994.038161136,341832046.2288244,584417325.1439447
83302063.5068861,67491873.51018777,58187337.25503966,266364128.4509968,475345402.7231103
77757903.90390226,74227572.65818314,55097027.7231328,293107001.27955294,500189505.5647711
67918891.29778606,81798809.43225303,63142585.63202374,267756119.4008469,480616405.7629097
71108337.09407201,89206817.39352223,70211137.20907293,344335012.82041323,574861304.5170804
95480420.67822184,66254515.53166849,60001729.12662777,297430401.35125613,519167066.68777424
122388950.36423124,86241782.28382966,63704740.18537921,302194400.5230204,574529873.3564606
101051276.37887101,101710941.87527767,72625421.01077877,314421738.8324456,589809378.097373
92922553.97185501,78430428.83559659,56475358.764453575,299986718.61310095,527815060.18500614
92073802.3464546,76193732.42073266,69308247.83582067,245515944.55823883,483091727.1612468
94032165.17962146,69468543.3183487,66039732.502494626,341157039.16939235,570697480.1698571
87145033.5695403,76171446.97322701,50853234.736802064,301517145.1563207,515686860.4358901
76708874.91417257,63724689.21949045,54686500.31342813,318686665.16719186,513806729.614283
92254696.48147222,85009302.21125747,69491347.11337443,305142648.681743,551897994.4878471
115271633.2384201,78973492.78935689,64067607.295286305,289184323.66795295,547497056.9910163
84835748.26739384,69264341.80166575,76518132.762818,303807718.17198676,534425941.00386435
67203342.77897798,85959630.0676358,76859024.38742642,333250921.1864717,563272918.420512
68006989.20022206,71279218.94574305,63064329.95466124,286400475.040402,488751013.14102834
104073832.4313039,105612142.0555312,90537905.2143937,372442190.9471181,672666070.6483469
86284373.79202276,64482117.586759135,64383719.73365336,301395318.6238049,516545529.7362402
99014695.0271189,92290860.94803499,75418521.13569507,345946950.3782008,612671027.4890498
79652766.90175247,84755134.04872082,70009544.99342822,301253488.0877719,535670934.03167343
88964547.49074088,93631414.44634171,60768344.9207755,277436434.3179225,520800741.17578053
85930938.2441126,72502834.34087692,76024111.21885328,316718472.35327053,551176356.1571133
64026947.54179763,74490778.2908989,55175291.68140784,263525152.43055874,457218169.9446631
107581221.9501028,82473028.06377527,60614854.752004325,332096536.02533215,582765640.7912146
70243347.07012321,72435816.76736166,64497604.940138556,282655119.59949064,489831888.37711406
81041158.74128446,83811960.54719567,73939431.55360506,315344228.9375973,554136779.7796824
66074209.19659057,74161269.60714927,61668941.77198867,331085278.706306,532989699.2820345
83822077.68089993,83965834.60491398,57928588.16971275,275243553.8475369,500960054.30306363
97637686.61807585,69787225.67172132,69102520.48388661,323576062.1770155,560103494.9506993
100019187.35177366,69608798.8392949,52746974.66870343,332551010.19597,554925971.055742
65938020.71078324,71254954.78235087,69283104.18209533,269720034.35611373,476196114.03134316
98701892.76505558,85442588.81189246,66012920.5051175,290861529.3501402,541018931.4322058
128441357.70836681,90673751.31339014,61296223.26441041,346623099.6166542,627034431.9028215
91200016.5466263,72068837.52491462,59783399.545245476,336344996.9041471,559397250.5209335
83262463.36877467,81510358.03583917,60621900.67486443,287699309.8289889,513094031.9084672
96623000.58280784,73868850.36843157,75912912.11704107,313778203.46580523,560182966.5340858
95333602.1257586,65351271.51018546,63205681.63665742,317705030.6445634,541595585.9171648
91890804.43572135,72102524.12525916,70175731.1089382,290752346.06799185,524921405.73791057
75976383.18312639,80762830.23625614,64085238.31342409,238839081.41151735,459663533.14432395
85031694.29428735,74560439.1035906,55439978.96819848,256966552.67782772,471998665.0439041
82317690.35761862,67462341.37365675,66601541.649318054,308271510.1948227,524653083.57541615
84953163.21352789,78574913.08311155,77793357.11806054,276593833.47808987,517915266.89278984
119853383.72094053,82751234.14440317,74879204.52786583,290223027.78880036,567706850.1820099
115831745.25420614,81676266.03506063,51556493.81316525,285890143.8932297,534954648.99566174
63926765.591171876,78441671.43059285,61136183.72590761,334178470.77633923,537683091.5240116
74422063.33805981,72445285.76769154,52212013.69800919,233859680.64096007,432939043.4447206
84453818.64419298,70884602.5004127,64814343.137471035,341922938.78706896,562075703.0691457
90961658.75839059,67564941.83013032,77494879.52518325,348112438.39004385,584133918.5037479
75265094.61854723,77279658.65806757,85855702.88457565,341281163.6233643,579681619.7845547
63935242.92517041,81490027.49612512,55976934.72694924,350360945.8031482,551763150.951393
124886210.4161167,82240857.67245518,61309581.92735137,331610168.4805018,600046818.496425
125041048.78065532,76894116.86728458,67517416.93502879,300469879.6479113,569922462.23088
104007508.07796392,72174634.8388227,69019596.06702963,342532016.6384069,587733755.6222231
91735806.53181398,87198809.74560913,70741878.25394809,312170287.6131524,561846782.1445236
91738552.54811634,74899422.52153903,59910421.88684426,316764094.1460444,543312491.1025441
87460055.08892109,69021155.55980422,71586483.8848744,294327080.12642473,522394774.6600244
98974452.32112685,86803111.46630375,63823593.08676879,237386875.4653766,486988032.339576
81833150.7147624,78535657.91236363,52666004.43142411,291832985.4289096,504867798.4874598
93876886.29982653,71299937.27323757,67950147.92440246,328691825.3335809,561818796.8310475
94275162.85978085,72425396.89337738,69790059.74061497,314298649.7717014,550789269.2654746
89629794.44684859,81832681.24726218,78405189.89744978,289852744.5473075,539720410.1388681
115739623.72890684,88902394.2071635,51047441.32855387,314106860.6630736,569796319.9276978
85439758.13532323,99810457.36705782,66886890.12870591,344933996.98330617,597071102.6143931
75892902.86540133,82414476.80225566,73914237.75070056,300143681.5325073,532365298.95086485
93921102.95998433,76872117.08918653,57641406.84690518,349052730.4359697,577487357.3320458
84993426.4274653,93383166.78164518,88420278.08362487,287264240.1481973,554061111.4409326
63192808.71346752,64583744.052090995,79461611.72345632,337737619.6413945,544975784.1304094
101759840.22109099,80150218.63757244,73794060.42018019,296601624.00510347,552305743.2839471
90466050.89555892,84766447.41138586,73569223.3840983,307075564.6193564,555877286.3103995
78243268.55595174,76231740.0641954,62265945.88656846,274879649.2325744,491620603.73929
89844569.93791229,69536333.11786808,59927519.60588363,297299234.92210734,516607657.58377135
92223587.3655426,84252064.52118309,65967951.13120061,323909846.28269404,566353449.3006203
80711996.64773485,77210435.25866206,71157686.6975419,272775054.99848574,501855173.60242456
98449071.04554118,79226846.06827496,72677992.27394946,301683994.5197726,552037903.9075382
111135126.23990121,93113942.38699101,61091196.98939363,271705008.3142401,537045273.9305259
94589493.30743998,86176326.2460557,85105975.09908408,302482623.12475955,568354417.7773393
84705633.67449899,80178147.19857615,62583348.36109488,326321102.3375956,553788231.5717657
99654660.89617197,97270812.54480559,60101134.27631101,296876794.29707575,553903402.0143644
82595267.59938456,60846340.13547281,74274753.2830868,420243703.8370933,637960064.8550375
103533128.25394997,81012063.65405308,76159486.88910885,347843544.481708,608548223.2788198
64715366.14595956,80484993.94767475,57136748.87766799,273995338.7176829,476332447.6889852
79008755.41219631,64626735.432519354,65424973.42421554,247643957.67462295,456704421.94355416
99421245.66657738,76605149.10036598,62378311.629458696,364131241.6022783,602535947.9986804
77334122.99339078,69103076.16845044,63877269.334250145,245649712.39686188,455964180.8929533
72535130.0372651,69308146.86675137,62286797.555439115,250543628.4759018,454673702.93535745
71295235.44278301,75333567.58243473,73204174.10954402,367542112.0866029,587375089.2213647
86045810.78902905,71166545.29313824,59563300.84136763,295572883.22993964,512348540.15347457
94014122.26201592,75516999.06757405,60356317.30181515,372683715.68327695,602571154.314682
130352589.52172856,80264166.66112868,76735177.16674192,266218096.62893614,553570029.9785353
74147919.81112258,77813360.97966693,63265767.72736899,317811248.2535819,533038296.7717404
81855347.9598745,71735081.83559445,66169453.61638659,270295187.3120459,490055070.7239014
92325696.06013153,84897952.22457218,74850138.24574585,310204365.3122358,562278151.8426853
87103152.16700508,77078021.20728399,60698119.61109918,340413371.723178,565292664.7085663
78376098.96633407,79697978.5876128,71379368.11090782,319950679.37482417,549404125.0396788
95890133.84391211,69305125.8946544,73642658.06691386,277616628.3918883,516454546.1973687
79553026.38626297,92053686.92613864,54704466.67028318,315182821.2467767,541494001.2294614
84003070.48383684,67455619.1334797,64142363.2334093,304072317.8099352,519673370.66066104
79492479.07071593,84338778.95487161,69529306.88801606,357491047.31921166,590851612.2328153
110826972.15926726,75774851.91792502,58275438.19060867,338446394.12728536,583323656.3950863
76253224.44918448,83196695.0577537,83080144.38542053,302752158.1683761,545282222.0607347
78611509.31730665,79896385.3760423,70858917.34077184,346811375.7948002,576178187.8289211
94605103.52777693,87381511.28172927,57516403.57282725,325481582.4477546,564984600.830088
72418421.53140989,58235926.00209887,54862599.66652058,303987346.6234079,489504293.8234372
69485435.04118426,66498715.06732642,65461122.27897253,355005108.5983739,556450380.9858571
81963352.54464795,75721739.51715504,66819115.28115943,316609859.78881836,541114067.1317807
77010942.12423812,72932887.3104629,75672310.44322284,360717786.7077323,586333926.5856562
73447817.52713743,80917945.61644341,61601290.85401379,299387780.8837561,515354834.88135076
70203173.26196857,76795376.34293967,69155409.3987493,339616977.6235725,555770936.62723
112117483.99442457,85953436.92483814,58718069.94414711,329391944.4997572,586180935.363167
83294518.88586247,97568156.31507051,67685598.5549619,261594934.47047693,510143208.2263718
83435263.0111564,78719559.69533038,64611172.97634027,272376658.80340284,499142654.4862299
90706818.90435077,98609389.77901945,95724227.66173188,331607047.64673805,616647483.9918401
97759276.62599222,80081840.3379008,76232820.83396415,279136842.1913375,533210779.9891947
111315556.77334382,99542234.53676039,87651509.0085565,255927227.82600385,554436528.1446645
80592295.0558439,88654005.29694377,73125414.82419774,324672431.3389639,567044146.5159494
93808998.83322799,61900995.417274505,52940472.03130757,278378165.3863875,487028631.66819763
89563552.44912371,68785269.12912469,55281845.17702179,286924365.53892624,500555032.2941964
86531622.9022461,87849690.384523,68309869.277775,317901630.83892083,560592813.4034649
80407315.99817003,59890139.721880876,53718140.942439444,326575175.93893665,520590772.60142696
79737417.76945657,79902272.03501892,72096765.62714818,310730794.99331117,542467250.4249349
99893544.55300279,84308630.51682787,76779807.58349997,296704613.4718704,557686596.125201
121507098.513012,92586886.65665518,64302077.83389485,246472308.7720196,524868371.7755816
75460753.33392394,61294840.58853948,64910155.624180645,317378595.63303155,519044345.1796756
75145581.76323257,60738182.20644243,66698824.87080112,316209722.2321188,518792311.0725949
83863431.7039125,75501367.65620424,55775637.24053944,291201659.7149748,506342096.315631
89735119.5444444,69748495.22929956,53328161.03875242,371288306.0114024,584100081.8238988
66790662.13498995,68187477.77825083,57629443.361927584,302143903.4113259,494751486.68649423
64052864.819768034,81751364.20501687,59487947.479539946,309172146.161144,514464322.6654689
89162344.15478241,91036329.76876372,63171002.56692191,307644873.49965906,551014549.9901271
57164746.47180649,78682711.01818757,75387458.16889936,333179148.24910367,544414063.9079971
94066113.12996373,84861747.5105256,81820259.33230704,363038137.41228145,623786257.3850778
89345064.56842723,72074576.50111032,55997980.708808206,233215881.29960793,450633503.0779537
84683954.43135878,68225861.20444769,72808579.22602743,361423574.1644873,587141969.0263212
88474773.64137323,75420618.2675978,69016878.23268276,243025474.2016719,475937744.3433257
97893155.99546622,76376705.809667,70795414.25633605,282400339.5691729,527465615.6306422
78936128.25723296,77959184.00486557,61790958.04001159,274449715.9021058,493135986.20421594
84180329.51180677,69841596.72944258,62103894.145813845,379994937.29619426,596120757.6832575
89657656.71093945,67005040.19221352,65267747.107175395,245856935.55730557,467787379.5676339
99501220.65729715,84447206.70680347,83609702.20128073,333320300.99367213,600878430.5590534
92733542.31691933,89604185.8350877,68980776.0785158,307045839.156648,558364343.3871708
72849363.51257211,78234744.63666962,78190019.83817549,414040552.8620396,643314680.8494568
111449636.42519718,73723969.98662178,58313163.16149839,251846973.1851374,495333742.7584548
80472728.47341946,89006353.27154796,59288643.62593163,304341811.7542796,533109537.12517864
117342891.6249682,76642840.42522523,62521260.17615844,296083647.3778714,552590639.6042233
80907304.44501247,76571767.31209959,71940716.77238269,291312936.8186866,520732725.34818137
101334132.40846969,85758059.84522583,62565168.87797887,245686154.98648903,495343516.1181634
64178462.579835996,65107277.41221367,74698117.08528228,335084845.43317103,539068702.510503
108980409.87322517,81103475.30469233,60317118.65723312,283318287.87494963,533719291.71010023
67637141.87505789,76981149.64646134,72214859.21072803,287570487.96291083,504403638.6951581
60771261.49392887,71090473.96165787,73644371.61292896,290115893.1958539,495622000.2643696
92495252.27702384,94101781.14928904,63613250.59238698,244368319.93702558,494578603.95572543
92864180.43074526,90232732.92168444,73995172.57281923,344623904.46317625,601715990.3884251
101591558.5045432,82063741.45293692,76124450.06526347,280235941.43292326,540015691.4556668
72210883.05135702,75344655.13474724,60243201.47826823,382101467.4575127,589900207.1218852
103117764.28522651,77757222.41622977,70985942.39663996,272498985.7553326,524359914.85342884
99577441.6112713,95882933.3343227,61789541.305585496,279941985.4090303,537191901.6602099
111979891.12216611,71818936.84725912,60041928.795208104,322727745.4286147,566568502.193248
89574375.65650351,90609064.28672552,74026077.89864376,297457466.96661675,551666984.8084896
90467473.41682714,97039440.64547713,75539908.00099814,370775155.50815934,633821977.5714617
106974887.20327042,79569582.47212034,61867934.681802124,336205818.2240255,584618222.5812184
93082726.91447237,98470216.14750125,71964864.22049774,301459805.96634346,564977613.2488148
96420487.44987975,65157540.67277284,57222873.30034198,294737955.520527,513538856.94352156
86883435.7775662,72580391.44145408,85003883.67269723,320869675.0421514,565337385.9338689
94246108.20740461,67677832.04697792,64861421.50526915,315319095.7245218,542104457.4841735
79328804.86852162,71633977.10224448,73558017.94365746,378102788.7590409,602623588.6734644
82996128.63766973,82782092.05487473,56733929.60687966,218074144.4481108,440586294.7475349
80579754.3468042,78763139.85038535,65361517.38414913,307276262.6750976,531980674.2564363
95275384.95288733,67773062.28167397,54778351.072259046,272717375.881005,490544174.1878253
64362336.617072254,63947487.28033663,58803831.443598896,274126019.91036236,461239675.25137013
103744625.2553401,74642092.72711542,57830719.79848129,381020438.52078027,617237876.301717
77516953.46942404,79480130.18723042,59233982.752760105,343542692.6141435,559773759.0235581
92596878.04770885,77289539.9258508,77035730.95438278,301160052.45456046,548082201.3825029
84677514.83169997,80196232.1331704,53720783.80854869,316227816.1867939,534822346.96021295
81131731.72872326,53860162.176271886,50716234.1147494,232805372.6612138,418513500.68095833
115501625.85574265,90549608.32130578,71576226.94684693,360909962.6419692,638537423.7658646
78471581.18572043,76449294.20939073,73612319.7620901,360511716.55797297,589044911.7151742
86190854.41820684,67426142.1949515,51367140.775490105,312789943.0352028,517774080.42385125
66101306.36474041,82852989.32537833,72290788.36879233,276118403.1737558,497363487.23266685
104989863.75075763,66282899.453843124,47660559.12288712,285617649.7323934,504550972.05988127
84009979.84223098,83380138.9187863,74305391.86073254,294026426.0769932,535721936.69874305
86079444.35418898,95606601.53054978,61907705.381595805,344252200.9601041,587845952.2264386
83938436.12144731,72631648.08385806,66978685.87358646,323939354.82746136,547488124.9063532
93165488.83129378,66884058.604096174,72036103.73122899,276798025.18401307,508883676.350632
87859182.60447772,79367183.0951194,71393383.59180836,273866363.9030791,512486113.1944846
68596706.37863857,58058226.74146151,54781979.208329365,297703619.83796674,479140532.1663962
80467786.99742033,78022790.16570564,72808556.76091844,297886590.06542915,529185723.9894736
96078116.02823785,62037821.715674855,49355074.213545494,299578546.417758,507049558.3752162
90327883.18996176,89348467.95774889,76055353.78675804,285407564.7669719,541139269.7014406
91724898.47676401,75767672.1881715,60157354.949946694,294442755.9349705,522092681.5498527
102848915.47740024,62338312.375829816,72166905.48587024,314064853.8218611,551418987.1609614
81089531.30444156,68730073.51161525,44667666.12672459,354638293.3121324,549125564.2549138
80104961.97988605,81742778.03346924,65511764.28055067,320544223.536826,547903727.830732
91078533.383021,74133064.23964249,59010741.477791995,310629191.96852916,534851531.0689846
77417890.44346789,67456124.85269536,68185036.79820177,288524760.4431031,501583812.5374681
87558910.0468809,69852858.33336793,49847598.76571035,332649447.2966966,539908814.4426558
89734056.44886635,79379846.11037551,62536736.062877566,285376948.52477556,517027587.146895
67266598.12973732,87048729.05846606,65050203.255942725,291903485.1479478,511269015.59209394
67532902.1009935,68307213.65900786,62079713.784337714,333421826.3579383,531341655.90227735
75028847.95025614,81447692.09277874,70522181.57428293,284380672.2798289,511379393.8971467
114141479.55293258,96637980.95722485,75320194.8716196,339317642.6897984,625417298.0715754
104277533.58557047,85380761.60829838,64517462.28824805,285931211.2456826,540106968.7277994
83889512.58244735,79230489.24700889,70125411.32828471,346140569.1122862,579385982.2700272
97280849.68893453,74858389.95964247,69157371.64282387,239012630.82921356,480309242.1206144
73947953.5992585,72907417.30988699,75700559.88005714,311554055.10491794,534109985.8941206
65118942.03406584,64750465.59595239,61073529.26439426,262093555.39714688,453036492.29155934
84813314.99211483,77958843.79629701,74046438.89935446,275052207.66302115,511870805.35078746
76684614.4233882,86970232.39468244,75381569.2411415,316316989.3168314,555353405.3760436
110759472.11299531,72355471.4566248,58219267.33918751,269768891.2272521,511103102.13605976
86784879.72931628,74242620.20438425,63652607.47277108,323566475.08860064,548246582.4950722
93722079.34766224,73361730.63687404,72882122.11002581,301126299.7126418,541092231.8072039
75909524.376842,67933957.6758735,69519608.59766173,332257444.6879077,545620535.338285
84946681.36229467,73036146.32733202,56471278.21304192,225068668.47736087,439522774.38002944
77314860.59849094,90585243.33849281,73527216.35685244,284500086.2615634,525927406.55539966
64757502.051077925,63408007.11933558,63492792.1686485,299345016.02542233,491003317.3644843
68771381.97065106,85723966.07620244,63508291.10555533,337940751.6136414,555944390.7660502
108469022.57992335,79616367.32342008,70662591.30965874,331476716.95828134,590224698.1712835
113776089.95613071,84912684.68654583,60571898.85775153,296441674.1483524,555702347.6487805
131741672.37954755,87646873.51836954,65686618.000209965,373395613.5341535,658470777.4322805
75340326.62459652,68015182.77917407,58819319.55890994,258665015.5186908,460839844.4813713
75370276.95497784,75299498.0607249,64383490.667994626,295577122.3085476,510630387.99224496
125781325.41783419,90264716.40414041,77835604.49408635,312169228.41641,606050874.732471
94777794.20583493,69970785.58026704,74840537.19214153,346900217.9175888,586489334.8958323
84932849.6855371,74898461.31090473,87707677.12991154,391372510.44195133,638911498.5683048
96885803.92341694,68436065.41553271,65124498.90465553,325583315.584932,556029683.8285372
97477850.4753787,83039689.77631289,66251615.17714281,268695707.61589557,515464863.04472995
101302381.28840601,75993142.26416072,67130108.17167863,325639441.9305573,570065073.6548027
82409135.773256,65402026.80107695,60045559.085717514,253962656.60730225,461819378.2673527
83514969.0673873,92366108.54446545,70296133.02594815,249387247.87304857,495564458.5108495
71888842.49536414,74175279.84237108,65962869.52202991,324005513.27530265,536032505.1350678
109527345.33429083,68406999.36128892,67767859.17990445,333900864.20354885,579603068.0790331
80309003.46087795,92348278.14901441,81376313.38600507,242984410.18104863,497018005.17694604
93762280.79589558,85512266.43754914,67572147.41760805,319234631.78827953,566081326.4393322
80462004.80951558,71605617.30922985,66403643.09768598,360791969.79536945,579263235.0118009
131513587.72598594,64539469.85602413,61425346.83733597,294806845.23014647,552285249.6494925
113303117.71337435,97658748.79642518,61065290.650645286,291858716.2727721,563885873.4332169
102139031.43031704,72712803.00858273,53306013.254778475,326142754.26402044,554300601.9576987
75720296.16558751,75530108.82671443,62949971.807600595,296606789.55625176,510807166.3561543
81942590.05836032,96432425.42746481,67784864.40848106,281494261.168308,527654141.0626142
77278560.07886478,84916895.9781438,65374780.288086124,317424048.5379042,544994284.882999
95981815.60283135,88457648.44165765,77468056.36094058,303467690.16535,565375210.5707796
104851791.59674968,76324023.61383106,68865459.06683765,348507133.0289123,598548407.3063307
105077982.4800533,77557742.09194364,82160698.05599974,441930958.51814324,706727381.1461399
93213214.77515478,86871200.30556421,74194191.15779224,315699506.8539696,569978113.0924808
68564349.94182377,69987333.1431707,62386989.48821183,370395474.9040726,571334147.477279
64603569.02162214,67550986.72078833,55025450.9895274,287796620.00846463,474976626.7404025
79182248.88186672,59104805.713537656,61744658.27439877,287798940.9514387,487830653.82124186
110073682.10184163,87089432.13042042,95679059.26465619,338266412.8711248,631108586.368043
70821028.10351215,80310440.79413712,52607095.059118725,363724420.9369323,567462984.8937004
77925122.17964569,73595577.73826025,56724465.19672144,310015284.8391289,518260449.9537563
98072423.98695667,70641192.93046577,61743707.512957476,307595952.6867869,538053277.1171668
121566167.84190336,81041110.23602381,81552192.42737022,316117411.2024881,600276881.7077856
56235217.10775521,57229974.99663169,44751076.813428,364780750.84258205,522997019.76039696
81898154.52701987,71620810.74094889,79247932.31366886,353267081.46563333,586033979.047271
67401349.75462711,61662535.90410923,66788817.068720825,329143356.853786,524996059.58124316
85096051.53017816,78280126.38414064,62112125.38609578,349207527.38445985,574695830.6848744
80417246.88399553,80539878.16580063,68046417.32886116,362384058.76049185,591387601.1391492
74474383.6655316,89584568.00257863,66619464.9744187,323680530.67080873,554358947.3133377
80155909.32458669,75530704.65037492,63124844.241449304,259188477.32839173,477999935.54480267
83683492.8372645,90071051.94257253,79150798.69749251,330768641.46438444,583673984.9417139
88169028.60270298,93579137.65848495,77386922.4885771,282706761.7468272,541841850.4965922
79137941.71248317,74248169.875133,61565970.07754591,281424606.0367052,496376687.7018672
83707068.69340101,78003040.48158807,63516649.510101825,231018700.7818865,456245459.46697736
112198558.597304,82104141.72039407,85092907.33363165,371971072.23315513,651366679.8844848
115741442.55795309,74118653.61348277,60629415.96436034,281268928.1283551,531758440.2641513
93797773.33130026,77034023.51426052,55570798.68416666,238943307.72677645,465345903.25650394
77114939.9514696,67221257.19593017,56924094.0358753,352930596.1729768,554190887.3562518
87783810.99848329,83187793.682884,58688691.01470374,258926623.7526331,488586919.4487041
69706765.5832466,66841335.4175005,64944060.5737686,275831465.4005642,477323626.9750799
96114662.94527785,67714837.7548801,55540311.08280351,258913730.56045046,478283542.3434119
68262201.59173033,70095973.10687268,74982345.80026396,252878683.13563403,466219203.634501
73770581.38302629,86894695.2204342,68169676.17062971,293123488.89512503,521958441.6692152
88521024.98860298,79778776.42287837,83137319.30166653,326690816.5583951,578127937.271543
69873040.82833,86609522.69901332,88432493.94903399,346104113.199572,591019170.6759493
82492630.9892467,61366562.09439659,60172948.365844965,367750589.4848457,571782730.9343339
99734800.84765032,97222867.29003128,78215514.50329134,304609396.0306889,579782578.6716619
89770693.78496106,83200833.2159856,63693261.82346484,305447350.90905094,542112139.7334625
100713617.09933053,74360654.11710022,67857333.97650386,305729107.432167,548660712.6251016
92104436.01459509,72331633.97310482,55915258.9915837,268296677.53883153,488648006.51811516
82432895.83418955,69219113.64285196,61551140.17026444,281069659.82753736,494272809.4748433
82450175.48588927,76832184.25859466,66128653.66651562,281964344.44182813,507375357.85282767
83801121.59156266,76451917.69008619,83905497.94891883,304196534.30871236,548355071.53928
96003005.25317754,78854157.16500078,65868164.8725034,328559137.1251284,569284464.4158101
86128466.12174101,73661491.69076827,65464895.12519929,421329442.0166693,646584294.9543779
90467976.69797595,89762296.40789647,65056394.313940585,337031272.42358965,582317939.8434026
83716224.37815458,89698367.55011468,69348679.88154776,318966913.6555772,561730185.4653943
92831352.99712695,82537871.66582836,72888986.46816713,275511583.1483159,523769794.2794384
98783115.48062351,68411878.49293612,59822253.447542645,315242781.0296275,542260028.4507297
80147083.37585527,70541884.2309905,67117269.59354636,316102918.7745477,533909155.9749398
84363252.03938822,78962260.6305435,71572348.65482806,311805811.90169597,546703673.2264557
83097864.51721618,63870111.83663119,61822996.88450325,356562753.5206829,565353726.7590334
79504814.66886815,75799680.84063466,52841334.31184116,337152213.91655666,545298043.7379006
102963607.44958134,79173690.99772437,60160495.476058975,267659436.46291694,509957230.3862816
91323256.70906818,93215887.87367158,82118301.19039139,280362743.76540864,547020189.5385398
84740756.53900982,73693251.04992864,68077863.31396784,322057215.5029472,548569086.4058535
96626400.16951223,64954023.604203366,78612191.2742137,328256063.91592956,568448678.9638588
77145297.24975066,88204061.1197682,79174688.02722333,316316254.0827407,560840300.4794829
66147079.8964888,72755391.06789157,61178084.63403993,285821668.2060757,485902223.80449605
89876478.47247574,88235055.29494831,74817329.53821819,313166869.5693992,566095732.8750415
76884046.10070881,67543937.5471415,64556285.84779213,372724001.673734,581708271.1693765
51701579.59377961,69336884.86426203,63753065.150190234,311211093.40181714,496002623.010049
74037419.9705661,78437354.25108095,70859427.5137249,312533810.92400235,535868012.65937424
89007508.58598405,73291535.2785407,57013650.527282774,289878354.7202622,509191049.1120697
119135216.92133324,93053249.62957211,76907675.31893678,348807315.3104599,637903457.180302
69380249.89893648,67468445.05937763,66813351.99966207,274435193.75982744,478097240.7178036
95083711.53064707,73409359.72020884,70706338.97899595,287595095.3748499,526794505.60470176
84288432.0515598,75787063.95246845,58879458.03814854,266268111.06391317,485223065.10608995
75933756.363186,84516763.97386868,72861222.76303099,338754536.4237848,572066279.5238705
81926223.05249941,69994568.1587943,66695457.09337731,305731434.6937695,524347682.9984405
88147361.75451112,85197004.77109975,58393633.633519396,223191371.8633741,454929372.0225044
81355140.29711847,68292360.93621072,62613089.20398556,207799287.7953367,420059878.2326515
76429639.66572772,87883786.3869202,68166504.04385076,309277240.635487,541757170.7319857
95954186.86426592,89733903.47968347,64098774.68257725,368481447.7945681,618268312.8210948
81931362.27224597,62636008.624504216,55652435.626088694,292620785.9634649,492840592.4863038
82528114.14959536,74819405.08032559,57439101.435337044,300357340.1076504,515143960.7729084
90991942.59955022,90148157.48348993,77132711.61043638,312878562.83851737,571151374.5319939
95859575.83731222,71212882.14640401,58376587.633689426,351462116.86443084,576911162.4818366
85152939.65868796,70780630.86913413,64603476.16633877,256760234.121934,477297280.8160949
77567567.97127986,70320151.31970814,62377676.41084193,292289705.3808023,502555101.0826322
94966837.35804181,67540275.97247791,61911606.97443075,311494127.7539504,535912848.0589009
107857273.10362212,88029497.17141612,68775370.96117714,325180051.15718126,589842192.3933966
76443665.21295232,70650810.0447642,71727284.96030642,313791648.38544995,532613408.6034729
74882745.2750904,88355283.162025,77942368.17616986,337607923.25680804,578788319.8700933
75505920.70962164,69341906.23235029,65433571.47593865,271297398.5990949,481578797.0170055
83716358.545765,78941684.59417509,73145445.19819012,331486060.40599394,567289548.7441242
85127151.95125319,84046729.00937927,66587804.56492309,318359552.1150586,554121237.6406142
87249713.3418661,71873097.57778707,62128599.5643995,340617919.8992876,561869330.3833402
103528579.69267696,79490480.6174023,71561331.08709203,278811510.3935449,533391901.79071623
106999962.20522805,70682721.87029189,62144938.395162575,343205754.07852167,583033376.5492041
96378224.50049949,89805701.25139204,80660062.82542194,356834529.6167326,623678518.194046
91929487.3378976,78807342.90556969,83957938.17839712,327972899.3992278,582667667.8210921
72867305.76761207,64754043.63068281,59395948.367485195,333744227.02794,530761524.79372
88919450.30754021,81370589.8954518,86482644.12643602,380465575.17268264,637238259.5021107
82801237.7973415,76767418.42742047,71270553.65494338,271205998.2145131,502045208.0942185
78290795.65354347,57261161.18550347,52587240.86685885,314214029.3334668,502353227.0393726
104961723.03290258,83208136.41566046,62882963.73994151,285501730.54615873,536554553.73466325
97920506.50527509,87167087.69188628,53430694.49414316,277449242.129043,515967530.82034755
97190982.21184367,58757073.92155201,59651743.926458254,316643715.0771095,532243515.1369634
79917041.06213167,77935322.47682524,63430387.859362945,284816759.98695344,506099511.3852733
96827349.76580335,81002336.9661023,84187027.19140835,352999776.3036856,615016490.2269995
75574524.86912453,76591542.47252657,62484225.42890522,300602918.1614926,515253210.9320489
95804209.21784648,83896023.02653006,56391913.427749306,282858234.8002255,518950380.4723513
75709716.46109511,67973889.3576133,51588216.678717375,279311896.6983921,474583719.1958179
90237092.30681641,62839516.79913143,56472464.705997206,248499002.96488583,458048076.7768309
68678305.10245803,72868003.00709267,55006848.66997224,280729874.4460094,477283031.22553235
71386735.06214194,68735792.7281556,67008147.74640781,290931011.91547364,498061687.45217896
106927230.91912206,87677453.17665435,84320770.83644494,293932045.6554497,572857500.587671
70147322.74203597,61415822.171336904,64601958.463279285,302001113.9160098,498166217.2926619
91593760.67742547,72781614.32681766,70808952.76215471,311189948.85391206,546374276.6203098
66614905.05403527,67821897.01761895,75193317.44296727,272717478.2774717,482347597.7920932
85719263.43357672,66456639.56097106,68095128.1559449,371679618.1301246,591950649.2806172
104168076.71976474,78256013.75170608,69222492.50297216,317110721.09232956,568757304.0667726
102239608.8405558,60664239.40336812,70699572.1744745,358929070.5928558,592532491.0112543
88760220.18112947,65980675.59669203,51088688.37130192,302804605.84706104,508634189.99618447
88502982.03436655,90745634.01797497,69879096.58825685,263172375.63707966,512300088.277678
62531694.685862854,67913697.15471742,55023525.54348621,296053135.52146035,481522052.9055268
116686750.51919666,74424196.48856926,60302700.79546526,335580500.26172996,586994148.0649612
80132214.36650586,75849786.99969915,69678427.50077608,417717074.7933192,643377503.6603003
63755000.292939775,59814779.18026112,67343287.95070727,256579074.2988517,447492141.72275984
89468774.98420052,89091542.07287699,76158530.48409934,348901640.6755661,603620488.216743
92901426.68691123,69573362.66112441,61891745.1549177,328927951.9127127,553294486.4156661
100491316.26568654,73399620.1817433,69452931.91628769,291834849.0730514,535178717.4367689
100346783.7683856,79347695.78590176,76752185.69257347,355414414.99869734,611861080.2455583
61615301.84795513,59793436.38846567,58414313.65742521,246535734.11547884,426358786.0093249
84593639.76306827,78931623.13056521,68544825.26287492,266659932.49398956,498730020.6504979
100192248.60113397,78387023.84728873,60167446.209842175,289566757.53331125,528313476.1915761
81479615.55447741,85472658.26463616,96574833.98828349,307111350.9942584,570638458.8016554
92487509.82134657,67970452.80575125,58552755.172843546,309263784.4927956,528274502.29273695
104626306.47395678,80388511.5549012,59536301.18934728,257278436.97107768,501829556.18928295
115227380.73525958,75161874.37935242,55349859.1882288,316558998.5866133,562298112.8894541
90414670.33321282,105174613.4350243,71258092.34922096,276130785.3252775,542978161.4427356
112232498.1139205,72568589.51882976,63907319.99363615,323178594.0507028,571887001.6770892
79890818.82219462,81958905.5737433,61633740.24921029,292996269.16555876,516479733.810707
91118235.7975986,75375785.35707566,68487263.35678613,362205139.7518841,597186424.2633445
104961441.54183128,68654499.490714,72271464.04716787,301978367.9555435,547865773.0352566
85161199.34724396,76146588.56451553,63170219.403954834,277072775.5598712,501550782.87558556
108515992.32507382,89065840.74554938,74585468.68938397,377881359.97268254,650048661.7326897
101891255.1459866,67636117.83402969,63731054.750057764,273214670.010524,506473097.740598
86385783.27252129,102858206.56088367,68932226.80693935,346465207.89478016,604641424.5351245
91189437.85194068,81818536.5219675,61633278.70148029,306957290.11649483,541598543.1918833
76347495.33350825,76120793.84733534,79190579.4795471,298494046.2856188,530152914.94600946
78640675.03374475,61110796.68971569,53380509.08073213,361277806.12454164,554409786.9287342
84026349.52066854,78907111.96658331,60988536.10695957,305128179.02857816,529050176.62278956
77545709.91994408,76503305.44872804,57356444.60880933,285164662.5227997,496570122.5002811
83346916.09657478,86034275.0210236,71586186.1429377,364184472.35642195,605151849.616958
98408533.09530693,85350186.01044166,70457479.21766657,387852061.3666718,642068259.690087
69033702.18508868,66681273.33125977,62684564.10082004,268931937.6561191,467331477.2732876
83350128.47075683,78462025.78515974,58108835.93238238,357588523.1281406,577509513.3164396
69726752.9970597,73931860.75308298,76191078.49524517,295169321.7503491,515019013.99573696
113692333.29937522,81293665.92125693,69601176.84012324,362969148.4298368,627556324.4905922
105691003.7121506,83694276.4765133,60822026.02243541,355517035.2200136,605724341.431113
108277333.47784822,79564960.94614208,67426616.0708272,338100779.97406715,593369690.4688847
83066584.463425,57318223.738346994,61960969.10679687,299164160.5725657,501509937.8811345
77053412.19466673,53327050.78922586,64848050.47863166,316495099.3903919,511723612.8529161
74446717.52191293,68880545.18941373,67616081.3283022,261635115.43526688,472578459.4748957
94791534.73636392,69478867.34468779,63721986.263312005,363267308.86953264,591259697.2138964
101568011.56358542,71742633.70757426,75166349.39428066,311873153.11218524,560350147.7776256
66357868.921203256,76465058.16526935,62795358.6201477,372079895.0707592,577698180.7773795
71345222.88538499,68012256.02166678,62900642.103703104,292020100.5590978,494278221.5698527
85137956.68796581,68474449.27745008,53671298.33060227,278695951.2122833,485979655.5083015
118326779.4802905,69034645.7046776,70706165.66224116,329587005.9030134,587654596.7502227
68483432.70696129,73863507.39684251,70761647.35161936,377090709.0156968,590199296.47112
88102808.10998234,74235885.43754582,62089308.008479856,349600492.84382796,574028494.399836
79664643.82859051,61066480.15094873,65599164.169339925,270111982.7581083,476442270.9069875
66162047.258925736,72456789.53590247,57048659.880841576,333074978.10049736,528742474.77616715
101969613.71896891,74944491.74643715,67329564.5793658,290778545.8052749,535022215.85004675
77219496.0378485,71409126.38310954,67603275.44982007,313554016.260187,529785914.1309651
102722451.10548156,92357524.37327656,72083606.72366257,341549990.5835208,608713572.7859416
92064346.72655816,72117985.98536891,69364280.5249541,337185083.5593953,570731696.7962765
107940081.82508671,72872201.71993718,74810633.16654576,346940956.4450242,602563873.1565938
87944159.86843336,85411984.23388006,57846633.807538435,272522041.6346569,503724819.54450876
105973687.62882298,76080005.0515526,71717365.16476735,298387495.3372562,552158553.1823992
89340325.65579306,114284371.99347453,85269776.9994068,346398172.67505825,635292647.3237326
92441834.62375951,75639397.0288047,68269707.34536864,344144805.9704127,580495744.9683455
72845938.24937685,69612782.4441304,54263920.74735884,270289507.62951887,467012149.070385
81146549.61535893,82623948.42919946,73560107.40942462,276869517.8533328,514200123.3073158
97306306.39996338,85069118.7994973,68206502.78149252,276850146.0370955,527432074.0180487
74289312.57437234,74954864.91777064,61592352.6508467,326113443.48138744,536949973.6243771
80457378.44678469,68201103.2340964,50838284.81217464,326465602.8427772,525962369.33583295
72002797.10888615,70380756.53388588,67357568.25827126,304504137.30007344,514245259.20111674
55403839.21625906,59609122.54523676,64411810.51307089,295711375.57346594,475136147.84803265
108450425.98831195,85839909.64797169,80049862.45676947,346487284.7323335,620827482.8253865
86013910.20404765,80140889.45379408,74464430.76110296,312270325.4432252,552889555.86217
70057638.16825223,68932467.4824044,63845225.49253398,278858751.9243251,481694083.06751573
74610446.95352443,74708402.89446819,64806013.26277295,316810886.89410305,530935750.0048686
82269348.20754907,64503152.86040691,57985516.78322878,301128878.82369214,505886896.6748769
76552040.49914056,89824970.28925595,69294221.53065675,324831284.30424386,560502516.6232971
81206130.16830103,69977741.92077246,57216764.378932364,316263752.4422408,524664388.9102466
80690731.82542326,57932862.469900295,48026011.76257626,268444190.5070424,455093796.56494224
114457287.22380464,78304639.38530721,75221914.93369189,252095248.66345188,520079090.2062556
152911738.32405514,97464712.70338964,87949262.41650723,379999536.59845597,718325250.042408
99389774.24016151,69797660.98996425,60044416.87085418,267875081.97933048,497106934.0803104
67321771.03759488,75434274.93513915,56231634.0980072,245892052.87595895,444879732.9467002
110903561.64457473,66993315.9232631,74822550.64044274,328291613.52057904,581011041.7288597
98349031.92911112,87490193.1613308,72615710.51737711,288392110.4231569,546847046.0309759
70789076.88704123,80607567.20835726,74656164.4801837,299196713.50142443,525249522.07700664
97986041.17959584,66073422.47508644,56532217.402249105,263069100.1667163,483660781.2236477
91052746.69608589,73125915.94337761,63464878.43628095,332654730.8487786,560298271.9245231
75349827.09855582,95716610.44731843,62114203.56622078,300476636.2435527,533657277.3556477
102656627.1694102,71446412.58636983,58611225.358081095,254342263.81119937,487056528.9250605
71099209.10480785,69790334.7895168,67214089.50850789,201935116.7459641,410038750.1487967
91281889.50921401,69568284.10461806,68992320.32799838,277115371.4709096,506957865.41274005
89667861.59422986,84071254.72401462,68143203.60845938,317354853.5189961,559237173.4456999
91221308.03233635,68773324.51671074,61997794.61630486,331737271.89995325,553729699.0653052
71997533.16996758,81385126.41917351,64489738.419965364,351744936.65966594,569617334.6687723
75781947.41799453,66348884.433838256,59394547.29152497,314176572.7204344,515701951.8637922
76746107.92819227,72594528.25662251,71936777.0401722,370315418.4525911,591592831.6775781
95802634.43260756,75966607.73273642,54258340.62227442,216286714.90107647,442314297.6886949
55401305.470338754,67362420.51087467,53561865.729128994,322351052.6356361,498676644.3459785
112686469.84292787,81770273.2358166,83289038.68992272,290037266.69631195,567783048.4649792
105484427.9262475,87654184.6469711,73764433.32881223,308766063.7238104,575669109.6258411
98967453.67620243,78144201.60248922,71455659.91454756,322338514.3318093,570905829.5250485
91743981.57425386,83977590.23794113,67543455.12894972,291692085.08756465,534957112.02870935
97681484.7995516,71376758.16667484,62897570.269706346,297861463.9703529,529817277.2062857
81465521.54985556,93484791.85078973,81603412.94772628,419071141.1115836,675624867.4599552
84075554.12105837,67599871.12569194,78836307.81469865,310844410.11993986,541356143.1813889
99650242.49535626,72327087.03597626,67574488.31371982,272397213.86528105,511949031.7103334
101149000.77046993,72547447.95551084,72323606.57188424,259543111.12106737,505563166.4189324
69268810.19140753,78326922.4997587,69904649.2155443,294216860.1879651,511717242.0946756
66798919.9917781,67814765.73155871,66182740.234474525,308946060.3278525,509742486.28566384
98376338.8504022,81401319.91686867,76624426.37090342,351572614.01009244,607974699.1482668
83794319.06435138,76090293.40925975,69286927.92534705,255107385.04664132,484278925.44559944
91821135.28561561,78878695.93284355,57835226.17999661,311351554.19821864,539886611.5966744
73155215.22324668,74492372.9148188,66409287.54888308,246379482.9840193,460436358.6709678
73808350.02728032,79652447.03668983,67802696.96431479,306979680.486972,528243174.5152569
97473314.58620384,74752293.30801992,66640938.04938578,339586991.75331056,578453537.6969202
80737126.83337525,83304870.06834503,64314816.077185266,342037863.04102266,570394676.0199282
81285061.27589251,79127538.63811703,67361747.12089914,286763454.4986548,514537801.5335635
83116311.68233757,70311071.90724194,66141436.42719675,356787990.1330781,576356810.1498544
80579266.56337978,64391100.56449653,69163790.32877646,354688099.01989764,568822256.4765503
90917040.47493345,80495450.74649689,67171748.55817586,263762567.29399416,502346807.07360035
95221805.43544403,91601157.76284589,77822196.99535601,287696838.96017295,552341999.1538188
109048288.13755982,83032543.83841291,61413901.88983041,371138014.14440805,624632748.0102112
95910401.3130056,67605221.71255833,64439824.37413491,288108808.15630496,516064255.5560038
76677730.31644262,81003957.01426674,74321888.27240835,287060333.17640764,519063908.77952534
85887563.18740055,85518935.95285359,61267759.419093564,254974969.3091167,487649227.86846435
95542428.18007064,96954093.49361473,71937371.55161503,348061544.3164827,612495437.5417831
75859530.669798,66887137.46549667,56109111.62976686,284708381.3879113,483564161.1529728
73632205.11532386,68831634.18307225,67547525.63452008,321965992.4152448,531977357.348161
74531607.63209474,72801984.68301234,62464208.68647162,259728551.13438022,469526352.1359589
79943722.09940681,82807118.62294672,65882530.68250249,246891147.90567595,475524519.310532
100058932.41508836,89976066.85148332,84060532.5143528,322150625.0920523,596246156.8729768
99781308.47821397,93297132.50863756,66926485.50217713,323941000.9369569,583945927.4259856
83625807.40194531,78389351.92181093,50564570.521873295,243594194.14258078,456173923.9882103
80260920.36258568,69309960.8697524,61776763.11100693,267188680.2971582,478536324.64050317
93471134.77915628,63634554.76714272,57025239.47284373,285029444.2385396,499160373.2576823
82684547.85770608,90476867.2349,70016100.88010651,256976064.52218047,500153580.4948931
82865056.28170681,76121015.53404738,66727257.51288873,319635856.8309209,545349186.1595638
94211039.62210386,80395182.68577233,74390424.4183183,312361453.9524569,561358100.6786513
92545495.99022444,59924538.15412666,63462068.777466014,288238943.9521043,504171046.8739214
85811074.61740237,60172420.78696316,56921687.52387352,300860605.497277,503765788.42551607
83075146.37116508,78856756.72748035,69378235.47493792,255365194.95166168,486675333.5252451
70701030.44160958,78026415.17576607,67473508.3992119,268304201.546062,484505155.56264955
88330206.94037405,75031420.60372594,77242746.774475,309330789.53769,549935163.856265
76251981.11307035,89680561.27153237,71837741.06519035,336474499.39184284,574244782.841636
71290610.08622089,84065957.53035022,68679196.66946252,283416519.7685401,507452284.0545737
84059965.70096092,77171790.67018984,70220434.90336828,335084273.8937217,566536465.1682408
95305176.28649838,74359162.56051053,65739116.83295241,259546976.1583857,494950431.838347
96017449.3965278,72763129.26812926,71346201.82413273,342465035.39300406,582591815.8817939
81918959.51619871,73927324.43304911,76243590.03416209,289496461.1435844,521586335.1269943
87618244.02487491,70516651.9392814,61156607.44181073,319076327.6278644,538367831.0338315
93561546.25862305,77341075.64346446,67303552.29658297,336264675.0818909,574470849.2805613
93154906.6094189,55017931.36785464,46307423.04203443,216367035.59422383,410847296.6135318
76514487.07592496,78582837.27326362,67123728.6346521,292348403.2999855,514569456.2838262
77780070.55103853,74165511.84536542,72169160.04137191,325745574.2476586,549860316.6854345
92251235.990254,72821347.35335767,58774391.09649277,299870811.08675057,523717785.526855
88894545.40448418,81777474.22119592,58979838.8090522,282296186.0931187,511948044.527851
116739765.45928816,93872985.0435836,74273159.54945934,310308737.1324002,595194647.1847312
94364771.72928596,75011123.28415704,67635233.20851722,281883148.3585558,518894276.580516
72394992.3928934,69127303.88814406,61897508.32943972,298830575.8361617,502250380.4466388
102229430.01889293,68842561.29591563,57755374.5748602,325662607.68597144,554489973.5756402
98606415.5632286,72335245.93147029,80401206.18104006,300911727.2170313,552254594.8927703
86890147.60409065,84602105.00363888,70452138.97512166,332851475.5509534,574795867.1338046
84121072.1706901,72507164.73331313,64164503.40349483,255872944.32661644,476665684.6341145
119476764.04109742,81771494.81271964,68209089.39857608,306351261.49335694,575808609.7457501
93758662.30581349,97001337.29701391,68533512.5653153,360107216.779269,619400728.9474117
98159125.6936564,76642455.73733237,68747748.13149947,322170145.49276656,565719475.0552548
101459489.15250623,59529456.77639575,57354555.71668549,327073165.975856,545416667.6214435
76789171.26085362,59279018.658302635,66472577.12393176,311828687.719968,514369454.76305604
69977020.21237259,69192432.26823948,77168020.35772197,332647352.50854737,548984825.3468814
85102203.11666852,79347587.26772438,72107681.5515656,338342115.98361784,574899587.9195764
119063112.38034455,83930284.07574956,60535087.66671626,297996124.1895896,561524608.3124
113967773.97621332,70226629.8083061,80048848.55367744,379099721.4114052,643342973.7496021
121781560.6372833,82585864.99256814,67035969.66874934,301527858.93262553,572931254.2312263
103765559.19903372,77562905.09049873,73235184.53394197,389620186.5887485,644183835.4122229
65873999.26977021,83800033.7731942,53470565.16183395,263668041.12419853,466812639.3289969
80265361.03747535,87784464.20923975,74702100.4066556,351564300.53251195,594316226.1858826
91798449.63296467,74373071.41177838,77999017.82438591,308417492.2010298,552588031.0701587
65605463.455672406,69705947.9185613,60945540.560439706,328571669.1501766,524828621.08484995
77533885.81847744,82709057.06935693,65193083.98194189,291482074.7274146,516918101.59719086
98277210.2183256,85350783.01802944,60132958.99798857,372122597.8108878,615883550.0452313
90836190.11560892,71210173.7355854,67978919.39952745,278645057.91840225,508670341.169124
94262294.34465733,82687807.90084995,80079005.57659435,382084980.4570436,639114088.2791452
76587072.24064708,68648601.02635914,54736163.68028048,292753106.650211,492724943.5974977
93642650.56782682,91724771.59722307,74035513.14760038,305483035.2100632,564885970.5227135
87626261.98127787,81362157.31411916,59812295.850625016,356129375.6474211,584930090.7934432
111749556.17324993,81836358.94114162,65700099.66682785,268346320.95481277,527632335.7360322
95257906.38481165,57174195.34258934,70450575.1318385,317173516.9157785,540056193.775018
90410831.65677013,69397908.32386708,66188199.86366143,319193439.1686245,545190379.0129231
74284421.30520436,79981429.06893566,68128033.8527634,274596497.8180241,496990382.04492754
110104130.92030884,78594185.25008176,58250012.744803816,281002599.3949119,527950928.3101063
108313496.87487392,71335736.6442324,63426290.67490498,284999670.959928,528075195.15393925
90943304.66467088,71152555.93612109,67190588.94701634,355589954.2189778,584876403.7667861
93560160.43176024,78785459.01757985,58532869.99753598,244175129.32064018,475053618.76751626
104959118.65271856,79021505.72813185,65728061.32987722,335441416.94462144,585150102.655349
76808332.82897283,78837943.41642833,57161455.54965859,343136407.49253345,555944139.2875931
104733858.48895265,81133937.0712716,69772625.63383658,318739347.3373773,574379768.5314381
83381599.98463644,59710077.25097446,70069036.49319574,293276433.0393226,506437146.7681292
110199725.15976082,71261209.60797147,68399754.9588087,230146271.14204782,480006960.8685888
118004773.82070185,74382161.04762557,71811721.20056115,324744478.02327085,588943134.0921595
107272592.69068356,116658897.9091187,81000151.45840628,275546712.21740735,580478354.2756159
101758307.02765587,85260329.58946206,67237377.16997513,338794315.386231,593050329.1733241
84330707.28938115,76010368.36943987,47951025.53173775,277041337.25789416,485333438.44845295
135166343.41364464,81001575.19525714,64164940.89229852,275413740.2594594,555746599.7606597
81732765.51939207,80970668.94567314,73044763.5998185,363017778.1680176,598765976.2329013
103951414.0601982,86994018.93882571,70310281.8761575,270375579.08074284,531631293.9559243
84567548.95476042,71119912.8344211,70886963.27869742,283432893.04462713,510007318.1125061
79291827.11319408,69522394.74676104,68594217.27068679,309809079.92906594,527217519.0597079
97111121.43729246,79478232.90445158,61045305.63749565,273563980.5108133,511198640.490053
107536494.85568671,76083309.08267385,65835335.956858866,254724955.32797134,504180095.2231908
105458609.63104583,74199588.19348548,63277582.641791545,287339742.388673,530275522.85499585
97529100.88687004,90053594.60151827,74438280.18064974,269302194.32778436,531323169.9968224
76964126.90118185,57928480.59843032,69434130.62320253,262635382.4282647,466962120.5510794
97451265.52616392,73470927.33887455,67801424.76244234,314718308.2875318,553441925.9150126
91963270.95219353,60718898.62764732,60751086.10493992,262232060.47188964,475665316.15667045
88371444.84867378,63493832.86916321,56790182.760415584,296145508.6243759,504800969.10262847
88839839.1280288,64820052.256700456,81766229.41369128,320827708.2004732,556253828.9988937
79515664.81856392,81357978.11373746,64316964.57823825,335909457.5301177,561100065.0406573
88147010.53332366,72499647.57557842,57517282.24092487,365709741.34278744,583873681.6926144
78066900.50532761,67520812.38691698,54035514.10758471,358863641.61648065,558486868.6163099
78482872.12471437,79325063.94119987,87329757.77217595,327897506.58118755,573035200.4192777
87650578.91277982,80678362.48286931,81577870.7896674,335902951.2633254,585809763.4486419
108964587.55265929,80913202.11252768,57711031.976553164,303373225.12133896,550962046.7630792
75152038.67508125,89451849.13314022,64379539.71679368,262708273.4587247,491691700.98373985
117474146.34197903,80705715.41371073,56766702.10713356,244388768.04476723,499335331.9075905
68360348.01593639,86474361.2224305,75507401.30586286,333705929.4948869,564048040.0391166
67668252.58404945,72354643.81909852,65568217.93610546,257210993.69611752,462802108.03537095
85882475.63513762,72085463.69700211,66883759.53449468,292419737.90387094,517271436.77050537
69007371.29378708,88542327.38412675,61542029.65842334,306958411.4213698,526050139.757707
68247054.605905,63462680.47186872,66234320.47749152,346656882.9247924,544600938.4800577
83333732.90396474,72412209.55198053,53668323.387825854,248332587.50475764,457746853.34852874
68116061.29692075,63199922.5602123,56875149.01339363,216942896.84023854,405134029.71076524
96109764.82680227,80583788.47125083,70775528.20838973,299130654.9413138,546599736.4477566
119274578.86167736,83912136.95435297,66323245.2640496,276879780.55188274,546389741.6319627
84275043.49116962,85072177.78946549,64384837.52825147,296471381.8302578,530203440.63914436
106521064.34629768,61604624.524881534,61971227.51033266,295080043.02559763,525176959.4071095
98986697.49276936,73117091.78906605,69659794.29194029,330794607.6113125,572558191.1850882
73356991.16668974,68622566.62499307,67922881.9604583,315921228.19517833,525823667.94731945
85825939.64914405,81771711.92830664,62661003.895137094,307075380.18091685,537334035.6535046
97095517.27031147,96369813.13467117,82434945.66010751,316934273.62692744,592834549.6920176
74449282.07899,77989103.82193096,51010700.641554154,299353162.6339817,502802249.1764568
93229409.85368758,91362748.27686132,77473704.642495,251013189.15441805,513079051.927462
82743891.73028193,80789656.99339016,62065671.03097837,328029205.83276665,553628425.5874171
94137019.89721745,73204587.21098241,60281753.38851793,357778851.0611575,585402211.5578754
69544934.49747641,73390529.03310953,67512291.33713283,272140022.6360305,482587777.50374925
82073590.03691153,71364957.68319823,60944247.08072511,302013682.0006611,516396476.8014959
76052588.8582352,63809930.06495618,49364681.364542484,321059556.4725518,510286756.7602857
88397135.64480568,82525862.0449591,65053202.38890891,349987729.0076918,585963929.0863655
96645950.31779335,91095178.19255544,56104478.360036954,307071705.7134735,550917312.5838592
100640597.7966646,105007280.82618894,75298801.48682563,300561273.3142855,581507953.4239647
69742419.03878938,80195915.4611105,71513962.65505543,307728785.73146224,529181082.8864175
79202755.80024165,77312721.51334988,54680208.96585924,329851465.19255686,541047151.4720076
66016661.40518879,73638684.02687259,61926235.762903966,280092254.2558253,481673835.45079064
85968209.0782404,72574259.0410573,87597299.87140498,304045454.71337783,550185222.7040805
86533478.59923789,74022125.6537045,66656145.19740785,366269837.41491103,593481586.8652613
110028054.63099256,74446006.3997532,70708342.81382966,308645607.7698258,563828011.6144012
99061604.449233,77793289.18452577,71621356.91426879,304400786.2449589,552877036.7929864
80598205.64221793,61232578.20582436,81129296.06495924,308785239.1190469,531745319.03204846
103249211.78606233,76027591.90626991,67508316.6850819,251111550.24197352,497896670.6193876
80963352.89519162,62162543.0408924,60459073.447080135,293371468.44863933,496956437.8318035
106662585.74402097,81857218.18036664,68081824.58998333,371998643.6588903,628600272.1732612
74000200.19912437,70349032.48767993,81739943.94589351,403884782.46779126,629973959.1004891
80674170.48069796,56699621.07046298,55449258.3913097,266275409.2740323,459098459.2165029
76965923.96317604,64027217.798997685,59028457.549497634,308259666.8537845,508281266.1654558
92480903.00695814,74979074.81792796,52500578.896810256,302017851.88209116,521978408.60378754
67995250.20610544,60847873.36628545,58906455.262374446,282936331.4828119,470685910.31757724
118228753.64916736,84225056.83247603,76514359.58155434,367948579.2731656,646916749.3363633
94972829.96114855,67700777.11417925,61008415.60616906,279260202.2403125,502942224.9218094
77375923.50276583,79345302.4826245,61852657.53645271,279621439.0162103,498195322.5380534
89803771.48043393,71518582.40875416,70110149.1855496,273898306.1522056,505330809.22694325
91067515.4666604,88057692.24671087,70472119.26545773,340572197.4313475,590169524.4101765
75264583.0484451,75415752.6869296,73368400.86296917,269486609.8245238,493535346.42286766
92537609.72044301,62060988.520651475,56356753.96572937,255911325.2410339,466866677.44785774
104044504.89150244,88079059.59856127,58365555.271681905,305752612.5816205,556241732.3433661
83685808.02632599,74273323.62218517,61731258.65024713,311415174.2109811,531105564.5097394
74887533.4843937,74152655.89138322,62834992.54065068,270480771.8179368,482355953.7343644
94708761.84172393,94430335.62041429,68819838.24625488,320972340.50587547,578931276.2142686
73853956.79170755,60810915.874587126,59987109.28161816,306719574.9561972,501371556.90411
87060508.63710707,91985522.47254448,63753094.54205622,335491284.0465181,578290409.6982259
106686404.60290094,91226586.19469388,84564400.9050333,313388208.6446201,595865600.3472483
80606383.39855109,83457644.98326732,54992273.51160031,264007200.71515194,483063502.6085707
71713532.48520751,61463647.75973042,58423154.17503453,222456281.52973303,414056615.9497055
75488780.71491869,70153238.47142783,68735990.96100204,282576421.1431332,496954431.2904818
88978681.69443929,72012551.80629116,67850207.01635171,304770173.08024716,533611613.5973293
80288444.94249126,82617522.98582885,66119791.14738751,316034076.49715996,545059835.5728676
82360424.9027965,93759067.80915809,77755504.10276212,338089697.248756,591964694.0634727
107458748.58309728,81292728.7904634,64210199.30176064,342809643.4718328,595771320.1471541
71771010.30175735,81016154.05214038,65482880.7327866,276228469.9635805,494498515.05026484
67442613.35085163,85326587.53150782,70655524.10842185,349523795.2611637,572948520.251945
92740760.23575175,79658575.88858347,61809274.23595094,281026482.7800605,515235093.1403467
93143662.43014695,88350849.32619001,48673779.94998175,242988536.552975,473156828.2592937
63207784.418124236,69212061.56820792,60056676.009220414,256444370.36125055,448920892.3568031
81576037.3759171,74351939.608253,61251543.83893655,289591217.98494667,506770738.8080533
103082087.85171255,77262126.41863337,44933861.83042742,265384673.49606425,490662749.5968376
91355143.6148779,79078693.77486709,67888456.95095325,343208444.46386373,581530738.804562
74385183.84865935,71715602.37486893,62880440.050374396,344847894.2304543,553829120.504357
77780842.80124347,74414839.71102145,71256633.05891964,297868112.099437,521320427.6706215
78109206.19138207,84039039.78512433,89130629.46652332,313635939.1381582,564914814.581188
94999384.44366844,66535781.20267671,70533462.41936782,265633206.68571103,497701834.75142395
88048322.19771604,70535310.80998845,64034172.37874196,260975454.01823932,483593259.40468574
106813842.37278827,76585341.86396788,64633879.29032951,350964002.67440367,598997066.2014893
86237310.17920065,79922045.16652687,70777259.9024175,326117870.9114193,563054486.1595643
82979809.7344896,78024987.78311789,82121762.95943208,327973070.87470216,571099631.3517418
76032548.68824793,77400885.07987545,67073563.68672428,312132422.57214713,532639420.0269948
71009449.16163875,77236687.59442319,73655096.74440762,344715329.5618665,566616563.0623361
83200449.88306157,65903646.8684705,61832919.200873196,249776531.55875567,460713547.51116097
101296179.80712631,83918376.27152911,65355938.8416287,311300688.66182697,561871183.5821111
140229112.7637649,79575164.3727203,67963126.93122698,332354052.16067255,620121456.2283847
75381799.69854392,74450268.10477687,75781451.08523674,278713232.28091526,504326751.1694728
95936777.39736016,77560520.8099244,59687529.151735276,345243532.36375564,578428359.7227755
82565634.82821555,78531332.41829896,68278402.3128685,323016395.6558674,552391765.2152504
90532987.20843478,72483790.97382806,59407977.15135212,361683275.65340704,584108030.9870219
92414600.67794403,79152830.47365353,58628571.07288308,282562014.8042104,512758017.02869105
80216885.7007319,65954159.47998072,64369890.963777356,287480692.7920611,498021628.9365511
90402389.77158503,81068890.02736062,69606446.47379631,287134674.4677745,528212400.7405165
77807729.33056061,68688288.56138246,68555826.42686555,313775525.4207834,528827369.739592
85000471.15815923,68414169.70246685,57622528.41542303,274167516.9699597,485204686.24600875
67725817.49951185,60785433.03597839,57589161.17184586,285813261.33964217,471913673.04697824
87186209.30418314,54230775.21833353,58568204.776900455,246674734.05494595,446659923.3543631
101898148.08333412,64123844.23493915,56191457.06035454,261828417.24204332,484041866.62067115
73017799.04656559,68255367.30648157,53817982.79294832,282080548.7059187,477171697.8519142
92721138.9637245,73972756.88881002,63694120.20454151,282230085.01250905,512618101.0695851
76393970.98392463,63187031.19590009,66689975.76155823,293743654.9122583,500014632.8536413
85548145.36414516,75976930.65427452,62881797.69559589,367772926.2031823,592179799.9171978
82278139.21939117,84432716.7559615,69027543.33430815,230622209.0940888,466360608.4037496
63656922.84304264,67015747.14652587,53068321.85626189,290859727.1519322,474600718.99776256
71301530.93988939,73643020.0864943,63304745.86039414,356471142.32328475,564720439.2100626
91274350.50823477,87282429.31423724,89787923.91283953,361503018.2388839,629847721.9741955
91867736.93732624,79979625.14279692,66042005.352971174,295638320.38052386,533527687.8136182
81496646.70931664,78413566.39323083,61814861.266992554,312990656.69590193,534715731.06544197
106582492.84227079,67690177.49284309,65526799.75945374,345076320.20143634,584875790.2960039
78664579.99497958,69220544.6228132,63754872.110756174,367501073.6805434,579141070.4090924
78667258.56553932,69651998.63550258,64458135.98037105,271502512.48909575,484279905.6705087
78645444.01417479,87009618.5331974,70182422.99560912,392441070.47513884,628278556.0181202
115250700.66793203,81952010.91984722,59778950.182256795,304267271.0949789,561248932.865015
100453192.65596211,77046688.97086681,66561681.202433616,274692479.94359154,518754042.7728541
83939743.82862195,89852436.82050851,68792193.85531333,336829910.3447307,579414284.8491745
74369406.81179751,81908075.09497015,61755300.31583566,318493921.88672566,536526704.109329
102116163.03378503,74652241.08648778,68016982.01400909,369408693.4335685,614194079.5678504
76683581.0415481,71963112.46873239,69064893.08202247,325091485.8763765,542803072.4686794
65112971.47274124,61860063.538409285,73125684.04529363,311795683.89996654,511894402.9564107
105645765.44038765,87472990.06794913,79791955.72411431,308154180.5534318,581064891.785883
88512164.21918455,69956843.66924945,66063950.46287045,260519347.20133936,485052305.5526438
100579208.59040606,72299326.87227176,60278766.152848236,277482486.14825445,510639787.76378053
98471147.09206492,75277200.48640805,82906851.84432791,384133265.19794565,640788464.6207466
75338623.7777668,75767061.01652972,72221855.2378049,262364619.8004583,485692159.8325597
71987857.54700717,69086537.11349401,71481275.99445805,323383663.4840902,535939334.1390494
104873242.86536011,104757703.752576,82784487.62524675,354623054.22725374,647038488.4704366
75269697.76212575,77418466.03208254,64706271.28018832,276974578.1930962,494369013.26749283
82120774.48462047,79554427.82605585,67291338.0839305,346222734.02705646,575189274.4216633
71261012.93859948,63872629.63418436,63318688.629188694,318269317.2733635,516721648.47533596
103786054.045491,73983492.8256667,55662102.42703544,249449247.55466774,482880896.8528609
84321376.84069401,84692563.95688526,71533860.08821556,300123898.8544724,540671699.7402673
108091933.35909632,63761156.252686396,61822981.261315696,306581213.4524787,540257284.3255771
86936734.75641549,64854016.70774993,47420647.91806906,300215834.2651853,499427233.6474198
95014044.09405285,97732987.07647824,87153990.64312917,340678338.5173974,620579360.3310577
120309270.10058852,69657312.93220094,62474540.70748088,334451494.0005386,586892617.740809
76967840.57707337,85804069.19690137,79325827.57415654,258544620.60548064,500642357.95361185
73151030.7603416,80163463.57413517,83341039.94944598,415656557.4563617,652312091.7402844
75047098.45072968,93939043.86526802,65435255.81100513,287036134.7397868,521457532.86678964
82455287.56043601,85686431.03591375,62385591.45845437,282273076.27647126,512800386.3312754
99145716.32420343,70977780.41649567,73873251.88874914,343039914.18939203,587036662.8188403
75560415.90911146,71074064.7005382,66489927.27869098,264564384.78991708,477688792.6782577
97379568.18890601,75647726.45964766,63821644.977677286,276765934.84011644,513614874.4663474
85553102.56764486,74811354.91771747,66077524.95781293,293692074.5688001,520134057.0119754
86111814.05647066,85447904.42744115,76356918.48503399,312848332.3673757,560764969.3363215
77817108.10783468,76918336.85687685,62144076.47598861,298290099.8201165,515169621.2608167
71109416.01329903,75228136.63954091,54986024.116039515,363738799.57692176,565062376.3458012
81466590.2602064,92850009.28602207,71113712.50373088,339259672.80108196,584689984.8510413
103812234.74243586,85624593.04724309,70430748.38933475,318276701.689086,578144277.8680997
109563805.17368966,75854649.83234179,58542425.98400936,305522095.23303175,549482976.2230725
102635843.94656675,63887855.09650188,54274233.89622089,319428115.4809343,540226048.4202238
84689171.82596527,74446560.2217795,66461311.64881514,309399465.0436613,534996508.7402212
80400380.20849198,69870986.05200434,72878224.62442754,324893168.78814656,548042759.6730704
85063998.11660203,78666026.82779092,79357116.0901381,265396410.77485165,508483551.8093827
101108073.91560397,74213093.56851295,66612925.18553156,338589703.8586704,580523796.5283189
107463148.61267798,91239635.50028591,80423755.13554384,326825505.9655637,605952045.2140715
84034827.52850732,64471286.25128733,63526782.69684959,272870658.4188057,484903554.89545
103098530.9038317,80001057.43486395,72025492.540991,297977946.3249147,553103027.2046013
71173577.25864102,78234472.93524028,73791372.09709963,354028014.13784766,577227436.4288286
106709576.44667518,100676821.9915023,83582451.32542884,352216777.2321433,643185626.9957496
79745247.96652825,65939067.370971665,72592390.260333,353181975.15563637,571458680.7534692
93004142.13921092,76939684.57571542,61723101.67145501,243776370.98536155,475443299.37174296
61912245.625260726,67212083.58270124,67380262.64934789,280893688.93951815,477398280.79682803
83968792.23266047,88240690.45117913,86878912.01703222,378850452.89205647,637938847.5929283
95201926.83964828,85579866.08677478,81899452.89660467,296772455.5909706,559453701.4139984
76000833.54509997,83613157.67788257,64144739.24693936,320459843.5466711,544218574.016593
70612491.7782077,78337273.93907884,72936228.85807218,366904545.9974443,588790540.572803
91736593.21755481,74687011.1907787,61434655.66798783,296307189.25257325,524165449.3288946
101247593.9069548,70963440.92716195,70781083.37875848,272857531.1310369,515849649.3439121
74531832.55300328,78032761.12000549,52020260.355539374,273852147.62499636,478437001.65354455
99332845.89812681,89072866.58606993,70380162.62684321,340138070.39537764,598923945.5064175
79953510.59232937,84788870.53438723,60761361.1882566,360920561.73867387,586424304.053647
80642640.59504294,59474354.47645189,62724681.095136166,282152041.1075871,484993717.2742181
91844861.91722253,86651352.35534173,72348095.67390391,308096678.8524938,558940988.798962
84640641.62521458,69644527.52992342,72153582.7519298,268637154.9731876,495075906.88025546
101008972.46833897,84603874.32182513,61159181.8845537,313984666.1868504,560756694.8615682
75936855.71599254,65866633.84963833,65798974.72458868,269296143.7418278,476898608.03204733
89533973.95222902,94824405.20360054,72061629.29268411,331976068.93144447,588396077.3799582
57856740.69103547,89426857.22386667,65330478.25985701,333725230.8018786,546339306.9766377
87038631.36329159,84044933.281217,65304355.51501037,271751894.76238424,508139814.9219032
65207064.563046664,68808023.30158673,54385427.32829297,276469114.10085267,464869629.293779
80057457.98660666,88293509.65789896,83367491.12412281,301269712.0025188,552988170.7711473
68339268.86361447,78827944.78410743,57190729.61642556,328127304.78305995,532485248.0472074
76809591.52296521,67849094.13885376,63537955.75509604,282158536.3304378,490355177.74735284
100929888.50154683,76292320.72498173,61673672.84743378,259232636.834384,498128518.9083463
92122229.40303491,87839688.43062213,74052052.72570392,358354162.61426646,612368133.1736274
77020316.2293221,85790116.34810862,59093655.52336826,246888146.46468708,468792234.5654861
77999195.23985815,72960379.1859795,69127279.5809022,425622268.69796383,645709122.7047037
81150755.76820485,65091698.14022754,59938042.851827994,269081677.3576225,475262174.1178829
106994811.24830382,70019498.87936373,74344578.18154687,302003263.2133908,553362151.5226052
85614880.01736103,75843599.39539237,75484211.50318205,313118441.7634036,550061132.679339
80019369.79990172,81543628.48395737,74344401.23405683,351862259.70757145,587769659.2254874
75004337.00605065,81177895.517219,75077109.14219816,282401505.8134413,513660847.4789091
60865479.99564563,68184167.55261123,73466778.32832809,277224421.9760732,479740847.85265815
70485075.90335472,85564773.32195592,66945002.297747515,284832160.78608096,507827012.30913913
95491904.28248593,86926558.49935074,64013949.020271994,334920665.49370027,581353077.2958089
78793930.6744063,89333766.26212193,75678614.50312777,348523706.1383702,592330017.5780263
79639620.91447006,61864266.28090596,69652519.76191846,354517054.44231,565673461.3996044
74874643.47549276,64559606.80245394,64311031.20038525,229067560.3188391,432812841.79717106
85862983.40592723,76055846.69642267,63818124.299863845,327419190.6854665,553156145.0876802
80062923.43385205,75863336.11272515,66599251.38470217,360069927.0038658,582595437.9351451
96429727.08888803,70927054.29386675,60779159.00107581,265039534.1385194,493175474.52235
96356173.83112991,86733132.45716211,76714723.5883166,297383931.343305,557187961.2199136
81261268.97639301,69050345.43902244,65876537.76141922,333321109.9168544,549509262.0936891
108169573.003133,78653023.14457381,72283003.43100707,343236092.16446227,602341691.7431762
69917647.76714846,67011178.384876184,55131617.210227795,358376539.4738886,550436982.836141
98609361.56674878,90750538.90543216,67447501.25809501,337562084.41353,594369486.143806
72365621.06611441,68175938.08311862,57409343.89212741,209572460.50180417,407523363.5431646
74538403.65834856,70537716.56768379,59878799.12774944,308271814.2915081,513226733.6452899
104605382.90320714,86919454.15198314,56447824.661148384,324905379.2997482,572878041.0160868
90478874.22999567,92098364.75458322,63635146.728733525,277419156.28391176,523631541.9972242
65649851.45480507,81362224.81936705,62884397.96211675,246455605.3788301,456352079.615119
123707684.47144012,87823083.90904744,61476022.630378604,331762060.80548453,604768851.8163507
107565843.58820222,83258554.4270807,73566353.09805366,301667576.4642497,566058327.5775863
95073992.15711974,66262280.51322189,65962843.18070341,275659437.650709,502958553.501754
74811926.63028187,86305111.10683821,88050708.70993172,300855345.6906644,550023092.1377163
65050167.994879976,90254165.63913874,85131179.39050697,297377145.0830102,537812658.1075358
96853923.12519236,77144737.42342378,62139678.84983137,358837160.96570724,594975500.3641548
81474915.7978611,67297975.70651008,56005703.83033907,320332583.71848303,525111179.0531933
69388478.63152221,78440705.45539041,61914873.4042284,302611386.9513677,512355444.4425087
117572727.6504391,78991248.70995557,78791504.19862226,394975719.9187711,670331200.477788
86206554.52207947,79554117.43981765,72148698.72041003,368489358.0588007,606398728.741108
101712523.38645133,70607092.46981564,71759759.1249373,309109090.2228592,553188465.2040634
67301377.70384562,68253465.70140778,56024000.444998585,287126127.0688606,478704970.91911256
80776119.01287131,76823281.23062763,70644266.00101073,308940081.2583816,537183747.5028913
101509940.69248655,82422061.52560322,68784204.49897642,309744194.3814866,562460401.0985527
78616968.06659134,59645987.079357505,56310255.77587773,251635785.86899382,446208996.79082036
80418007.3463586,70585332.22488858,65292419.60721106,343028109.3565661,559323868.5350243
107942824.95174934,65257534.704054154,53540123.353848524,337967779.16382754,564708262.1734796
98473993.17899835,84641392.55997169,80759429.13316776,359919087.93501,623793902.8071477
88002275.33384529,76110456.78060687,71579825.32527931,286108622.2290748,521801179.66880625
97406808.56169716,71459513.68469547,60683005.57649339,326781361.91771305,556330689.740599
61079829.587259084,71769512.43748774,52751421.27716453,279536599.0248791,465137362.32679045
63639785.38303708,64163106.0870413,58752579.69438543,303441204.2906672,489996675.455131
103586868.06973234,79797155.57433443,72338773.60378206,347930264.2301267,603653061.4779755
88420133.82298775,84106408.2650057,76589421.9402786,315019647.0795955,564135611.1078675
74001007.86893228,73175010.33036472,68973289.99022108,309859414.4858932,526008722.6754113
72701949.97912417,64300383.98656743,48573294.58922249,270234283.2539712,455809911.80888534
82813648.25885867,73675431.71904884,67880829.80275838,343507639.2909437,567877549.0716095
89919526.26849756,77981335.1550947,68059207.41748428,294127155.4179726,530087224.2590492
65807983.30037371,74796423.65052153,58220070.93207077,291325246.35153687,490149724.2345029
95505317.7684116,68087509.76895799,63177573.02374715,311532569.309789,538302969.8709058
86385048.44317971,78184340.4172521,67997986.79729348,304576907.71723104,537144283.3749564
75665066.8894928,86765012.80591838,75270978.59103946,239413523.07531822,477114581.36176884
90398230.12415855,79294953.29630385,47996021.21587173,266271587.74033302,483960792.37666714
97702098.38767625,71000108.1716135,76937364.85819758,353443990.65586543,599083562.0733528
122642309.13665128,79281050.94888309,67538369.56618021,345916438.4002334,615378168.051948
91146923.19040376,75047559.82729144,66401416.63280273,287326239.9084747,519922139.5589726
78234948.3542612,73135495.86982085,65125103.81707814,339998918.17507064,556494466.2162309
74303921.26233141,73097925.03055964,59980251.54051388,221452816.46308622,428834914.29649115
83597643.61966696,92463767.75524479,59603247.794884644,320165262.86987096,555829922.0396674
111126325.3919392,69363294.70171236,60868205.88040017,325438144.79702437,566795970.7710761
82989826.71364401,73578360.30327365,70207254.51065955,294777315.6208509,521552757.1484281
89430827.31455201,72805875.62548317,72653498.18486774,310943634.2453919,545833835.3702948
99116297.5422638,68339177.33657305,60422869.97171174,221488994.79662767,449367339.64717627
92836439.15642197,72490110.19610775,66167453.90475304,262019470.11924416,493513473.3765269
87366415.83297475,79964847.2689,80379625.3733928,298338754.6962923,546049643.1715598
94463718.52998699,71776023.32191472,61232399.90981372,259771122.36810747,487243264.12982285
77146482.20965698,78216359.7367294,79689668.01340768,298707548.7211739,533760058.6809679
88213829.92676987,75801751.35203658,71523600.22577246,267320775.01103303,502859956.5156119
88064475.7489232,70488994.5514131,58923507.74371145,272005266.9648411,489482245.00888884
99437863.57091524,82223982.83308335,70522806.98397166,294283665.35385805,546468318.7418283
88167522.40499781,70577651.84738609,58841664.11672342,285894256.95217454,503481095.32128185
68973862.88469978,69741686.02170496,58443140.73467468,295700626.71215016,492859316.3532296
82807243.96606204,71940935.42833653,68688464.23683672,311517321.5982255,534953965.2294608
70573505.6204108,71355476.0975494,77304747.00256313,319029347.8986068,538263076.6191301
79868373.4441218,66858636.737849034,54773708.993217446,347917453.4817217,549418172.65691
80207692.6798299,66596135.08112301,61051145.01692143,288683087.37493324,496538060.1528076
93668342.87182273,72078798.39944291,56014551.04919422,252331834.73398468,474093527.05444455
85174739.91002713,61332756.37308755,64559670.668852106,262205008.43021402,473272175.3821808
93702288.33351384,75181868.09406045,60236519.84690589,320145381.80844325,549266058.0829234
74042968.25215231,80421983.75354147,60755891.7416455,299888503.8213673,515109347.56870663
91041226.94794038,75621963.45910902,72277100.52248017,267563977.8371894,506504268.766719
82049843.82653244,58952476.718880855,54041984.41721007,278014998.7209327,473059303.6835561
89535651.05561176,63353220.32603756,57136592.9965785,266601453.07290488,476626917.4511327
88179206.23612571,88543910.22917841,90898042.97613798,277646603.74279886,545267763.184241
84089696.86060154,75634965.42919439,70852891.46459988,313327445.08663964,543904998.8410355
89174398.11964332,65631841.72921096,74675427.55659962,334929631.10527825,564411298.5107322
88170653.61293516,100524780.8076866,76247542.2858834,334488810.332935,599431787.0394402
113848178.03153384,94454925.14102335,82903070.72870803,285255759.0644219,576461932.965687
162532145.77663162,80788309.4684587,70014669.81176075,334137720.5137515,647472845.5706025
78096881.0406706,76813547.58119355,78060117.89664952,318037813.1447939,551008359.6633077
69407485.16241628,66165812.70427255,68712203.42991316,306870952.22080123,511156453.51740324
107633718.19938906,76080088.89986028,73508075.5078627,337150880.49401325,594372763.1011252
71720457.38618053,60958968.51269812,47775754.12104558,283463812.84960824,463918992.86953247
98734026.87645723,66160504.97381458,57677903.52456623,291886750.5739785,514459185.94881654
80805873.56530961,60969314.655227095,55116630.7899144,251244622.81445774,448136441.82490885
78220329.74762431,74993017.3348195,60064162.38749584,286841350.7166111,500118860.18655074
100668207.29532872,73030534.17139147,56794386.19711902,321441862.840324,551934990.5041633
97952344.75441323,72806132.28766085,69736152.52358311,286106681.26100355,526601310.82666075
74246626.02876732,62058960.10909985,66505396.58622224,287197043.85901743,490008026.5831068
97131136.48492353,78123294.76104458,64849702.182251774,297580575.8850414,537684709.3132613
84272245.5111838,91297142.88432783,77639155.03041525,324801752.06650835,578010295.4924352
81365514.05601226,77904494.33919762,66572651.89993642,398453363.34767205,624296023.6428183
105183393.11927302,83396188.19856155,66153529.82421376,325146477.47497356,579879588.6170218
89807317.77469939,69077713.65416798,71570509.52804849,295607648.78247124,526063189.7393871
74214477.68750441,75236809.43856722,59536868.99022104,286922117.48209834,495910273.598391
97711566.83556262,77017489.3397381,63524644.7416701,333132335.4619996,571386036.3789704
114747974.16497172,78621623.81900184,56991807.05034863,300722545.1920967,551083950.226419
78396092.73445402,77937173.27878438,59696267.517085806,228694620.91346982,444724154.443794
101452529.2436874,86855918.84272291,94457405.6949767,297128887.79980886,579894741.5811958
97967288.01133746,95143558.75537834,76619005.67652309,279119500.25221103,548849352.6954498
71959353.26377398,61187680.529794596,48400659.280096926,260304672.52217776,441852365.59584326
79032802.91925076,67860638.80856198,66827575.16441869,346770493.91292554,560491510.805157
77705821.56865181,62929840.38650078,71322214.91855668,311452474.37522733,523410351.2489366
97931458.14636004,85623286.16167843,75821621.82000965,339809496.4821526,599185862.6102006
73298822.70755874,73650748.33835667,59827447.86525035,320456186.5446251,527233205.4557909
91879057.67391999,71447802.28597994,61606279.82825658,403665714.0351939,628598853.8233504
100272552.81007728,86926555.24497955,79053956.8067046,387535366.99825597,653788431.8600173
66860467.12962605,87550441.5599263,69966140.45441946,341233422.204265,565610471.3482368
92190267.0996327,84067600.74894553,83405514.90995276,316278678.906709,575942061.66524
97649141.23787658,94774575.17258702,73250768.01759334,267596723.5191961,533271207.94725305
90038942.7421783,73536358.93448828,72129019.29958443,317079441.4586748,552783762.4349258
99513987.35728508,73464914.94596168,68092199.67971376,304269457.12379616,545340559.1067567
73779167.19860087,71304752.0795691,64904572.166142456,296959831.12929416,506948322.5736066
86394764.995358,67401253.95338926,59715356.087075695,316392300.662989,529903675.698812
93416900.36295837,75348543.01420733,65551067.128757544,298452202.6179906,532768713.1239139
101274561.96985547,66126526.684588,46693421.93027594,284900820.4771625,498995331.0618819
82472629.19918476,79907978.65245678,61796021.97825311,289956111.34928936,514132741.179184
84666776.16290306,84154523.99159491,72472698.55967048,302820092.946933,544114091.6611015
113954436.93289107,81465335.63796487,67604884.75252034,330089710.3801052,593114367.7034814
88665974.51007296,68753999.57707806,61527750.34937744,283421194.3924007,502368918.8289291
85096436.39545709,64655902.43584011,62225163.82634282,319446879.6349151,531424382.2925551
101309322.168793,78111971.77038483,63964761.15831491,301319181.82168114,544705236.9191738
88034345.7526843,89712292.57530324,80512662.2131763,294307040.5098978,552566341.0510616
62274321.03009755,76964194.21506351,64897853.00749392,390652517.4123217,594788885.6649766
65768176.12876128,73608041.62260972,72083208.2836117,253551798.644651,465011224.6796337
91240604.7322418,70959079.93592845,62478762.81261183,357530045.7461157,582208493.2268977
86862181.80962922,76734402.22228749,61670605.628229715,295303364.7697708,520570554.4299172
75227252.41669525,67874193.53228371,71781017.87161681,375784062.87164843,590666526.6922442
81793009.90605834,64484011.594178654,70413620.37106921,295684484.0052469,512375125.87655306
107743251.52414015,72672956.97671671,60558211.53327763,284615175.0858916,525589595.1200261
94808014.73128551,88382762.61866452,83962815.3782865,301671359.5026344,568824952.230871
89215473.59389839,70599466.81592663,63594521.682937436,302662900.8164996,526072362.90926206
71649191.37371191,72750168.25873649,58626319.33868363,252304821.19338244,455330500.1645145
69997555.01137109,62816663.124007896,54881805.91748166,340726292.3124441,528422316.3653047
83945656.69987914,80222108.41078806,57783900.81803271,266211727.55160928,488163393.4803092
88651268.84103356,79522223.4998842,65664164.53766944,310709744.75596625,544547401.6345534
100098190.4835087,87979985.31173472,87900095.67308868,370267731.56437266,646246003.0327048
119690443.39717214,73457544.36792581,80741299.00899538,324188951.0650431,598078237.8391364
95243503.68139617,68810129.34312111,57567789.17610068,234163853.856142,455785276.05675995
96871616.08243471,92006058.30519263,89045411.33874173,368610527.0914684,646533612.8178375
78902205.85810277,79334605.43558069,61056215.48979681,276960892.78031105,496253919.56379133
94508431.28719164,81015562.02229445,68927595.34846458,338017152.1763921,582468740.8343427
87854177.13301313,80417190.51333675,53766426.99361605,307386741.4663308,529424536.1062968
108909362.72924036,85102018.83295608,68705370.97994234,323795062.6318109,586511815.1739497
82860230.79453747,84937577.34419751,71429575.17978649,324178057.7690745,563405441.0875959
85610694.52152549,80548889.96737869,62260608.60326088,259008524.30941036,487428717.40157545
65448203.930474445,83624597.74756587,65205077.70378472,254694702.13609236,468972581.5179174
90271991.54088445,65740282.717173345,50996424.19460441,259568867.26483768,466577565.7174999
77733705.32225509,80335183.4228932,63883262.74835236,298826739.5937305,520778891.08723116
60202789.29852679,72445903.93425421,76014167.86036584,312494552.44729483,521157413.5404417
83444039.02674554,88991935.0469843,70895666.78082918,320037798.1221127,563369438.9766717
72973138.73391335,57264142.84384705,63646821.91958332,312233911.3273737,506118014.8247174
133550907.14942162,77399008.51829171,82507750.91624087,379716860.5985063,673174527.1824605
117911271.17798476,101365483.9291004,71103723.5087346,378406456.0161701,668786934.6319898
90544984.9252332,75587506.4479314,70211930.76578149,312952308.4130628,549296730.5520089
84757981.18644977,88761350.45468858,81849215.05966616,342048542.1128678,597417088.8136723
106998116.16835144,94648689.74960904,62477147.16859885,313358979.2270459,577482932.3136052
84476942.03488392,75001359.35504301,74039824.513312,346225167.4333042,579743293.3365431
106325907.65991896,74011957.46924357,67983837.47700892,270926297.3385166,519247999.9446881
84903309.81897321,66364386.37168216,58033739.709072284,274202658.7824492,483504094.6821768
86221431.87648128,71665290.54399818,66575445.02522727,244967893.4612306,469430060.90693736
96629540.91104981,79481300.13171077,62165434.89124236,305715048.59456015,543991324.528563
92736846.46170904,78663666.94198044,76409659.98811458,377260253.75200766,625070427.1438117
75947184.13895927,82264613.91579008,59734309.67840904,238908197.8673436,456854305.600502
79169963.6300491,89318453.56275941,73541834.4167381,272356796.59620017,514387048.20574677
69950887.51035982,79430638.66082186,68803035.95503819,400032398.8450525,618216960.9712723
102123560.59335136,70831945.28259961,54777960.30416537,238681978.66753507,466415444.8476514
86992193.8444502,91927101.95809644,63270642.28795807,271240407.600855,513430345.6913597
82550701.84643553,65285734.10729943,70324745.73835967,327780848.070843,545942029.7629375
91880171.58166628,81134200.67425631,69877782.37919115,259902439.1078898,502794593.7430035
88390390.44502844,71022357.40123959,63728182.508284666,310849347.29231346,533990277.64686614
96279553.3574678,71074103.51492734,69942845.04851826,302902766.27191824,540199268.1928316
111957609.91906786,83918405.18574859,82074027.30457202,296269375.9168029,574219418.3261913
91197828.6709991,75564810.78617387,65963010.27894132,327121267.38696694,559846917.1230812
83187022.1220542,82908424.11894216,82193034.33459812,361869124.3500118,610157604.9256063
110083768.53306182,81434358.06440042,76808065.85705985,292683542.2821887,561009734.7367108
81535863.31757258,77230264.5513221,81750020.17068493,370636511.58850396,611152659.6280836
77065277.20131817,72822208.82612385,70810212.39012897,335085219.00909084,555782917.4266618
78085128.97441491,75761583.92700611,54420108.16305706,295735704.8977504,504002525.9622284
94487929.40397644,77174311.52297287,60912451.90284509,289528893.1218586,522103585.951653
80517245.88206641,76107652.48906395,63423399.17310278,281742166.9874202,501790464.53165334
99920910.27034234,93992474.75018483,79830541.87802948,340588645.5140915,614332572.4126482
83814942.23106992,67448955.4444881,70373682.75644046,293437136.710345,515074717.14234346
101942009.14389686,79897533.16247849,54710078.80497223,276449830.0440878,512999451.15543544
67580386.89789206,89002211.57099575,77699686.3058598,289578616.342388,523860901.1171356
79462262.55453596,69574870.66474685,80164530.54351965,304480536.5250266,533682200.28782904
65641760.40439311,76224862.7699133,56060704.27492408,326953611.2988028,524880938.7480333
63671905.01796048,67260796.74312231,64729386.02001259,322545769.0130678,518207856.79416317
69762146.12204109,67362661.81043532,53521272.38968056,315086620.84356874,505732701.1657257
112101629.69235857,83561101.4019666,72194448.60984704,292407635.5207378,560264815.22491
79903512.30050482,78833698.81086166,75264953.46253383,354789329.092057,588791493.6659573
91768937.7059749,78199398.33666226,55961068.67068645,281665492.31055003,507594897.0238737
90625912.09545697,75928239.53937554,71784139.93434349,369174622.12440926,607512913.6935853
81105571.35943481,81715535.13381739,68550261.04113713,299419439.96929,530790807.5036794
73228655.71687305,79172841.46372567,63102352.447802715,314850319.47058797,530354169.0989894
131742264.11428438,87645428.1330025,73117433.40244684,360210011.5990875,652715137.2488213
95391334.5857525,85071671.66338266,75296872.18009613,355186975.87868977,610946854.307921
88039295.47771612,78741378.91860867,80701473.02884059,355917175.1785747,603399322.60374
90857612.56650753,68666151.8997037,66783756.28346755,301698792.4325734,528006313.18225217
82727735.86036316,66354089.69852841,65665837.74465652,299243518.90510565,513991182.20865375
106067988.45639285,75084023.83065303,75991084.78450046,335675220.80240566,592818317.873952
80463163.0512348,89868507.695035,66404094.57890457,308619870.6081349,545355635.9333093
83778528.42578505,67008592.79147439,58003996.31950048,237924285.1066936,446715402.6434535
71385078.35575369,87501423.74802768,65849590.73026357,320611747.6786652,545347840.5127101
87241537.60623245,63834644.35504324,52074931.93830641,317294447.73563457,520445561.6352167
127864312.3525434,78015701.60002853,60542037.46260795,334789970.6032545,601212022.0184344
72044984.0366958,70773849.5839311,51248893.819566555,222883371.45812976,416951098.8983232
81105886.01251337,79946987.5792995,62606014.14490429,254460923.1861926,478119810.92290974
78896684.39363208,67752418.53630558,66641319.92148696,298839983.46938324,512130406.3208079
79187429.60297987,75470961.10822049,68125540.38295509,312207226.97072566,534991158.0648811
97332147.15979075,72811689.61363915,62913484.158739455,321322358.360844,554379679.2930133
80290978.88491821,71943866.08485122,63815016.8117383,251300409.2529345,467350271.0344422
101104395.84878802,76194694.05180988,64723574.93897771,275676748.0976717,517699412.9372473
123188059.5304755,96039296.67421442,74219421.13395236,285027068.99280983,578473846.3314521
90603483.24805205,69895158.41608228,63961521.71590467,298057352.7721901,522517516.1522291
77895305.30229433,78410364.8313691,47675748.331264414,272266227.2888102,476247645.75373805
70009150.88148817,80976963.79688773,65113118.73171576,317228193.0603148,533327426.4704064
106475764.54390636,98314123.03570639,76416064.91736305,330635270.9337962,611841223.4307721
83248206.28409992,72273674.18572748,61519453.71094556,297735964.46059215,514777298.6413651
94340740.23525019,87906916.66341855,89916561.48302603,299072209.73981905,571236428.1215138
69411872.95077534,63078721.331466034,50756919.30579069,224741552.28120732,407989065.8692394
76862507.19451942,74828229.21588321,54279167.32215228,252218124.52469972,458188028.2572546
98172765.26706794,83235580.07488108,77881911.63855249,385511644.92875445,644801901.909256
100019062.13806427,91433659.07584643,65285582.84301629,267193477.94827342,523931782.0052004
84934184.50557096,86105632.21795125,69899221.16833971,348210220.9151217,589149258.8069836
89438602.26069131,75650359.77220632,74850798.13565433,353076482.11161256,593016242.2801645
88500828.66963026,76310851.28049478,75609195.2375986,337421130.18482035,577842005.372544
78096662.33939503,71628902.32426456,63507744.33830031,273017393.1779167,486250702.17987657
66088360.18645956,69158262.21799654,65142087.22832664,268963445.7614192,469352155.39420193
85613840.99400176,66095645.448183216,62832308.16126222,283258544.0937288,497800338.697176
84475912.88248669,73909889.5685853,70498439.93648216,311450283.14155465,540334525.5291088
107050352.55514039,79109912.81399122,70785772.789052,320351765.5079301,577297803.6661137
79444702.89322165,75658788.3164616,68275399.79971707,298638165.6700716,522017056.6794719
83512003.13985226,85316339.27859843,61252449.12350185,278664701.9365889,508745493.47854143
73076173.2304845,74436829.36889067,68320826.47215162,282875920.92574555,498709749.9972724
126818395.05853112,81980877.46539162,68226566.16319916,345219161.2380869,622244999.9252088
81830203.04558413,81043184.05984725,82804325.24239235,322437323.1652185,568115035.5130422
88777375.31392059,76863545.08178529,58710886.624704525,289878087.9970359,514229895.01744634
102896833.68232058,84008426.19345641,69601881.03974895,305300838.9349236,561807979.8504496
85611527.15262918,74137800.64925276,61528947.12245191,306788193.3492749,528066468.2736087
80800359.60062209,101571792.91876449,89946697.7755744,366651773.7154238,638970624.0103848
116805027.57735798,77643173.34460115,67942750.10938233,310647236.4608667,573038187.4922081
83165644.54319915,74217281.1972249,62758014.011154406,317110316.3549181,537251256.1064966
95581710.14557405,77437296.34084621,62377644.80290027,300871053.4890496,536267704.77837014
102285423.0623346,67905709.52857566,56928657.31223007,294865026.72983533,521984816.6329757
94448366.1258411,94316395.28790818,59074832.38095844,284748260.5376794,532587854.3323871
95014303.76913594,70967481.86370881,69625272.01092401,237444820.30850068,473051877.95226943
79184682.6604065,73884164.46648882,73846271.02699132,274746944.45031166,501662062.6041983
98313413.69354497,72738306.89449951,62458041.28813411,351259850.88949317,584769612.7656717
77082372.64865921,70116171.73823836,59787894.952828385,297126804.908991,504113244.24871695
85745629.59013224,64404500.23847074,62355641.11502939,280636631.7112834,493142402.65491575
69640481.04244773,95916873.5133994,69755583.24696177,337195562.2590456,572508500.0618545
87366948.63521576,72192491.8364779,76284138.74421197,401966907.2607628,637810486.4766685
90210773.05331354,69993690.01576026,60845359.88427094,280738049.7931663,501787872.746511
89670076.58058138,71256761.2780466,62987088.79077571,345984621.8964538,569898548.5458574
99647306.67712069,68903851.39540662,75001166.0806028,329214061.8664731,572766386.0196031
67235757.16307476,72914165.32187484,65217176.87477878,262135338.15761292,467502437.51734126
74013117.72815537,76131127.78834009,74327022.13681884,283595221.41948014,508066489.07279444
91205003.29973972,78926955.8089123,68001020.36973223,280556435.0934673,518689414.57185155
73738621.0529164,85918940.8983278,73629154.87864727,277967814.64934,511254531.4792314
92741323.57569776,69348412.22687097,58447125.413082816,280729922.27274865,501266783.4884002
75038973.85218203,66690666.662698045,53880870.13300563,268716891.9748503,464327402.622736
77569618.97818154,74554815.71267575,74845917.2742457,316963468.44829124,543933820.4133942
107120108.02209723,77505974.86228032,73900611.73260373,305471557.25272775,563998251.869709
79279952.74065319,66793033.47866645,61885594.91286329,282160910.8309275,490119491.96311045
93523762.1970437,79179717.3765337,55661195.74938029,305096597.1896497,533461272.5126074
76805539.88816658,81158104.22465082,75829713.65929633,279094086.2583621,512887444.03047585
79345622.64893234,81778074.42965385,70312805.85355593,303626114.29477596,535062617.2269181
83832559.80726619,63380917.5460751,52113548.963754855,267799385.2585206,467126411.5756167
70433182.14929794,77107951.37684695,76532949.0716942,259958744.41849324,484032827.0163323
95792706.74573606,90409375.10576719,85731590.41911934,350049601.9333968,621983274.2040194
99093118.33154021,84553265.89993481,64408758.07831386,298347993.27985644,546403135.5896454
88130688.61858204,77251911.75834024,69300488.94205266,305935978.324174,540619067.6431489
70104396.8200871,67168934.11508928,72387060.20280264,292580873.75389475,502241264.8918738
97087194.8979173,85446742.05105297,71444783.5937465,252614784.67788884,506593505.2206056
86051166.70790039,69215844.12360735,50540120.59370831,272331492.91695803,478138624.34217405
83872800.90230832,75801491.3611097,57816683.785154186,309974586.79094744,527465562.8395196
67730251.1837405,61911767.13802632,64278169.88107122,311492918.678546,505413106.881384
75123242.48769246,63385183.93389531,48218822.06813187,295922770.08690417,482650018.5766238
63179046.949895784,58151832.64689245,58300382.695496865,357253123.9095529,536884386.201838
86965756.3067044,71065794.62184086,60949348.02637602,353911325.5159979,572892224.4709191
115442030.33623691,72035888.2175456,69157326.15924266,299901251.6906116,556536496.4036368
85728128.56550877,64987311.48515489,63197156.43918302,300790501.29303056,514703097.7828772
76454978.32855591,72110049.29351367,54843782.79571925,219123414.623404,422532225.0411929
77984970.77603239,74044970.27135281,63142439.97559917,373679329.712876,588851710.7358603
90651155.18102524,78299999.83592278,62608429.77829917,228303684.97077817,459863269.76602536
82323751.71993306,85447996.66016908,76297374.46603991,325974864.2294822,570043987.0756242
96247817.38989595,70565734.43618506,57813019.36331991,289449486.27632624,514076057.46572715
84610164.32721497,88675017.47942397,87556404.52920459,403184133.9395495,664025720.275393
97875390.16953626,71268039.75009447,53408940.70356266,223946089.32661885,446498459.94981223
94341500.89695844,69621515.21888958,68087962.04485144,328077136.8700954,560128115.0307949
78656180.89993621,67376911.3429365,71962218.21555334,308038174.33242285,526033484.7908489
81225320.54201429,62920612.74219126,72050776.16210866,358612375.6540603,574809085.1003745
69812340.78982672,63339903.96516933,56784713.363141805,243990403.92801145,433927362.0461493
69958482.71946129,80681616.39358728,61767276.019283585,297842178.25207055,510249553.3844027
69546461.83930005,59563036.510453574,63423516.999262094,262034617.00510108,454567632.3541168
75328119.91286594,71765849.8115846,66624974.00333444,295156902.2485063,508875845.9762913
110391202.70164046,85621823.99869692,79555024.60112195,382821143.98173016,658389195.2831895
115111276.84220703,68213925.10141945,55469235.694570705,267017009.42028528,505811447.05848247
82625328.415863,63909005.422997355,56002195.753230736,305477399.51329035,508013929.1053814
112379912.29987805,91193196.91179255,71376325.69890305,280287447.6481512,555236882.5587249
92124695.58801942,78841816.91966742,66409329.675309375,292506168.14413095,529882010.32712716
78080437.87855007,77628902.28004754,67040608.61998239,313113700.65084696,535863649.4294269
73084329.71692404,73701551.31895132,60702771.33126666,268011657.2219177,475500309.5890597
91038283.77642228,63203826.267086215,57994613.61753399,296598000.1675123,508834723.82855475
89636264.18325767,74133494.67111875,66075973.65230602,250806623.81221178,480652356.31889427
82960589.70772743,79101977.72143044,80715750.6867918,390553980.91318053,633332299.0291302
97160544.212335,72220694.93564694,74865701.09330155,336579872.29707515,580826812.5383587
83949394.35506122,77893711.29082768,72147093.18691365,354726110.3120376,588716309.1448401
62624511.722064,66416817.385515094,65797660.19598792,312375253.351936,507214242.65550303
83487426.75227898,71585352.78227511,67393049.57672209,308020105.4626621,530485934.57393825
94968403.17055394,66061480.48471169,64856787.92558111,277282983.76503605,503169655.3458828
95211125.06830013,80044205.63087763,62471954.64292397,253447964.02090377,491175249.3630055
110357498.74517356,99730585.07477997,83019266.55304533,260486110.05914158,553593460.4321404
68585818.6952013,66367459.49840779,57748032.08959892,264095884.32078594,456797194.60399395
82696502.62057927,67049931.8907334,57889251.58980959,256770209.82677495,464405895.9278972
80574027.80618651,63824813.03336437,55112039.856795974,302578372.70853794,502089253.4048848
107984399.5658056,93244639.5631999,72961876.32942486,382421527.5620826,656612443.0205129
83700793.73736452,74735817.50147557,65669792.22169944,332585649.59074026,556692053.0512798
82384257.17704625,89780009.05065581,83252705.12729163,332690801.8787022,588107773.233696
87181050.72757424,71345882.54710333,65045172.46383631,300257270.61870617,523829376.35722005
110575657.61073054,96557931.54984772,78212548.67003591,294692452.24208504,580038590.0726992
95669336.96685413,72798476.38108198,72295200.22887148,322248792.22542673,563011805.8022343
84241689.11345758,77884865.28429192,64160111.8970434,282473590.55299574,508760256.84778863
66069879.14665503,62418592.29193718,56704494.45302473,275260317.82461995,460453283.7162369
91335351.77056375,74594516.89713483,64516626.723851226,249183628.41457313,479630123.8061229
81492235.0374199,83353042.24458079,78257496.45610648,363333795.2557159,606436568.993823
71400300.29965146,73411770.27692324,58310871.69231847,279608110.90479356,482731053.17368674
83026584.76383838,71198271.0235262,56378399.98058061,325853923.23824614,536457179.0061914
100984197.49845473,76404564.53828038,83985718.83141848,293731539.25585234,555106020.1240059
95259865.20213136,80196685.06017238,64503176.413825765,342888359.04682904,582848085.7229586
100783182.47700794,73151848.08516555,64768068.650987305,297653070.50500953,536356169.7181703
71557049.0804053,85779329.2761392,71873476.43260655,280110832.74380296,509320687.532954
64305405.10841725,57747944.654296696,48621304.697863095,247283526.54320827,417958181.0037853
89041066.02133761,70789531.86283319,79775141.12262693,323691964.39620775,563297703.4030055
104287101.00569637,71505255.81595188,66945018.507620916,343963192.0303372,586700567.3596064
70533237.40744242,62812190.12497833,55533983.17725533,254021069.42936188,442900480.13903797
83563803.28337666,58426958.28042131,59540548.37249398,356244033.3237565,557775343.2600485
86990239.31624444,80284119.65234038,83717797.63692585,372886626.1154607,623878782.7209713
102887517.29905121,79483580.10273302,72430265.92550328,300686091.86240697,555487455.1896945
78156460.34936818,79878335.35607451,61473329.364234686,213471136.08482143,432979261.1544988
87836899.07944845,70094873.98779075,51257228.76184213,324055338.21016496,533244340.0392463
88871833.8689375,86304844.34669931,68411413.07873413,277642546.3993488,521230637.69371974
83290166.42063385,73373804.39708349,72953554.66821449,332802300.9616744,562419826.4476062
82620483.36611976,68092927.05084345,59361152.51997885,324814959.6957962,534889522.63273823
97491430.85713126,70907614.12834123,59397511.73584964,281637226.4244828,509433783.145805
72284492.03581108,57983845.499463394,59106542.78686724,254019625.49105674,443394505.81319845
78969232.65512799,66234518.29971733,70757573.58506988,332443680.6536788,548405005.193594
86471821.41770674,68639728.83623563,52421125.690281466,307903422.28692,515436098.23114383
86397851.66544789,92280163.32839237,69658520.42441832,292609290.32509404,540945825.7433527
65695225.625864826,71854085.70261176,55961467.85036277,292953116.3494333,486463895.5282726
76267789.9085441,65909892.55987829,61534213.83911915,289389152.7959813,493101049.10352284
79952536.46046695,78162009.39500372,61854054.94054234,388870462.18338776,608839062.9794008
81095014.86383514,75833472.59311022,65849725.816187926,334220130.72775257,556998344.0008858
95931719.26999757,64468430.87006787,66326374.089066915,304044262.6360581,530770786.86519045
80631832.22990675,71638321.54725833,66602044.39130068,334508900.2838697,553381098.4523355
80592824.62770012,70368125.84341125,56487709.778078616,280093845.18010587,487542505.42929584
113090644.71462357,84333102.86444342,67346495.78101215,333461179.9319192,598231423.2919984
83194044.22081283,82565150.21376662,57451986.376810625,293932108.18311,517143288.99450004
86673335.11926553,76274491.91405864,59327744.37007816,281605550.3157065,503881121.7191088
77697917.95325112,70351499.34216101,74557418.10655227,258006214.39793035,480613049.79989475
113939135.54125118,82742100.3278014,61838769.893791504,323205903.5798503,581725909.3426944
86007193.0959822,75849643.75245838,70406347.5636965,342332156.5124544,574595340.9245915
83007114.97614743,72849758.10026848,76066806.4632405,316704399.4017662,548628078.9414226
86979396.96884423,74307951.70515724,55301834.1193486,352903965.38608557,569493148.1794356
106026990.83944812,83259413.91709414,61790144.97111633,320001136.4379359,571077686.1655945
116660328.5432298,92581781.46293549,78867232.0715258,328976415.0914966,617085757.1691877
103166966.23623261,95126968.87418668,76524304.37591937,322310883.0608448,597129122.5471834
80675618.38617244,84315950.72638153,75448980.8836318,308019955.9752898,548460505.9714756
92743270.9806253,74988717.60858306,56767433.59459298,386371602.1657775,610871024.3495789
82978493.19518362,65221215.48841178,64056924.58209167,334910339.68254983,547166972.948237
100710166.78794205,72868170.74539289,62311591.20652365,328379160.4631749,564269089.2030334
101708295.75632991,100295268.43216915,73425740.61062099,337353797.851223,612783102.6503431
94053514.75862035,103980161.01668832,61987450.04281926,399238739.6959897,659259865.5141177
78509084.53028086,78888589.6441001,62256194.489686035,301268788.39094824,520922657.0550152
95209251.41376404,67281994.89620347,66028368.13697197,263646677.70024335,492166292.1471828
86178970.55509992,76486303.39736713,64075963.669290245,296777799.53635067,523519037.158108
87278550.08655174,71230439.07848406,62973417.05456007,291219484.31458193,512701890.5341778
89936059.50567827,74991293.42165004,70963281.70865688,326300683.8725825,562191318.5085677
62024021.12557575,64546970.72586402,53987483.947807364,246696917.00914368,427255392.80839086
109219462.15694092,80621272.6399665,53989478.214824766,284144765.62212485,527974978.633857
102267635.49542424,93048463.53024296,81845873.34023115,272409898.47488916,549571870.8407875
87061303.59297214,56936394.94052583,58478127.73273713,377545855.4675358,580021681.7337708
99267695.66554272,93604220.72839597,70133228.3833897,270822311.07271427,533827455.85004264
84651187.66141854,78258383.0421144,70796933.45629685,276003741.799758,509710245.9595878
95246806.79083076,63580703.84758404,61235275.652530976,277502944.6139947,497565730.9049405
90862529.36068326,64840182.4319115,69388512.74720852,284050461.2861199,509141685.82592314
84154948.59867688,70473442.41207226,53709596.298666686,299147724.1414291,507485711.45084494
71506998.99795012,81738600.30628453,65615970.921862654,272427796.6847284,491289366.9108257
106483944.19522613,84843909.26036523,69724070.77350782,263724190.2222173,524776114.4513165
70800633.20333143,64849475.04500143,68642228.35628638,271506569.1664329,475798905.7710521
101407559.04462738,102888693.70970587,72413095.01542097,348587879.553547,625297227.3233013
114356853.60711609,74583832.38712859,77383019.53360625,337813249.175432,604136954.703283
69986262.25659496,75964665.5899744,50771988.38710344,251322681.9994883,448045598.2331611
70361114.94540617,58771805.3873837,57427183.12430136,295337635.18807197,481897738.6451632
96076068.4778294,65318765.25180127,67247090.32853192,305150277.2295754,533792201.28773797
114564888.96983291,82295342.84047033,63307194.194167726,292199678.7756168,552367104.7800878
100749395.54431947,78712827.86919843,66380751.838181436,262035622.804907,507878598.0566063
78199724.82716556,63900948.18051289,71298422.87503903,261915016.79299533,475314112.6757128
88611605.7379648,64505841.47659366,77842727.68030514,269877019.17757607,500837194.0724397
121422906.50251034,88605032.8078985,63240549.839476325,305128568.68119705,578397057.8310822
75271628.44199386,68468705.43455973,58276115.74732558,257109144.95190814,459125594.5757873
76353996.17877954,85175613.87485881,66518288.63065658,263776893.2352012,491824791.9194961
92287121.69085535,74539470.58895898,73443051.37687619,285581443.28144574,525851086.9381363
96475326.87941965,73438644.19863795,68870886.2001589,346786797.2776082,585571654.5558248
84066339.17241415,104591527.71879396,78115460.59193943,337704747.9324055,604478075.4155531
84092979.43700524,59871036.22832053,61974611.686423704,272892348.338358,478830975.69010746
76251202.91743986,81158390.95519675,73042226.7410757,300938198.539021,531390019.1527333
70667512.67441146,68719714.92088395,63882802.1687193,269186465.6242378,472456495.3882525
99437092.0245627,85400168.17517613,60479235.25285569,315607139.28801596,560923634.7406105
73896149.72117159,59822035.40454234,59502995.16639508,337706213.4981912,530927393.7903002
82476199.11152613,98493636.34618768,77700777.79434903,257588117.3256521,516258730.5777149
78199478.81699294,79504971.62548997,84636489.04335023,310116172.7431471,552457112.2289802
90871586.36027277,70930534.6653677,62625114.24929303,292175255.5848853,516602490.8598188
76310650.74001752,63902623.784452915,59262137.9346525,313963309.95359814,513438722.4127211
102343094.36299841,80968491.67374985,69908305.04508324,349057701.5857626,602277592.6675942
68890546.3995039,69019419.7248228,63081782.60373761,287962439.2989732,488954188.0270375
82887497.83154811,76751239.69174874,62826970.81409864,356822038.76395124,579287747.1013467
94602288.38333534,76537198.09743574,60646842.07838662,290403707.1905289,522190035.7496866
80754203.56510259,67354700.31408978,53783085.91146208,241882650.74205464,443774640.53270906
55132231.48577522,59067164.39287706,53449129.69954936,224724854.83873352,392373380.4169352
79820557.0749581,69776540.75723591,65418929.533815525,309654436.07612413,524670463.44213367
82516178.02282853,77767342.58034705,65313697.227781065,371169468.4456882,596766686.2766448
94740961.39889146,92477780.58484153,76151997.24222676,351060242.3471587,614430981.5731184
77803373.7791454,75101210.15672775,68588804.22464001,281109477.4261384,502602865.58665156
97802323.07861662,72229281.49099581,57860940.05469048,287913774.0078388,515806318.6321417
75754092.08157422,67476165.81506899,58691108.31647196,376314498.9988781,578235865.2119933
96150145.84573911,59292446.68829737,57889642.118202835,270515700.59376293,483847935.24600226
105065174.38357116,64640222.20718059,60000325.73891895,247545554.76131487,477251277.0909856
64088990.61650577,61906892.178600386,54687094.67522663,276843167.7694911,457526145.2398239
89641356.81554845,67953701.86329326,49463516.31351386,271890436.3807678,478949011.3731234
94603630.93777253,71755985.03702585,67089473.59645047,358043307.1711866,591492396.7424355
81746703.26066,84007760.85339966,67264112.15339002,304796173.9301069,537814750.1975565
102868773.80720784,71744122.96544845,66942658.45073543,324151004.80557567,565706560.0289674
84335868.45126015,62636054.04814744,45420492.2075842,267514729.82891884,459907144.5359106
84559477.82550155,80455246.01268044,79276698.35839723,314160501.9742352,558451924.1708144
84819181.62363717,66982444.46361108,55514421.18731673,304198714.2488552,511514761.52342016
74787358.66990289,65342323.98031211,57165060.5353115,295967029.2390164,493261772.4245429
78613996.85929172,83736740.07261412,56016734.518985786,264505460.3824212,482872931.8333128
102498436.41020122,80072966.267066,69845141.64927314,303255471.0106755,555672015.3372159
100294057.4564517,82203550.19867763,74184874.33208738,266302182.02860233,522984664.0158191
82809001.94537257,70627648.229039,68826726.74769628,358221592.16373426,580484969.0858421
70782022.0473268,60993946.218936995,61374958.93394071,326448323.11226004,519599250.31246454
103616464.05096065,76425539.65977105,72041031.76735492,315810202.22719723,567893237.7052839
107984511.23476355,93313236.48211432,79309754.43144843,410790630.3603737,691398132.5086999
88112739.63130905,86331109.98767243,65688487.41019161,325336858.5851053,565469195.6142783
62122702.472246744,65545691.10479392,61616217.42647178,262807694.04348692,452092305.04699934
91639954.30244683,79315603.06753623,71723331.67823413,281958773.6552197,524637662.70343685
90895722.8649371,73871347.42073455,74303656.98789531,388504303.25643426,627575030.5300012
64124586.73175502,59807887.086350515,58474082.7683181,275863518.21371025,458270074.8001339
115954856.17359662,76220366.85087104,72010366.58947757,288006192.4993078,552191782.113253
95546389.3537259,79594247.94663693,61921351.39693413,317963627.63800585,555025616.3353028
108713730.27471648,65076947.70886165,58229599.45374394,311475030.38740605,543495307.8247281
91075654.9243809,83237274.10327263,75759717.14504099,299241718.0057455,549314364.17844
89813250.53225577,90052075.66843739,58824080.20869753,352195419.10753965,590884825.5169303
91036230.72460516,80448914.624926,67896731.20753092,301388363.3993857,540770239.9564478
77241051.49272463,76460350.18806253,70161758.35670075,333189136.0358864,557052296.0733743
120422686.02862279,98698598.1456577,69772603.3685002,298423701.470665,587317589.0134456
90187858.05144326,85593958.14608684,84460836.55319896,298426893.6953736,558669546.4461026
85584737.7611368,73626420.96545987,67276156.10947432,314420746.84185654,540908061.6779275
96502817.79703437,83690080.2971167,86382582.87872711,280076702.0942564,546652183.0671346
99035407.325733,99638722.2614498,67558346.84599611,277771491.30339956,544003967.7365785
92195129.45302229,76312722.2260313,73145313.32256564,343389314.3449511,585042479.3465704
99285751.87945768,72315030.7229662,60482754.79727673,289133927.213462,521217464.61316264
76060567.46672714,68464524.7728522,54959208.79482226,240309873.73496976,439794174.7693714
60816816.416451946,77911123.7803925,66693153.79880867,331745668.53813446,537166762.5337876
84348753.33782583,78217214.1268976,58218291.94974728,216731977.88899204,437516237.30346274
85689399.37416412,85727594.1378919,76033539.33518551,355908092.2902735,603358625.1375151
78883195.341462,62995736.32825802,62481479.91278582,298206995.8013909,502567407.3838967
74083327.4036811,72632242.40290204,65338335.40650094,309314701.942929,521368607.15601313
68817757.34599666,83914344.9994388,80418348.90229882,308977703.9844373,542128155.2321715
85253758.52767399,79754661.88351437,84383154.28259629,367022704.7996243,616414279.4934089
67775188.15234706,65509234.779140145,61078083.367768206,280202736.1729189,474565242.4721743
66929138.231188625,76777154.81073575,61314620.81791751,257136817.2846532,462157731.14449507
80575560.78153786,68016516.54951407,72239468.93862265,242037287.17188692,462868833.4415615
81474036.39268446,74421185.90254188,61535518.13549053,330421583.0017336,547852323.4324505
114511365.65586537,73476219.70700315,74508955.49352504,280091045.21485245,542587586.071246
81273016.35012503,74771613.81744237,53046876.47106769,284300840.7716041,493392347.4102392
84423637.38141795,80147889.57530986,75680264.00695182,317720044.10963416,557971835.0733137
68228410.49095885,66791998.509784035,69722434.7466919,309061234.3441937,513804078.0916285
85362873.85208772,86256646.8564577,75353044.87177607,274419930.585574,521392496.16589546
85096641.6210862,71679394.87122625,71124790.32768056,378976803.1411761,606877629.9611691
82253581.57424498,85714969.48430642,68911490.53255461,323486277.8424949,560366319.4336009
98149535.65481703,78181714.99410798,71133152.55909744,330673226.62200177,578137629.8300242
117808316.40281563,70195389.08961567,69585047.87510091,381547800.6350601,639136554.0025923
82915534.89522856,85470941.37188727,70642972.16287316,302663636.744627,541693085.174616
108226666.35637933,91695638.7626601,65232454.72223081,364214628.09513706,629369387.9364073
88390571.79708594,75458317.81648159,71244897.62323284,271663494.54438186,506757281.7811822
128348627.77468392,74828263.48277026,69241453.11389437,265571342.3390397,537989686.7103883
92968492.15031993,78479803.89844315,62210103.54259535,347646376.3830627,581304775.9744211
98195139.58908382,88802099.85796666,67376539.09926495,355924847.0746596,610298625.620975
67375603.7583659,58500284.621929474,54185145.61837281,213323992.6784222,393385026.6770904
102207117.37291886,87616720.16720223,86578351.59473245,281449381.01586455,557851570.1507181
138415780.0838974,82419816.28221045,72159354.78516378,293658134.3489054,586653085.500177
84693147.2336506,73204437.28494248,67932891.79309319,287174246.50664973,513004722.818336
94549821.82996368,71256170.73864144,69825750.92492843,309458758.6791799,545090502.1727135
113715634.67742947,76440395.41463217,63213485.119408086,295599127.0818229,548968642.2932925
78298887.69109374,81254586.48472407,61606449.25226782,267355447.37295744,488515370.80104303
66565091.63760697,78055904.18402208,66082193.328195795,263267215.32618937,473970404.47601426
93203909.79380016,82440985.49988112,67072305.511455484,282681539.985773,525398740.79090977
77192833.66733932,82024171.5335428,67232874.67803344,345863159.2054749,572313039.0843905
81901873.46165337,87997873.45257686,80022676.43236212,292454648.546404,542377071.8929963
68034611.40938483,62568769.01843034,53962542.47595245,269821204.2185724,454387127.12233996
83142509.60569564,72859382.96817493,55154248.75029322,258583984.5134272,469740125.837591
100295040.93429556,66796107.37784501,67966084.75624278,355251853.51526237,590309086.5836457
112515396.59163518,92614796.86329086,76701740.8461334,271440269.8981801,553272204.1992395
73156141.59166631,94789002.87556168,79357655.13250357,329821578.09696215,577124377.6966937
66541844.407452635,65620839.24933854,48900630.37967033,307288092.9679823,488351407.00444376
103283206.05805491,74650070.27660756,61744892.98535554,285363100.7530609,525041270.0730789
86305353.27266225,79952457.80930023,66222446.98061672,286343708.7843019,518823966.84688103
90339091.66759323,86192063.29236263,77264043.82592753,293105806.32187307,546901005.1077565
78588767.61749245,57665180.92049744,62762093.02739158,286269293.3172061,485285334.88258755
93488560.44003744,71740719.3258275,75285439.03421354,283183939.89379185,523698658.6938703
91276831.2000265,79722588.5902253,65697951.699346565,289823988.05908877,526521359.5486871
80192747.35341854,66063134.449842334,54091452.03733452,353839174.31486475,554186508.1554601
94967829.39646217,70158331.00229193,55855690.32540867,291572288.062353,512554138.78651583
74246317.49126305,76083813.78907098,59886394.954366855,273766509.8464269,483983036.08112776
123078302.4865594,79392941.77449742,54728619.76434514,273338849.2493343,530538713.2747363
118202263.46462649,67389623.83076876,56484803.1444183,266860804.8250123,508937495.2648258
84203230.92653671,72008770.36564654,67852018.72755478,241744424.8913892,465808444.9111272
87398938.33278315,77290113.57749,60222319.1154031,325594112.7145947,550505483.740271
77046946.95914207,59547388.92607855,68886438.67714052,302189816.2406784,507670590.80303955
94185949.92285012,92444731.77008215,66121657.4959135,329978437.20897925,582730776.397825
80609031.7534792,74884038.41465543,62267312.528280005,326577088.2915197,544337470.9879344
93013427.76109132,59353458.46043929,50407063.06331789,339938315.2025176,542712264.4873662
71558785.14488485,71169817.35496673,69301482.99780898,265266778.71729803,477296864.2149586
64287912.24317161,67908458.81302312,67046860.10604196,288444975.7498104,487688206.9120471
79535183.51682107,66249793.7087584,70789503.49871865,322274483.85217625,538848964.5764744
56974172.9298417,68578483.25565557,69770525.36236285,379476469.18429714,574799650.7321572
75339281.78434308,73105791.48768772,68541839.71186902,267368772.73848554,484355685.7223854
115504477.79119155,95410585.7076599,75574179.84124321,383460799.2473063,669950042.5874009
79999498.43021338,63731421.65785903,68078075.01519145,293532368.73951036,505341363.8427742
81487434.95636436,68161239.24657135,66907411.57955275,297084905.72729653,513640991.50978494
82854423.38654447,64375161.995076194,59051093.85298954,284229256.8294117,490509936.0640219
94966980.5275734,82829209.21944539,61881904.46361783,362680594.0791758,602358688.2898124
75736671.06703335,73122804.68023495,52197221.61987766,312623337.557778,513680034.924924
99282198.46191815,62495640.25808085,77314959.94601774,331752953.4687164,570845752.1347331
79185438.25448005,67040089.713432856,53338666.601939216,272757771.8165216,472321966.3863737
89753776.88424008,60159709.246975385,79196952.23824805,282851208.49179196,511961646.86125547
81958009.97928467,71249457.1065679,64671489.190829165,284596352.72233033,502475308.99901205
69390969.0417827,95768916.60171258,69939978.19444592,372735663.4274411,607835527.2653823
77831381.1999045,89974681.40330201,73431862.1837887,386786166.3627511,628024091.1497464
74756818.39517647,84581274.43564074,75927484.2993661,316038105.27774805,551303682.4079313
107416170.33057699,64024906.17390797,64342174.57463492,286253878.0392701,522037129.11838996
79072943.09961295,65857893.25693826,64044779.82221343,279506184.7363863,488481800.91515094
93684191.55766796,90521138.60990107,87669531.67843859,326308913.11120063,598183774.9572083
81601934.34765688,72401496.22769113,56818000.073806204,332302021.66839117,543123452.3175454
79362792.29890977,70943587.31726244,60368039.60218868,322396803.4192582,533071222.637619
72250032.25035366,81350375.46004336,63597170.736667134,304457095.3514058,521654673.7984699
93608882.79167879,67081566.76455825,53374860.368189715,302456276.19941336,516521586.1238401
117976879.46530882,73592662.7320985,67328436.4412766,296425724.7225544,555323703.3612382
95775163.40148608,74422906.80116239,67485169.17300789,259755697.3767376,497438936.75239396
106247349.0667548,74680372.87138619,67885469.14237908,321417568.07136714,570230759.1518872
65205951.654434256,67001634.11338616,64608105.77666118,381128802.24811774,577944493.7925993
105531746.75589831,73345195.7668461,83317702.15058087,394454490.54207915,656649135.2154045
88663424.34221521,68905480.5489262,78932931.54333393,313000067.8046701,549501904.2391455
81385808.28106526,64195650.5266534,67916183.64747296,295371956.4401671,508869598.89535874
80921157.58331795,74974066.71622069,65482312.356253445,314792566.351311,536170103.0071031
88907645.23872654,67898069.96902636,57826023.01898717,256620128.5246871,471251866.7514272
95824641.56601752,74535802.23130731,62920745.89467784,291555192.6812546,524836382.3732573
104556172.01028301,69901326.08948645,77297946.55342883,301729294.5518113,553484739.2050096
86246673.06882446,64712684.51849047,58283796.75980564,253828305.84673125,463071460.1938518
69203550.76097003,77991471.06405948,67165504.40963797,330797632.3507035,545158158.585371
112754557.46306588,102443909.83585082,84337541.80397893,334216706.03270215,633752715.1355977
94064678.33822154,63163833.247357085,49947064.02465005,276541310.3557822,483716885.96601087
74804389.83756094,80298222.81715484,67510159.7968446,312239227.67636037,534852000.12792075
107648872.1560279,77072273.09382473,62068589.53143266,296488165.4386707,543277900.2199559
93280774.19122826,67605050.9269842,64678782.4384461,274779007.5271725,500343615.0838311
71288719.47409414,69435613.59878033,59354718.05199185,232875119.80024055,432954170.9251069
94070349.25110142,80820437.50230157,66156564.75805829,320446343.0515415,561493694.5630028
93445806.8224735,76787731.76397286,70105005.87731925,368860888.7257725,609199433.1895381
108243380.02693796,97061283.87772733,66909916.299404375,346347712.9278442,618562293.1319139
95732186.90096483,90633516.14385146,86136076.50957312,371534617.17510396,644036396.7294934
88509923.13617462,58572457.1894788,56255711.917643934,330326988.28149194,533665080.52478933
85888235.53785436,81632381.6304464,76193609.1954266,360538155.22038764,604252381.584115
95948540.01400398,88121503.8912364,89779889.42828459,294315982.186386,568165915.5199109
124468625.51666176,82340500.64543936,72829376.03178774,276198797.8037759,555837299.9976647
87194494.78853868,87679397.83327664,88819319.96526639,290426431.75364506,554119644.3407269
95784656.55857563,83039983.96443708,79205388.86870992,296620555.9874239,554650585.3791466
72998299.35385148,65458350.48287882,58929758.77025333,352701976.8068493,550088385.4138329
89669692.55459158,81828808.23330316,76772837.22278821,268604743.22826475,516876081.2389477
94387709.70972441,76678918.08264782,82717686.04055487,296755866.8484455,550540180.6813726
85320761.52463473,83724778.78490622,65869164.324401,325535345.3067584,560450049.9407003
86988452.29214796,76985625.09013043,55922197.72640198,312961594.2947468,532857869.4034272
88471069.16066034,87888415.84880838,86244821.58645636,434896579.1960806,697500885.7920058
72534662.67605294,78688278.17533936,66029276.94104501,269069724.6638535,486321942.45629084
57023917.80512683,73658244.54594162,73231687.19114336,242202058.54694062,446115908.08915246
89527308.34684934,86082464.65174767,83800396.36229372,324206605.5486378,583616774.9095285
85134754.43343456,65658301.39636003,62957379.1932606,264797286.16470838,478547721.1877636
64218221.480189905,62274086.44151371,67086854.506125264,285133516.51807266,478712678.9459015
102736685.83500926,74238439.9405514,81589521.95044835,287032372.0339461,545597019.7599552
86721714.17987034,81544460.80752465,80038010.87030035,283004277.8609467,531308463.71864206
74401163.76246037,68874188.7996126,55051253.05050488,324940421.20268196,523267026.8152598
93844630.03928787,75015154.81127319,70695776.74814679,367827483.48345333,607383045.0821612
87532008.05012868,67363972.12095115,70377540.22587997,358549939.41076016,583823459.80772
87843276.0450315,61172531.413284846,59539205.77464862,259637251.3924054,468192264.6253704
60562157.30548097,67108634.08432235,60344510.247327715,309636894.88149005,497652196.5186211
80413475.6744566,76601461.73212211,56645885.281085856,293121369.37134296,506782192.0590075
81358817.93618864,58603096.75333704,49259465.36156005,283865995.28564936,473087375.33673507
82402390.3323687,66651796.763838634,52907141.57039014,296345223.8980264,498306552.56462383
71636718.41919395,74803645.64511919,55267769.22667287,301420802.9217049,503128936.2126909
82454240.21839905,80125363.53175607,65771152.416310735,344865929.1910303,573216685.3574961
84781264.34199394,71946461.53474636,62326562.13651802,287992655.9854082,507046943.9986665
81739355.66736503,69740946.5270532,65201989.30755649,351716043.3484277,568398334.8504025
83869764.61579949,74874757.62117732,70765258.73380284,299730688.6422217,529240469.61300135
87444402.61524299,75178307.97434503,75327144.86608586,268625814.452585,506575669.90825886
55563480.76640994,60173134.16867505,60343587.39024619,370602230.37782526,546682432.7031565
66899907.61947658,63394733.618948914,61682128.28901485,354526863.34187144,546503632.8693118
75934154.17907642,74888485.88252822,66746009.83661648,345638250.49266183,563206900.390883
71749098.43069255,60348404.75204609,53934318.975018695,276761320.5352068,462793142.69296414
91450694.01886785,89479817.98633231,79405155.21190545,336018797.1042279,596354464.3213335
82846951.03400852,65714404.13352558,66426563.336819656,251652257.73181543,466640176.2361692
97537594.75926608,79059817.59399393,90236838.11740406,368612649.3752906,635446899.8459547
79027861.44617674,76125327.43717158,64126861.922075965,308123598.90882427,527403649.71424854
96550471.32920946,82243388.70387271,76283418.83690791,392853503.74445707,647930782.6144471
84631717.94444676,76617245.94465935,79692121.11663751,331229673.2227558,572170758.2284994
88032470.66808325,70599476.25914669,77329480.83671217,303886996.52607745,539848424.2900195
97008801.14492463,76403317.99350813,60680358.48241685,261446856.8271402,495539334.4479898
105311264.80616136,80060275.58338231,67185498.33061574,311175808.92897946,563732847.6491389
86040299.41222171,65928016.5679692,59825389.29794761,263391716.39568004,475185421.6738186
79970376.77355522,82227071.09580456,71793866.72530276,357509608.5293603,591500923.1240228
106931337.26062268,71956204.82705243,76043239.59073216,324801205.8553275,579731987.5337348
79036891.86183183,84591002.16926184,60878579.72640748,305009825.6353245,529516299.3928256
84918369.64446634,70053841.98494245,57815744.87072003,313271165.00256497,526059121.5026938
80202200.14283957,82504338.0133232,62401256.22604198,334074319.93628603,559182114.3184907
80647409.0748056,78851668.70567872,73303366.66241108,355238079.5855468,588040524.0284421
91145418.03446682,63951884.55395014,71591281.23021477,321563642.3219327,548252226.1405644
109772969.51741837,64964909.59591834,85241333.2925457,306177202.53228307,566156414.9381654
95559454.18010204,77703879.92723788,64617134.97604755,328600408.86473125,566480877.9481187
83816201.24700852,62221984.03470952,51294509.143227264,282478820.48051566,479811514.90546095
92912959.77193403,70660482.19520396,74496542.23251672,435890385.17767245,673960369.3773272
86004434.42846447,78321445.80625522,72216026.08991055,304519990.0123008,541061896.336931
76113913.02662987,90788068.96475278,69826578.79476143,310642133.4772347,547370694.2633789
85835318.65650317,80063663.75043178,68125534.67677362,264224288.45687026,498248805.54057884
89061953.3272809,81815500.60824855,66271304.56322841,270186658.0148739,507335416.51363176
87890430.71521369,83795817.77198349,67348654.32368766,279660369.2700758,518695272.08096063
93256744.99393637,83429421.23569897,68572055.60424365,309360863.0264417,554619084.8603207
100593828.52370855,86346679.55308682,66104071.52323684,274156182.41441816,527200762.0144504
83548565.93535991,81621089.79155543,73393673.67725627,319218883.2876797,557782212.6918514
86972874.98407973,79468086.77888592,65540221.55090093,336728151.37575346,568709334.68962
89036746.45738915,70818714.87042919,61709993.534032345,235800905.80063167,457366360.6624824
99452925.20519283,72532524.55991872,74177979.78897104,251986843.00523216,498150272.5593147
82798930.2395468,69758444.16005425,61616433.21909946,312972590.3427138,527146397.9614143
88351502.71022889,69274047.19566926,67018402.039846964,328431193.799943,553075145.7456881
72689495.6697561,69164803.48928738,66495035.14044624,260853223.92114845,469202558.22063816
65828039.434914224,67976068.34139371,74038747.2896684,299567083.67301446,507409938.7389908
63114550.76467067,65908940.149201885,58330516.161097795,315277428.18156755,502631435.2565379
74812933.82444623,57346383.24033869,60999507.4551049,274380281.7574628,467539106.27735263
84109546.67700253,70828214.13955967,64283929.01884999,297573010.27506465,516794700.11047685
117529437.30323334,69955945.64904086,60883031.27294838,312289495.10133743,560657909.32656
79787803.46366993,67255750.51636098,62557099.51242855,261879297.9324992,471479951.42495865
79457691.29190947,66061326.61135517,55901463.19448439,253644966.85048077,455065447.9482298
97803116.89810486,82566862.5380675,69494497.8765736,322827537.44711304,572692014.7598591
129321361.04170288,84754995.53463237,65228585.46715691,328180032.1156667,607484974.1591588
88038605.99494244,75791384.78383131,73833919.87757656,316644861.90272605,554308772.5590763
77667365.01122771,66959038.893539965,60501782.30818497,286054527.1707964,491182713.38374907
111766427.67560859,85019242.3898293,65898576.190484464,398062909.5315876,660747155.7875099
85258637.11546382,68218749.41940281,69863272.42524244,279962690.7806419,503303349.74075097
68137216.8464371,65336311.898212716,64390105.11386946,291629227.08111227,489492860.9396315
79614448.60307609,74633716.98762472,62884463.9177481,277901945.3408269,495034574.8492758
75950158.50157088,70925257.5544924,78296442.0335249,286493787.40572417,511665645.49531233
105665969.90304232,65715980.23364531,67899176.61017698,295250341.15551734,534531467.90238196
96683155.70444399,95233077.3102534,102279031.1626573,327842903.610862,622038167.7882167
71880894.20677505,67423601.52400492,57551097.23438408,265918920.06548074,462774513.0306448
76260577.35550097,80093094.91574846,64068275.31473245,304120645.3670299,524542592.95301175
116313512.54219182,84417610.83146581,76725122.08354837,305221780.29796296,582678025.7551689
76410307.74272,86146779.05749215,63473187.55333531,331900399.10360944,557930673.4571569
89225667.68456306,87093424.81794688,67938513.59569834,351954936.88067746,596212542.9788858
119054026.90540741,79325544.6588976,55763063.78462343,369633601.34142685,623776236.6903553
78055579.53333464,83585545.81057464,61483973.367724486,290700570.9597788,513825669.6714125
91565542.4768746,67283393.6217069,61124377.40125116,293571646.65685236,513544960.156685
138939882.08891588,92224660.620986,80472632.3504388,305041360.865636,616678535.9259766
87987870.1358308,83073294.5216448,71713968.25174335,314812841.0342947,557587973.9435136
107115710.07663426,79995339.11850138,64882126.67152916,338558889.54986507,590552065.4165299
87573756.89940189,83134801.39437239,76190130.38402583,291522136.997871,538420825.6756711
89302464.13501054,89245806.5397526,62626645.45452619,215145596.53186792,456320512.66115725
100310212.86936507,82732248.25142777,62246785.93004199,284120005.05289197,529409252.1037268
67666130.50698557,73810546.13627638,58864730.08896449,263200924.0017339,463542330.7339604
90581003.015427,72233193.64731073,70528943.63873668,317171590.02041703,550514730.3218914
112226802.44833596,78651976.01178291,61146802.29636058,320395168.27915037,572420749.0356299
70887818.58119142,62440325.381990634,58196649.761458665,283424165.8636084,474948959.58824915
94869596.8962978,59819949.87724181,75093185.78059633,344770200.90548885,574552933.4596248
106709151.84378844,74849594.75342393,69967992.1623339,307087154.3271283,558613893.0866746
76807469.711505,78244665.19100384,70386974.21020828,309434353.6408774,534873462.7535946
82088043.96800624,86067825.97656824,79686711.79290089,307857139.6017074,555699721.3391827
93005439.99932669,70920361.12472375,60117324.0594065,247660065.70994163,471703190.8933985
84764750.29838814,80486763.86430332,67233757.49824111,309732149.7824251,542217421.4433577
76810517.19057573,75314037.8585149,69107350.42211464,304010305.45733273,525242210.92853796
89368884.52902141,59460773.69618236,53271397.93468415,258210097.74903584,460311153.90892375
68712143.35612403,64303810.42560397,63518021.93949195,299296091.8093908,495830067.53061074
90147654.94759084,77398072.42226402,63463454.05567666,346708999.65473306,577718181.0802646
101695437.60872002,69456445.46853483,77743050.04649577,314893192.7338316,563788125.8575822
73936933.56707932,80517307.1650343,63008064.15080846,303911570.0561938,521373874.9391159
74224036.68547177,75565781.28536619,76314773.07241313,293471296.7309626,519575887.7742137
84110540.46554619,68148515.19045833,62338113.659178525,275541701.1307179,490138870.4459009
71313686.31344458,80105815.86695357,63313126.431408174,325609122.64706373,540341751.2588701
67681003.70567296,66405208.91358263,68509836.81586431,309171035.1394401,511767084.57456005
88635578.15972091,80758252.25636524,70374956.33800003,289069504.93531173,528838291.68939793
65090036.797084846,65641777.796938665,67912203.67176668,283277638.0662072,481921656.3319974
118248481.43974707,87160734.925837,79450364.82932249,299359103.6406989,584218684.8356055
88823254.59095491,89139829.90118739,82623068.33363684,378962174.23509324,639548327.0608723
82643572.65363304,83612294.08157948,73699054.11724775,274809578.5120701,514764499.3645304
82503933.53729829,76538934.9845296,78877410.10445899,328506475.4169678,566426754.0432546
81971206.83024444,83174891.22835448,72048959.42586617,276254647.92970645,513449705.4141716
81813333.37959328,72021822.8548866,66347093.62929372,311119523.5654616,531301773.4292352
114280565.48868029,77079632.85601273,82740576.12140284,299770742.1784638,573871516.6445596
92082830.0082043,75583955.1524671,65551799.233341746,354513422.02802783,587732006.4220409
122065997.86132337,94181623.15465449,69813595.80232096,331427979.1759455,617489195.9942443
76523443.35736583,72120687.8090025,58460878.50744764,297526080.92662644,504631090.6004424
70860058.83745876,73543456.43540362,54834995.25056444,304460844.2460345,503699354.76946133
67863166.12261832,63784718.17228492,61902183.9033672,272286847.24673104,465836915.4450015
89046242.26763248,76253222.03350222,61398211.09981026,296179878.66386604,522877554.064811
100918943.70087795,63147883.73138243,64693433.929830186,290561241.6833249,519321503.04541546
84816234.6937535,73588325.67027976,77877711.42078327,279812068.46413016,516094340.24894667
104435469.15853183,76120657.85219336,80021292.58782738,323363166.0483541,583940585.6469066
114034556.74607952,66396743.444878206,63041641.47684275,281610124.52829653,525083066.196097
72375301.22174492,68996066.68511125,68275645.57662065,316640420.6711241,526287434.1546009
80265631.44965246,74582942.23377228,75078867.30173728,323617113.4106479,553544554.3958099
84447542.11753836,75820671.92290679,66521656.223092824,260133049.2666045,486922919.5301425
86831249.29987578,78080513.9697906,59382409.39424525,296490425.15731937,520784597.821231
102221979.26071872,78764421.73709658,79090071.78651011,373228137.48010683,633304610.2644322
68124811.47761036,71547502.42867611,56530212.03069003,228034972.13723123,424237498.0742077
94359446.89000475,66444969.266733505,58897856.45855221,309050690.98272496,528752963.5980154
85651773.97657646,71406576.234317,56022852.908190034,317356141.7095497,530437344.8286332
90942568.14617218,79252854.60262631,69561804.35422036,306362551.0122767,546119778.1152955
88922879.95891124,74514897.24373107,69357891.35364854,273705567.9966593,506501236.55295014
98737122.02247128,67320513.22240475,73617867.06581914,289943215.510494,529618717.82118917
114437857.3241767,90076298.37929218,73705043.17409965,335058984.83799684,613278183.7155653
65415696.65719867,59179894.02272463,52061235.98989724,268256643.0645589,444913469.7343794
63565606.43125359,73433519.16882654,63930489.41269731,299645579.62340635,500575194.6361838
87516473.96259513,81306188.0079417,62660192.497891605,338587281.75644416,570070136.2248726
79803515.32182577,76772775.76882927,67252761.75866102,329671880.83450705,553500933.6838231
98411313.60870664,84348629.88776997,68940251.79964483,306812825.9954656,558513021.291587
98537428.71601717,82439286.2729697,64472819.519053206,328344208.2418907,573793742.7499309
104174347.37871148,68963962.74974307,76026088.85638584,409024831.49066216,658189230.4755025
93890205.68237557,68326212.1664716,60382569.57126908,301491870.62547475,524090858.045591
92346975.25283018,86789548.8125928,60241743.69308884,352193455.9385956,591571723.6971074
94132251.30631988,68075264.7588115,59763816.74942075,264855616.62998724,486826949.44453937
72932590.531694,54122322.29682814,58789365.90409511,256272695.55861202,442116974.29122925
97529634.1609746,76463652.37955366,66615908.82186045,319063662.7437822,559672858.1061709
72946596.14312747,81496470.21326753,64695691.686038956,340936018.8489262,560074776.8913602
109965630.35675624,74576251.05602619,61094500.19326811,271437056.9826612,517073438.58871174
96032535.83030261,67491713.15741889,62111430.88666911,328451953.01821685,554087632.8926075
94167002.23359475,97944018.62988766,86350480.59600988,366450051.0543111,644911552.5138035
73556919.8566841,61810297.81354119,57637487.65218443,320003846.1835233,513008551.50593305
111514941.67507412,70007740.00941077,58540844.17118249,335354686.4967914,575418212.3524588
88073712.22092353,73359338.59929161,73067342.44440813,331800241.6766801,566300634.9413034
80335954.1856989,65654755.41657457,77520701.53763211,321079890.79480606,544591301.9347117
85789745.49032916,73380206.0375217,65982889.45603963,259372793.07100362,484525634.0548941
99403337.51761585,64211299.01628791,63159794.51054409,305042562.66811544,531816993.7125633
85828924.92714417,63319912.84809135,57441920.34532211,307346251.8081883,513937009.928746
89678015.28591383,62765202.717801206,46798827.882968664,259642900.7822859,458884946.66896963
91702284.00962307,81986989.99660856,57748676.09242651,327716511.61345124,559154461.7121093
58559284.915827364,87037859.4498722,65687466.98456087,335836217.9425144,547120829.2927749
93825823.98653567,78379418.8298957,56575236.41067649,263121236.6451719,491901715.87227976
98000176.53595361,101342152.6095474,98009501.43908979,467288146.98063093,764639977.5652218
119987029.09885319,78046398.23002903,62665505.84459378,304264163.6632526,564963096.8367286
78986353.0363991,81743680.4314261,72110166.83532187,370810662.4888021,603650862.7919492
85261095.32818751,107100220.53679557,72005769.91654016,307000727.1841782,571367812.9657013
90839697.06035106,67619618.83520038,75666518.30843194,361106050.3505126,595231884.554496
82022759.38388315,64695076.07128341,64854295.883076414,265769399.20275384,477341530.5409968
75369590.92611331,73520441.5148372,60035653.519627325,267203665.45879748,476129351.4193753
70340696.76676,90213349.18035223,64040948.02657293,291901995.4522902,516496989.4259753
85889545.95631991,72458413.70213076,74704737.4593533,364588456.0704739,597641153.1882778
94806417.46836346,78780591.11305621,60220359.77318684,276493538.1842515,510300906.538858
78576095.87498328,66460580.44587958,61665744.118114635,320201474.02790505,526903894.4668825
99939940.30016765,64530094.72008666,67716022.09911147,312520541.1601055,544706598.2794713
89512454.89234397,66043689.54983574,57460326.26520533,329035631.4386708,542052102.1460558
101414133.187314,77560297.3639621,71677333.80962053,319140155.01889795,569791919.3797946
66048503.82841373,73854435.06387149,64343287.111279964,355572174.4021987,559818400.4057639
87132508.21530458,65307991.51872389,48692547.01510534,343725696.63644445,544858743.3855783
80984387.80379559,67381803.38604061,57506269.4619292,307001023.73321635,512873484.38498175
83894655.26948395,75046763.49949941,62250904.767875485,309206287.50461787,530398611.0414767
86829516.58983772,81884952.86760287,76465717.56011225,346620790.0914484,591800977.1090013
78828803.5756345,95365101.89508207,72949132.72280575,330473051.9382268,577616090.1317492
92087738.78216112,72670663.52611068,71137580.09648764,293651534.20609254,529547516.610852
88507269.79860489,69480837.02004032,60353491.50338937,260768195.4297991,479109793.7518337
100879866.34713452,92720431.79834141,61891616.25268948,293007010.7399648,548498925.1381302
80467377.14858578,65681359.68377964,63903984.42812268,318274521.1012864,528327242.3617745
132804431.21433187,84698818.72890738,64412003.70858231,320114641.994904,602029895.6467255
84870153.72207388,80551045.96050896,71791110.3649664,350991378.5313367,588203688.578886
75564899.02967697,76882007.03243682,65945484.66335403,295645796.0056114,514038186.7310792
83609247.84576844,84698129.47704327,66620510.72958854,301061565.8582331,535989453.9106333
89415285.04032809,57226798.62205928,48681951.62889625,269103222.62253016,464427257.91381377
107346693.89923535,63047250.37357778,55516264.67720619,294184994.0868671,520095203.03688645
70520255.23954469,72735122.45409732,57529987.817077056,259267180.21425292,460052545.724972
96681677.23769315,72635876.10404263,58635449.005927004,331276618.36700344,559229620.7146662
67161021.31207897,80274369.23143725,68244929.87591647,275571549.7655499,491251870.1849826
101313095.12152173,85213573.16440225,87557505.79822198,335889979.3380172,609974153.4221631
101884817.73481403,73679887.12098268,56715126.09798137,302637215.03619874,534917045.98997676
78237304.01945391,81106734.25625473,64573543.54614444,299008404.38099587,522925986.202849
81611516.47631112,74322159.412451,77766794.85417713,322250812.60295737,555951283.3458966
75962218.5614388,67842825.36272831,64532202.86045122,285155616.1972475,493492862.9818658
92148119.9627428,90938427.21830207,93387569.14027579,304788650.2421582,581262766.5634788
90364289.13927345,100187575.39081483,80275604.52714355,278633821.9386841,549461290.9959159
99398876.95416836,80028800.93779065,71031837.54389018,283062461.94514996,533521977.38099915
90135950.12969618,80338257.21404183,56881383.554868504,293984508.6521501,521340099.55075663
74770951.91004732,75703852.7527217,74761793.15538937,287303014.5727256,512539612.390884
93833851.45347592,68156086.16024402,57453835.997293934,264642050.8910556,484085824.5020695
69186000.13099748,66846973.301125444,51032040.60537335,352069113.4201312,539134127.4576275
118550126.71650584,81056267.02209966,72773036.01536323,295791008.82101196,568170438.5749807
79585844.43931335,68438245.39989157,54278491.31027463,276037696.87098527,478340278.0204648
87455689.47284769,73138872.3490854,59982635.67740911,350300153.16418695,570877350.6635292
83431602.94233382,70526553.8184606,61776689.64775271,279944471.9227042,495679318.3312513
60227972.339895695,78841732.90456097,52917440.84470083,327673372.48585874,519660518.5750162
92569838.41964166,71348846.46273185,78971976.05790451,432417530.4251375,675308191.3654156
92362737.32844558,85725493.18133669,55944505.910789154,284880681.6631786,518913418.08375
85714058.98289275,76569485.27492943,80834145.44933942,316467626.2936297,559585316.0007913
101074312.43388884,103956309.79624273,68606330.86117159,313944902.62037116,587581855.7116743
89805915.40846422,82876742.39329305,63092592.62493162,405044210.80042994,640819461.2271188
86859104.32896508,80559644.00194222,77498313.6325585,361420569.9309762,606337631.894442
82258321.94844502,71667350.22232725,60855698.42633478,304641446.8642996,519422817.46140665
76791423.38373521,79784346.23608786,78582740.3434221,323456821.3299228,558615331.293168
83251468.4890051,74941814.57357362,85868669.3691709,263604557.04412636,507666509.475876
90228701.46075962,80523195.45725137,69725186.26446766,325698419.2487172,566175502.4311959
94723346.78891055,69217194.54216336,60615263.71899958,259415084.1889573,483970889.23903084
58779911.77451174,69463376.73216823,52189572.39042115,236885791.13351002,417318652.03061116
126530450.22370501,85742448.51380533,71382047.77124257,373961221.5027706,657616168.0115235
76674232.50669304,72412855.90397781,73016684.00447695,295101930.3464404,517205702.76158816
106261383.54168206,69900787.96020147,59631467.93459626,291723631.20286614,527517270.63934594
76823548.51350525,74564054.32632206,60130719.40539705,240936966.17429808,452455288.4195224
78280512.56812297,61118917.932678685,63095256.60416072,263310952.458157,465805639.5631194
74366980.58550614,75432458.86891651,61911585.101323694,300229751.8318596,511940776.3876059
92035770.58977048,83695143.14122309,71829964.90687887,256122036.56389108,503682915.2017635
79544484.21245274,87854357.57077257,67368854.59894511,286231667.3921522,520999363.7743226
81495837.2935671,76006621.52257225,63286883.9162031,339874781.9523401,560664124.6846826
86541422.92814359,63325814.29948529,69949459.66675313,297825375.5774651,517642072.4718471
88645725.94460131,89807265.88850968,73178542.81824422,322106131.6830336,573737666.3343887
82502041.57261808,71942318.85018103,66080982.6308847,279641747.5195134,500167090.57319725
80307056.5149345,76849231.77214658,70543509.56474388,287790527.6689411,515490325.520766
82711627.27976304,66182363.704059035,57866050.241761915,326700914.3433865,533460955.56897044
93780148.59420508,62819410.931517504,61400862.50673463,280650947.6274306,498651369.65988785
86969965.96148147,83159932.47483818,69000424.4619969,288882928.63187075,528013251.5301873
61770921.22049915,72348838.26095286,65907867.768306,346577598.2053513,546605225.4551094
69594147.46152137,66802974.044886306,55985456.425769344,269624952.8553886,462007530.7875656
96748476.33345628,88299328.45210747,65484874.22046467,316874196.4389195,567406875.444948
76265209.58779536,72153032.4569119,58982941.58036104,293542183.0171799,500943366.6422482
91655456.22039843,86778204.53635171,52835323.37826445,303143339.04353166,534412323.17854625
88826368.70671926,65773574.62407823,55345456.59554991,289567628.6888208,499513028.6151682
101899009.1065082,75586554.79998915,64645868.11927589,316750226.3137503,558881658.3395236
80787278.27002667,73324831.38096614,63760693.536036395,302262101.61756456,520134904.8045938
104495938.60469897,106156747.55238947,74458370.7880174,334614109.15632755,619725166.1014334
111797028.63917829,93642772.78246713,86989796.83234644,344953942.02081555,637383540.2748075
75145499.2564289,77809923.82994108,62462595.77363171,338432218.17349654,553850237.0334983
92209368.17084318,94520340.79210564,71366342.29824582,301633493.53380805,559729544.7950027
91484755.52982157,96618285.139367,78750054.82209758,380358021.6782524,647211117.1695385
120496409.45815477,74346638.02539788,64570189.97935936,289109212.8149811,548522450.2778931
69316875.18554726,85501650.63335952,77379877.67482892,278416568.1812168,510614971.6749525
81604821.51388222,59718450.68590668,54044318.897292614,223441967.7843486,418809558.88143015
74751699.71630427,75437626.54707839,65737878.60732817,314568938.8355523,530496143.7062631
61661170.24923008,73681699.05345187,79449536.84503932,332585315.6553341,547377721.8030554
77041751.46081497,86653860.37162644,67068001.80883563,273070043.81374896,503833657.455026
80167862.36039655,69800257.22997102,68094714.71307406,271341758.1158976,489404592.4193392
97995818.0279925,80374502.77841723,63719992.009556465,294863594.034471,536953906.8504372
110702576.14931865,71975961.46554945,64384964.48821386,373808990.5337498,620872492.6368318
67228159.50870897,79658450.63180731,53909051.994550236,287404531.3641949,488200193.49926144
121616803.6267988,73654340.53708337,59150609.834976904,261363452.809628,515785206.80848706
91644986.1954638,58705891.79973822,86087005.33757067,273735145.99230164,510173029.3250743
86988490.27797079,62857591.128998406,72419728.05908073,317309064.73915523,539574874.2052052
89003360.71739607,93011247.53551543,81321329.78031877,304080182.5995142,567416120.6327444
107327948.62010199,76355858.2448537,59382239.48714647,296171682.22513336,539237728.5772355
78385448.44676779,81108381.2400363,67394976.07538892,412573136.1585734,639461941.9207664
88262482.964693,83555945.5345459,79171702.08612823,282860672.1080247,533850802.69339186
104580699.18141931,79559464.74253745,69501640.32110937,265561266.14289406,519203070.3879602
70511885.9782223,72680625.29699051,67317304.00170575,271471621.88135755,481981437.15827614
72945331.05454677,92715252.74401148,71043114.01601076,311683827.8231899,548387525.637759
84833138.71209355,78962028.48321438,61095605.32906892,324615133.1619538,549505905.6863307
80167674.28960647,75157942.76353213,61188163.136426196,315253524.31190044,531767304.50146526
92237027.70219938,72402247.29687843,55493945.6023507,275351552.40574616,495484773.0071747
91804441.60642321,82953655.3103904,68714993.00816464,312201102.13922244,555674192.0642006
81832089.5628006,71851624.11404583,59385423.949109815,346066819.2203353,559135956.8462915
94629886.48858398,65255114.45687883,65590991.03587181,287096837.6452659,512572829.6266005
87561420.30035765,76398685.10496657,55242276.22923131,288763272.5425024,507965654.1770579
89667301.7124567,80217864.35573158,62464876.34543389,335923892.647857,568273935.0614792
91638001.27950826,84379559.09743619,75055232.47225887,291386301.29689187,542459094.1460952
65461772.07525786,67239490.97200502,61524482.711788446,276213651.8983116,470439397.65736294
67796010.59687436,65491461.0024434,63768880.81924712,276494735.2379363,473551087.6565012
88389641.57185084,82822365.41774574,62847212.93792911,306328615.29961723,540387835.2271429
76609554.75050505,67742824.63752754,57256437.48272232,321905747.51513356,523514564.38588846
80010208.10563354,86952336.21844646,71297184.9115842,321651041.10469747,559910770.3403616
74019808.39897895,67578656.44751002,72303339.45761018,334155451.9986834,548057256.3027825
99535799.67360349,80945494.59924114,69964050.85737014,317047744.1498037,567493089.2800184
87092867.19300629,65562092.056271076,61456001.090239115,262703280.1289548,476814240.4684713
85411273.53013098,73778829.61146161,60545826.563366495,220196764.443646,439932694.1486051
62373552.88592592,72902947.66862313,66295479.41606181,335149748.7674482,536721728.73805904
96549554.0060277,80845259.32466651,59254537.44740929,284078256.34788287,520727607.12598634
68937817.38066421,71582209.04019102,73877899.83194636,321587422.9608107,535985349.2136123
83225813.01286076,76900481.62756024,74505797.99805617,268329047.67002764,502961140.3085048
74832060.3561202,80455877.68088366,69796634.3965699,346551478.01704586,571636050.4506197
100900375.24456134,83744768.20348705,64714570.94770062,356002701.12179524,605362415.5175443
70185697.2867587,65869059.45483792,72110172.88997608,299101012.4477808,507265942.0793535
77797289.67273007,82855157.58368665,64547231.45723317,279057030.2176882,504256708.9313381
96344108.0666937,76563995.49450418,67244064.32848106,276734505.1316715,516886673.02135044
69426061.0734334,62405027.315344065,73518577.14558491,306501584.2788286,511851249.813191
79567140.52634233,75787786.43477042,68625836.5138059,381822381.8828948,605803145.3578135
81136959.9458624,62424964.23581103,62543574.1280844,282717476.04425323,488822974.35401106
85193131.34660888,68431035.14056638,64094513.83099679,347078783.503571,564797463.821743
105582590.74959946,71297191.63377167,60019971.21303817,245604136.49924543,482503890.0956547
76398815.74310039,79148431.61535452,62757278.14856085,281464192.1687922,499768717.67580795
92895708.3494344,75945306.24384597,67671813.57094932,313184184.9311946,549697013.0954243
66975713.43618129,68995532.87287998,59052207.99455066,301364873.61480707,496388327.918419
91084491.38116993,86632665.60657777,55804836.84378065,283195059.9304231,516717053.76195145
81682965.31459804,91594373.7177124,83822032.31955129,304347608.7892016,561446980.1410633
92761866.50433733,95209860.7258951,64808620.38412078,365075825.4699075,617856173.0842607
87835891.88596985,69620665.85977414,57367047.9736382,297252808.81514937,512076414.5345316
96923788.07104734,80132401.3724197,74689086.28378527,324837403.26692486,576582678.9941771
71405110.27489871,75989484.39382409,54512138.216654465,236438906.5532301,438345639.4386074
86116783.56003317,76024279.50619406,66768087.94536245,279193606.4454579,508102757.4570476
85934251.17276062,76190299.60034458,73363029.72070949,316991503.7048121,552479084.1986268
74069484.6213917,77704805.11405939,64317058.185032874,288180241.7482369,504271589.66872084
61392367.6432687,93322096.47097577,72005583.31173207,313150261.64787716,539870309.0738537
91175165.15446457,90263783.54296957,72209048.00882299,290832727.0638,544480723.7700571
96626417.12531602,93853645.7628388,75418528.49758117,327421478.7612017,593320070.1469376
112128546.88845396,85792367.59719767,86176972.93610685,290678749.12380356,574776636.545562
95567436.91138761,75185177.24545066,62770619.79377149,365367195.60017896,598890429.5507886
84108058.27627747,79581920.74075697,63879463.47242168,329954471.1920616,557523913.6815177
89227316.40941094,67522650.72616515,74139243.88269635,310799519.0462181,541688730.0644906
97707231.30423884,65436554.216365375,56983272.7280405,335427290.5060675,555554348.7547122
87819451.6589155,64554597.020045586,62265619.33518539,316872066.2401009,531511734.2542474
115738668.36799109,82420038.92425671,72374642.06895787,348946296.9939376,619479646.3551433
113010878.14857157,84245059.81485194,72506238.32044768,282831152.06255203,552593328.3464231
77510454.20466687,69090346.01432727,71196216.41588014,261918088.43983614,479715105.0747104
83651093.00343946,67975245.57379338,61595139.664501145,281738531.55224174,494960009.7939757
83810007.00566737,99518228.25434539,69556141.3200604,355368582.8825096,608252959.4625827
72422386.64409396,83117994.03647472,67220707.66322732,323930867.8892912,546691956.2330873
94475441.05824912,74870732.3829917,61814407.571733214,272010110.527613,503170691.540587
72206631.32391724,89231599.86604033,68031459.56118588,288942955.9432254,518412646.69436884
86636048.18563247,91030107.65260108,74032994.20664342,323970546.1570634,575669696.2019403
63094838.23333572,77245651.73811296,66663096.4970948,258518929.5763341,465522516.0448775
101255015.50236568,92285957.02873264,69364748.2461106,290985924.8549468,553891645.6321557
74842473.63960446,80164805.25480309,71452475.6931425,309441917.47417873,535901672.06172884
78529575.4296184,70717013.643874,64938088.11012998,299479166.8844819,513663844.06810427
88414697.56415378,75960016.01916789,63556024.22894032,302782586.38242215,530713324.19468415
89791543.87366378,94148730.82023433,70748106.67734256,267520907.63821107,522209289.00945175
105411687.9699493,67101782.454046026,57489571.24609932,301051044.8299554,531054086.50005007
72167691.18014303,72721073.0122871,71173141.91768976,356608661.55947447,572670567.6695943
74348820.49032757,81197426.91071966,72118483.53155237,260561683.1397559,488226414.0723555
97556602.61221685,82163624.27071044,72554351.79699908,292733357.7833427,545007936.4632691
60151018.49267416,70569922.24470875,67058035.46608467,306485924.7924993,504264900.9959669
87421623.74983259,91503772.92973413,74953318.95137662,299871876.3700355,553750592.0009788
86002021.69502307,71104637.2935735,65421476.529283695,309109921.123326,531638056.64120626
98231795.55573022,74311733.3611499,70306993.48495305,323932443.6968419,566782966.098675
84283671.72709121,70203306.07664776,70659764.84961857,256218797.169185,481365539.82254255
81471820.90680847,77204696.78960489,68918088.91671295,246430050.01642123,474024656.6295475
90956371.5171866,74447273.67803235,67128180.00678384,325002796.31003183,557534621.5120347
112817083.68573676,76385875.64604717,86744292.28350194,323430396.09015197,599377647.7054379
104434382.87613377,85766767.07232279,71660746.55225885,292451099.50915676,554312996.0098722
82631469.70972854,69123514.3590745,71324431.78475899,263249795.37051186,486329211.2240739
89324252.92540492,64707681.954565205,52159118.29818448,285065622.904871,491256676.0830256
100960224.3758248,70862946.33441764,61284556.39281825,311161966.83890706,544269693.9419677
96360671.33918202,76251892.98268716,76392417.3375406,312420045.2277031,561425026.8871129
92958557.36814708,75713005.28836817,63445509.91671433,326652236.84228206,558769309.4155116
92847182.4675942,83492641.74482916,60982749.633399226,270330710.5360244,507653284.381847
86056108.61847305,78704286.28220345,68057001.70646296,299657081.48565775,532474478.0927972
78597311.69182949,67526279.41526783,62254203.778232865,301152390.1042314,509530184.9895616
97927147.2838055,105811274.5482789,88222883.83643232,294478297.382354,586439603.0508708
78260862.12603892,67142227.6465507,51400229.41855814,352916365.32578593,549719684.5169337
82818886.17975797,90691550.10692605,66700428.56852638,289537941.5807894,529748806.4359998
76782117.14785135,69816158.8338095,69256201.28155169,330749788.382756,546604265.6459686
91709717.02877553,93007968.08587493,83463464.4200419,359258120.09340566,627439269.628098
111610875.42906594,85553430.28187007,72993630.64450862,362934532.10133374,633092468.4567783
99264100.36671807,79297971.64873149,67938637.5630427,260298376.90147898,506799086.47997123
113898669.48613696,73162959.98472917,63256813.33591125,307121203.1515896,557439645.958367
90898870.57186483,79195434.4730756,72721458.54384741,312306976.6771242,555122740.265912
90067110.0289948,86672343.39750592,67331360.05546479,283704243.9464233,527775057.42838883
88151866.36938894,78252201.9421679,66394917.56080515,262947786.225174,495746772.09753597
82546081.79801074,76082117.87095506,60190103.9834608,265363358.7113113,484181662.36373794
75303492.29811089,73269812.20288229,69319297.37568755,288384396.6681214,506276998.5448021
93469585.63129257,79635844.56044804,62166239.48486584,264129526.0185455,499401195.6951519
91773196.42104109,70723516.77631603,56852980.00610648,279378413.38212305,498728106.58558667
71573611.90707894,78315249.10861823,71737250.61753461,275575157.5543261,497201269.18755794
57028545.74883282,69322702.89443083,61340757.929293774,397889526.6254328,585581533.1979902
77669747.29756472,88104914.39092408,64345801.963043265,332328834.1453663,562449297.7968984
74687701.83938673,60204809.06575243,54274377.305425875,288605963.39419895,477772851.604764
91664071.38295785,67408474.9084215,71294053.97628364,276404233.5185502,506770833.78621316
99403606.48441188,63689588.55051202,57969524.95624106,300296553.1671514,521359273.1583164
68348981.50289449,57619160.95356135,50916053.567765616,269782285.98797107,446666482.0121925
81139510.0368914,73438346.9940713,60983780.04374741,266701357.72028446,482262994.7949946
69377233.91055506,83693310.51802287,60779411.58341093,349898236.77520305,563748192.7871919
73593633.48903745,89741407.93463005,58215253.44526638,324276721.4403469,545827016.3092808
92845476.1576336,95352947.33375221,64273181.69272272,281454086.40821123,533925691.5923198
109565055.20524032,94924974.8763909,74513399.50424403,324385652.4696282,603389082.0555035
85552021.53127788,82609166.81210233,60769500.263868846,261480323.01583487,490411011.62308395
89261478.14522432,82684883.37536837,69772429.51453288,328939464.22979236,570658255.2649179
75130768.39713164,66650832.8491956,58734780.05488731,303956674.85034746,504473056.151562
86479456.66511635,90594245.47651027,64751082.97774922,333264172.52973056,575088957.6491064
99229409.86956492,72098882.75167744,57453130.41498918,290981695.08985835,519763118.1260899
77397686.53985493,82612833.16747737,76525250.2847077,348938806.00124973,585474575.9932897
99679896.9026377,63546586.95679445,71515420.46474458,293842688.31529313,528584592.63946986
94419847.18701336,82735978.61990252,66742404.745641276,310784447.2468677,554682677.7994249
96602612.73267844,71427823.73380765,76170128.24115786,289996454.4329723,534197019.1406163
92697723.27975908,69033051.88269435,73777067.69834915,312822468.1327769,548330310.9935795
83704443.9427914,74087052.85819374,66467549.11052692,280284361.9993114,504543407.91082346
62989780.81078396,73003336.44639403,76872975.74538225,372392885.07845414,585258978.0810144
92691336.66191134,84353430.2859297,55499071.25568313,261802998.65220946,494346836.85573363
91631589.05338651,88122941.85127333,72073869.93696126,316100032.6144428,567928433.456064
81992844.95303607,78259253.63324249,62451915.95143836,259905956.208444,482609970.7461609
73451435.44827466,77827941.72450094,77791087.25363825,358959144.9171548,588029609.3435686
95459548.05138408,73353137.57558613,79636317.63206069,272237732.0641677,520686735.32319856
72503940.34924416,74132842.20906068,67479485.41621083,261724798.09453437,475841066.0690501
78035129.9046053,74920973.41409715,63852393.83240723,307605018.87521815,524413516.02632785
73048703.75248903,55769986.68440123,51618288.01327988,251613650.22011217,432050628.6702823
57623565.134388,70210916.49924138,68160547.258303,285616696.9545284,481611725.84646076
102813685.51481594,102817050.09363958,71097362.8390687,294578741.7207323,571306840.1682565
93683674.61687659,68513061.97367029,64341650.81239731,351495124.6173707,578033512.0203149
78579493.72019085,83080721.673471,64947540.92230966,231189071.47380784,457796827.78977937
77547214.68426923,69771688.04427427,60438793.094117776,354879466.286509,562637162.1091702
122418216.80329773,89966008.11722243,81169361.84542388,272001393.302241,565554980.0681851
87189251.07898952,79558185.7441656,68519262.37177873,363940254.7304873,599206953.9254211
94134213.6904958,86868906.02034476,68629623.06955652,291822726.1908304,541455468.9712275
70944905.561191,72290940.88686173,71073230.47277048,290486159.4503807,504795236.3712039
75514838.71278669,86987269.3904304,64706238.89373015,291179480.01031184,518387827.0072591
91917931.03993545,72032458.42228377,54601320.654298276,322170442.8232286,540722152.9397461
92671723.13854498,70738555.6223319,74452940.77201684,342432367.139469,580295586.6723628
73501478.11258164,73907756.51537527,52727508.729953386,277966179.4225746,478102922.7804849
83273864.70673348,64769951.01391704,66694741.778390005,283839215.52539635,498577773.0244369
109202205.30991818,69925264.37915099,69317909.92152354,351043153.89289176,599488533.5034845
65097057.69916312,68378718.10372648,57501235.95131117,304308940.1496141,495285951.90381485
65455108.371345654,69533247.5188226,58372390.93940922,272064545.87379307,465425292.7033706
71357301.97326235,66686222.43271914,54690498.9288492,300846624.4308288,493580647.76565945
86241980.41567157,67996380.196759,57269595.87224502,258478334.6878832,469986291.1725588
82908660.11105716,89220210.45762838,56501829.57684042,287209633.87250215,515840334.01802814
72531551.11971256,70958892.34289129,58480779.722028345,327308774.6936024,529279997.8782346
82552357.24935138,79907960.33584134,78738455.78273116,403978536.7539642,645177310.1218882
119719341.30824752,96089469.95727676,75960890.65333803,285701138.9800226,577470840.8988849
77970540.32537453,75932464.0006569,75753992.39213578,242209956.92418984,471866953.6423571
80547270.69054489,62681520.55867591,56841147.07551875,346718188.7356681,546788127.0604076
96875047.87378663,78868215.86551608,69184737.02819404,292416643.254891,537344644.0223877
88530564.34778762,79405249.01863661,80144062.4320919,280703305.687956,528783181.48647213
90448775.98069127,78224788.38208273,52685711.55648273,270614241.8705093,491973517.7897661
83067624.5503488,89613524.26361501,77737749.28952755,335742922.560657,586161820.6641483
69180915.9517127,78542045.48465505,69604533.80239186,292110465.1539788,509437960.39273846
92660046.42393534,76602907.92105043,63948175.595663756,319253462.55383813,552464592.4944876
83294400.59033358,66938570.082612924,72889310.00509399,297299943.95200807,520422224.6300486
92211381.48975718,76681937.94419707,71271480.39782625,270356352.7039748,510521152.5357553
88239276.08961777,71133079.84122998,58222964.93712798,245284906.5361616,462880227.4041374
113127949.87932156,82629612.48900592,85855638.50978407,316211594.9594162,597824795.8375278
90413799.42261943,73580671.44203322,72433409.08230284,296530126.3158312,532958006.2627866
75109611.01146035,78343951.07817583,70622892.33655411,440083476.36854774,664159930.794738
97831103.8219211,82541343.54431172,73291948.51493594,298345311.1876902,552009707.068859
75885100.7672452,72005192.65319863,65699359.54335328,285044347.1988753,498634000.1626724
88902507.2262194,75239696.85525888,77418298.36101677,287929502.13539684,529490004.5778919
81925536.42664208,65508950.45160235,74033422.63210928,306333562.6544629,527801472.1648166
80461129.17388822,81015654.54077254,64425992.11068744,302219124.38590854,528121900.21125674
64965635.349438496,77568020.81511883,76863758.7567463,324894130.899129,544291545.8204327
93530769.74763246,98492895.19560975,78079269.07206567,336890664.24570054,606993598.2610084
94757701.47096777,73710563.75677992,65463668.97738562,311238100.158037,545170034.3631703
87049131.03912917,72080230.00737695,72151486.67479588,324755549.75952536,556036397.4808273
93843948.70090641,78519321.66021223,62376933.39721309,316661840.52300733,551402044.281339
108801650.06241924,90153933.55304742,77206607.69457722,309048545.4587666,585210736.7688105
92625542.151284,75735586.5746447,74228130.78409296,374751939.9004651,617341199.4104867
81185985.91616134,79524524.29349154,64182963.305719405,288593423.0445181,513486896.5598904
104793769.59053613,70487302.94548847,59806506.09379559,237100002.62940925,472187581.2592294
87315865.08878852,87594565.33044347,83782384.93950263,324784687.5211722,583477502.8799069
76324465.68387556,81649461.30040161,74516921.72040531,297094757.4439086,529585606.14859104
77310789.42832087,68733002.8850836,63578911.52714476,294189182.2675225,503811886.10807174
117281170.21339166,75191483.14655961,68055524.18995117,272150696.47447634,532678874.0243788
88891402.6760549,66850803.18651762,73567404.48469043,257664737.81188607,486974348.15914905
77963112.5306392,89824363.83680019,78104764.27197129,368293616.73780566,614185857.3772163
86964175.88925928,94652119.73005137,67301241.53268729,378568153.2356118,627485690.3876097
102580161.74275503,74943606.36025591,73867779.51576312,326746212.95419276,578137760.5729668
87747778.8394453,77616158.17896138,55903714.03181868,302987440.094421,524255091.1446464
94031027.62574132,76015963.93090788,73297102.09933,263300303.15856335,506644396.81454253
84297411.70875785,77309198.16721958,60677284.29813659,297673524.29487354,519957418.4689876
86894786.55574517,74311022.07795963,77934071.50309026,324028615.0702476,563168495.2070427
83951947.67444608,71563346.52706084,68181914.11232176,346708112.1000508,570405320.4138795
98533683.29861955,105456736.92385228,67681435.31487747,356432428.0216193,628104283.5589685
87402529.86277393,86432672.40421812,59078772.24638699,286831077.5619765,519745052.0753555
112990959.55046545,65443580.63495993,51419086.34142529,352553845.7715242,582407472.2983749
70121426.09258848,71427308.68676654,56692056.56798974,293958488.79946303,492199280.1468078
79076600.31327347,75936161.78254378,65355317.56860679,337737533.9629634,558105613.6273875
93974683.44348586,81345864.01725744,65923165.765265234,339305365.589558,580549078.8155665
98431582.6381173,85022978.8553131,62698151.99459487,260947710.0389589,507100423.5269842
83556423.40154742,78728478.75195341,72727862.28480494,333120034.3051868,568132798.7434926
104423358.4594198,82615948.38255422,53806485.45542256,276138976.315464,516984768.61286056
88310881.49039766,92288948.15116079,84591600.25431389,330258242.3485943,595449672.2444667
77879639.86566678,82047371.25072005,56847155.68418576,255789162.04027882,472563328.8408514
79129730.73040175,64693277.0993284,67047173.91080588,289987686.845253,500857868.585789
88202220.9603291,73741059.52021334,56858235.702372804,254406271.23466352,473207787.4175787
74794210.57905981,64458390.70179098,58133195.351131335,325164946.73680866,522550743.3687908
92207921.29821831,69122976.85809503,62998039.43322358,343589673.9836244,567918611.5731614
106926388.37048416,80866229.9628592,67081597.79087114,308757764.60264343,563631980.7268579
120770192.05282924,76011293.87443891,49736911.99319131,243741852.78432664,490260250.70478606
75593979.00852308,77057606.7657795,64639759.0673464,351721085.4970299,569012430.3386788
86607894.39700833,66749667.458053365,69003113.59182565,287636065.7402767,509996741.18716407
73782919.41415061,61831160.6321614,69210804.15038303,287664545.9473799,492489430.1440749
75732726.95311075,62903709.73250544,58478055.97383868,271440853.6912448,468555346.35069966
71635486.26674682,75564134.35311563,81907786.25694495,341668598.09792393,570776004.9747313
79113668.97910024,70895001.01511143,61452302.6145559,296636973.5560585,508097946.1648261
96269880.57334945,68079074.21236606,78399013.50279506,302057985.52341646,544805953.8119271
69052399.87937735,82146335.15880226,57986651.698376045,294650475.2777851,503835862.01434076
90270344.29080836,73377504.17059574,74692455.8346421,328071258.7637966,566411563.0598428
90495328.58784871,76202432.88166004,62496133.23860467,277853797.11937493,507047691.82748836
95587114.96865721,92031537.54200064,78149695.32219063,364670816.29898036,630439164.1318288
83559862.72227274,74763776.15875092,75823761.23007223,354324528.3815685,588471928.4926643
98935720.66024843,72980862.39640461,57653511.45138437,345138808.43440425,574708902.9424417
88781286.70258479,83335064.53541002,62039472.89539797,325859667.2110548,560015491.3444476
108533509.42359558,67703021.02897124,69586728.23854995,313678851.2249727,559502109.9160895
88190876.97002232,67373695.59300636,79941058.22350612,292547851.20753694,528053481.9940717
77017691.97120836,66872707.67577866,57709551.04224856,240688112.68380737,442288063.37304294
80039311.8316439,80867235.09770101,69604053.34195097,303494249.1058536,534004849.37714946
81894338.94702473,75891817.78694835,69081970.9867627,293668406.9273253,520536534.6480611
98410225.68222256,76236006.92175357,73646051.72240655,324207949.2654712,572500233.5918539
83947211.99460302,91141891.35106595,59305065.49935329,267596273.3696858,501990442.2147081
93146305.86622712,76012777.17867368,73375621.09821062,308797778.9459682,551332483.0890796
84582580.38946326,68589756.1866878,58292582.95128274,247548988.18044984,459013907.70788366
94625724.91195834,83735922.87765414,72002447.66107386,387258636.7627321,637622732.2134185
96998877.35813169,74778343.81740576,60019412.16590062,263108692.35002774,494905325.69146585
94770357.83814752,74520085.40405674,65707714.7864441,348190544.0185798,583188702.0472281
77068348.3232863,63619652.02855762,60823643.65001644,286712652.8523308,488224296.8541912
70542896.96710351,84650511.10710397,70823324.74808186,294041260.3259151,520057993.14820445
86948865.04734519,74182597.14360721,76344126.84866452,307273235.7111335,544748824.7507504
60291918.369775794,62137683.642266825,54980334.06016289,281582068.048524,458992004.1207295
54513803.500620194,62748019.01672446,56228484.20514256,282934465.7766733,456424772.4991605
86806742.2045254,79827111.32088351,61608030.06669024,266804322.73719105,495046206.3292902
85449668.46473713,71258194.92763743,60688923.878093906,316882774.4414348,534279561.7119033
89430762.78494893,56881347.72247294,64251913.80865737,294939822.41438395,505503846.7304632
89158676.3661797,72307689.76497015,64201312.573979154,303047491.3280279,528715170.03315693
71510163.02862602,79301379.11171956,60575910.42588698,263904889.8379316,475292342.4041642
89377568.90550032,70707233.48095985,63258551.88098582,302132994.7830468,525476349.05049276
71788914.91061902,77676044.2074921,70547685.79860835,252873977.62387452,472886622.540594
82967632.3602905,69382971.54857424,72116083.94150048,289680762.4926169,514147450.3429821
95057900.37019701,84226722.73115434,61751894.408522785,248518687.80288774,489555205.3127619
106932225.51700509,79891843.78268538,71739491.54665153,266258992.3887758,524822553.2351178
97712130.60822028,84318655.21964543,69624092.97635628,362948131.02906877,614603009.8332908
70043141.7793724,54606383.47640899,54137991.0516663,294681769.41272247,473469285.72017014
71122510.1279048,96339116.29964398,68057111.73820882,286146027.621761,521664765.7875186
104370780.07904309,79440532.52533388,70246646.98931167,237821903.03518334,491879862.628872
95018286.6369178,70557414.42854258,61405632.382863775,279867420.8514839,506848754.299808
91818625.15486938,71101305.70177104,58058600.7596103,244008774.1438897,464987305.7601404
59062603.69291488,77527101.93078336,66270914.87410537,252856753.14021528,455717373.63801885
74466936.30927348,77478375.18005157,61418248.66129423,277634999.02534765,490998559.1759669
97080612.45108643,85428346.53724778,61950572.58165884,283463533.8415056,527923065.41149867
92728859.38148788,63323783.96595688,58918749.70469784,259675702.4430164,474647095.49515903
87800028.06031165,73010888.82943371,55877511.307552144,256234592.02470514,472923020.2220026
88964289.2734764,89136220.54836711,76150675.16359614,280468285.7764337,534719470.76187336
106656624.5505068,89322481.67938404,76244887.94389856,308217341.8086998,580441335.9824891
82607161.83915393,73848133.09906517,62082051.118108906,252038738.68992734,470576084.74625534
84654523.32931872,62159746.26966122,74505979.46779943,309454289.35622567,530774538.42300504
69850590.58436804,89793831.08444679,63738649.85957405,287527218.64619035,510910290.17457926
91588695.85162191,71120411.4360667,54352231.01694962,266908695.41415492,483970033.71879315
75792793.34049661,67615436.93581407,56209444.53818703,356868615.7479681,556486290.5624658
98700953.87991546,78117105.14889897,66546901.9162828,351745943.8964831,595110904.8415804
66968588.65416747,67393849.85586448,67124111.87967268,285912186.03107005,487398736.4207747
74120723.81477095,75341464.41306478,53208034.42605833,300453934.62486345,503124157.27875745
75878945.5128123,78203335.52719785,65831982.96820139,333912060.7873112,553826324.7955227
82977888.5968608,64873274.77497602,57852353.2146052,297135618.0104458,502839134.59688777
101829108.19417702,75675759.83191846,60018430.0077331,295611095.10601586,533134393.1398444
85111561.37732048,92447136.30329406,67466585.6656582,325992536.8152387,571017820.1615114
68033127.15174223,80435874.26446742,77531963.21031007,370344065.21883357,596345029.8453532
122144945.140575,106050425.55185911,77543790.40601906,301521694.1204364,607260855.2188895
80029625.3019986,83336117.00741878,78794614.94556686,331297242.43714416,573457599.6921284
119707956.56290922,80927827.27338131,64474515.10393636,295874655.3596836,560984954.2999105
87586349.01530558,68078219.98682076,59269321.693349235,277340704.9277484,492274595.62322396
82018674.21555203,87386383.37680887,64281573.115302965,292637159.789073,526323790.4967369
70605927.75394653,58084293.050578676,56215467.88611881,305243973.22878295,490149661.9194269
86728472.3963505,87955955.89484015,60701772.02915436,255732657.9683914,491118858.2887364
77078841.19042405,84085777.55043189,54201558.76176063,315922661.1242285,531288838.626845
75269024.9096225,76501379.34256776,62663688.62622115,296125341.2006746,510559434.079086
76247574.6484277,86838381.95161647,63535202.268487625,242692079.04108053,469313237.9096123
90866769.5721793,72114333.85035019,64727886.68156176,247264625.78370398,474973615.8877952
81946245.77782293,66432877.38751867,77161272.73471192,294822270.2849942,520362666.1850477
74316830.97056629,61802622.9105887,44643236.66450922,243862277.99768752,424624968.5433517
89422518.79417786,71838704.06734516,54638463.37253774,211475275.36992267,427374961.6039834
106755969.2371984,79642296.79429297,63707817.87631726,335742299.50280696,585848383.4106156
86330317.92392267,62582564.90154516,52439310.66766743,250970861.8333437,452323055.32647896
73571988.1656282,78124189.65070768,74909817.53700967,335262545.6384735,561868540.991819
78941836.69321094,72753694.74125981,62824027.36334861,250738311.888254,465257870.68607336
84206213.11613351,75935373.36527298,67619948.04372343,294511018.88033974,522272553.40546966
95823082.33144893,78951435.0180042,67579972.88937269,271423773.44473404,513778263.68355983
87995459.1546879,64061821.17906916,70038606.60810092,257750188.99082243,479846075.93268037
84345806.45019941,83703875.09293905,66117823.317549706,294027776.64309794,528195281.5037861
103094487.54369867,82144888.69764885,60494442.87645139,278151507.1408374,523885326.2586363
102382640.95801781,96854825.29418944,77396378.87793605,363898794.8160558,640532639.946199
91772034.04453106,73376150.61835852,64131905.89871736,321706533.89777786,550986624.4593848
79082332.30725837,87783727.70166226,68447872.14551066,322506104.56410146,557820036.7185328
96715668.90019679,72517292.87355433,67122476.37717512,305056434.8847325,541411873.0356587
76143987.70433363,72373121.1469781,68045102.24947582,294182686.80627817,510744897.90706575
84998527.73240833,73213292.85971777,61539099.76020788,331380163.96147054,551131084.3138045
106325156.42989388,83088209.63180408,68627413.97850694,358019423.9021462,616060203.9423511
86829091.55183552,75233687.47524086,71888417.17762923,349858096.7022453,583809292.906951
83214509.18516612,84056334.98545632,75564507.90377273,381089265.9744433,623924618.0488385
103871945.3496298,97562824.33929613,69657944.64775452,360790898.0750029,631883612.4116833
94217629.30732161,85965355.01693574,68721046.96655302,219776118.10679582,468680149.39760613
64617223.893214345,58320401.782065764,69256421.38171788,349717312.0851388,541911359.1421368
111291892.77261077,83552164.63041829,73250219.78512007,319126937.6572634,587221214.8454125
76808608.44985124,66708580.45057746,69308966.1667487,280326095.3719692,493152250.43914664
106382551.04339615,78325589.49729492,61519516.95402163,304893703.96876246,551121361.4634752
84022998.73043281,74216852.8085969,65942555.4871243,358511103.8014215,582693510.8275756
81805089.51241072,91408829.58085914,71235163.5173788,299674105.36764383,544123187.9782925
88143095.30546482,63118442.50297818,69987069.90816624,310543993.3029858,531792601.019595
84990418.71067023,64807563.37252275,69067943.9040246,290057095.9319278,508923021.91914535
87528247.82960875,91548770.2969041,65219566.744878836,296211026.33447313,540507611.2058648
84881814.2018539,82857953.38327433,64778711.29925694,296854675.86622775,529373154.750613
102519183.34222996,85228998.36719413,71368310.94940497,329035201.24749875,588151693.9063277
86299857.43290454,76892719.3081713,55665905.200223505,260660732.0581273,479519213.99942666
75691156.67489521,86444118.14405823,77096211.96808219,341371185.30373245,580602672.0907681
104672742.96536696,73680394.63380809,63329778.03581397,285249125.3806482,526932041.0156372
66718436.87232464,74887263.43572891,78970937.73071131,327733655.58003765,548310293.6188025
116220974.94279747,112535814.5544542,55917495.320884906,311927267.13231814,596601551.9504547
75589880.46362561,68269029.04357858,84972424.7724986,324302445.9396856,553133780.2193884
129488657.94893217,75477423.39157926,60755414.19568852,321715060.7867403,587436556.3229402
106634449.58739339,71627305.91056679,54342955.3335205,269624629.729434,502229340.5609147
91203288.6435774,66177455.295527525,73435190.40658411,278942644.64531285,509758578.99100184
72792349.68705474,78760014.06851244,70403825.01027139,318230186.0561419,540186374.8219805
77584759.59347661,95280388.02622908,74802192.34754194,378336809.4074334,626004149.374681
96966547.3190398,66300101.84069459,65699244.29944281,264771443.23131502,493737336.6904922
85381848.89030866,84362975.5693508,63454618.07612868,297923937.95669615,531123380.4924843
107635539.13831304,83847851.69319572,64532169.94581089,362291328.56128424,618306889.3386039
77509133.00836898,84502180.86524588,75012775.83398661,372204631.7640836,609228721.471685
79830053.43727076,73510361.15583645,64024205.21851313,279420082.4888181,496784702.30043846
113335345.62102665,72670399.40470439,52662393.49488753,231725300.4825976,470393439.00321615
78035863.2804903,74566140.17115797,76733324.63368998,264974430.21716216,494309758.30250037
89719112.86069682,68031473.81753083,69871952.15288198,281788093.8221029,509410632.65321255
71709361.93588775,77450535.21742672,71531620.3092248,349980123.77797997,570671641.2405193
100373520.0214248,70468662.67840017,70271060.13713117,303930240.7274351,545043483.5643913
66649839.441219874,76028576.67825605,80979552.55980435,344638824.2946305,568296792.9739108
77539274.47602428,58938426.65825909,58388131.24763857,371695808.26146454,566561640.6433865
56607943.74647827,61454110.66315672,52739112.34932575,249728775.84403703,420529942.6029978
93819363.8382067,69434682.2822553,66345445.18605296,279840555.4340242,509440046.7405392
82162536.45294555,61071298.8221564,59855018.240792185,344117626.4798142,547206479.9957083
92791357.58567108,89467075.43538114,68039189.86887148,298111509.1108665,548409132.0007902
107246227.2223259,92365736.98894353,66231025.118066356,322319506.5846351,588162495.913971
98592663.18388285,82146135.88802446,73297040.13368408,320050131.61574525,574085970.8213366
103072179.72322024,73069717.9507964,59125462.73814244,308278094.5851742,543545454.9973333
81027555.06266135,68294822.44516361,57365276.93269834,298023885.67200667,504711540.11253
95022937.74941137,102576394.53601547,70555223.08303344,306465317.30262953,574619872.6710899
82861553.94396447,63095517.90623062,57492340.00218372,256142653.580654,459592065.43303275
104306362.27510336,80653712.21077295,75514299.72295491,342544624.2906461,603018998.4994774
82124826.04711674,80929572.90317115,76943205.19006284,309838270.992644,549835875.1329947
88888243.74324146,57041104.490829244,54958913.58433097,263133752.8400272,464022014.6584289
97080573.12666996,70564869.43430802,63196508.67763215,311369876.4633694,542211827.7019796
98656082.52194305,74454948.72718932,52730073.66809963,293467429.0401171,519308533.95734906
91424818.60814855,85633398.97829834,64829173.93723565,274063740.3123347,515951131.83601725
79361485.30625376,71645780.56316844,70118783.21562627,303890324.3180349,525016373.4030833
68631976.38559106,81947991.05766596,51025541.241133235,305469928.3801924,507075437.0645827
96515764.89268628,85267156.11956109,65478879.14180038,346050668.1962845,593312468.3503323
110861718.60733412,76543257.34468013,93612958.05358541,394145067.25715804,675163001.2627578
86250353.93984522,62252310.01710271,58330758.00171616,352647739.156043,559481161.1147071
67350771.21267578,66894262.47770945,54764709.62603553,315980676.30955523,504990419.62597597
95674500.9120442,73336148.00980112,54704080.49161188,281047067.55179965,504761796.96525687
93835101.99606007,77430114.43988702,72632878.71300943,288655042.94524676,532553138.0942033
103343432.63374573,73946065.19706629,63956941.2538985,275917361.5919114,517163800.6766219
90967790.34773685,66748309.800389856,85000272.78724983,277830471.7559446,520546844.69132113
86034949.71200949,76210137.14908747,60039563.58216428,274642233.0293544,496926883.47261566
83861613.14431919,69824461.86008501,58162859.42507034,293388364.008957,505237298.43843156
97192567.30455391,72317395.36027052,74073622.62671545,286493077.16015315,530076662.45169306
108840842.31760898,87634603.38106497,73998671.7997686,363738456.82018375,634212574.3186263
103933402.11891472,86166355.62738681,62720071.83193827,277795558.1101765,530615387.6884163
85070018.28461692,79428594.66465627,75612698.51421933,359762404.9800036,599873716.4434961
112478139.25639865,77024027.00766,81453519.96131365,307012130.15500444,577967816.3803768
104037175.13780555,73840209.73185003,56926481.60112202,252847369.4812612,487651235.95203876
93574137.81969224,87353572.6239752,65603807.166678175,234657253.93417746,481188771.54452306
89390133.43787259,75215930.63041212,72766517.87635943,353218517.2162208,590591099.160865
101957758.15449077,90065115.34947051,65303695.25989111,297797067.41951823,555123636.1833706
73444713.6057544,63985967.080533355,53559931.08616439,253438787.42146525,444429399.1939174
85985272.20281795,81159869.41408294,69057406.77333747,386926856.4808081,623129404.8710464
95687139.71543327,81036943.61436139,65978911.18839253,284928150.233951,527631144.75213814
68557812.52158454,72628295.4470903,68709202.69446908,315991698.05346894,525887008.7166129
87816755.67427562,72880665.57158484,87430403.88348702,274231560.48263335,522359385.6119808
98101098.46873169,95492463.04793221,62713984.75696687,265274516.95703077,521582063.2306615
73330602.4871846,60925745.67341774,56848273.364187635,244949568.03882062,436054189.56361055
80988685.05132042,66636844.047608495,50931831.290048026,285130331.1845019,483687691.5734788
86111578.64248766,79160378.50956704,71981889.90279403,332960663.1107303,570214510.1655791
93711184.0046905,75041535.36909355,63296937.896279216,324327504.4116382,556377161.6817014
101058901.79991065,75861671.13644527,61337937.72828674,295123264.19915193,533381774.86379457
91168252.68574993,80725476.46394219,81750161.80183053,295080085.6333415,548723976.5848641
88315156.81627437,84572515.23246506,49441040.0106254,296161156.74773115,518489868.807096
86367799.33454436,58998037.239296585,64085995.38774486,267774634.1133998,477226466.0749856
91868635.94687057,83232121.95612809,66786278.499649554,314434130.29773223,556321166.7003804
107732834.5346214,76531532.28383596,84058103.55457185,382461412.8302383,650783883.2032676
85731711.65005545,89429626.5531411,71786095.05351138,323352374.94180256,570299808.1985105
72262756.01094441,60638399.17973577,68518126.02841793,292424842.53468496,493844123.75378305
81132614.58175728,63904495.25593627,63192029.05165753,343305484.80633324,551534623.6956843
111516060.9905749,76774312.00662853,83495793.14628752,322938515.41435546,594724681.5578463
60224758.88902183,80084635.61295882,61805742.67587552,309285721.8032841,511400858.98114026
106970062.00380388,84329765.54774371,72209410.32010756,305052822.23868585,568562060.1103411
81805329.4414787,73094812.97301102,66496831.94610986,297116416.01851994,518513390.3791195
94175126.38587697,84063756.8316046,82241207.75696857,385050790.91952735,645530881.8939774
67374311.09623303,67839922.30262241,66690690.77453646,290822492.2377018,492727416.4110937
85519300.75583738,63484567.35452882,57412475.03043609,312861811.3676921,519278154.5084944
82761363.40824094,83995931.20668049,68245695.44135545,335855136.53451437,570858126.5907912
96764583.52748042,98263318.29283606,72294336.88490358,335363011.65227735,602685250.3574975
134282983.23693594,84295173.88011733,69959570.61951995,296471144.1773475,585008871.9139206
90063693.41301616,73667307.6156924,59105185.20825779,305550681.0939974,528386867.3309638
94425850.11407912,83691515.0121496,73737557.70361088,347201967.5350662,599056890.3649058
98734726.68054123,79658642.85256042,67559296.58442369,340716861.6755277,586669527.793053
79595889.15888484,75572680.98994237,65593578.912333384,335826050.98191303,556588200.0430737
87403416.96014558,82365768.7732261,73508136.62363663,295376817.2573047,538654139.614313
70108708.18052168,73767192.45015667,65457015.596928366,271637940.24538577,480970856.4729925
82654386.76311575,67026642.79854131,59802900.52831049,316104291.2750398,525588221.36500734
100654073.29252817,69494130.59830093,63080862.21907061,291188340.4562057,524417406.5661054
98775730.67037623,87728067.27033316,66476756.66928984,286738446.78958434,539719001.3995836
115664592.71751426,68363722.67472684,65125911.126345195,282148426.5113944,531302653.02998066
76655276.4952722,63176149.04021584,63558079.72234577,307338923.3192072,510728428.57704103
86931214.86858323,83282245.55624603,67855371.34374054,342937656.9050814,581006488.6736512
98604630.15066868,74027606.34365666,57394572.58889639,271308431.243662,501335240.32688373
76088225.47854775,63614959.923737615,51013715.35238476,277073478.7729967,467790379.52766687
92101936.28599678,84818986.13025478,71478771.0460807,292788750.9395216,541188444.4018538
91971150.35659419,66998802.02757868,82572490.53854218,331329659.6643612,572872102.5870762
87996991.96332265,76424812.2665197,71280507.3888992,324131976.52709025,559834288.1458318
73064374.25807874,73539038.59795228,81118440.08692962,355189197.62641233,582911050.5693729
117112341.92759201,87297276.24093631,66756385.73355266,296265552.6297421,567431556.531823
91793199.2829378,73617436.44625664,58343955.05349383,353406509.5731798,577161100.3558681
87020266.54996894,72890669.53874032,64565979.21128242,277280899.9092766,501757815.2092683
131434797.12426496,78155076.25021657,77657135.15991062,317502607.0277187,604749615.5621109
103801792.13186318,74574221.47218873,73033650.72376122,305463430.5912467,556873094.9190598
85570873.97813103,78407945.15248029,61842457.17125681,313813568.958557,539634845.2604251
89818492.70546043,75125648.21720262,65070834.60213256,287482037.99392724,517497013.51872283
89452678.21229804,78851304.97156125,63363722.011153944,336016469.57360333,567684174.7686166
74215203.1744245,70866630.47607513,51854774.32807006,286471017.70331615,483407625.68188584
79849513.5094418,78402306.13263479,67662219.8236876,287783416.7578499,513697456.22361404
86835877.35696334,84618048.02394979,72735795.08670154,321788842.3742079,565978562.8418226
80915173.42255294,70606578.01271872,61998905.75177149,303700612.29296094,517221269.4800041
72191858.68028678,70155638.15441146,69380428.1313421,351247005.1219724,562974930.0880127
73014443.53476936,61608868.992527455,62606228.69722138,271848022.20807785,469077563.432596
80954807.02970788,84923387.63552381,83948978.66093342,286002747.8773133,535829921.20347846
95040185.07547756,72528582.2983586,60949560.081489205,265512303.8702864,494030631.32561177
92825141.40656444,69718728.79984823,63589094.16044587,314322766.09867316,540455730.4655317
82967369.24908653,79343740.1404428,74215507.53305343,321309663.3630003,557836280.285583
93389219.68153253,89512697.0381353,67109614.47685122,337540080.11650515,587551611.3130243
79625903.82844628,81654239.05095097,68303276.27931015,357367457.5258836,586950876.684591
132624214.23392518,87661825.38792011,63598927.91950416,381539135.0584144,665424102.5997639
100476901.12520626,75004408.63986571,68517736.3972837,312222822.7331851,556221868.8955408
80148084.53575596,65971563.28064912,51993654.980997905,308435133.3495565,506548436.1469595
84322573.3777349,71948725.23968336,65962464.29465029,253464143.06489655,475697905.97696507
109702521.36471003,66593717.618258856,63554747.533028185,365322182.4558057,605173168.9718028
73480638.69066022,83208387.9415659,72634125.99404544,366953365.09398323,596276517.7202548
73382507.30160148,58960002.523058854,59331544.07762427,326991238.93569523,518665292.8379798
80477489.54834712,64292825.039982215,76296673.69615793,324768848.95330596,545835837.2377932
96920401.95718369,82329356.63478926,75779033.7885217,357387050.9877229,612415843.3682175
81916396.82296747,75984056.01426347,77619964.68094659,358835545.8621204,594355963.3802979
82929332.88132727,78816926.81477398,66083815.82173427,326593394.5515751,554423470.0694107
91510616.76330487,67769656.03798492,50982982.59990319,261421117.9891264,471684373.3903194
75910892.26834387,57127597.78554123,63033507.73206828,331158270.61436033,527230268.40031374
86537722.9171847,72008780.25427689,67054629.037111,300529030.5651054,526130162.77367795
92541338.74683969,71551731.641092,75581339.0596872,308194483.2894907,547868892.7371097
95246560.10733399,87654154.06081668,62274768.960198484,277686904.9295056,522862388.0578548
107260471.99695176,93965513.03336725,70661249.4845812,285589177.2751117,557476411.7900119
88968327.37055638,88251787.16141655,67812015.26770931,361895874.3135474,606928004.1132296
100312656.80283293,65478785.12562726,56545564.21360798,261140479.7631065,483477485.9051746
75587594.30677357,78764046.1197191,60533226.51132987,320194391.29715896,535079258.23498154
71381528.9178719,65516732.50552374,69248687.43815328,324817475.12053895,530964423.98208785
99539705.72371641,75161314.88965866,67238023.4870852,267746546.67822143,509685590.7786817
97896319.47451572,60565682.05528354,63988355.5202574,321545822.46586484,543996179.5159215
80843124.28937665,63352385.20110003,68698085.32771103,342559742.1988873,555453337.0170751
112499918.39745274,80398029.53325744,67433961.09683438,272116569.51898456,532448478.5465291
104549351.51971051,85825260.7643428,69487776.88922217,292730178.7650089,552592567.9382844
77835834.93318914,82053494.05207905,69219463.11778352,273419219.1586922,502528011.2617439
80896084.8568408,73808759.29518835,68462056.92384955,322934019.08133537,546100920.157214
88927992.35913208,72588947.07664423,59583736.63347938,304046543.95499355,525147220.0242492
78379707.21832459,78133287.34642439,77691536.95641007,284492120.7437224,518696652.26488143
101304082.19795017,81360474.47984992,54144358.85623723,278959774.6346141,515768690.16865146
76450861.72094914,65966388.84982429,68341330.06091358,305004836.5239624,515763417.15564936
82093577.95260556,68245465.36888409,65674413.599832915,315094718.9417804,531108175.8631029
74033311.90319057,67993949.6848557,58307146.93683603,268405783.03703612,468740191.5619184
103229944.04378517,73551828.97571771,75364597.08884586,306471570.70424455,558617940.8125932
79900929.06222594,58100057.613836534,55332293.52830988,313618504.433186,506951784.63755834
82913279.84615993,86271126.66041234,67233511.54085127,268744647.3458252,505162565.39324874
99192794.53140162,75964939.82526799,63595857.457436554,275566039.0293041,514319630.84341025
89405419.42194752,72800105.21665174,67941829.17399807,264269754.14115304,494417107.9537504
83880757.23011194,78121650.73753239,68106192.50185867,350207195.7342505,580315796.2037535
106403934.83766581,90460117.15969932,66327233.83917439,333635331.7071823,596826617.5437218
76135427.03899801,80041525.79418351,72844072.94703253,347247376.984855,576268402.765069
117090767.69734702,87173816.81354658,75296851.43455024,289003134.81486475,568564570.7603085
74467828.52146551,78653160.92631413,53417701.186997876,296883888.3385613,503422578.97333884
103331863.0076244,75225684.70412946,69967684.3259874,318040660.3807676,566565892.4185088
100657104.34633173,88451817.88711655,57073436.18636951,311500946.38619167,557683304.8060094
93261347.41848557,90905273.67679764,89617069.5794269,264566159.52210352,538349850.1968136
76572000.22637886,79473001.44355957,67674817.25135572,296856944.21525615,520576763.1365503
118287185.00567134,89343000.57371658,65128880.03443463,264550402.1384708,537309467.7522933
87943134.72653267,67423791.83419506,56550497.685016185,320864282.83335125,532781707.0790951
93414384.7491458,77617938.66630477,62020460.725625046,309290185.13369924,542342969.2747748
98740339.2313894,68509277.41988166,58262027.46762268,290168063.0693261,515679707.18821985
74710595.31527397,65431569.946851455,70291998.67146532,338813536.6885934,549247700.6221842
80920921.09698828,69229944.8982558,61708982.629158854,305512040.2061383,517371888.83054125
100675105.0001178,82915936.83781691,75482905.97227892,359288508.0304351,618362455.8406487
82702714.30929178,73328904.14932206,65671223.52861532,321484056.67228943,543186898.6595186
91163827.83734232,74802947.67351529,63868931.81257194,318487209.9884726,548322917.3119022
83096132.3714635,60772991.73499325,53279190.48064873,225583882.59261894,422732197.17972445
90773995.49133782,95551078.97749434,65079811.92511098,272269836.78062254,523674723.1745657
78551504.64584002,81323004.74984446,67426721.93488233,355655630.83316016,582956862.163727
106617283.72054659,81883598.05875984,74177225.78511691,305527051.22285956,568205158.787283
92917745.00610587,80029914.27461673,72825751.36417711,264203012.00373864,509976422.64863837
72190108.45263818,62535794.19383392,55022166.497649126,281757712.02860415,471505781.1727254
99464815.850524,73309659.9661972,60789863.02994705,366284873.58888483,599849212.4355531
97448023.70534375,93487883.39094806,78533177.5883962,274487632.5910557,543956717.2757437
110562417.0028618,94031843.53790928,69881227.30099599,379717017.9567614,654192505.7985284
76433941.02570106,71131368.89312498,60253284.649693765,319775563.92938936,527594158.4979092
91142068.16339307,66509577.051679455,75027307.6079389,278998175.72378355,511677128.54679495
80179104.34574056,68417389.79904214,65678011.6799991,280439979.83090144,494714485.6556832
125561694.06938146,84882734.19433036,77924707.5055057,385663721.02280444,674032856.792022
107842575.19491635,75630919.8231532,80583234.31433347,361181281.0602182,625238010.3926213
113009001.88723668,77803753.95060231,80991683.70755328,311073731.17579865,582878170.7211909
86758676.97321859,80654008.0531711,54982419.2338579,311705568.824547,534100673.0847946
84110464.26533183,83986425.6645004,63593114.878051706,299772396.37403685,531462401.18192077
110156963.90922049,74875646.64577267,75413500.28544712,318185622.2890651,578631733.1295054
93024144.88175015,90791033.32955052,60136296.77816739,291316031.9503766,535267506.9398446
70422109.74680516,78807768.3307672,75498844.16793023,319826826.42020637,544555548.665709
78414224.48506452,79318634.02083282,68743202.11434293,257451212.15938365,483927272.7796239
92145723.548486,83472950.84686208,71785642.07409427,310458137.6905378,557862454.1599802
75769034.53146432,59545725.31028873,58648610.482522726,310583018.06895095,504546388.39322674
87505759.25409518,84863723.18805565,68737830.27290753,311574863.7998831,552682176.5149415
99641352.56458709,75220400.32879263,72984632.25490539,282712119.8192734,530558504.9675585
83610636.75541562,76469125.43880084,55598159.998285845,312101979.1561166,527779901.3486189
84830926.9961942,63739441.733790696,86362368.50301926,328595274.08862,563528011.3216242
75394356.3046743,73373588.20727874,63296635.942426234,326687467.79659367,538752048.250973
93477929.12306254,69586123.75121517,66931977.10039093,322623755.1623559,552619785.1370245
95774655.12656069,75653460.36839248,60611605.59669785,355603401.7782007,587643122.8698517
95607236.3436084,95293726.06950282,64877756.657136925,258500033.12146598,514278752.1917141
82521376.64374745,68481934.870229,67285760.55167934,270785556.92122597,489074628.98688173
77377972.60627694,71102082.70543526,61753577.70306218,246409658.42810526,456643291.4428797
94827634.57777554,101634065.40554579,70388707.76163465,388352661.2052777,655203068.9502337
102592451.97341576,92434867.88785656,76785884.6271711,389474319.97894305,661287524.4673865
80819716.6685903,88378759.37881395,71385543.70218375,291018788.77338344,531602808.52297145
65362523.190875724,67004560.48018897,61016639.282959595,215717040.28994393,409100763.24396825
90711512.17144711,54596066.13894879,62489902.51511838,332932684.45313567,540730165.2786499
70323983.2246188,67626274.83594261,55848592.30333027,283652577.8401999,477451428.20409155
96576130.93722647,66012461.31541733,70347616.98290816,310642970.63126975,543579179.8668218
101572148.24409193,74453050.25023578,72177389.96445535,389564770.53643143,637767358.9952145
101358262.93255118,72240525.90577738,74871661.31365971,342312681.06164724,590783131.2136354
96209192.32456183,77192528.42130493,68449190.85937673,283019781.37414646,524870692.97938997
84087782.43835372,75286770.93055463,60742148.9326416,274924244.9542921,495040947.2558421
74375830.62768947,71940421.13550645,84527209.61321197,359631899.86510235,590475361.2415103
98388918.32345918,74607066.1942823,62297270.10770651,282946787.7501618,518240042.3756098
79242907.14248738,73636116.80534658,65398849.87763168,264000005.45106268,482277879.2765283
73535466.59981747,72186974.25168964,74883651.55179535,297001107.374328,517607199.7776305
83118299.64257053,76469782.86744654,70964147.92670372,292323235.0700275,522875465.50674826
81476474.68499982,71266288.24438204,62424485.071205206,286081344.0401813,501248592.0407683
103896363.57412626,80098643.82386181,66981680.70962049,296315379.8953233,547292068.0029318
91823735.52466838,62340236.82335787,58248253.79109047,248584052.21263075,460996278.35174745
74179795.19216529,79208214.32788756,65083401.22388459,329864486.25940025,548335897.0033376
65127223.553513065,99454514.74058934,71188992.87408571,279584261.9642885,515354993.13247657
131392196.48365477,87106121.59441775,76696508.68290055,335047201.72166026,630242028.4826334
83316621.69671531,82155863.17921166,80642252.56596932,365033648.0404424,611148385.4823387
93751723.54485972,84693142.05749492,64082904.502240084,272709441.9553032,515237212.0598979
80549254.61187553,70959917.04301266,66688337.92392533,375853661.1944709,594051170.7732844
88519088.49029133,69038632.67243569,54596065.92453942,331806378.9166224,543960166.0038888
107886972.54894708,90427415.26959296,71595146.61247742,320933715.1189969,590843249.5500144
82354654.99691485,84600873.54241459,79132001.45505059,265297110.8384395,511384640.8328195
117508415.04774615,114631513.33400483,76025674.42460467,328153448.69020736,636319051.496563
86793656.5317292,67397174.83566406,60441976.904520795,283419799.76200396,498052608.033918
70552425.85235812,70609593.29081741,60938424.30738421,318960332.0550208,521060775.50558054
95806858.94871816,65765302.18724788,72226360.06473342,267594057.1037531,501392578.30445254
93980761.99572623,82649477.09009632,63252062.01217197,312629034.9565996,552511336.054594
92091560.2275155,81345812.14489488,66802219.96400948,303872588.34392315,544112180.680343
75732094.00947696,77221347.48488455,66377216.15187917,329023656.51489264,548354314.1611333
91979161.15185292,76864084.06496404,65093859.112484,244990711.80986285,478927816.13916385
94960584.50391033,86312811.55831148,71782879.76734999,269038628.81618744,522094904.6457592
76705388.72644934,72054816.4456023,69655947.75973047,247510456.45957938,465926609.3913615
86837749.94544156,67552851.41143087,61974244.01534178,335787675.9322624,552152521.3044766
90010559.4985143,77622440.77390249,65542531.73010982,268706544.9588859,501882076.9614125
96353608.57441756,93188288.18783872,68252503.51339163,274925343.8120079,532719744.0876558
84767101.34829183,96586344.07223012,79166187.77850513,414429543.084467,674949176.283494
74315912.9446266,73054875.16981173,60620760.67560448,275472390.8906687,483463939.6807115
72999006.99072465,81536088.48680289,53725157.08987856,319416085.1044465,527676337.6718526
82483093.56063618,69099386.04782555,60114865.68977822,291716563.2451823,503413908.5434222
91270655.78913318,86051631.75435753,63237673.752708465,323364854.4129554,563924815.7091546
94749053.67206483,72408750.42708807,48217930.658113755,301554603.7157107,516930338.47297734
96982087.44821946,75788004.03238282,73977409.97169662,286628788.2288426,533376289.6811415
85341620.08986537,71988849.81813753,90225622.17506482,281203523.36482066,528759615.4478884
99786767.45745468,78714279.41026738,60017556.86193596,322253664.0689899,560772267.7986479
80239398.22450763,72272555.89554566,63993904.79383719,303522172.9281824,520028031.8420729
82165691.81654371,72060103.55384354,65288675.39356617,244567363.5323634,464081834.29631686
89457679.94968393,83448276.26841566,68990369.86168425,293960992.16737443,535857318.2471583
108904566.22024804,85280835.16628931,59006662.450972654,274112662.75653994,527304726.59404993
84162260.69254343,85019335.6434614,59060744.13759043,320723889.14039147,548966229.6139867
88353358.20952922,70040838.45198779,61530426.94857896,410301656.7467085,630226280.3568045
106752888.19440381,86071242.4178042,67634272.44447212,270764502.15618813,531222905.2128683
74620495.50488874,72315507.64831667,62040877.61519844,253662080.67651013,462638961.444914
80027267.81746618,81969268.09679045,63970771.098595925,309004618.08851564,534971925.1013682
85199535.9454405,70815938.3305315,58852525.59623867,286282704.9091565,501150704.7813672
66360299.84384036,68006110.50135514,60663197.0251628,291434942.36071944,486464549.73107773
70032325.28846046,67965592.51721823,70767400.27771129,414362408.91546404,623127726.998854
55874812.29935465,63181726.796009496,66642626.95629875,334189038.362175,519888204.4138379
84390369.56310381,80601956.67249931,57627585.92221824,318709827.9006279,541329740.0584493
88981100.09880842,87283880.45097345,87095795.8082474,346377386.79984266,609738163.157872
102090970.21787597,84859359.28408512,78927425.2739939,383336060.6664292,649213815.4423842
113377761.97666503,97125131.04364972,81201062.36834055,335447968.99163413,627151924.3802894
91705452.44652614,87187663.33075425,70950754.05515316,293641157.60123956,543485027.4336731
105713698.66228113,76233481.56143032,82595736.81013227,384789962.94315493,649332879.9769986
62103222.384873316,62116433.24870696,53851402.6203666,289550387.3677462,467621445.621693
76733126.10086247,93230529.29644738,90670045.77479638,321574261.0414021,582207962.2135084
74213607.12996018,65648184.59363253,64166386.45728454,230668547.36415592,434696725.54503316
68302922.68283333,71989226.7363418,64284475.70866094,363753273.6567988,568329898.7846348
74335125.21123941,87915803.93180059,70500415.6218725,270975735.32681054,503727080.091723
128055285.18799609,98481381.30045518,68361803.57966724,320470470.56562567,615368940.6337442
91072465.15046911,69417880.04272741,80433227.23723608,306963989.1263603,547887561.556793
95531579.10749058,84959594.85774799,53863576.00841632,259560971.65206304,493915721.62571794
101363557.5799529,71118165.0167496,59885727.90003515,304262014.5730086,536629465.06974626
83059806.30431624,65401730.67251944,66303102.88926576,361007395.91591465,575772035.782016
74107707.74357381,65234583.318410255,57487759.43755974,292183992.48040587,489014042.97994965
105590598.10265751,93017616.55779026,81370409.6166584,286598625.1044642,566577249.3815703
92386883.79676636,92971101.26481764,79441037.37682337,316787460.1551941,581586482.5936015
76371356.27434045,76935582.80616051,68509848.20047662,318577249.0149813,540394036.2959589
94673731.3683272,75587571.83481677,60465658.70436393,263858845.81677517,494585807.7242831
103771262.03880443,76219917.10350285,76233046.45609161,283425957.5051754,539650183.1035743
84294585.69435196,71302803.55361077,58432274.42535622,293540416.1752155,507570079.8485344
108947402.05972494,88706305.41241442,70328871.381711,340756653.3755662,608739232.2294166
121693734.30227254,77909895.67471643,66284605.94096142,264729103.8205938,530617339.7385442
112125609.79519619,92476071.95436487,58672676.62087817,267061213.44820186,530335571.81864107
83475321.88900161,66819939.172261134,55013130.039727755,293187110.06240016,498495501.16339064
99902530.42251076,77668157.42873153,60654247.24945653,277416348.98238873,515641284.08308756
117502617.13139695,72877728.8184365,59831009.108450174,281365204.8849201,531576559.94320375
85285592.03943689,70446174.40048172,54617472.07254049,332720074.5102853,543069313.0227444
72296682.9896003,80419897.66853045,62349885.88269831,371312063.42825323,586378529.9690824
72601177.05633628,85640500.4814771,82491381.63995102,328156165.4933275,568889224.6710919
74300331.53112242,89364331.27507931,73325155.92885853,383634810.20486844,620624628.9399288
67834171.84967196,74160144.83326456,70261755.83939104,343661247.4195133,555917319.9418409
86225549.33021419,80124673.55623661,73415704.34302524,355890772.12440133,595656699.3538773
92975760.85900114,83361265.81964661,68689969.71374148,293839090.4645036,538866086.8568928
85286085.13847545,72010720.66662623,73455863.38791046,241789024.84205845,472541694.0350706
102207243.06455874,82198794.13932171,71273339.5961892,396501966.42790943,652181343.2279791
116934537.56582624,77970708.80425835,65676626.45610117,251484475.11831737,512066347.9445031
86062792.95502643,63258737.671737984,57256559.14932774,341390367.5800625,547968457.3561547
76356669.46239218,70569212.58779342,70394486.24889785,296161591.22501063,513481959.5240941
81241941.32080415,77468967.92573634,73030640.73950055,367290130.66796434,599031680.6540054
83692406.12875323,74900391.26294953,67009294.44116546,260179652.07054025,485781743.90340847
84671456.71453248,74726496.40601452,62906091.81533257,331704132.19454473,554008177.1304243
107842886.36177593,75911277.86012624,69200424.61572453,265119127.20886615,518073716.0464929
83060686.87745535,81743676.906386,64000343.40221029,310801742.95722705,539606450.1432787
78792623.25693308,60514566.12100095,54273206.45071895,227847339.16465843,421427734.9933114
80173167.69626153,74419376.09550042,53648290.994286925,275298265.4500699,483539100.2361188
93176892.79891157,77794252.56084025,75590621.62721372,312351485.19955903,558913252.1865246
96250429.87474307,81352117.57262316,65201638.10857955,298850910.3983096,541655095.9542553
83281172.92930485,70042433.05282614,70304646.7828708,275177687.4068756,498805940.1718774
88829516.80181578,79464014.9513026,71112359.13698299,320823469.5299763,560229360.4200777
86677285.20223975,77624743.16795012,63420844.363928966,354464960.42094094,582187833.1550598
90825285.04162863,72555843.87438169,55570422.35731754,236290316.1055348,455241867.3788626
84221386.75346933,75061174.34373806,75684275.16366884,257847336.9608019,492814173.22167814
83340553.74712108,70468721.31725363,65130438.47187763,293862343.362233,512802056.8984853
81009006.25485022,79743304.97482033,58398987.74493578,234649741.71257627,453801040.6871826
70006100.5614352,70254143.69774775,56773423.637894854,278046553.6837783,475080221.5808561
83046020.14835887,71761723.29705428,59982625.687726974,239411388.03434613,454201757.16748625
100984472.77793735,69280665.43830524,61924316.9536076,269378197.0849862,501567652.25483644
84452943.45063098,73709053.94766903,72340437.31180231,298889863.0483625,529392297.7584648
83449215.07036059,96998916.47419491,77499249.18696195,319578079.39124703,577525460.1227645
82538554.24647416,69399052.36897157,72062224.55570893,335932626.0046913,559932457.175846
81852227.51404636,69733144.35637622,68616528.85998286,309742180.84271634,529944081.5731218
126872149.73921357,85968983.50468852,64643911.20567896,336852824.48028135,614337868.9298624
85374131.0927814,76579112.5555748,65138541.09033481,284704176.1733862,511795960.9120772
91564977.05294679,70778186.56097175,58237219.93344917,297438160.3897869,518018543.93715465
114347544.11555524,66127876.9398901,52185129.46292311,373782209.5526399,606442760.0710083
66954216.102099285,77557918.12587517,63070655.29976412,282010697.9806958,489593487.5084344
78111011.6580285,81346779.48205994,61384058.864611976,260638017.98021385,481479867.9849143
110145059.0857302,81001498.98413932,72998632.7313811,272296661.434922,536441852.2361726
108890959.39870526,75391283.78486514,113563141.86646228,362664037.42449206,660509422.4745247
73597145.08576228,74305518.22355393,71438148.1845765,291744673.9784351,511085485.4723278
67444666.54022112,70583434.23771219,57940408.285892606,257247045.2393513,453215554.30317724
85701828.56331284,65543508.807890125,61747625.37993296,297517521.2504206,510510484.0015565
76614163.6461479,78045709.57090549,71655093.85643277,275619594.959471,501934562.0329572
69160563.44224668,77065049.60960014,70824684.10731812,312705173.07017124,529755470.22933614
93215809.01136763,82638109.45062977,65193870.000870675,307667483.6556774,548715272.1185454
111836737.71473195,96237420.07250133,84604820.08335212,400105771.7556899,692784749.6262753
65949308.84510145,74989915.92753264,65022578.63766335,295767810.9582008,501729614.36849827
110191232.92296886,86793661.84470664,66417089.05393405,301899741.2601024,565301725.081712
82903928.11601599,82037579.31710482,67429077.18946731,359659487.02304566,592030071.6456337
93197927.30670008,72259136.27610579,79061435.51140413,326502985.58896995,571021484.68318
78962893.76444954,68167346.26432683,58720099.813943475,304875537.96858776,510725877.81130755
83000620.47771563,79689008.92663686,63687040.03164785,315741621.63636607,542118291.0723665
99572241.10807908,75592023.07136601,60809119.69620517,288746632.5348299,524720016.41048014
68993619.82337886,51569025.160908625,55656509.141240604,332057379.8745582,508276534.0000863
110656805.034157,83575163.41366763,69650383.6095647,305399916.3799133,569282268.4373026
92427345.70247671,61855724.502028726,61991624.02587972,338126222.1194997,554400916.3498849
67554162.99263185,77827573.93793485,64483289.79989177,297018299.6692607,506883326.3997191
70576760.27659132,73961030.16057982,64385832.972194046,340555515.8472085,549479139.2565737
76519920.54991539,77218741.49567977,60173276.50717708,307513684.5005457,521425623.0533179
67144005.14255905,70028734.87119119,53464880.78691213,336811007.2246066,527448628.025269
69104557.28315638,70888795.1086514,62487592.05047018,278151347.66950524,480632292.1117832
87048389.2195249,86382256.03430235,60891035.0118171,325086363.3227502,559408043.5883946
97021679.52225249,68480410.81509933,67625375.02824466,256681145.1807331,489808610.5463296
83348198.2765121,74556289.1674168,56782470.19562957,340118735.04541475,554805692.6849732
73936779.57730034,83178735.58751068,77110370.63495362,373331720.3288705,607557606.1286352
122743259.62926942,104638249.51042542,90128439.96913002,337039294.29547036,654549243.4042952
89302396.02962075,89166216.36588348,73202371.1343376,281137188.7832711,532808172.3131129
98592116.49850726,86734616.23487766,71852107.52554895,337176333.8834441,594355174.1423779
76040384.40024787,68231256.48485458,59346759.63808511,343589345.2480428,547207745.7712305
109371165.53385729,86982712.66176556,75523312.15118822,324008260.10265666,595885450.4494677
100797357.89767289,66003623.37210191,63558109.73863469,320461158.9869945,550820249.995404
87548275.90770207,89594632.40339199,73990877.52791011,294647581.8536501,545781367.6926543
103331286.54423389,78475082.87786065,67174628.08314463,361321771.36592317,610302768.8711623
95293980.51678145,77240645.99925202,59752074.62220468,278032257.6543559,510318958.7925941
78264380.65500171,67704888.88956273,59179721.8599904,293084268.88575965,498233260.2903145
108858038.72149086,85317146.5440808,89787015.4048916,256540973.03976908,540503173.7102324
103819646.44331343,88210324.89791234,64676514.75902161,271973762.9550317,528680249.0552791
72922589.71194507,55188813.7832413,57225730.610974245,291668802.9602016,477005937.06636226
100004616.8953348,84571066.2301662,70232991.17591594,256567614.05153316,511376288.3529501
93473920.37956524,71340114.02725138,64881640.616502725,300955314.2153998,530650989.2387191
98483360.56503148,83279735.18895607,69190637.78205776,274139049.3230953,525092782.85914063
80941514.17593281,68762893.69723359,65772992.57516217,314002471.0978327,529479871.54616123
96192002.71769266,74408820.2720446,66116941.07239978,229634731.48858804,466352495.5507251
91948761.72786093,75354105.07272826,66712149.70802615,276117976.280574,510132992.78918934
88097931.92171691,94208909.14423014,62695002.95949074,277066726.7692247,522068570.7946625
107238911.86090142,90543882.74558279,68434309.2395028,284000114.8876928,550217218.7336798
80163526.90692598,82304565.11845803,79517631.61795473,352104876.381547,594090600.0248857
59247190.75086048,70002499.87634592,65678280.435633644,322514643.56933177,517442614.6321718
91983373.68884516,74683693.51281284,72811684.7316968,311475810.646543,550954562.5798979
97737704.59883428,73551737.05885287,70843537.8007585,261643476.2561832,503776455.7146288
99057196.54909374,71314952.35244021,70646756.10568705,253394796.2629691,494413701.2701901
96048378.95665005,74774585.94483651,68780467.8883631,284604098.3224755,524207531.1123252
105180173.01549889,77335481.59083503,65710583.09683643,303859832.0646893,552086069.7678597
73298284.07426576,80272387.16667323,76574032.21024834,273195781.81838155,503340485.26956886
67822253.78317708,70975585.55111489,59856026.38579156,255895234.6009516,454549100.32103515
82894827.40705408,82852769.5032215,66918263.48756759,290549818.7664321,523215679.1642753
102781192.36726432,77503463.018595,70622302.88238841,323042205.9893022,573949164.25755
79438406.0504146,83380931.3497046,58068018.81143146,281437720.55574065,502325076.7672913
81055469.1194739,68627960.20318735,66059420.289303616,300400097.4027068,516142947.0146717
83592551.68714619,73649669.71127175,63523438.55925931,268564710.6763083,489330370.6339855
61563079.652413875,69558721.48833032,51798540.7871655,280750714.6810962,463671056.6090059
90632791.72947723,73405969.3344337,59929041.25422381,288036077.86680335,512003880.1849381
74804516.9843089,68245519.25178283,61608982.29596528,251201507.47093248,455860526.00298953
113523368.69025795,82811283.92481627,67527783.16203532,388152829.46123475,652015265.2383443
67570476.41879003,66054820.50425389,55664765.12723499,345663874.3836736,534953936.4339525
83380251.4301858,57224460.90276002,58436241.50690446,343859525.3709972,542900479.2108475
66872422.30944625,63977061.61137132,56162176.788150944,309382030.64839065,496393691.3573592
81485375.34522942,64551151.848715626,65604339.92547906,342367728.1395435,554008595.2589676
79868654.56724659,71423497.23310773,76165061.31552514,316890038.0321167,544347251.1479962
88412582.77017008,77983118.45001233,72863444.10485698,328292604.8516191,567551750.1766585
82297481.42714438,83872890.71999855,73854512.55034772,285503901.9610936,525528786.65858424
63515745.89779484,64050329.20022975,57753037.701775625,315247012.55955386,500566125.3593541
105434597.3435491,90305510.65462595,63298600.339373656,279150855.79236805,538189564.1299168
72440243.70224914,73215570.10907082,90103255.48402974,351903844.3752301,587662913.6705798
88563591.66556925,69273284.72478542,57554930.95731676,274932363.2208182,490324170.5684897
92611514.19359061,86730678.90592575,81828969.37256385,341031559.1125097,602202721.58459
74162887.91485387,62173927.15401744,59787832.178681,239844084.6760884,435968731.9236407
59154935.33457968,71173770.20807748,62465992.24114822,301152978.65861875,493947676.4424241
93801866.03938396,81339131.02124609,62026995.17036183,314088288.31332505,551256280.544317
80442884.83070141,78502245.99036008,58395910.29898712,358442679.8820089,575783721.0020576
88192400.87575291,77522953.11613742,58372840.24256143,243731457.9849138,467819652.21936554
97153428.15786128,89130099.98067915,74082733.14970753,344379662.123623,604745923.411871
101589115.8189678,68168175.66658628,62405621.36936572,290375547.9328395,522538460.7877593
84612668.86209647,79562453.54995063,63193601.05966004,328078531.8281795,555447255.2998866
108406609.49327476,86671877.5772093,57484043.915860385,275440358.2493951,528002889.23573947
102787688.70284304,73014178.33452569,69259700.65036273,267327582.46933183,512389150.15706325
97662338.79950571,94172354.42479093,63984489.47047161,344056767.10761833,599875949.8023865
87938399.88177173,76695541.9540974,69911997.54300113,352972442.8595687,587518382.238439
100114032.12014541,79742297.06303546,75624337.83773029,308183193.5808245,563663860.6017356
83974558.19060451,73687149.4356859,71898109.3510105,295095951.9478158,524655768.92511666
86414760.05762024,85138274.3156795,69371740.26075304,355559838.9831175,596484613.6171703
79398947.85770245,78365220.24169005,77665044.62144135,313542102.85934216,548971315.580176
93124730.3170638,62597851.633797005,61808671.16413208,282446516.2958576,499977769.4108505
76452819.37248647,87819616.05323644,58475275.02827406,308818104.0002871,531565814.4542841
74877590.52686505,71841042.56763826,56527334.88800432,295602792.999935,498848760.9824426
108491755.82490742,66339398.415121,62340800.78638732,280551591.2955305,517723546.32194626
78791683.07644618,78350205.36888607,70736344.93282442,241555202.0853455,469433435.46350217
83090044.00294253,83850736.82374716,60138075.89662015,314683717.3363417,541762574.0596515
83832187.71728183,62561438.63835752,58702210.29269909,314789271.0275553,519885107.6758937
60475139.011605576,70133824.30569014,68734091.19480087,330731077.687897,530074132.1999936
117329175.77894601,82164984.22527912,80099770.08588207,370230631.12603474,649824561.2161419
84957949.49722514,67664498.71217811,66961285.211213924,250090045.65526828,469673779.0758854
90553188.231274,81096449.46378845,61960531.44124044,291489495.23774624,525099664.3740491
96644267.46798718,74272357.90862843,65932989.13148609,280592190.0145183,517441804.52262
70793798.79933724,66835558.400200956,58624857.404468015,334482424.82258266,530736639.4265889
84326826.98043321,70310750.80288911,68553872.46305142,363286529.8444991,586477980.0908729
83720120.03422403,71041951.87246989,69870246.93752886,315845754.64594454,540478073.4901674
75104292.37337369,73801074.24060887,59462716.84342557,302765589.57625675,511133673.0336649
97948430.66427717,86698244.07915236,70460149.94634895,346716341.7237193,601823166.4134978
62642502.64434304,76157369.19761823,71387219.61020954,320750743.9160777,530937835.36824846
94417122.41204962,58862775.49987478,72357949.04532668,301455243.3813535,527093090.33860457
75434179.19010125,55214266.64899763,55860464.097895585,282220929.1204886,468729839.0574831
88868089.10514106,62073916.81101131,63371358.12919553,281756348.6548002,496069712.7001481
82260815.96307121,85821280.51624918,61671265.426061675,303701631.4950368,533454993.4004189
71662398.84642051,71480415.29522236,64708862.55432571,296343298.01425636,504194974.7102249
110923186.01383194,88791267.85356064,62103179.799354404,352249057.19624716,614066690.8629942
72307443.99315739,63689100.54825732,68002399.00480162,284479139.6761556,488478083.22237194
69437527.07029986,73560447.59337151,58976779.27170379,279852286.2546917,481827040.1900669
97193941.33729286,77811825.72081067,72679347.99260558,299137191.3050296,546822306.3557386
80586343.92050183,59344003.72690978,50718337.57609908,298731586.0502139,489380271.27372456
110472707.86356598,87868892.31253907,77236531.34146447,280425422.4002684,556003553.9178379
77867887.49065977,81211286.86981058,79797152.449098,338963900.5420084,577840227.3515768
93122960.24255893,81010437.11446446,59045705.361394174,282045735.7695538,515224838.4879713
92371434.59123367,69657403.84235936,61245487.33084874,332968191.07361394,556242516.8380557
88191933.71850136,91642926.29022525,58450356.92495565,242142623.000576,480427839.9342582
105217141.87361866,76073215.26032002,69210808.21466762,375330382.37835276,625831547.726959
76317637.07065439,70681648.860502,58185828.110692926,221437695.7114668,426622809.7533161
84657538.08829859,66549748.83877082,54893154.29492292,286419062.21052593,492519503.43251824
91650352.2264038,80231066.540776,69115742.61200517,288082341.28908384,529079502.6682688
75232024.01243442,90002696.04618675,60022414.972220086,324988896.64394826,550246031.6747895
97111464.80005068,84436931.83565716,81972092.7490042,319558051.8170104,583078541.2017224
73601693.44328259,69912385.55719133,54885646.24931145,227118267.76942316,425517993.01920855
71157456.0042518,73810734.81899118,69374611.81477354,377735579.9593373,592078382.5973538
77067175.8864683,83654023.05633731,59072993.99087304,296838471.0054609,516632663.9391396
83455782.82461883,74981765.43568315,76032278.00455886,355339253.51427346,589809079.7791343
85064812.34139486,84532973.73657128,57312938.71527512,257851425.59776226,484762150.3910035
80249650.86532643,74516899.70251153,64899933.77557602,294224845.0795654,513891329.42297935
85513938.17667809,67348144.51745468,56816540.30994121,288933003.2061469,498611626.2102209
76696920.44198567,86034010.55451985,70748011.91264696,337856357.34156644,571335300.2507188
117138299.59899785,76153666.88031505,58405107.79807605,295645707.31500864,547342781.5923976
71482314.23560399,77455407.69552222,61680433.43209133,291658447.7724774,502276603.1356949
65074986.1633382,71865442.48898165,53405260.46437312,252177219.06760892,442522908.18430185
98183489.01189083,80162156.75886221,56579250.99410167,264381340.7126631,499306237.47751784
96715560.31336932,69641636.73935097,72292039.89445369,327218448.9170202,565867685.8641942
74974542.38409606,72822511.90842907,61807474.562586345,266175299.09996507,475779827.9550765
84708919.97562277,81073207.94085088,68066355.65429969,259255680.07591283,493104163.6466862
69030771.02353519,61734504.33293462,56716094.848933786,299837735.20982486,487319105.4152285
106904353.88005343,89315562.49955493,71186917.6886733,286492352.02086014,553899186.0891418
98792044.47952722,77373817.85585456,73224778.43591039,325651132.19511837,575041772.9664105
109019048.4950673,75555694.49039264,64586301.060148776,297595438.87920076,546756482.9248095
115149965.1657503,71512877.9128561,69269013.23967059,276099243.4534049,532031099.7716819
84100716.29507257,70075172.24135344,75124774.5571028,330149320.58937556,559449983.6829044
73903007.60707112,91285496.79810537,74173132.63434838,366101016.0149927,605462653.0545175
70645041.81709646,62737910.022006564,68648655.20943551,317635024.9231705,519666631.971709
99227877.12111555,67729918.43335424,63002365.19439731,305479346.00650734,535439506.75537443
69859017.63987166,63846104.74159599,53189896.684711665,314998188.7148895,501893207.7810688
68051567.4239581,72932013.54298005,59192308.85353423,332010431.80411124,532186321.6245836
70442439.6205205,64464266.345001325,58765802.20801341,296077086.7749509,489749594.94848615
80171025.61477613,68505854.13967879,57043034.3174887,310686099.10627526,516406013.17821884
95573429.24229395,75589809.66771501,61482247.348812364,331365522.95497406,564011009.2137954
85539085.36851154,67339987.01876485,74383184.95082045,299119527.67293835,526381785.0110352
97212964.9401972,87319039.23561482,71682750.76248305,292220369.6356234,548435124.5739185
77406071.4630274,86603011.81825884,65592200.64170091,294981331.7655387,524582615.68852586
70384998.14609824,79070322.31743415,75505567.19673344,377841757.81061095,602802645.4708768
111041850.2492862,85269022.70897578,78295885.48755464,289458110.2704658,564064868.7162824
74624447.77331929,67794603.24920397,70556816.0070929,338153434.87049466,551129301.9001108
86559608.71854097,78822826.89353171,62874627.03030878,270857637.497211,499114700.1395924
71871691.11246257,59904412.69444552,51297606.28894741,335752503.92398506,518826214.0198406
88201912.39397791,87406445.16124475,70011282.36155117,265246185.95872316,510865825.875497
90947994.10674295,77242061.71474524,69597822.90895621,265834356.62075466,503622235.3511991
87125780.61059919,72726295.66281585,54905533.20127523,311421719.068013,526179328.5427033
87354971.5073885,59709767.53604235,51512993.26488269,326549316.14401,525127048.45232356
82011281.46346568,75606085.2623602,63148195.820048146,322309873.84371346,543075436.3895875
72253278.61205155,63973360.03211741,68247409.02527642,289687248.71957284,494161296.38901824
97088274.145948,80569549.56615321,64306455.65774403,354439744.8005827,596404024.1704279
83598649.84437215,78163388.86568788,56287934.38874801,307852754.36306006,525902727.4618681
109694603.79769471,72317223.66482534,61002071.84380596,299712763.0552044,542726662.3615304
103012982.17339352,92101194.93375115,98880800.39867426,383830367.0617208,677825344.5675397
102895835.18588394,72352455.30713925,66791145.93916201,255542351.5746971,497581788.0068823
90209865.03303081,65353728.19405447,64584456.57417654,330391814.8855526,550539864.6868144
67924695.41565546,72448891.2677308,70627177.44897927,264009018.41792178,475009782.5502873
78165310.76930864,76713303.32641892,69387745.47805303,286725889.5970118,510992249.1707924
72652656.18232636,90786304.16682796,85863598.24217221,316259904.75371045,565562463.345037
109679524.08433607,76958859.24557996,76121174.64619315,352479806.84577435,615239364.8218836
92682140.2874432,79979032.28679778,71988717.97688773,336784682.2659305,581434572.8170592
84858726.09955499,75513073.30175436,58990947.80244816,313579916.86429435,532942664.0680518
82169246.01682585,74193590.1681519,61123145.66507733,262450241.60123423,479936223.4512893
79646696.38036938,76758926.7332799,74659023.34163022,331342398.86812526,562407045.3234048
117157797.68144183,102018812.08403799,66226475.43815042,422226320.60974556,707629405.8133757
77257354.30508232,65248229.30494852,53062857.36149923,323591362.5108699,519159803.48239994
90750073.84039326,72749145.01175144,75128752.83830729,337913382.04076886,576541353.7312208
118014128.73217121,75889027.39662334,63447974.053063,265338140.78514394,522689270.9670015
86665040.15245508,74780953.05141336,54914820.89364707,329862790.1290117,546223604.2265272
81366069.21010712,60327707.79880587,57082867.200349644,250512336.6342133,449288980.84347594
95376939.03409593,81345592.30792035,60459001.82201581,350458543.85494214,587640077.0189743
95534094.48580824,64689741.988360204,62295896.12340514,275040059.23694515,497559791.83451873
74841761.83252974,69550998.09497947,53132844.49303638,326194173.73827785,523719778.15882343
82879657.12396544,87676251.71154709,66558729.444563046,334576163.28068954,571690801.560765
75573174.9721812,70247290.37251037,69882356.94826187,303334169.19073415,519036991.4836876
93225002.39554389,63272295.25063341,56491761.850743696,288111731.25901675,501100790.75593776
107356320.7301649,69648826.44984633,64854984.9865636,275819323.3593005,517679455.52587533
96113278.11247773,83903660.92101468,61116854.13727605,362234933.2050024,603368726.3757709
87285311.82116683,75906102.47109698,66403556.66640313,315667613.35678446,545262584.3154514
91158904.00662473,81238096.16219616,57436753.140841596,311604188.9648526,541437942.274515
61396141.53203092,78500974.1419522,63253215.079514176,279614967.16137487,482765297.91487217
107147052.21251197,68681316.60984553,73548239.60612464,355298470.4624229,604675078.890905
78034714.86990991,70052678.47539037,73505540.52695756,287586251.2088554,509179185.0811132
86609246.39359856,66920673.49818116,71325265.39890353,296642786.8215534,521497972.1122367
83701195.09492153,71993032.09296237,63952520.31937033,245859205.01698518,465505952.5242394
86689129.07443006,73591729.10627867,57985874.633570984,359646660.7891731,577913393.6034529
94668956.63586453,89523200.02813789,64985001.07494098,361328858.3713561,610506016.1102996
81310993.24486797,72306735.09092027,63386178.74477718,264010945.52389103,481014852.6044564
99466881.60938685,67589650.0126291,61887700.373531096,312959347.62787694,541903579.623424
101426322.55617146,71730000.78577581,71424876.41280542,353017153.2837048,597598353.0384575
82403141.88126156,87867148.83227807,77857175.65935205,267271918.4788017,515399384.8516934
96773592.60487103,86712375.16604681,74569346.80621591,285160933.6190291,543216248.1961628
93042575.47140779,68148497.93430184,67163281.51376738,252752595.42446378,481106950.34394073
80446153.01667914,74067616.60822332,78243156.17520694,293268116.0768737,526025041.8769831
87116328.01798677,82800711.78313334,82217738.13683622,328966575.7409447,581101353.678901
88349750.03744616,86134174.92820193,67355405.50235549,343533025.1303387,585372355.5983423
78766517.93096577,71712179.40176766,67324986.34734336,259547573.0708719,477351256.75094867
94016880.31844047,78726619.31168371,52790734.71961571,314699125.05523556,540233359.4049754
87986571.57336712,62878007.03511944,61918819.478188515,338334228.480496,551117626.5671711
102496014.72330609,70934882.55080515,68822752.55545989,311538519.1101113,553792168.9396825
95921479.36644664,78646032.90086746,67553930.61577708,308386857.72719574,550508300.610287
92780453.8216511,84870299.21549945,87148901.54030308,310286921.8875521,575086576.4650058
71954738.38692352,71760997.67551042,66954646.465687685,328821152.25138146,539491534.7795031
78975702.50636595,83269953.76170443,68618190.97211011,349763841.9065528,580627689.1467333
92731047.24339475,81820495.90469074,74423643.33434807,271447605.3605924,520422791.843026
77427654.19365853,81638407.48289277,61448349.81792738,306456151.21074784,526970562.70522654
95513669.4491803,74435805.00189626,64248694.02060728,285219675.4442079,519417843.91589177
96290850.86200671,90118081.20542808,62890374.09991862,286456234.9683845,535755541.1357379
109229662.70494932,93613082.07445803,68941146.91805151,326769055.8734794,598552947.5709383
84466777.21386516,68227732.90597802,64296709.577979304,304131379.2422552,521122598.94007766
82995515.32304728,67999229.38939767,85923824.02778317,257635855.85423088,494554424.594459
78647088.07942592,101049150.24648777,72284164.30594437,306698894.32285845,558679296.9547164
83458596.973004,94432014.11798622,66162568.92508258,298293384.9389551,542346564.9550279
82000233.75326736,69846728.56111416,79772960.28346957,302862298.29718107,534482220.89503217
65188158.12024315,76402401.69738498,72280846.25140475,304650037.2672053,518521443.3362382
67790578.89234792,73595958.78773579,56298176.34294402,335063612.2102393,532748326.233267
80274052.18367095,89687519.78366828,69527904.20814651,322014380.4895012,561503856.6649868
94098667.46434703,68002166.11559016,62231261.51459877,364259548.4631098,588591643.5576458
100713384.04329921,67942948.02051201,72604333.39975578,304468587.08602375,545729252.5495908
81918171.59215613,68295780.21009749,59559136.28113554,255689054.91461298,465462142.9980021
106645202.36330505,76242267.49325731,69211034.74039795,309674906.0673405,561773410.6643008
103377326.1259112,74959945.67703909,84079200.71186548,264989792.16693643,527406264.6817522
101551460.61698087,76491985.84258807,69980378.03280883,312865664.488403,560889488.9807808
79516793.75525688,73497971.59783995,68900098.5560863,307548345.01345503,529463208.9226382
74508703.16296001,92768999.95393996,72313529.20647001,314107532.0795852,553698764.4029552
70723444.43430659,78638703.61560707,67248100.63734129,288229743.77541536,504839992.4626703
90227498.54691002,82615190.24165817,69249605.41304824,352116270.1256161,594208564.3272325
65831354.1240471,73008650.87309337,69148139.45434122,256992846.40108228,464980990.852564
61911772.879182704,63575390.37620636,48591787.27038635,270039991.2760319,444118941.80180734
71823216.74445169,76590979.27029653,62850251.70807388,254130276.42506894,465394724.14789104
112331315.88630803,71213190.58231395,57524526.412276335,365237381.2220543,606306414.1029526
73290909.5457091,78247458.59189914,63912789.06131588,293022044.71886003,508473201.91778415
88310014.28286843,79029560.41995382,69288592.19081406,297069848.0269699,533698014.92060626
74534567.84299958,62882432.38182611,55738644.41145186,315632446.73513865,508788091.3714162
74468526.77610059,69693540.26417603,52440806.164769694,277384489.8544278,473987363.0594741
88219519.11779696,94924262.82607092,60674469.85796809,305808042.64901155,549626294.4508475
107745536.14743923,65069800.93232829,69682432.2628247,274844532.4278777,517342301.77046996
83021694.0996628,77549027.49300376,62751340.068584055,283743893.72060645,507065955.38185704
73764109.16208726,59418723.73356975,53092824.103819914,275082073.97674173,461357730.97621864
65445677.07406761,74633340.28270213,62876740.89637893,278456165.44032377,481411923.69347245
65818725.78931688,59407765.88415693,54458129.23261962,283053517.10715336,462738138.0132468
87695801.29274265,80502146.35030404,68798154.33716133,237208055.85505155,474204157.83525956
80586833.50376056,86849608.0240362,74399698.2987284,255239601.1243631,497075740.9508883
62694746.21141219,65719414.26883594,63722921.04867912,289654785.95464027,481791867.4835675
91351032.59878732,66336519.01307184,65065363.62444374,279956479.6441105,502709394.8804134
80617666.70826161,81217885.21357435,59407008.27850133,350155205.7838418,571397765.984179
100781295.82086198,97010855.08099248,69778335.4144677,329581522.13524765,597152008.4515698
89011178.19455062,81590312.97523934,66835650.32032257,328904081.0055264,566341222.495639
83246807.85861605,89151152.13672984,72118132.0303752,352746731.9176566,597262823.9433777
95745608.74274866,62987905.20661506,64969992.161628276,271031394.145226,494734900.25621796
109258796.358433,73553981.26128815,70705838.37614177,332195246.6381157,585713862.6339786
89236301.63430287,103555970.04069512,70983009.59996708,269924032.0965047,533699313.37146974
91079048.6815379,76166230.79598778,79401469.77311929,341813367.4741598,588460116.7248048
132029294.48256698,84962539.45355543,83590644.41224295,300275390.12960964,600857868.477975
104833892.5951265,74621105.75332318,56867321.495696805,329442317.41370875,565764637.2578552
104203387.02368855,78348843.09081225,75344141.99233764,394236639.7340528,652133011.8408912
90569789.52365434,83650564.57276942,73316252.13446212,339477516.2402709,587014122.4711568
95756151.67662348,89030867.0190962,81225422.52906497,379868050.6279905,645880491.8527751
83704218.59510393,66798951.15492096,46842161.14484976,352627247.64863724,549972578.5435119
97648595.38468008,82926612.77932331,67795322.28017747,321447823.59937614,569818354.0435569
74483118.22911255,67009936.26023142,58543894.05012418,316786390.24885064,516823338.7883188
76426349.65057395,74718017.47987916,70157365.6437268,282267031.35975766,503568764.1339376
80057459.73812293,84318832.38072078,56075139.596677005,305109491.56622183,525560923.2817426
72227646.82885633,89631662.29526436,59071678.973664306,295145228.05414754,516076216.1519326
82558534.22675118,54541615.66313145,70868132.3943089,301186631.2875624,509154913.57175386
109837842.28908584,71701421.78419979,81372679.8009521,324377092.41349036,587289036.2877281
113165571.99452849,98319659.27879383,75483836.56346847,289188075.55231094,576157143.3891017
96237213.18048204,71376809.86924271,77828923.6432926,347227558.4233694,592670505.1163868
95044070.66677842,75243848.56846331,73898141.57563244,363853773.220438,608039834.0313122
78209826.7883066,69549232.27585398,59923807.07370873,312581256.7761238,520264122.9139931
111049215.24491906,79345482.7693747,79339633.31040454,336249896.1945128,605984227.519211
66644789.84892217,53081529.01006527,50592613.067310765,273267512.2821578,443586444.208456
69174842.52462104,65740161.600666024,65254728.27101088,339379696.32798344,539549428.7242813
61794072.49994227,69583368.30220404,60659749.63236044,322885792.52681696,514922982.96132374
78653095.8698337,75599014.72810905,67546068.16311117,284898591.13604224,506696769.89709616
80334041.71940494,63889724.593027644,75475738.11071254,269671589.6449595,489371094.0681046
68494071.24679473,72110076.02141528,83526925.42198414,337815567.40545374,561946640.0956478
140011600.36647987,90677489.35188605,83498130.90293418,361366649.04250413,675553869.6638043
85896601.76187585,72145409.84109223,62066269.6691604,312959955.0466975,533068236.31882596
77799851.99036418,73944585.97759598,53655895.39528978,299460917.93534195,504861251.2985919
78719194.15311827,66020312.26977,62294640.73593445,299435493.325614,506469640.4844367
78452834.13640262,75037895.34123266,65297618.38618738,321319798.636055,540108146.4998777
67968520.0557764,64445986.0659116,60045128.54854016,296708751.3727394,489168386.04296756
95229799.9682832,63306838.14655888,71068649.78015383,312933686.8309789,542538974.7259748
69673613.69315211,70648264.13931128,57565100.97780757,282561833.6802041,480448812.49047506
100345028.8679464,91189870.99425822,80944240.45420766,302498624.35381013,574977764.6702224
89212870.71131171,62535972.624330305,55364257.00067592,343999475.43283147,551112575.7691494
67747700.80187555,61498779.99061276,70538477.83829772,355426689.3459466,555211647.9767326
115768572.58108051,78362089.84144124,78445914.46076235,319529830.6781298,592106407.5614139
84478548.41297814,75717035.83803132,76830823.13449699,273057811.31112015,510084218.6966266
102604798.9029865,83589066.49272555,64780332.38752935,362281177.0666182,613255374.8498596
85983072.1672048,60512059.803968556,58944967.94217985,313836262.358615,519276362.2719682
82932922.57010601,79759835.96831553,72122428.54907465,273903100.2856446,508718287.3731408
81307915.72274278,88541855.22999054,73149618.84406719,280098195.57459116,523097585.37139165
88700390.14815007,71435103.59664394,67210560.14356014,281979580.63772935,509325634.52608347
82181253.38935289,79451711.36839265,78255101.43514454,291797325.67078865,531685391.8636787
76333536.58176832,76081756.79770042,79456508.25103277,305269556.5263636,537141358.1568651
78267231.84045772,73243019.78420886,53191383.88612931,310488126.8221013,515189762.3328972
82525285.91628222,76016519.03345446,62985990.63104615,250077992.83737394,471605788.41815674
83073623.71636602,80827383.43575789,64013260.141444534,286590136.9929903,514504404.28655875
101601379.34056291,93065597.29642522,66853764.28236511,334356782.94252616,595877523.8618793
75461100.14950845,67444769.02458699,60065496.3062467,309137831.6801913,512109197.1605334
78416546.31499085,70716364.99105084,62164214.45556937,275271685.8514778,486568811.61308885
70739864.96024716,91686914.4895819,76123227.50306745,324169040.6606495,562719047.6135459
78833202.42516655,84043399.80529036,76419163.59399733,299471867.2949828,538767633.119437
62310126.367511995,70062582.73147662,59541490.57922636,284765924.5080656,476680124.18628055
101655185.34454563,71487842.78915223,54483180.67792699,257586478.23130515,485212687.04293
102767067.32539177,87074232.23153807,71136367.73085763,308329971.6007288,569307638.8885162
79736376.49109419,79239245.62859929,60631431.45254654,338361031.6316522,557968085.2038922
80586067.40836385,86126065.53537287,74348875.94854657,324032254.353277,565093263.2455604
91917192.59280986,75966638.36736256,58882218.253471725,317497737.6788022,544263786.8924463
83939750.96159728,79362300.67524214,58167478.14543131,287259559.992537,508729089.77480775
104839100.04666498,81407399.52644324,81592086.84295218,318177185.49529487,586015771.9113553
90929994.24528886,75607419.21779032,72643887.23187353,279126523.1204468,518307823.8153995
87536976.17616886,79266121.2548841,68889958.03784935,302694993.0650748,538388048.533977
84716925.46825467,81723430.97286656,68684042.59771729,343069778.1758907,578194177.2147292
79051196.1324184,89546052.4227988,87859859.41593656,386109831.0211549,642566938.9923086
80322577.68613611,76380646.3597835,64236254.67004109,278016756.553461,498956235.2694217
80804174.63351884,81019972.4877864,57700865.62958365,317715230.7739523,537240243.5248412
73477133.03492153,77243953.11342527,73586360.33399001,373991491.2565058,598298937.7388426
70326104.26164559,63709373.632672995,68128161.92479795,250395171.29587165,452558811.1149882
59870565.12106187,72550939.35092077,63656847.84149429,295893436.8025244,491971789.1160013
104238071.82440402,86904789.85190848,61243469.25106447,285318506.7829537,537704837.7103307
84792927.43651767,77722764.24563909,60910638.67332483,346639265.76028085,570065596.1157625
66920842.66353444,69376536.14282233,71202280.12385468,288394326.1815242,495893985.11173564
51291203.34033195,55180359.862027496,48574701.09230819,251288717.00340426,406334981.29807186
72436418.27378759,66188217.117310874,72042331.44303259,270204307.1528355,480871273.98696655
88363267.49486859,106534499.88548423,76010385.71141803,295083821.6078067,565991974.6995776
97134673.87998837,77191877.45589696,80826894.23478018,333512224.2748936,588665669.8455591
98943145.1123979,75925248.26677385,63278305.97307116,295125489.78987557,533272189.14211845
68618657.43650924,69436855.4045774,63913099.71013863,290227311.2740748,492195923.82530004
81218939.40372556,73872764.20946169,65763820.07525759,237866935.74897113,458722459.43741596
82032909.22818623,71761120.20229197,62714827.49642384,277545917.93975025,494054774.8666523
73040403.25616567,65456602.63782657,53705002.30041492,289303467.6540457,481505475.84845287
114673426.417037,75461629.96482314,67772768.62046453,298134133.7994476,556041958.8017722
91255554.8783776,88665710.89424145,83700577.4737778,382333670.75321484,645955513.9996117
94806638.99803217,67076968.470737465,60243682.93806636,245762931.81380573,467890222.22064173
87475658.10569169,77243341.35430907,81980422.24176207,316264231.4631339,562963653.1648967
89957869.32242584,68848441.95567149,69891780.09615237,347166510.1057374,575864601.4799871
91296031.93451355,82388601.57586715,58018750.796534695,307609778.42067146,539313162.7275869
101795875.07679263,71167805.81007318,65740789.053104945,364625647.3761551,603330117.3161259
87669469.43648861,73606995.7982606,72783836.43571499,299685319.66318196,533745621.3336462
98450911.00515248,75764772.22641905,64492506.74608489,281341795.7279251,520049985.70558155
84892146.24945179,74441520.73189096,74088528.37435791,381448635.7958082,614870831.1515088
87786294.65672268,69516072.07625332,64192345.409234785,365543635.6882685,587038347.8304793
111766002.35419545,77659294.39813104,76660819.54352638,286834606.4020707,552920722.6979235
89419427.42780963,73106928.58980447,65831134.98774888,348060098.7888918,576417589.7942548
103524362.58611807,77255571.07907058,56695586.161510095,281733308.8627667,519208828.68946546
75156090.1625239,73921637.24225539,60319887.436059915,252991988.65034324,462389603.49118245
78464197.53065729,77554847.09792253,61500731.50697169,263033538.25278047,480553314.388332
89708805.17299652,88426141.00108837,72089107.51445524,279048458.3186712,529272512.0072114
91611694.83716242,75180038.1121934,75217304.83857885,259860854.55316964,501869892.3411043
77323680.0925836,67621677.85727228,59882132.836486034,265294005.0519494,470121495.8382913
73467759.18680006,76098888.0473672,63107094.87381236,267029725.7995874,479703467.907567
66600108.920605585,60060905.03270407,63363987.63976974,322992801.5387231,513017803.1318025
82510705.13210647,87565297.47013056,65111333.42147148,288335018.0098628,523522354.0335713
92108775.67865439,58206663.38547225,59666560.43575032,333074860.28993565,543056859.7898126
72943637.51443973,77868553.04418664,68552511.09899832,361820228.43101674,581184930.0886414
90558989.09630325,70187536.08607772,63331431.24649274,256396615.76253468,480474572.1914084
99743601.49668205,79143377.37724265,76672263.46427901,332349393.57568735,587908635.9138911
76455759.64236678,84079690.01961449,63666869.21597045,338756499.38023,562958818.2581818
84081100.0601999,69674803.65937959,68166098.42094392,285517198.4921349,507439200.63265836
71833737.84278217,73485677.3698014,67263188.87149994,332331728.40294015,544914332.4870236
106437016.85154258,91781648.39173827,62074190.70512753,289664936.3290688,549957792.2774771
70480695.6922722,67313861.49865954,76748575.87000446,280269004.94443583,494812138.00537205
83144336.7397288,61707645.16305659,64473553.86967541,335216599.61781776,544542135.3902786
89814738.95086512,64987625.14364881,63034967.12765696,304681037.53654075,522518368.75871164
76908123.20642163,66729708.126719706,63313628.91917508,330973367.9968674,537924828.2491839
87901759.2492696,64177125.13702351,71954024.12670164,361605413.6374499,585638322.1504447
75704251.89389758,73115198.71307625,55847177.171150014,332890241.7556795,537556869.5338033
82222972.1064165,77560247.59672488,71389252.37932771,312783593.3052797,543956065.3877487
73105915.91842464,63466877.93357333,62167951.7842597,323454832.79608935,522195578.43234706
92026101.45279537,83437159.77221736,74866839.6972394,349095267.53931636,599425368.4615685
131799122.90136155,104620457.0600458,78669086.37343748,371808007.47292274,686896673.8077676
118634186.5708313,77082159.02444793,71329272.7465791,357504901.09560394,624550519.4374623
61257710.58209801,63747417.862353005,76087310.02039683,309520589.6190307,510613028.0838785
108702059.0671747,81191244.47437787,74578079.8478738,298338820.1018984,562810203.4913248
90322920.92839159,84087062.64667705,68020218.48448928,260837391.73408937,503267593.7936473
99844549.22002193,71982020.8119674,77037218.2671022,328310702.66214967,577174490.9612412
111157273.1288067,90371960.1905518,80211828.58302754,307530762.0441649,589271823.946551
95609257.65557267,72281892.93752144,55582814.365298145,256511692.24850157,479985657.2068938
85696411.51709893,79394841.9371218,78943194.61773352,292871741.4810547,536906189.553009
78534066.62978676,64657766.41960033,49163199.67803895,266780387.17523792,459135419.90266395
90917465.25331315,76360919.63076563,69420103.31742033,305129401.742894,541827889.9443932
87964959.82277365,83131246.85892954,53870584.382138975,286366647.59256625,511333438.6564084
60734790.78344664,76445166.74364175,62360146.56299377,302113412.8088894,501653516.89897156
91802309.33428696,69569511.32606347,56390871.84260398,323778108.0350231,541540800.5379775
80664374.42751178,77108562.36688088,71439324.82137302,263441527.16858914,492653788.7843548
93531225.16548106,87478400.29322258,79306684.87299205,263641049.94043347,523957360.2721292
76718432.08950254,72922345.16530448,60044939.1893851,378717701.82781863,588403418.2720108
94204909.8349844,79615865.37739593,70715141.25570655,329659788.3500819,574195704.8181689
64115601.66578748,61722602.28347503,53074085.24965281,269928251.49875015,448840540.69766545
59948793.76525244,65255370.16450654,52166707.12612399,262100289.55337185,439471160.60925484
83015006.02113415,76709792.6992756,78647161.43235223,320358950.5348379,558730910.6875999
84610177.1444231,74158356.0762596,63143257.96208898,268412464.67989072,490324255.8626624
125344749.47927238,88860871.2695388,61691310.821086444,231944826.52907434,507841758.09897196
74602083.54053518,67424136.3464563,59050081.95033598,269165922.81100905,470242224.6483365
113058953.30494174,78915013.632015,67747926.38931438,277501635.2772043,537223528.6034755
80303308.40312341,67417451.29638807,76243202.770517,381534741.0219938,605498703.4920223
63669092.154340915,83258761.01984967,56928885.72356396,309464134.8154091,513320873.7131637
97717995.78171857,72947052.34308383,55502240.01571493,277887894.6170545,504055182.7575719
90912352.90417302,72731728.98842669,55553497.459599875,237588551.4243702,456786130.7765698
102945813.09910324,70210989.524674,65539644.15163804,294782969.2557669,533479416.03118217
93885660.97398238,77051252.54767074,68594903.95921513,315134039.5075843,554665856.9884526
70420846.19666429,71396748.25851487,54562252.486937635,307069189.6730743,503449036.6151911
79117219.3643432,76317256.28865318,72718471.5414949,316155521.60243654,544308468.7969278
95657299.32666937,73389052.67001215,55578972.83236616,227778895.75404742,452404220.5830951
72459187.69002624,96384220.00237595,77508511.56791529,356492131.70256263,602844050.9628801
95351295.40415256,80198529.52517225,66298184.16338784,353676818.9727998,595524828.0655124
98585786.63828945,69469936.5939571,70788792.82059272,325998438.0859049,564842954.1387441
92399057.23606442,92191021.87007736,55193600.777318805,251511889.12005323,491295569.0035138
81047479.59139186,73118145.20976076,70478196.20036055,291107050.8994698,515750871.900983
95504940.04801746,78253216.56646244,85269243.55587286,358803859.9844264,617831260.1547792
104296082.98030135,71469845.45854421,52653336.535157345,252521935.0390986,480941200.0131015
111447720.0864066,77338600.79643802,76995107.00987396,355897702.73822474,621679130.6309433
98556398.39378366,79198124.8553741,71140675.87897518,300376150.14639956,549271349.2745326
127065105.82859018,93566148.78846142,86335579.49852991,348445264.80586773,655412098.9214492
96992516.25910966,69836788.91234578,56591855.48397823,322204256.66761446,545625417.3230481
103234558.91492373,66679556.24299452,47160808.21936313,263135524.10791376,480210447.48519516
97011441.89827608,79799402.9839782,59373079.99718867,272531874.2876682,508715799.16711116
59414455.05855283,78004752.83156817,66596368.290543035,308157274.7824156,512172850.96307963
110004074.14787991,76678189.40950418,85410446.07957463,364448569.19237554,636541278.8293343
115032663.64526774,94667658.07896069,65643221.33775344,320203456.9231315,595546999.9851134
71053383.54677805,59764341.668880075,58687834.53982978,314820306.0491295,504325865.8046174
86836860.58336952,56322239.90373847,53745122.260999404,276785750.3251862,473689973.07329357
86588508.48346741,76273750.50354864,76728612.22797622,309879684.81922555,549470556.0342178
73334542.84918527,66103175.20418652,62884062.29322303,315975062.4939067,518296842.8405015
78537209.41669461,78866107.33123186,62177031.740267865,302703585.9352946,522283934.423489
75705983.43958193,83054085.88755119,77939607.46629305,382629163.019612,619328839.8130381
81810475.15508483,80852841.86604168,68560810.38220708,272470693.4796219,503694820.8829555
79393996.93880461,82214413.8614993,58098877.53333428,311114175.93859315,530821464.27223134
86310805.9863168,61297147.06031281,67744607.22836207,295498053.19732225,510850613.47231394
84714660.42099467,65385861.203214444,61702392.047720715,285619789.0727568,497422702.74468666
55989523.133500576,64814808.621685475,64411580.7420892,315973670.60111123,501189583.09838647
62731396.9193139,63991505.22531938,60222071.10086405,243012711.0803243,429957684.32582164
96898441.86422083,64601285.95964101,71731307.81917275,324245446.12630624,557476481.7693408
109476068.3854521,87043935.40670341,61558094.532875806,273124569.1708929,531202667.49592423
100587557.3632404,77707165.43679497,67388115.74423699,297129078.6130513,542811917.1573236
90122585.16411638,75483448.08317262,70903735.79787913,305909131.49004155,542418900.5352097
81715357.44504605,61671320.962143004,69386293.15287001,245325218.5010596,458098190.06111866
75461954.34248483,81244483.49316745,82010404.79767586,290948768.3385533,529665610.97188145
76613840.55685103,64349274.977774784,58171268.762276165,315152103.68609893,514286487.98300093
71707449.80012934,70258271.19610761,47441876.076907754,323543768.58925915,512951365.6624038
83174737.27550302,81245275.86611393,83336170.44197205,386720599.39191526,634476782.9755043
106103929.07979667,95742657.12738918,79815732.03215207,326844753.6630601,608507071.9023981
88550935.49215253,74587494.59044194,63680235.69083222,293485303.55131143,520303969.32473814
83010332.6025485,86667803.06388661,70219573.28422233,323903147.2616872,563800856.2123446
90436015.94409795,80795367.28977314,67833803.86805531,310239211.41140795,549304398.5133344
81495086.88518335,79101886.84336545,65024165.24854881,282038544.2672907,507659683.24438834
104722290.02870704,91668340.98763624,64525998.39615133,272706213.520182,533622842.9326767
82557588.31320877,76386601.70429493,66817291.20562089,340103031.1238339,565864512.3469585
83765167.64716132,78812513.9695975,65173184.665833086,291617362.84150594,519368229.1240978
95399498.23111448,70282311.89820285,71595699.20272703,334182836.1893606,571460345.521405
107378250.08082817,83960933.14310655,59043600.18715455,284427876.20074356,534810659.6118328
108918419.34754835,82718553.42044269,68112233.11307725,296370455.2239036,556119661.1049719
92087404.1579526,86110533.9582907,71399776.27579972,329762277.6210341,579359992.0130771
66200532.617340736,58001793.20776781,56230113.842611834,247506170.00993654,427938609.6776569
67958438.83580303,78256985.53331865,48616032.908640906,233780419.01651454,428611876.29427713
95896943.07253815,72938801.35082102,68743177.63119648,274627623.28611594,512206545.3406716
92925154.22664277,75246770.42550634,66814354.52802828,282696460.0999669,517682739.2801443
80413840.70085424,82651139.22282204,58230409.929906175,265750121.2977543,487045511.1513367
93260205.60595977,78884837.46636286,69291123.58168502,288468384.62050456,529904551.27451223
102239067.60086076,103962156.50021628,64539133.17153754,321060357.99494547,591800715.26756
83856007.55803452,72261502.48353967,55659206.82620464,333250539.990192,545027256.8579708
67875784.38844584,75064302.5591565,58245898.587545,278484405.4798354,479670391.0149827
70014081.49822882,72168317.73589826,64304186.14539673,304141688.0764362,510628273.45596004
102109026.19619632,76572605.30344686,63081513.77019728,234819865.93702245,476583011.2068629
87825083.84405369,72184323.43898588,67549584.73595819,264081593.12466255,491640585.1436603
104085937.0056981,101394713.16351084,78153016.90432104,328965404.5686653,612599071.6421952
56206735.39355859,66855525.88342125,85084848.56315269,356250970.01815045,564398079.858283
105242451.59167115,64609394.86379981,62803207.79517403,278430669.6974039,511085723.94804895
81326485.78807491,75240279.69211544,74507543.84963742,291522460.2238488,522596769.5536766
82734459.37882836,94920959.07568878,73469076.61029477,313062757.18933165,564187252.2541435
80519697.8761383,80494854.51759371,70836423.97511618,239444154.41779038,471295130.7866386
91831729.95583601,81792783.48637226,67478981.22254437,267901184.98903033,509004679.65378296
76545111.1024752,69744427.67376027,66588840.54203015,346927765.3364378,559806144.6547034
68524258.38293792,85516271.79353955,56419962.969148226,299296262.38941157,509756755.5350373
89772311.54651026,73061334.80533594,68806781.07336766,283862155.1277771,515502582.552991
109276894.72227865,74026009.6862165,70871643.58178504,274421278.8216332,528595826.81191343
71496428.9081993,78653652.6448032,58047118.71104072,249662350.55531624,457859550.8193594
118526755.690188,83043312.10885413,70238308.00884543,314510395.1655118,586318770.9733994
86067995.69362092,76422043.99841249,64939979.270577975,286548597.0911004,513978616.0537118
90628162.89126642,69343115.94977772,66532378.831827976,281560344.2037423,508064001.87661445
78840753.8073799,75653878.69602372,75985008.27110302,309118944.0324743,539598584.8069808
77332573.86873378,69730336.90094398,59312310.73366875,255807664.0160874,462182885.5194339
86397654.55656107,70332213.76395857,59914657.491793014,294669217.801305,511313743.61361766
75177954.37470214,67434155.34403518,51505620.804932356,355808178.21916217,549925908.7428318
113101351.90379933,88115282.9031494,96697840.65502729,382021179.164799,679935654.626775
107319726.02146345,74777671.54877149,67824957.9593911,328238985.66122025,578161341.1908463
74270331.29261103,78240434.25161529,80871442.25841334,283910637.2895375,517292845.09217715
95366918.41081393,76818808.86539811,64232150.83107251,284840079.36983657,521257957.4771211
86252462.2136622,66521415.4976915,59417063.54672836,331964073.58386594,544155014.841948
97176460.23898058,85937870.65909202,85078934.09056275,349691753.7718731,617885018.7605085
69126694.22209679,76534411.11793077,74076264.49021114,336813350.40519726,556550720.235436
91200986.9873881,84487712.61704588,85425485.34337059,309939594.78321385,571053779.7310184
117578034.12449513,81570316.17027774,71815165.53230475,324365818.71406955,595329334.5411472
93266169.78924115,85728342.54708779,72723457.69282576,322236050.63787514,573954020.6670299
74556482.49571154,61277238.87377517,61167645.40666637,335365780.0833496,532367146.8595027
143758442.80436215,65085138.25828507,59815099.9321212,281336534.8806004,549995215.8753688
77623044.76590618,65648183.90463358,54543460.67924831,267454496.1111786,465269185.4609667
95186228.4430211,80089087.81630048,74018705.70131366,382714408.4866006,632008430.4472358
74906813.56240954,78088406.70946488,70079552.14870931,279172741.72200304,502247514.14258677
87768675.10346131,66346975.86430143,57489731.963291116,290252550.59025645,501857933.5213103
83642877.4495339,78947268.98102771,76274510.18944658,278880903.8176869,517745560.4376951
120580582.02014114,75332574.9632406,70062652.77138068,391775506.7537215,657751316.5084839
80393713.69916844,69605682.24268363,63609426.97444029,272289462.78311574,485898285.6994081
73574919.73244183,87685457.02193742,78441740.13920006,358195584.3370714,597897701.2306507
101481015.43818505,75598557.31522936,60719719.03736177,318065246.99110794,555864538.7818841
85320098.04117946,78495766.12938753,61258576.10391467,289097707.0072785,514172147.28176016
68424085.53574085,70598902.45696801,58331377.89930235,357935788.91837585,555290154.8103871
57250685.63212324,59532713.85029691,49719534.96778276,289592099.4018858,456095033.8520887
93743641.57429686,63628999.37973721,78891577.50075598,347736252.0189801,584000470.4737701
74334540.11297539,63453235.82676754,60328412.114384875,330902937.7229738,529019125.77710164
88171158.4161133,73313563.14449067,60946919.17720679,338831348.19252837,561262988.9303391
92521572.4649034,82700475.63303979,62793485.463976204,299070141.40197754,537085674.963897
92590771.57324043,75197122.36487271,66821565.62160263,245515498.6912569,480124958.2509727
88818060.77269834,64868636.74541095,56699460.00223469,288397357.71121,498783515.23155403
98321395.81577748,74779718.02902076,57765305.6207122,249049695.5913929,479916115.05690336
100065130.09859404,85954365.12482965,75752812.20075783,418828670.88520575,680600978.3093872
106793077.51230568,79509079.77401492,64835143.42796314,374692641.13868123,625829941.852965
94647794.29861316,84204648.07943381,62217879.099667445,346840183.6433585,587910505.121073
74419698.1760839,99780250.03877291,71072105.6553178,346459423.02879906,591731476.8989737
89029504.79547763,79780672.27191886,79206192.35805506,308752845.9093372,556769215.3347888
70556228.44018334,75853282.42208052,65051821.72237058,325277787.4465807,536739120.03121513
89876418.25711255,66513630.94070162,65330160.73411818,324425067.5996822,546145277.5316145
75091326.49167553,74662745.26963945,61621437.10073575,236427416.77584624,447802925.637897
117053745.83642355,79516040.43922669,77517136.92007875,306067040.6811522,580153963.8768812
74616229.72418596,63749803.68875134,71788911.41418585,286231366.32868254,496386311.1558057
85905930.35954787,73854652.06429984,57652616.19155272,293987389.48986566,511400588.1052661
56602332.66824057,93497535.17537087,68601507.48019496,310455096.947871,529156472.27167743
65664827.40719952,80858727.48765676,62853356.04729083,362551343.92016786,571928254.8623149
97516178.34117414,73263540.94790268,59465963.91278076,305109092.40578014,535354775.6076377
92588552.81448437,81909126.75496335,73591766.51902355,311283452.3752165,559372898.4636878
87249133.66776831,73662943.65712693,64656848.16487767,248164391.264201,473733316.7539739
82426434.27208851,71452702.44172736,66603883.35418421,324873958.0319869,545356978.099987
92338893.17646213,87200501.50573438,65032160.47807564,311334542.1537021,555906097.3139741
63577792.62691811,59736685.41214123,68371748.9368102,348252722.33808386,539938949.3139534
100877818.09866838,72878065.48787884,83121976.6372419,328648869.88787585,585526730.111665
72411964.04513513,69221744.50161158,56536701.41514823,269607696.38640565,467778106.3483006
92515950.42762874,97204817.71973689,57756672.3251765,276178913.4260654,523656353.8986075
86055575.53318703,74875651.4757508,68021913.89778565,330530501.1509032,559483642.0576267
76160608.98160791,76216853.04540168,67826016.40791108,307323423.5956019,527526902.0305226
98433389.35737488,83331042.54718302,67925242.47062546,330685724.3453523,580375398.7205356
96441592.61400008,73501061.41427544,67516175.16513425,327545073.35609895,565003902.5495087
90562209.23742203,87210683.28493948,74963554.52391091,346641466.5591787,599377913.6054511
104759687.3815772,81327926.42290059,70164743.91820513,287127013.2606878,543379370.9833708
87160813.21980055,80181985.66257825,61778772.32732191,342465288.8897543,571586860.099455
83752006.12896289,72284168.4911747,65808355.666334964,342043103.81433994,563887634.1008124
70304254.79582077,71703521.12662299,65149921.297138765,287537023.1883985,494694720.407981
117593472.75698107,87553589.2735748,71268385.71967335,277761871.98845965,554177319.738689
86338888.58320007,68876939.45217489,53375067.69959061,317761464.3164898,526352360.0514554
92194516.38039948,88649818.98213466,76507277.18402746,302040165.4195794,559391777.966141
144052542.48467556,88655357.81985144,78969367.46644567,303110266.0294637,614787533.8004364
82505496.39822508,86934589.85290729,72441427.07438645,352768858.6433361,594650371.9688549
86301348.57288843,76142623.3849137,63375390.357341364,239245759.6174616,465065121.932605
106997507.19887328,79698931.82677324,71216823.92299739,336314774.0395974,594228036.9882413
78790277.25891799,73997198.6648783,67404061.47033247,390507615.41074145,610699152.8048702
95463496.77026555,84212765.45665197,71397703.04279272,314241139.25517076,565315104.524881
84262992.14839797,67427467.76295447,60042116.70389314,278568807.20138884,490301383.8166344
100846133.96884063,72738852.99027468,80339262.84496228,247032375.75244084,500956625.55651844
69763598.21938002,66570682.737864226,61162827.17770992,248638793.37613478,446135901.51108897
91636150.05793,99341209.78787018,67825308.5479421,234898117.5614759,493700785.9552182
78058124.85460234,64969642.886137865,56753825.76976378,282388679.3896075,482170272.9001115
69314125.78571485,67404204.99955358,67865158.55093351,311801784.043438,516385273.37964
70804057.44471124,73970049.88881285,51852008.8009795,229745639.81429613,426371755.9487997
89678836.61901766,75304597.85493514,71025272.6570518,332977180.31880915,568985887.4498137
67040114.80555643,74618588.26561269,66342256.62174237,420321240.14671427,628322199.8396258
116962931.03675403,83055033.03560618,78188023.76064701,287252120.75287914,565458108.5858864
92720433.25667459,94603462.51765484,79349179.3400505,331365846.5555812,598038921.6699612
91108013.57475209,70170914.78917749,53219782.41151081,296490018.2141078,510988728.9895482
73084118.51682734,88969460.45828608,60200526.47201853,311034326.1521507,533288431.5992826
84101122.80821696,64623816.11374528,73856157.32744722,332100732.0586627,554681828.3080721
110156911.5882356,76849426.48986481,60118306.22990432,302375031.58671653,549499675.8947213
94430943.12906276,75087847.3763686,63935330.03850243,268897737.49161017,502351858.0355439
80810396.3453501,73772114.33490354,69698653.20093843,290370608.4282111,514651772.3094032
94577381.84904984,91585456.08157457,65634093.05462324,353552569.3246012,605349500.3098488
90073817.57676305,78381086.38956122,71665273.78248802,287754657.23726565,527874834.9860779
69586259.48099662,86186988.02635862,87364048.43843654,283779932.26910347,526917228.21489525
101167669.48088199,104460068.3507802,64593415.57500623,252572412.73963496,522793566.1463034
78578921.30615503,79962383.29726237,58288187.69458066,266460676.9282839,483290169.226282
71909519.22140917,63018896.53803846,64770345.85083864,301721129.1512174,501419890.7615037
70456007.036982,72265661.56988102,57531108.86651027,262819216.52281478,463071993.99618804
108568799.47521375,76849298.57216015,48553892.46176149,265605062.6967451,499577053.20588046
70987620.94311807,81045945.85607646,64352178.44427834,323436658.29773223,539822403.541205
96008126.79703727,83813989.37438378,60971098.130014084,326575140.19851357,567368354.4999487
76843967.19166605,87086331.86584227,64560131.143558785,330184926.36927414,558675356.5703412
95416956.54800121,77128178.17258564,65510541.26518057,243160648.90320283,481216324.88897026
78418435.17920718,70120768.5803186,60253100.797189,315463089.2602789,524255393.81699365
88719674.10057253,74108065.49151766,66925177.759951904,284698536.39841676,514451453.75045884
88896998.15964824,80393933.53400132,62514023.68656879,355215327.6549551,587020283.0351734
92525198.6190196,75219976.44488357,65704099.31624007,298236437.91299933,531685712.29314256
101865617.08672719,80037691.739912,57834155.61818601,308716899.22154284,548454363.666368
79969671.24087715,77472924.50442263,66745038.088086836,366677547.4886021,590865181.3219887
76576462.58404987,74041168.2717136,74281205.45294626,399190665.551384,624089501.8600937
99014508.7678269,76472566.80453235,61617517.45527979,263821706.77568945,500926299.8033285
97512528.49518648,62211698.93217341,66206592.940601386,304985006.9766039,530915827.34456515
82600297.14444783,74857753.21713898,63296514.433580436,282552336.9290554,503306901.72422266
91026595.62595737,87038481.94011268,82701278.12295227,268190321.5052628,528956677.1942851
82404149.49977618,86275821.20739031,87723872.02456693,358722617.24433607,615126459.9760695
59765605.54670387,81742181.95021848,77379559.30082153,239784972.60796756,458672319.4057114
109297561.14169084,84973678.01348081,74754039.61784214,350744385.63844573,619769664.4114594
86144581.59989136,83467768.10339239,60989174.55390407,281655488.5054463,512257012.76263416
81288668.13359761,79156161.34502678,72085138.80272828,292472695.1885805,525002663.4699332
81761045.0473044,67672734.63859157,68546153.29132004,307094297.4805697,525074230.4577857
105962305.67178723,74651501.47068556,58573801.96285734,228790919.91939145,467978529.0247216
92121801.16081847,82428362.84014048,59394509.1106632,263826947.3413147,497771620.4529369
96685255.17802432,75807657.29433891,78702246.05499907,304712346.6728951,555907505.2002573
65616525.665793516,62968323.052003264,62809992.61704768,347076381.55975467,538471222.8945992
77173203.29164933,74926861.12276606,65560012.06681921,316590750.8530613,534250827.3342959
84447641.69727573,67685767.43419243,55533284.9177609,250274024.00133127,457940718.05056036
103030028.85676374,89609728.24083097,67719865.63650931,308361446.70783895,568721069.4419429
100953899.9701813,77866508.36735414,62010118.739115626,337631884.5748097,578462411.6514608
94016657.162969,66415718.58036003,55701464.30693057,292657022.93253684,508790862.98279643
86408956.23923476,72659764.68480875,55593287.295791104,254686969.32165635,469348977.541491
88123535.27941985,75961687.57501224,62244378.57577788,265309405.11199772,491639006.5422077
110356057.45393103,76081615.92320383,56498661.181782834,342588405.40956736,585524739.9684851
93143821.5246533,57454155.252138995,64532811.50487653,288407171.57835335,503537959.8600222
83889682.29584534,83469422.90965335,61957706.98576828,260449006.57333007,489765818.76459706
85706995.93258691,81787913.0278244,70638902.82301155,294273815.73255783,532407627.5159807
81640831.2194626,86345394.23233145,67547444.60068564,289917087.11484176,525450757.16732144
81749448.19533463,101802897.02416544,69376829.92350817,322141195.91815585,575070371.0611641
79555770.3939204,68303294.34933932,52082719.38637867,273580980.3891432,473522764.51878166
93590533.47707379,68005917.48137788,73802326.12588058,383788729.3532581,619187506.4375904
85689976.37757133,77906441.10555717,62076516.74029632,315091661.1327604,540764595.3561852
72490870.6485141,79122663.28597645,72582214.37242125,329835070.6873246,554030818.9942365
105592162.84844226,82710696.24632789,76802458.6326913,276472380.64732194,541577698.3747834
73636941.65741861,84943611.48588623,71842744.76145244,292660060.43599707,523083358.34075433
119174616.74373716,101196394.65093496,71378406.30419396,344797701.90644115,636547119.6053072
79339261.81088002,64825917.69664765,62539213.67787015,301839995.0993759,508544388.2847737
72869034.4481867,81231501.14227971,53072089.19842228,300277981.32953066,507450606.11841935
92963019.55793989,95795338.29154252,78006039.64171189,291012287.15675783,557776684.6479521
109165846.12089562,71031822.6661835,56202866.26453621,299581069.4745359,535981604.5261512
109555961.9218983,79164765.92565857,77262645.02008215,333498207.75011134,599481580.6177504
116595535.0798171,83781186.5384832,57534187.33366498,338350120.7357799,596261029.6877452
106148225.98457618,72856875.72318862,51696909.53500169,332517625.69691736,563219636.9396839
95202596.1281415,79324180.43893462,71448120.62497966,346563873.49005353,592538770.6821094
100971183.99684116,78732283.75229605,73348792.22327915,317878471.93917686,570930731.9115932
82272341.81924056,67427441.3010956,56287935.91668776,275532692.4491017,481520411.4861256
104201218.88791196,88295951.60542612,67457773.94601889,403658485.77225703,663613430.211614
118152170.06339383,82284140.08946384,61832414.35242966,327848045.6826348,590116770.1879221
68351108.49092644,71294408.27187942,58141226.68372878,358874079.2760862,556660822.7226208
83595397.4695056,86627976.09672,65453096.57274284,281487269.7417691,517163739.88073754
116846662.43132561,65830739.07798942,65244844.83856182,288253542.09137315,536175788.43925
96782467.9723014,67935987.20202293,72982993.27581704,324332712.09557754,562034160.5457189
95659457.9193166,73371110.03472023,53322198.91550847,290014924.4362236,512367691.30576897
88419181.35075366,83724260.15230528,71746948.62207687,359846408.61097455,603736798.7361103
85109087.17918792,81900164.52525745,68443378.48416027,284035138.35263324,519487768.5412389
97022363.40430735,78918391.40038095,74922297.67537966,294005907.98640937,544868960.4664774
80637024.43822987,67879322.36326154,65099795.771650754,327502944.29586124,541119086.8690034
86515963.60461578,69144066.84550469,55613263.65115451,319322243.90923965,530595538.0105146
100336304.44819991,85211936.01178546,72347731.14327341,312732106.5002087,570628078.1034675
99207363.30388385,61089382.779632956,61081421.494162455,262659473.685864,484037641.26354325
92964371.82385443,62155192.09656513,64278117.08580339,270460638.6309022,489858319.63712513
103099721.67532945,74276628.16792662,72213943.86484253,323072600.0299699,572662893.7380685
106127015.90298961,74595024.70520599,71208065.54721375,325737654.6000912,577667760.7555006
97946491.8098075,71432374.62766838,66963231.96107578,318858682.3072374,555200780.7057891
70958986.43009798,73200406.99810384,75346294.03321916,303867901.8843104,523373589.3457314
77727001.24921492,75593631.45175287,66628089.110713996,275690328.9523546,495639050.7640364
103731536.9453465,70291497.49571314,63099514.12080071,341897132.09377503,579019680.6556354
90843404.69186237,80244942.4223331,70015761.52950376,355217755.25113076,596321863.89483
97633429.83177578,85338312.11527671,70204021.74339384,318709046.6260452,571884810.3164916
77221855.45345941,78462629.67847756,57694641.763605244,330176933.87067884,543556060.766221
65690728.83648824,64273874.29153306,53108075.44012204,300127408.11433846,483200086.68248177
70369132.51513685,69724922.75962834,88232103.34716941,368990085.4613889,597316244.0833235
74532842.77444649,93345886.76753294,68099334.59502225,314814376.86629444,550792441.0032961
70998728.28154747,66773473.48310115,55398064.46341054,298773355.83212703,491943622.0601862
81872188.7933149,79448383.32120916,74802996.04382068,292503312.0224947,528626880.1808394
79051212.60287152,75144157.266169,57482808.078777,309283086.71311533,520961264.66093284
86857870.65277427,82405237.92581572,82339960.43874326,283725046.53617954,535328115.5535128
80280836.69801316,60762181.61365405,55007080.320329785,269006885.64817166,465056984.28016865
78664637.40562084,73742075.28399436,62926958.92317795,341453709.7003508,556787381.313144
82975185.21330695,72634294.02858308,63032427.24354232,314440510.1337593,533082416.61919165
86008699.62013358,71916380.58106045,53618531.120155826,281214240.8417051,492757852.16305494
74687070.98724003,85462390.64631595,85766748.25786497,289012576.3810794,534928786.27250034
92532802.48599935,76803197.71684763,66393022.21267132,337897895.9140945,573626918.3296127
89532514.42720158,65729942.5366451,46814793.01597191,293934193.09281313,496011443.0726317
60479663.26813914,82449333.4050758,68054425.12741946,367653990.1473582,578637411.9479926
90362863.5905203,78507899.30944288,72190203.87241139,293287584.1982947,534348550.97066927
101587403.81150687,86191800.97184367,78183736.17286722,303781388.99783903,569744329.9540567
113309139.64937101,83341584.63736613,84158574.84988022,321733431.06996626,602542730.2065836
76296340.16714227,87541055.75916795,61113056.79329956,269810133.3717218,494760586.0913316
93993693.29016842,88490281.46888396,74048348.45871894,320855465.15308934,577387788.3708607
87110180.49259461,72537053.62772961,57291984.24570925,364943151.7030392,581882370.0690727
97771329.18347827,83082141.02621123,70789592.9480823,304131021.1748581,555774084.3326299
82472522.73982681,76371551.69546886,67589194.36092256,292100486.28690827,518533755.0831265
90387027.71933176,73120620.64389205,60634071.30856806,265388063.2094095,489529782.8812014
70004388.98411113,65053793.09253287,63826983.381281495,282877940.5499008,481763106.0078263
102549970.27292058,78126940.81949928,75836706.11591922,348338988.58167344,604852605.7900126
89773684.2330954,79551491.12720086,68863895.9890096,409587497.3245236,647776568.6738296
75568300.10725228,68517245.19416632,59788697.584768444,330185992.4195387,534060235.3057257
86293241.38140175,87439800.56890842,77231548.9086742,316016486.8848093,566981077.7437937
88289098.73841946,82616364.52739732,59983445.4751519,308174963.35045844,539063872.0914271
83201449.7686777,70853611.76960847,65505057.40953585,332113046.62701327,551673165.5748353
94135195.30453068,72816614.0716352,62470517.6053177,284145624.3747412,513567951.3562248
65693525.88289944,87046910.66593754,66260457.79292337,300835729.8213512,519836624.1631115
101521227.11121084,77815526.864438,56777914.305484235,285467229.83432186,521581898.1154549
114296816.57146508,77827332.60682389,76021197.82323194,285853849.9339537,553999196.9354746
104171936.07821646,74424537.79238407,61975978.53942996,305205987.21310663,545778439.6231371
81659023.29301949,66881607.27597667,52946634.65271588,255695630.41796255,457182895.6396746
113699786.12717722,99161114.34655343,75984905.6598932,246922554.63429636,535768360.7679202
92459263.05859566,74431521.74178101,58323353.51930755,301510827.2008911,526724965.5205753
78926503.82601412,70958160.73589377,66922799.02448249,268956025.1379347,485763488.72432506
82486048.68644309,65707593.34516123,83099334.02687114,321625042.21902686,552918018.2775023
87215990.34543522,73046813.13838685,75102245.0132644,320930331.4967088,556295379.9937953
101094748.83082536,66868667.21671228,64593481.01650061,377685936.1914815,610242833.2555196
92055786.75103953,84197720.59237449,80756202.75142176,337274231.2981652,594283941.393001
84857078.90203488,80493251.95063108,85904083.16233274,344992218.3236818,596246632.3386805
89992054.768735,71151072.20975618,58508548.55067461,283535094.25782317,503186769.786989
95770401.87965487,75188367.61918458,52233081.74371916,249093260.97388127,472285112.21643984
87297809.61666529,72875798.98986128,70980422.59433667,263118545.88103187,494272577.0818951
80008506.4381841,80339937.7437368,63209499.78718763,307208111.8890651,530766055.8581736
93952636.46242298,80643152.325849,52777515.09729264,253932383.77733827,481305687.66290283
93076269.50023721,65290249.62186208,76967980.71258818,353402104.80362475,588736604.6383122
96856024.94333482,70541886.98774306,55741447.933464035,279421525.60780007,502560885.472342
76954197.24243848,87655655.20779413,77939739.7167877,275126736.1670109,517676328.3340312
91138445.12348957,91788367.919616,64294710.58615384,341029941.5036781,588251465.1329374
90693118.27286403,70987198.61473049,60187031.45717426,305782759.16968125,527650107.51445
69935439.23228937,94668968.6567624,72120623.06558129,364323342.7794028,601048373.7340358
86163135.68224607,86488167.3819423,65433858.74816511,324218690.1119962,562303851.9243497
95192892.10473283,75072774.79235995,71311887.61165975,243140949.3741888,484718503.88294137
85583957.41081676,78726081.25938626,82255597.45255364,313399699.9176117,559965336.0403683
88259681.4821497,85883867.70384355,56379994.87941523,384198439.8528237,614721983.9182322
74424542.853194,73615660.49543045,62311357.51186267,374046828.48219204,584398389.3426791
91690992.28153014,79478504.21760786,58646198.93095378,308682180.80334866,538497876.2334404
83228207.19175227,76323384.88633952,49844058.36811528,274712096.3598147,484107746.8060218
81498034.3403709,83323695.50554493,59022654.29681431,259275250.5509955,483119634.6937256
67309847.68637516,73215403.12906778,73939856.15126812,255743599.54321295,470208706.509924
89716735.8716278,75616269.8600266,59861720.74872048,301633384.3620008,526828110.8423757
78884698.25637175,89493839.1617398,63225214.90725456,250012055.122544,481615807.44791013
102384559.91037531,96202190.34056376,66762141.64875491,244515075.91446108,509863967.81415504
75007638.11155179,76374237.47550449,62456990.42553327,281833676.4247653,495672542.4373548
66495419.05248537,77391814.51167865,77544795.29856144,304403497.2511745,525835526.11389995
109446322.11876278,107349699.48737764,78032680.86408454,318785939.1041203,613614641.5743454
74853350.01566704,70594566.36899434,57281103.95671568,274245721.9281505,476974742.26952755
85968186.24268216,87093406.12818138,68187528.56104815,321225757.56218624,562474878.494098
71996579.62088215,75466592.29036875,74854865.38799627,333917399.14475995,556235436.4440072
80371173.16442594,88271409.5668364,71044101.1227531,295181170.18168813,534867854.03570354
73980517.16969928,81075149.6127447,68739112.69731666,322518323.1160363,546313102.595797
83858881.88331756,74745536.549933,58184961.72177332,382887493.09602845,599676873.2510524
104117824.30175918,89429004.15770425,58967774.32827938,345469217.60167426,597983820.389417
79486827.5961262,58493487.46750037,64216389.8161587,363359057.384606,565555762.2643913
91553355.39446883,81880647.9424278,64698995.11409291,208025697.95050564,446158696.4014952
56854040.40922502,74901970.45001413,63965216.8259991,324635366.17519045,520356593.8604287
76970565.0396772,66470757.69060574,53143779.14607913,226094474.65671015,422679576.53307223
87351625.99923012,76462766.18709883,64421153.0880979,269226183.63942385,497461728.91385067
88896859.74150588,82284192.16550249,57531487.3881513,293759962.92633635,522472502.221496
70818005.27587983,73399118.66432741,62563556.632562384,301891684.4119117,508672364.98468137
77611042.20969906,63851662.58735973,65411760.07124919,296205371.24675703,503079836.115065
87363107.71702103,78062038.2671027,76600656.64598411,358978869.25241655,601004671.8825244
115519337.1151278,114004441.36601762,80074020.88585494,331935710.73820627,641533510.1052067
79141058.774322,58116010.60178423,51748978.311471485,283720702.6762852,472726750.36386293
88852071.7145712,72551341.39384654,65515479.17299381,278599221.1426033,505518113.4240148
83029574.663892,75575463.38070223,81314250.55952205,334174409.867537,574093698.4716532
92688809.10594244,77149092.51250541,61420860.096358135,373235683.93407965,604494445.6488856
88288679.02659966,93706076.84571445,64443067.339372456,289991720.5521826,536429543.76386917
99914757.72892678,91817486.32439567,83777079.34272765,311955201.14988804,587464524.5459381
112778237.59192291,83677146.26234813,50088786.14776729,309906166.04628265,556450336.048321
73068197.08442225,67498550.83245358,60234354.20961021,313160410.7853079,513961512.91179395
78245218.63111457,66490012.01390602,76915970.66922899,277094913.6068012,498746114.9210508
60914798.373032406,76343852.0500516,63024212.89604189,268710164.1442939,468993027.4634198
69593727.88167079,74841662.60211402,73144743.55507708,309018832.9282104,526598966.96707225
73142764.43143176,72743190.41161941,59085626.06712231,339867979.55995375,544839560.4701272
94650394.35115872,80207800.05505688,66175876.67419286,388263874.379179,629297945.4595875
87914959.13436756,77211467.9080082,69759016.73233953,273982812.5821625,508868256.3568778
76550733.42206562,83819576.83545096,68581220.45065543,276282829.8355059,505234360.5436779
72417525.07469803,86596502.10867867,74842339.0690846,373302972.20283,607159338.4552913
94751147.65945661,71126212.98024857,65300205.92852696,265677543.20421994,496855109.7724521
84228951.0551149,88778320.86159885,69567847.10599573,367682774.5554993,610257893.5782088
106803270.02831312,85090714.85743847,103481334.10606715,323121993.20178765,618497312.1936064
90858937.18578511,80228010.44058318,65957476.814465836,271607716.472352,508652140.91318613
95760295.8795787,90595591.34923413,78727877.88261388,291116071.07454216,556199836.1859689
72566579.06134522,55714376.37330526,64824966.465745404,321340316.5844598,514446238.48485565
91380302.71416792,81792978.96112673,67450416.59377435,294875289.0295999,535498987.29866886
64889716.17435508,87100567.3599869,77449904.05590488,310514884.5840203,539955072.1742672
103120184.93775007,81450109.83047774,65762533.91722711,324579151.69428116,574911980.3797361
78283819.6091579,76269889.6643716,57558507.88865892,272253102.2414018,484365319.4035902
102069814.04639947,70754522.4654872,77907524.91136461,289897498.71119773,540629360.134449
125268052.43842272,73695176.50982556,63188573.804750666,260094761.35625574,522246564.1092547
83375138.78430794,80959577.08039187,74319713.17415796,333458711.2069744,572113140.2458322
79515943.72355607,78858876.07550651,67518279.32419729,292757382.8924427,518650482.0157026
77630075.74234849,86716974.29438175,68872908.60613403,337136896.6245002,570356855.2673645
105418889.54357709,87373041.18999961,63138273.298969954,289436316.8820873,545366520.914634
96227924.81512044,92513434.80979797,91685657.99525476,358538354.34800154,638965371.9681747
78033192.48502815,68719959.03469661,59461063.68687909,261486523.9604805,467700739.16708434
87463546.72834995,77782386.4748355,76297988.9891676,338052754.97312886,579596677.1654819
89555041.83674265,76641422.24509649,53495148.07234639,293730923.80229074,513422535.9564763
76703530.83766992,80487339.38049068,65788467.93330773,369978822.28155255,592958160.4330208
92785879.73299938,71003874.53897709,65361831.70325023,302777591.562742,531929177.5379687
93349656.95498222,77817695.5191048,75203067.55471028,342644494.507946,589014914.5367433
91106991.03379068,73318095.61102605,54423709.24179533,289274168.779002,508122964.66561407
104526666.25400141,89375227.58647892,76912285.55045663,366299490.52607095,637113669.9170079
107529779.7154342,82114803.0242764,68502760.18891843,327886643.71833456,586033986.6469636
95293005.50273065,68791111.61957671,63962331.036422014,297221802.385573,525268250.5443024
82932412.50836396,74719299.92122978,57040364.83909263,239176095.69844547,453868172.96713185
60674646.92083014,71327771.29782028,64978448.471761465,276055590.5519065,473036457.2423184
83579372.6488046,79333369.14095399,73426210.52443458,323607751.2518795,559946703.5660727
93433165.57027076,64539796.224762455,64567817.532887444,301229394.67293054,523770174.0008512
71763856.07701986,75268287.19733043,67685282.29907873,321108962.87354666,535826388.4469757
93837895.89562505,93909819.23123756,60665632.36725121,358937517.8051248,607350865.2992387
88218539.36962384,79553413.91532406,60592455.592756905,314433013.04925674,542797421.9269615
108815964.10980083,98673300.19204319,92589319.41971008,319931307.2961648,620009891.0177189
80699964.5207117,61103905.84936876,52947617.8298391,284403772.53398174,479155260.7339013
84779158.85049425,81931834.02102497,77976120.01969811,331473770.6939029,576160883.5851202
108048579.67636378,77871812.68210202,63308558.610852614,352468888.2132054,601697839.1825237
84946950.20428799,65978431.81506924,57499773.57017543,262802557.88095564,471227713.4704883
100529054.63549104,74607664.81910373,58134280.8564093,320188477.4530377,553459477.7640418
79161289.9450322,73469758.72315721,54081886.42568771,310114224.1528315,516827159.24670863
119089066.35306561,72137345.91002467,78458595.39239134,363385684.4384396,633070692.0939212
103853982.5352536,65656890.571274936,67345270.09392211,284169934.2900573,521026077.49050796
66273522.4244236,71118553.72590896,47617579.28612256,212977365.31251234,397987020.74896747
82317459.83533269,81078164.99691123,66801936.79494213,288100985.284572,518298546.91175807
107968531.62647192,83237803.34311819,63875307.42682865,265219986.9144642,520301629.310883
83743889.2426656,69420569.56571674,56841720.51958864,295152174.1412323,505158353.4692033
96006156.29498109,76830478.30405577,67423162.32844509,276717886.41920024,516977683.3466822
95113216.26748289,72942321.3933698,68037375.58602431,341909820.1575983,578002733.4044753
94086819.9888343,66694445.77347495,70439408.27747166,301443932.5736002,532664606.6133811
97910912.30791934,68411655.42303261,54150119.569258004,266405526.20145774,486878213.50166774
77305174.12487082,75708324.75065133,57476847.58517376,263928887.2753687,474419233.73606455
74536794.56892598,87066338.88010432,78359774.83713518,356529404.1407724,596492312.4269378
85670322.01249197,79338681.00972897,77539877.73484708,299026561.12977445,541575441.8868425
87841653.81628072,79531614.70639217,73923902.27269632,331137918.76289546,572435089.5582647
74628253.15207687,77847176.00471634,61428055.39368949,243403032.1881828,457306516.73866546
78716338.07794456,92540946.7714095,74547233.07395357,329463925.7935516,575268443.7168592
73530149.2294322,66299835.363540515,62795808.1102585,315947819.5963322,518573612.2995634
77139894.62728775,68762661.53197731,66162807.639627285,330004223.30291915,542069587.1018114
124023910.13035284,80706396.85760933,66200240.72048612,262276519.37755978,533207067.0860081
88027105.38223454,81837796.0283592,66540075.5765899,364640759.8876239,601045736.8748076
90900605.81091228,69520575.71440236,62767381.773364335,278584243.851809,501772807.150488
98737502.9746949,83339341.94936688,65364380.03662612,277477977.0776794,524919202.0383673
88281478.10495892,76248646.55865869,47362225.435866095,265575542.8753545,477467892.9748382
98280084.52547067,88342893.1924649,74314059.63418937,323489238.02059585,584426275.3727207
83679964.60499525,75351558.03749062,72172139.41746949,331440066.5697486,562643728.629704
88864331.7973571,76735315.82009025,65318575.95968934,284562775.84124714,515480999.41838384
82294283.66851163,62001205.36700695,51536283.28264565,264948668.57103193,460780440.88919616
113487925.42041992,80593727.38390054,60539552.84817511,355895071.5955148,610516277.2480104
93788243.90469289,64516112.42415178,54971173.45464337,302777221.83193964,516052751.6154277
85915677.71545932,79096175.0171598,62164991.28737404,289112787.77884144,516289631.79883456
67941839.98380204,69235494.68741532,68369518.93555687,363641740.9332846,569188594.5400589
72911547.71979211,56230470.943324976,45711912.13263192,283775652.2805542,458629583.0763032
88063611.95081156,93554339.31270641,79651679.02389963,315932312.07064176,577201942.3580594
83118891.33080716,73205725.72255334,65607532.53277631,289439652.2088921,511371801.7950289
93460592.36430563,78414463.42555465,69629435.67069305,273189940.8762624,514694432.3368158
82656372.836046,76393466.16781195,65878981.082274154,288924882.36170274,513853702.44783485
86224688.74537116,68458538.81959671,63309439.37880257,251159565.67035502,469152232.6141255
64858807.50511909,72303459.39372484,70982371.36590342,345801734.7281318,553946372.9928792
80936895.47348975,78507146.35650422,56659098.297946975,357829801.74847454,573932941.8764155
103090070.94811964,92028900.72176157,58674374.98108031,242716489.037038,496509835.6879995
80486432.30772339,78531189.2520564,61746998.18208146,279236625.95249134,500001245.6943526
79966769.72471045,80815783.2289968,73109533.20887934,249739711.00660765,483631797.1691942
70803166.36739929,79665151.43002239,70103011.93103728,314939592.27473676,535510922.00319576
91389834.95180286,67307597.46248259,48520651.41075662,284133362.6217117,491351446.44675374
73102868.52425301,71914191.36225761,68963814.0556459,265270046.4687365,479250920.41089296
124724002.61154653,69339252.08903477,67497833.18652096,280973283.30790967,542534371.195012
103746989.74900228,93573597.45096983,76840602.16719858,322846016.0166305,597007205.3838012
79455957.16438566,79181812.32053566,62870722.4291242,312029328.5524079,533537820.46645343
91390921.5917572,58809088.62275231,58845839.75838138,286120279.9025252,495166129.87541604
79507665.15308575,90240229.66467178,71761280.16416615,333594031.62906444,575103206.6109881
67922268.87192672,77809049.62906127,62358710.52622257,349125798.26918083,557215827.2963915
85238170.68587418,78671208.26312736,62283227.98655345,286065148.17399657,512257755.10955155
85398913.6613961,93839680.16794741,76012491.49454209,358147222.83577687,613398308.1596625
80970673.51420002,65545587.1418296,59948637.26959844,311172894.5478158,517637792.47344387
77698382.57611914,79790450.69669838,64850189.199567236,360293731.8709545,582632754.3433392
87186955.83318779,85076873.45432433,67849779.55841178,285141511.6408612,525255120.4867851
94618794.17688909,88924411.8607644,70174343.66656525,354613040.6019358,608330590.3061545
77980546.52608483,80339866.70929866,62853548.43184681,348079116.74443054,569253078.4116609
95686401.29257408,73271729.6171335,58838161.76830032,297713234.7278431,525509527.405851
103018468.09905328,69598597.26527621,65232073.89942637,288985532.95075965,526834672.2145155
71344092.27862932,52992628.708357394,60540508.71513916,280325124.27912736,465202353.98125327
70058390.56125616,73339053.34266263,67402813.75423795,365742885.2851918,576543142.9433485
77803582.77813077,69031849.07623547,56463907.363714166,333087272.56193787,536386611.78001827
74214167.45184971,66225925.1665526,65038126.583942644,376259126.9586039,581737346.1609489
81300365.12880602,85298046.83772233,63876320.937057436,301855246.6208735,532329979.5244593
88909722.74771346,90132240.60849026,77416934.60861154,400337201.4311058,656796099.395921
81264066.332714,77553215.42219092,72899729.30201508,291907045.149039,523624056.20595896
84145328.3888097,74204824.71529752,68349097.20933904,326634184.4064687,553333434.7199149
95225666.07381147,69840416.2780574,56662327.405062854,288861169.0934089,510589578.8503406
85973184.9431843,69222020.63658051,55142800.50874729,292072956.9107332,502410962.9992453
86283998.9616597,73138897.681466,63117093.69990948,292104833.1016431,514644823.4446783
66454859.10236518,66865763.6123938,65048973.2009795,344408315.3371487,542777911.2528872
110626477.5902419,103333658.7483552,72982303.52983585,317788706.4895691,604731146.3580021
87702429.19194882,79160960.92501971,68049342.68159644,325752915.40293705,560665648.2015021
102318110.23469558,92526620.54243064,60704380.17832796,303754843.9731063,559303954.9285605
82074173.70039761,77077724.592559,55471870.2472555,312673124.62368715,527296893.16389924
70558717.3255217,63961116.58573687,69807712.82784957,338832781.64609265,543160328.3852007
69338443.43871832,64759072.49816544,64692488.74319882,314135529.37780213,512925534.0578847
88359127.5080466,77503880.92339668,50631872.70821344,323198640.9807533,539693522.12041
106813592.91016208,84685986.9994429,67372509.587026,393615973.61348385,652488063.1101148
107964862.70265621,69862472.91174291,86953240.60624984,311856254.7292038,576636830.9498528
87584224.14886613,74644716.38239393,72139416.18279251,282780833.7393847,517149190.4534373
82252188.79044744,69827538.47414325,64923752.899853066,278995992.433717,495999472.59816074
80670114.91250627,64550521.676886,62220612.13915012,271656210.3052531,479097459.0337955
110035295.3771065,84290215.47821565,65700114.28376785,316191006.67151505,576216631.810605
82325839.52831551,83894190.015833,70844565.64183702,273387283.07726365,510451878.26324916
70970425.03576759,65042874.39398903,80023344.11463222,297903115.0027329,513939758.5471217
92503982.31213157,74918693.45231193,64522407.74871358,271916177.38107884,503861260.89423597
97735701.10990165,77827786.55243286,81167587.93160623,326182892.1345303,582913967.728471
95273156.12990153,82313306.52083212,87173666.09460756,336414349.1815985,601174477.9269397
92962922.89028941,85291657.66646774,60517935.09442389,304219488.6260493,542992004.2772303
107582851.63349268,84758776.01404133,74472388.7917078,259495720.42746863,526309736.8667104
88469650.51608117,69143860.59299265,69292983.59696966,270868580.9107088,497775075.61675227
87105145.34943332,73242659.73843174,61404277.91880178,278306460.04742104,500058543.0540879
94596082.29901668,78573326.19819476,71020874.89513722,342026321.2123026,586216604.6046513
97722813.27620745,93255262.15405871,76441415.16776112,327491412.6790154,594910903.2770426
89263073.02043407,94599129.37450548,76659823.4068742,298699560.0861356,559221585.8879493
92050957.27343692,72219352.14574528,58605016.003963314,320934156.1053976,543809481.5285431
73721093.86541443,59188879.097298175,73828887.38712153,288840684.6677063,495579545.01754045
73758107.14104411,76982767.45520727,61061949.27032573,328019917.41466534,539822741.2812424
93878676.2691265,89680323.65288885,70463733.31533305,331335165.4502308,585357898.6875792
92602687.86916088,78629650.85520431,67260728.67405823,270102868.7686574,508595936.16708076
82964071.95025247,68760994.85221007,65346915.762342274,348359492.57070047,565431475.1355053
68246655.78629036,71315366.91836444,70795952.02014217,293617666.6454527,503975641.3702496
85522256.20403816,80684242.52023084,63842438.18739197,297654279.1596424,527703216.07130337
81706773.11041264,68347003.25286749,75066832.31258768,391871679.4751202,616992288.150988
126391974.46179679,86291416.8986718,74412871.92591803,308219584.2090189,595315847.4954054
92170687.55394934,69325452.93081424,73652353.41374792,317241982.6053558,552390476.5038673
82313524.53959134,74100653.79000781,65668505.30937223,313103028.55172795,535185712.19069934
90638763.43753882,74324233.27949265,50085149.557749785,316906913.34344894,531955059.6182302
69762289.95869185,71904725.200873,60682315.63053014,288494074.5250718,490843405.31516683
90003432.70898356,77606902.88466413,66350726.71279304,337366162.2476026,571327224.5540433
87539537.85478668,86330680.78254607,74199234.28989346,341997964.02688193,590067416.9541081
107855412.37006791,92710959.68644254,67263968.24465145,301532058.31473744,569362398.6158993
76864905.92310242,77067551.59474139,67454344.51937109,347380632.41700274,568767434.4542177
68846186.80179304,54157595.74041056,56688828.00223906,256822314.91155067,436514925.4559933
54616416.50484122,64240296.00812094,62961132.16650359,320856779.70228654,502674624.3817523
78557230.1499512,79068613.642954,62209674.54846535,342786129.213443,562621647.5548135
80780843.88352959,109338949.11008817,81775126.75467575,351145852.4859283,623040772.2342218
104073072.27120857,83646722.48353773,73680270.35627803,372123010.07529587,633523075.1863202
68914858.68777047,64179243.1600886,77139859.31352668,427196365.05964726,637430326.221033
70753566.55392046,70660427.4518649,55375172.408461414,309612591.05920565,506401757.47345245
97493879.81044772,62473357.31133097,65815995.59680507,360531256.943959,586314489.6625428
99192544.1544947,72206431.53108077,62279220.88292502,284325810.67009425,518004007.2385948
101587271.01304889,73561314.11054611,69864612.57803327,286096437.7473795,531109635.44900775
73417591.05465233,74127620.2842101,63592146.40988052,344922377.0766297,556059734.8253727
78645561.70092131,85659106.61532672,71703303.79685743,383230568.9971051,619238541.1102107
98135159.68531592,68744807.31368716,57167910.532560855,347356044.5584466,571403922.0900105
95307436.28498198,73003319.95752054,80019215.18976414,356441524.6269515,604771496.0592182
122987663.7311895,71773590.54909801,68008928.21027444,375208363.4226316,637978545.9131936
72253233.14433256,85791950.72228731,66753281.31426618,320380620.9964641,545179086.1773502
74556525.6805293,84665270.01784083,59712489.643491015,279748226.97268593,498682512.31454706
79546342.9058657,57057662.72344941,66595969.206062645,320159240.56076306,523359215.3961408
90719238.41303654,68539813.0168495,67556433.8308294,224594343.09555903,451409828.3562745
85028803.67747493,91333737.40884563,62236804.47259492,260863697.58997136,499463043.14888686
78156704.20685486,66615996.30581368,65689782.19305164,279312025.7770054,489774508.48272556
104470832.47474188,71939384.57312283,59672978.40994939,266400479.6683013,502483675.12611544
82344465.63587205,74686628.23948565,57177077.489334755,298880099.71088016,513088271.0755726
94338753.70914511,78631473.280524,62040782.886902004,342719665.5675719,577730675.444143
99845787.37692009,75014807.72726579,64310894.37609873,368581442.39350176,607752931.8737863
71475747.13246737,63749203.14155,57538958.00732358,302913672.9289995,495677581.21034044
75211001.16934125,80648044.10617794,65187779.30941024,323960529.38132745,545007353.9662569
89398444.83470306,71376585.70108886,74461138.46314818,302634573.6910568,537870742.689997
98628412.62955412,89085617.0271577,80177338.35029985,286404871.76843494,554296239.7754467
71155228.97903056,73355388.55685559,55274213.64935926,300405111.3239923,500189942.50923777
90156128.88029854,67829584.96277149,70936814.23291844,250698327.08161518,479620855.1576036
74622721.98603311,68084049.39356273,63733521.054825164,334131343.2880498,540571635.7224708
88182724.0442858,69539181.86798483,63655503.957698025,308010191.16940993,529387601.0393786
89297466.38089526,88709233.43482982,87835956.891246,307166863.5038379,573009520.210809
84209864.40013467,77035127.04820828,77014987.95922476,261424121.2787436,499684100.6863113
113579046.55208153,74006292.31343964,58074579.04346102,341785446.8449111,587445364.7538933
109173859.34965707,83895192.02288102,80493826.34567665,375760498.5269366,649323376.2451513
85143902.02428105,71391094.14557047,66289960.4959643,319467708.8504609,542292665.5162767
93954636.55970769,84041621.97819708,63519915.22307201,319003270.5215787,560519444.2825556
115581400.25357406,77055323.75413784,69904008.48890918,250093852.60673594,512634585.103357
93693391.30225621,73499300.14462817,73064339.14985022,315362428.6151912,555619459.2119259
111121631.5767371,68584466.27995606,65277972.12112011,302500691.7115547,547484761.689368
91878830.27156578,77840377.6200498,64952655.44424752,290678328.47104484,525350191.8069079
87492325.52675867,83013605.53426482,74817606.58504154,320369463.7240052,565693001.3700702
77155597.68690524,74153426.11590408,62746778.46010423,302815925.5628759,516871727.82578945
73906868.6079211,65887359.35111815,55455916.727221906,290260853.8529992,485510998.5392604
103232089.64104894,76168077.06514043,82998568.43428364,373444251.25458133,635842986.3950543
86941754.16573894,85622641.21850657,67013218.98715067,269727564.320495,509305178.6918912
99217230.32637559,70829651.14071181,52282130.09914978,251884296.83625805,474213308.4024952
104559109.6736777,81007670.64909403,64110345.92885664,348932988.47609353,598610114.7277219
98259976.1892754,83031066.99063875,59978448.707165055,260818539.03784454,502088030.9249238
76713924.77278203,71916709.9636922,93298584.5419149,284627970.5803365,526557189.8587256
82224978.24840711,69710230.60732132,69129502.75343513,259155947.52680865,480220659.13597226
79900255.09692359,68395239.13675325,67605381.72877926,282716708.99846125,498617584.96091735
87411469.14993091,79632354.87550741,71384530.1923124,351086327.6448846,589514681.8626354
125512521.42758456,102274280.81747255,73922458.66105326,356968949.82642543,658678210.7325358
64398337.299269766,82733617.87052573,74323240.10129821,330923337.7444469,552378533.0155406
90218200.90812106,72581402.28503262,77588577.5756789,367989803.78472126,608377984.5535538
82422534.08147737,89639583.52478585,63564841.18312736,262637760.56866747,498264719.35805804
84456038.81508878,69143160.96821947,62770642.32074556,327792418.9211311,544162261.0251849
88359288.6142671,76787778.45442975,79726627.92216828,344530717.46969503,589404412.4605602
70668774.49117908,67313980.62157562,55078711.465011664,336622352.05644053,529683818.6342069
89780690.59547806,100754304.06881355,80175079.1199075,324753015.2314303,595463089.0156294
76339437.8577699,75154208.33468626,59492566.17520924,313461782.38724613,524447994.75491154
101323775.2440467,103603828.17139597,69879953.24911188,331824463.1430027,606632019.8075572
82436810.55323215,80283518.09126073,65623920.275599174,316897186.0955454,545241435.0156374
96064505.44389766,74519047.08489631,74022388.30564506,298914059.8189676,543520000.6534066
100640651.56496513,92378885.01123364,71694208.43566492,345470886.4758705,610184631.4877342
100311769.2144801,98690815.25657323,69079060.61594416,281188295.0615485,549269940.148546
93360799.46353988,77974254.75700003,72820577.47481818,380843382.3760522,624999014.0714103
90580683.71904953,81198558.61505084,65464316.12299051,327594303.7954485,564837862.2525394
79504603.24655323,65968982.83180283,58332091.25278616,307392457.4146472,511198134.7457894
91576827.60834478,75890691.3213316,64123574.43742433,286895927.781766,518487021.1488667
90604024.75153592,78905858.64239629,51584232.181156084,271139396.5162555,492233512.0913438
73977056.18051863,73221219.45588216,58151031.238573104,275345847.8314297,480695154.7064036
65689624.9573079,89197235.83248869,69514818.73395175,374413955.70406735,598815635.2278156
88535694.8948044,88046495.24219717,66412222.60300029,338728737.2880852,581723150.0280871
99718838.3185838,76535132.42546141,56366411.415908135,272143784.3229292,504764166.4828825
86906351.91600965,64776172.2175482,56777985.70563047,304512321.2908193,512972831.1300076
83247391.31632748,69389402.38518721,60288137.197275914,296850716.75837946,509775647.65717006
107775238.14777026,93013359.55821632,73440700.78718273,293037044.30565166,567266342.798821
96451119.63219437,97414886.84673966,75333778.60181552,272853145.181971,542052930.2627206
92673282.48023209,89218785.98506023,59086960.941122785,363907268.2411241,604886297.6475391
88637876.85946779,78943241.06752682,55279821.97430246,273686496.502555,496547436.4038521
94376454.174621,90772131.9142659,76998055.84119168,302095460.35024977,564242102.2803284
115178778.48637468,77733683.06293714,67205207.78488956,338370664.2461131,598488333.5803145
90590046.48939726,78223748.4013597,68422282.30394784,351099004.8805906,588335082.0752954
100904109.69939898,93289577.10534833,70752804.67928551,287108599.9309425,552055091.4149753
82334471.92090741,69884658.46410212,53424039.06858585,313699075.1470352,519342244.6006305
97631599.17162341,69180109.77058746,56168400.38416839,348707100.57147026,571687209.8978496
60631157.11883679,80413007.92425324,70882937.6961926,323354984.2456623,535282086.98494494
81112146.33723442,83876128.76675186,71411751.75476326,314299618.25701773,550699645.1157672
98093887.07373397,93235175.99288361,79005526.6461762,323664813.88488287,593999403.5976766
83789276.8299416,62230673.36750728,71479723.1317704,300457775.3635932,517957448.6928125
68689669.9127359,64690931.45657193,64429506.43555876,234394456.84898272,432204564.6538493
94990037.07921012,68811323.17228377,67394492.53917389,349067074.65732706,580262927.4479948
111315104.41222718,71269539.0711976,64817026.445942566,250040945.00026527,497442614.92963266
94960540.82183434,82634912.60062227,78546727.76462613,309790397.9320255,565932579.1191082
96761434.50577565,77791899.85806392,82607402.36730675,292303464.4558967,549464201.187043
100740013.7276598,82396446.99608478,60291235.54069301,360216740.7554901,603644437.0199277
91038556.68486923,85861727.62549633,65317634.14406638,338021735.1747628,580239653.6291947
91845373.7801818,61338467.297169596,49566486.896987535,288696972.0304591,491447300.00479805
81126242.69895966,85493577.59923932,74991736.57516642,312164449.5093035,553776006.382669
70946500.46687947,67467943.2882657,67198980.85012574,300506448.9091116,506119873.51438254
66164557.50032651,59974004.68486153,59291970.613928564,291564612.2568953,476995145.0560119
101670833.37544937,74293882.93754238,81694940.9868474,266725021.7344055,524384679.03424466
95666041.20932733,88688087.98120259,59964747.01170594,294881747.0409154,539200623.2431513
71565874.6578301,71045285.47015633,58648182.41258289,312128020.8793942,513387363.4199635
83990346.52946086,75743836.17214328,87353031.6046013,442539154.01620704,689626368.3224125
89500036.38391744,76687708.46115975,73457855.63856837,302534364.03944045,542179964.5230861
84772734.25034939,72313480.9182799,59605778.729782924,302154317.86582935,518846311.7642416
80509273.703882,69404729.529485,61027007.91212389,284414027.44316894,495355038.5886598
81033294.66392909,66290468.95140597,58331548.201014765,273805291.9319308,479460603.7482806
77599922.48043473,78226672.2721612,74159107.95155144,276574721.6637121,506560424.3678595
111311076.98518224,69428773.48774578,71291941.87302195,274776937.0243189,526808729.3702688
85934603.01530755,62400851.58357103,63289315.3375451,269681310.1479037,481306080.08432734
81655079.82909195,80804009.02152474,62618119.4837374,271394464.72914374,496471673.06349784
86884080.3604535,81392372.5444976,77445290.93340914,367128641.83951443,612850385.6778747
96734116.32476807,75381811.83336969,73753986.96466997,339434669.83468366,585304584.9574914
120804636.27967626,102329638.45548286,62022146.152705126,323247550.56999075,608403971.457855
94377894.7046982,71126647.69586416,68185599.70888372,287172252.9709113,520862395.0803574
91127809.71457432,68359605.49256979,53258832.20775646,272084738.6751619,484830986.0900625
86143910.28045346,58577511.89850758,63320836.076219216,391200215.16066724,599242473.4158475
77802449.37959665,82425999.58873619,71196378.44959076,378909877.76825595,610334705.1861795
83560508.81971128,63524478.448870346,59631147.073300056,307350834.14466166,514066968.48654336
81923419.19339462,71149060.64817911,63685703.04375071,263065731.86090773,479823914.74623215
63960719.14566205,61851263.13082687,68877558.4897708,280033857.0714658,474723397.8377255
107160422.40069225,84372650.88081396,89390809.42350852,294041427.1165879,574965309.8216026
75532896.04705517,73821478.25128525,58881723.00264007,339385993.54714173,547622090.8481222
74555271.61229548,66720609.38445015,59257737.308261335,288674086.3384671,489207704.6434741
78459242.38669142,62999620.058753595,58803466.237313405,290564870.0227426,490827198.705501
80011034.10324928,81241740.87928617,76827009.63769916,256714744.7394545,494794529.3596891
90953804.09540775,95219218.59453948,73792717.56897041,349048366.58824795,609014106.8471656
100347971.49557632,70897915.77418463,64666288.92598082,296263052.1638246,532175228.3595664
91546287.74021661,79670351.30738395,65623356.94889741,326466008.44225866,563306004.4387567
73293907.28975631,73564438.83914469,61607513.50329442,337544141.72070545,546010001.3529009
93653011.81411207,77664309.79343018,71094152.14500448,251252461.7228274,493663935.4753741
68742477.60416368,65238775.74429853,86330779.71754014,305221556.9629072,525533590.02890956
86601826.66571522,80773248.62790588,76524086.66558054,343846422.255373,587745584.2145746
104752569.0745413,97176728.51896213,86752398.3781839,372666429.59030116,661348125.5619885
118085291.92093562,84520225.68843561,61035094.763505116,305883269.0709543,569523881.4438307
87092290.64138106,75834015.47856091,61562106.887762696,290867750.85311645,515356163.8608211
77999497.42885546,71871103.2659912,68181257.00219023,345055185.29092723,563107042.9879642
80695915.95489465,73801992.63470985,69016301.3976571,296429294.2553241,519943504.2425857
88901794.27905987,83881172.75914353,75860118.35173944,309541792.27274513,558184877.662688
76521061.39918964,60591433.31802,62300560.70214448,218848507.02147177,418261562.4408259
95975330.72420059,94621930.86899918,71386586.56444365,307960188.101961,569944036.2596045
77182901.32615179,92006899.50194359,72585903.95931941,299741173.40329844,541516878.1907132
78419233.86915646,71585227.20714147,66428641.389015496,324233122.1824594,540666224.6477728
80758776.81308629,73045323.79445617,79037823.2815465,372766304.660117,605608228.5492059
82726084.99280779,74992690.5449586,55022932.68981727,318483902.11972606,531225610.3473097
68943221.60687308,80455282.42910361,68184556.51134446,267343019.7093828,484926080.256704
90091673.09463298,83254475.57398741,66979714.376207195,291917041.9295514,532242904.97437906
70514987.15028098,76523487.875734,64431368.47078321,249728180.4215822,461198023.9183804
88933275.91484319,68873879.27636124,60456283.648643404,260720988.02498776,478984426.8648356
63630161.32750494,73535586.61771932,63288147.52968545,309051581.80502915,509505477.2799389
73431804.85565914,68622835.43021332,58369728.95264072,278992170.25740576,479416539.4959189
99421276.65638644,106444244.21296412,80460048.92786185,317550995.2597513,603876565.0569637
62864498.857798174,81219086.54902038,66096003.94172813,280176026.552997,490355615.9015437
87541911.3797795,61913774.6722519,51724273.32118391,261962029.59211534,463141988.96533066
69800554.30842224,71620408.34174745,73141510.8853853,341376628.3893413,555939101.9248962
80556705.88580462,81452436.55843133,70006094.2531542,349225687.13254833,581240923.8299384
89033497.10032155,63936833.489656374,59900200.65545134,237920056.80053553,450790588.04596484
84961174.92563617,69459792.49739681,49183369.76248963,220782895.62890887,424387232.8144315
124285222.51091132,61722698.19976438,57346535.35338326,307667676.4866396,551022132.5506985
79172987.84616657,89555928.7795399,72116423.07070446,314537834.2696225,555383173.9660335
106084031.29012395,76181795.72736141,70092924.6421261,332873982.20888615,585232733.8684976
119658963.30403972,64088574.97685268,63152282.44224377,251072748.72910577,497972569.45224196
93503990.27934824,76162162.48161945,66665380.57146859,358651154.1364213,594982687.4688575
85283858.68912879,77465354.50057203,65542887.65060262,292951903.9619898,521244004.80229324
92639037.29067655,79764402.62335305,66071937.347826675,302755174.7892501,541230552.0511063
75582011.94557497,62287552.10124689,57544009.514446035,233028776.52500454,428442350.0862725
84167278.0464181,69483217.6411508,70503303.7788652,259806867.52191517,483960666.9883493
98194837.11385755,66968577.133181065,69636000.81286283,273565630.8900357,508365045.9499371
96798075.17871147,80366073.14599623,51336892.99515248,256565895.42412814,485066936.7439883
71081939.12926236,77311536.74089156,67000165.93446784,372193281.6900627,587586923.4946845
92509090.5829929,81685721.58200903,63561720.85772791,306268818.88561,544025351.9083399
60412836.17980528,79686471.63910599,67640127.47810885,366557993.9835325,574297429.2805526
96282012.36544073,92350495.45843163,69158401.12077431,265930417.0343869,523721325.9790336
105433861.33240895,79559134.42171903,67372035.26499955,325438941.7041887,577803972.7233162
92285278.27137633,82909235.06380554,64262324.664649546,324205199.4185969,563662037.4184283
83593508.98844376,63978531.94478191,63406481.89468761,316959350.6195177,527937873.44743097
89929526.55556358,93665075.89576927,68468009.89929275,271028504.258029,523091116.6086546
62374480.60243582,78736012.21966115,74240574.64390779,218107796.65551814,433458864.1215229
69047113.42053555,74789641.2163629,63836697.55469091,247552542.48861673,455225994.68020606
79076483.17324251,70897355.10460514,65350999.68258588,277847771.61536837,493172609.5758019
107901050.78567247,92617928.33160412,73143090.59629568,402063325.5553922,675725395.2689645
84665772.55941024,75413132.50050047,62056067.231583916,252203358.6678677,474338330.9593623
89643333.77959603,82943399.68630761,70408714.65207781,281671349.36210936,524666797.4800908
88053836.44272472,70574307.29826403,58020038.43575302,280152231.54333603,496800413.72007775
82735924.82083951,71018707.26548284,85980557.69636877,286992770.29662114,526727960.07931226
90579532.56034055,81994012.09929258,63978276.567906365,388255008.1623671,624806829.3899066
81115934.88692738,69403262.71799752,63318832.24403004,360150079.1476355,573988108.9965905
98932199.72306548,82979522.16894744,70459124.69937202,249197104.96231323,501567951.5536982
84486216.20802547,85621975.49300003,74400586.65552266,312874490.136968,557383268.4935162
129234813.70523703,85377268.24275577,59676390.24980623,386966308.35196453,661254780.5497636
77840087.18242425,75199152.37483364,69780163.5307533,297089164.41459966,519908567.50261086
94071452.72730488,79327867.75738566,59594305.165101126,271081387.73469615,504075013.3844878
80487528.60197195,86296738.54927793,55956252.24851978,310970409.819859,533710929.2196287
100063675.67152162,83286473.3007497,78674917.24086463,303107908.9475507,565132975.1606867
81718899.40906695,72140522.09709524,71001475.5665909,299572206.16039723,524433103.2331503
64181906.66426693,87779596.78641011,70100743.22429827,281659517.7114082,503721764.38638353
82185016.63119939,72276239.66418666,64791711.281649485,318653319.14672667,537906286.7237623
87108585.86851232,65997596.88645345,49386275.202093735,310439506.858187,512931964.8152465
80349982.44992776,72748023.3557806,60944229.792143315,291359217.0302545,505401452.6281061
75778429.50035033,67716668.56663282,64934593.55542634,384682850.2521525,593112541.874562
79396122.5516663,70560681.63395575,83291322.91458227,328228235.0742905,561476362.1744947
99449804.17352568,103754413.32300133,62798911.93383731,288818924.1576313,554822053.5879955
71059638.85970595,64216818.830032595,78542007.02840899,340394579.57795465,554213044.2961022
74179985.5086601,76440906.86884037,59709329.47422969,326203692.4138557,536533914.26558584
87974919.9431586,83283819.15716447,77452069.38236094,371335969.02437514,620046777.5070591
91695111.15139712,64939179.819977835,54660420.91827322,362706973.33058745,574001685.2202356
78240796.17712033,73756050.88420355,61534185.624139,299178041.36771584,512709074.0531787
79855303.38207446,77992911.96628462,76491973.38235947,392382794.44612545,626722983.176844
74021040.36697398,73847849.76693088,76243284.43990563,320828559.8651317,544940734.4389422
98237498.98593333,85321208.25281724,54583502.28057674,330796014.95188785,568938224.4712151
81459006.45414348,60502180.6868804,70712486.548798,275583181.1868074,488256854.87662923
85136643.99369867,85075136.96887445,67197346.62004651,269612453.56180453,507021581.14442414
87902607.72913624,71314487.9163737,57899304.33682405,262723504.56606758,479839904.5484016
69941520.85542747,68484313.44316621,68414481.96856616,298550409.7852328,505390726.05239266
105697119.5818288,77207260.73172003,68673283.35793331,304573025.22428936,556150688.8957715
105850051.69449656,99736159.108751,63637875.44518032,329480148.90013313,598704235.148561
83083981.10216632,83020405.60937792,67822307.622704,258287137.41892466,492213831.7531729
99388649.55614379,72727806.33659136,75519943.0488912,303358092.6476299,550994491.5892563
105228276.5904762,81840528.21604352,72998186.98098153,328790556.8413264,588857548.6288277
85650008.60816732,75347832.79814985,62399000.84533469,240629919.28737828,464026761.53903013
94593341.19706106,63789250.60558271,66557859.07502059,342565504.72000426,567505955.5976686
81132859.45470461,85754345.11660655,70415751.02296896,309769896.2930622,547072851.8873423
102189091.34631875,89565874.98689237,63043007.57814847,249426726.7577194,504224700.669079
84114463.02314143,70202345.60410224,72480752.00378752,311908795.04081666,538706355.6718478
83281680.0170128,74579051.40634517,60144067.99392951,277639877.3963294,495644676.8136169
85095972.43165945,71464122.48348822,56283029.02224361,210295453.5976779,423138577.53506917
76408319.5158435,68228505.64703514,65853161.97023753,356652702.4085702,567142689.5416863
110199067.67555574,76215716.7670731,71144130.45448299,332993856.8042121,590552771.701324
83849606.37149058,68915919.16275212,61221563.28809251,311020727.47463745,525007816.29697263
82657362.14132169,79249522.35184982,77543237.8234125,407581639.3365924,647031761.6531763
76783896.73824076,68592922.79569757,74923648.09263447,273786577.372734,494087044.9993068
114983895.49266572,68174527.5385926,65948227.029880844,233154996.9881985,482261647.0493377
66055783.17008351,55038793.075422004,54417045.08669733,233248031.81308684,408759653.14528966
115259858.06412555,73072557.31591065,66134167.33269899,285506868.9328076,539973451.6455429
63191217.84934244,62860196.787327945,55796037.29477168,317817875.3957114,499665327.32715344
76843787.46542643,70262123.81212325,75625304.87951174,273433883.6853434,496165099.84240484
87796928.35056731,88434820.98083915,71390912.01797706,258082947.70258114,505705609.05196464
130053603.6176074,81479454.35464725,69038655.30870184,303862222.97668517,584433936.2576417
88131793.67553136,73591684.48801102,58458170.125916086,307550527.51576895,527732175.8052274
90570125.05925329,73787664.43532163,56123999.84966646,288005721.1414552,508487510.48569655
88044016.61240354,75747383.9303033,59400702.62719426,306399120.89211863,529591224.0620197
79813910.5604492,76796692.22944857,73205756.30394644,323969593.9148096,553785953.0086538
83333393.85950604,74146142.96187067,65929566.105442435,353232516.00318813,576641618.9300072
70233412.97499739,79951153.6276228,68426118.18321717,288031012.8903747,506641697.6762121
65679983.967409775,76635249.04485382,54183463.52915861,292823188.6424169,489321885.1838391
73255775.52398333,82355485.0401879,73314261.85722326,384303140.5247908,613228662.9461854
68428436.91966553,70577369.64932454,49160106.807586275,223661560.44031233,411827473.8168887
71482378.50839949,68234850.22385824,68346025.09952699,296858808.72848916,504922062.5602739
72550379.85421911,73377829.50927265,63640275.7310268,296783435.88336164,506351920.97788024
83057899.73891215,83880090.32048039,54576736.50616618,313623693.0998876,535138419.66544634
91124833.64481287,74554559.53331423,65394298.730408296,239580028.0635068,470653719.9720422
71507670.03366318,79488974.05576321,67888992.62610438,252835748.01181662,471721384.7273474
74113071.54610585,70202698.43917581,62009241.56379218,340611905.91484,546936917.4639138
78191030.32930359,87967398.40014759,78216245.69302623,339702258.93448806,584076933.3569655
88657450.3317659,79112388.21671025,72191227.24107756,302415561.6413962,542376627.4309499
62057589.75131505,80550835.21508183,66987421.90153481,312473363.26671344,522069210.1346451
87106320.78231554,75929300.04822166,69438597.75912713,265511380.71832398,497985599.3079883
93079245.8172152,71581505.13330479,74633434.31173652,281806518.09595627,521100703.35821277
87276727.0005598,65328546.13400821,44297831.06416615,298673360.22577584,495576464.42451
76069267.25192106,79529909.69321007,59098570.485266484,280356020.0774021,495053767.50779974
71914397.3482859,67311350.00354175,62170544.87237681,310152719.63561326,511549011.85981774
80391988.66989604,57756445.786054716,51168076.15359671,255878131.9947278,445194642.6042752
98708295.01389325,76606382.90381415,52130311.36843279,289498614.2096694,516943603.49580956
80800211.00360666,75224135.62626153,70228679.922248,338889905.1518658,565142931.703982
95188604.95775095,83840875.25150734,75914134.31687073,263827747.38539487,518771361.9115239
109648333.47796425,75923976.80313194,87527475.09850489,323846404.385321,596946189.7649221
119279516.48036544,76807119.64071536,66326363.47365908,268632592.13718075,531045591.73192066
67889931.65284456,72199439.9007693,52766668.663136564,263800137.30982366,456656177.5265741
70505941.14589584,71572498.30904289,53816614.347123146,249195673.95708227,445090727.7591441
107158808.09144863,81047714.97679536,78001961.63894618,335012311.1054514,601220795.8126416
107302188.58762705,76580762.60882892,65007092.119754225,277232453.2363966,526122496.5526068
85211912.64051144,62469684.11615947,59431257.44863955,328113073.7948827,535225928.0001931
98975518.69688296,70567468.33946672,61285912.03357732,273378063.15333635,504206962.2232634
84058112.21082471,86439703.27606857,67614598.91294613,388835309.53096163,626947723.930801
119590388.0072964,89743916.06262423,68565460.4736515,346423144.1398738,624322908.6834459
84218885.12347595,73152399.72546825,64776551.81746092,337782723.72957015,559930560.3959752
74151864.78519581,76314553.29875788,66791926.52286213,299527539.74935895,516785884.35617477
87753079.52865723,72916832.86470617,67967165.49958394,257189992.36758906,485827070.26053643
78492031.3132997,75711724.25705372,61161185.24838315,285410554.52152425,500775495.3402608
81567481.30189863,77608228.12349756,71816171.80298373,343312190.83122826,574304072.0596082
96221153.58027524,86121565.98603317,64051149.22545321,268869098.9825035,515262967.7742651
98040005.8593625,68012602.26472443,64463593.661250435,323008478.3684485,553524680.1537858
91765002.76913904,60029387.14981198,54425523.77765745,279025159.0705529,485245072.76716137
77465137.0838285,66926610.05712272,72094914.08794793,308280918.82019067,524767580.0490898
93446914.02310963,65163233.37795388,54011373.16554114,249252302.79067734,461873823.357282
79984964.17531927,80947527.28504181,68673617.37302381,278392326.7365611,507998435.569946
82717774.64531788,84831907.07999036,75203274.88842909,379254367.4738064,622007324.0875437
100442693.57844594,69768731.74835716,62204414.44675499,236767443.4778794,469183283.2514375
76610704.7302895,68909591.13174792,55015554.51161619,274341233.8340743,474877084.2077279
90132492.26381065,75289543.48217088,65460920.953835405,277035150.61390793,507918107.3137249
101243596.06650688,81667569.5107901,84236098.75916271,336105083.751638,603252348.0880977
78165878.60816617,72651730.71853726,50997886.48207814,334889565.57562846,536705061.38441
84564166.58372158,84502283.18993612,70477831.87785707,280740370.8967603,520284652.54827505
86148463.97020967,73811446.40832582,68727456.1599338,308717211.20506364,537404577.7435329
76084979.14933729,87873441.63854682,78819938.68427081,347610163.27416945,590388522.7463243
110587261.9807304,94524865.9644874,74820647.56117845,248072178.31660324,528004953.8229995
94304731.6575804,80428261.43379048,53054656.4897088,276071569.3190199,503859218.90009964
85504465.31844725,67750846.01559077,57522617.59986618,287981778.4829285,498759707.4168327
94324237.11820078,75762943.52870739,56266302.18914549,321852552.6074954,548206035.4435492
58352014.2450713,61764030.3527385,49818312.850545414,303659846.2929542,473594203.7413094
104520538.68336995,77767411.66049843,76582439.8818143,271553388.2019889,530423778.42767155
72854719.3939556,71284677.13720126,59590704.17975994,306175820.91641,509905921.62732685
83792649.76548222,76806728.51968947,63009091.65970599,277180708.91086644,500789178.8557441
75219519.93125181,73382131.92540972,71953741.86082181,252708857.4092827,473264251.1267661
81073394.59617482,65539727.57598889,60660938.83150521,322936922.12458384,530210983.12825274
105554773.39223838,88705323.54761203,75345714.77685139,274420754.8752219,544026566.5919237
92206460.17390938,80612496.92287378,72797698.89771712,288000772.9345416,533617428.92904186
104181072.78089069,73664435.81306164,71250977.375496,310979001.45322704,560075487.4226754
94975493.69480936,69167357.06495045,60533919.183030635,326275157.268158,550951927.2109485
91875858.5630321,89691991.93588525,70487130.9390618,316025889.1787526,568080870.6167318
60393219.64290787,67443601.31018677,71530500.40710126,227149132.31472164,426516453.6749176
75513996.8296255,73424857.42746262,55268570.068491325,216973142.543937,421180566.8695165
69446823.90499197,63167360.027256936,58525947.6573264,296524472.9711632,487664604.5607385
72511396.29487596,78031732.15382472,71212950.6573637,322096720.52639574,543852799.6324601
85429105.6138514,91389680.08477485,75464438.8001622,278411322.29602194,530694546.7948104
76220806.62201075,69699268.77611467,64561648.35525941,314500944.0400176,524982667.79340243
107520744.16794188,78840747.81978214,63730135.48391335,284775614.0513958,534867241.52303314
92411741.23737168,85407671.85489927,67964593.568879,327754054.17649704,573538060.837647
90800308.45332596,87418173.2363948,65622074.813405044,322443876.21238315,566284432.7155089
87487029.13159305,67692178.89226145,75163466.26717795,307706443.1578499,538049117.4488823
87410997.98007652,73967794.26355033,77505085.83570668,320526931.98600566,559410810.0653392
80794966.96767496,69728249.86308376,49611960.199739024,267550065.15470657,467685242.18520427
85676479.5662015,73239235.24342781,66575232.465944774,243017536.8558989,468508484.13147295
72519450.02159673,81662410.26946606,75757982.54663692,296811639.92543584,526751482.76313555
70801703.34619078,75471163.55313964,72760620.84848864,299281491.6997985,518314979.4476176
71700979.17103505,74544640.00400904,80929852.6463754,367550517.42341876,594725989.2448382
83107155.98281774,66814509.213650994,64601483.1797569,324068014.56534475,538591162.9415704
106061736.405354,73146564.02222438,56395683.67063568,315031518.5307138,550635502.6289278
85903710.31605019,68592675.742834,68744741.51215422,300907320.18903863,524148447.76007706
84089180.73610951,82562899.91916744,65493508.02230662,280451118.4470936,512596707.1246772
70740561.91718067,64157349.40028734,69689144.60489795,285010958.52942896,489598014.4517949
81900707.12409374,65549960.1409351,58859469.24387717,308366332.75177854,514676469.26068455
94993925.0028152,84548182.78150468,62743091.34380843,313099139.0531276,555384338.1812558
63907118.48699012,70855637.10889953,77921422.36495462,268938672.08071643,481622850.0415607
78349950.70941608,81924595.46050419,73749153.73859252,268721561.21699923,502745261.125512
95578004.7503512,73415309.87188475,50942664.22210401,262477665.34126595,482413644.1856059
60841270.00070097,69267133.44633155,72329658.58997321,334311542.88074124,536749604.91774696
95816672.29466693,90227400.19006334,66746200.83624299,262653495.72341132,515443769.0443846
94503109.5853261,83684047.14737925,70245079.03201096,322965695.19251907,571397930.9572353
114539385.59651493,87448115.04924244,67605491.7211632,277952463.9392946,547545456.3062152
104170346.58334914,73125869.36238565,61927364.79733058,264233194.91076598,503456775.65383136
97063995.4760983,68406019.66932169,69265835.52301934,260860672.75303486,495596523.4214742
85225346.56853934,84199065.61044398,75078771.39620528,314426198.7102856,558929382.2854742
128226806.68491605,83265355.83136575,76850636.66921607,311077398.67016107,599420197.855659
68538424.81955908,73837638.4800962,68316400.28105545,275277341.91131794,485969805.4920287
94734754.91392994,80416265.318173,69255405.76479425,292935615.43668956,537342041.4335867
80289822.30729751,80132245.77684405,74975416.89933367,399902208.29821426,635299693.2816894
82574560.03826246,74073727.51457591,60377638.09642046,341336072.5016793,558361998.1509382
104421437.4576487,90438309.15842654,82278165.57414855,318668384.969042,595806297.1592658
114831452.6501568,90908887.60650244,55036751.206866555,277899133.56753075,538676225.0310565
71069541.83888422,73865160.6416772,58791937.93443442,288392112.4941388,492118752.9091346
71514474.59743214,73202790.32230778,87278175.36786051,354641577.85290515,586637018.1405056
116079303.35450791,88655461.96996374,60862843.64407593,304506167.9288682,570103776.8974158
87143424.02136451,73012263.08089776,53077125.212812334,249593312.35519776,462826124.67027235
82142381.75107929,74582024.63676119,56029789.67900996,280551050.35510945,493305246.4219599
69541126.9338073,76002327.7287985,55234939.85398211,234489805.09122097,435268199.6078089
89706441.68248233,76609753.92434998,63755846.179163046,255303545.2962293,485375587.08222467
72899955.70871189,74483663.5097813,70258030.31291358,351266681.9094891,568908331.4408958
87196061.45501378,71419336.82614654,60779890.29886084,271914263.90191555,491309552.4819367
80918719.53280051,77852422.16165778,68483144.41296837,288052489.40208197,515306775.5095086
97468190.29544735,89925059.80120309,60076585.60432201,306111764.74761367,553581600.4485861
76476839.5944058,71682191.37783687,60276448.2070597,309851851.5706069,518287330.7499092
85558220.33382858,75581757.9097301,66690284.50883202,298305141.0780592,526135403.83044994
77602419.7129721,66436611.747578666,60027844.60673309,252010026.21739793,456076902.2846818
90401995.11507805,79870964.7144916,56828506.268819414,279565151.619654,506666617.7180431
78553393.92284143,59946290.41320743,61144429.36006332,312176785.13468367,511820898.8307958
68053603.68209802,89228134.95187236,61607934.64640925,329126487.1157716,548016160.3961512
85469271.37189187,80915728.85127886,67871927.25571994,284542510.152467,518799437.63135767
90439874.91133378,72815365.59984481,70786688.16675563,265104365.5319737,499146294.2099079
91438527.22887023,72318410.64602098,74029582.52349916,296815221.82825243,534601742.22664285
117654572.72383468,83611240.28369367,72600690.2588953,383816767.7492021,657683271.0156257
73806016.2887605,79933297.4356789,58807669.59870636,291309102.522503,503856085.84564877
107169590.24187237,75719427.7935459,69211375.35757436,283469505.83588815,535569899.22888076
91789885.58857432,74172477.7912571,64355547.41644475,299836070.0642142,530153980.86049044
67396780.99989222,75952542.56658904,58301371.534885675,275168708.1883206,476819403.2896875
98137366.83109868,72288478.88720062,58789824.30604554,296742183.7371948,525957853.7615396
102049434.3779536,68916702.11685489,65887949.80715067,321731682.89248866,558585769.1944478
95947182.00560553,62998098.68967688,52142066.537267484,349100282.3785,560187629.6110499
116302467.16680014,75300247.76100866,72901217.7343953,322963588.43800795,587467521.1002121
95738054.68102252,84478997.70359598,69237938.73244028,317450209.52960145,566905200.6466603
91912253.87720343,86256121.16900472,75704559.22219567,372508057.2983405,626380991.5667443
89833814.91738164,76834730.92289828,60953115.91618554,360383491.9254959,588005153.6819614
79149219.96094833,74882475.74090332,55285876.272933215,294538737.0763835,503856309.0511683
100687148.47923642,87734268.10706079,59252496.01894023,358642026.8742177,606315939.4794551
73482596.43051675,65732856.32224267,67491912.12391357,352272455.81787914,558979820.6945522
90536279.09306064,84303536.01127917,67245144.23521933,306811964.80909413,548896924.1486533
117507396.45827404,87321865.66444387,63000364.61771559,271530369.44228387,539359996.1827173
123596025.57341014,89194857.61604615,72721510.38534048,355399810.2594955,640912203.8342923
74300563.95847487,62655066.62319837,58225298.84667697,333771038.5654273,528951967.9937775
90677461.0167195,77500510.32141781,60164839.43586904,312768093.74638635,541110904.5203927
67015966.25084628,72953221.73959145,65146941.52207587,275072237.04703534,480188366.559549
100361261.42023292,73453778.57163584,63858440.587046355,286783170.66256756,524456651.2414827
135069859.88291463,90829240.09270984,68209159.19282684,240864204.44956604,534972463.6180173
106150798.99300912,69126674.76950553,64069106.072031744,314531919.32591105,553878499.1604574
92341415.38051963,76189090.1415001,67855615.91200185,333373377.5304905,569759498.9645121
73457740.56676897,73727633.20576456,61125991.715405844,257576058.73464173,465887424.22258115
92361898.58763982,75744430.50493424,78588099.81074739,351236214.662085,597930643.5654064
80357360.6904377,65612885.10206934,54311417.33420573,270924394.0950195,471206057.2217323
89964726.42049147,70940939.88083561,58420128.911219925,347294721.37239873,566620516.5849457
113203943.49533695,88521654.88264745,69470621.26851192,295053555.49309343,566249775.1395898
97902663.61120985,90336368.4685816,73391286.28433366,332200215.86692053,593830534.2310457
110983744.44041806,79130738.84601468,72645911.43724294,398238017.05126053,660998411.7749362
98870117.93274973,75886655.85420406,73412846.10451892,336706084.9172321,584875704.8087049
80996656.53466871,77899473.41644365,71107062.99614005,310371583.44162905,540374776.3888814
70383357.09989347,84077782.76339436,60470998.80360517,297310775.0782237,512242913.7451167
96447270.0074589,97618812.96131125,85875974.99635355,335857495.01149315,615799552.9766169
91545957.74612594,80375504.73721613,64847146.22980665,337255968.66723895,574024577.3803877
98618850.78586806,78719567.3167845,62249061.91898137,369465919.756008,609053399.777642
87097984.97151268,86839573.90930153,73256947.80768484,272621254.7907111,519815761.47921014
76540681.21119085,69229890.5559419,52712759.38787146,272527490.7019122,471010821.8569164
68149545.31358653,80943483.658677,66112588.16624394,305413834.63619554,520619451.774703
83919039.80413337,78727704.50137861,73071089.39599796,302731980.3967655,538449814.0982754
93953365.07784864,71265320.5985365,71697184.99127856,324495441.64157516,561411312.3092389
90962647.43968305,81063726.51887967,58098310.63701424,292187527.5516324,522312212.1472094
72799281.625284,67455893.84734453,47263342.64850659,255118293.0637035,442636811.18483865
83559134.67015754,86882209.83457984,75996626.87888308,332836325.97270674,579274297.3563272
62113121.74394378,91929875.75145072,69287556.90857852,332631057.91916054,555961612.3231336
85899064.63100216,96784455.58044954,70199195.46617962,323838947.8252195,576721663.5028508
71657940.16306233,74724283.89661612,57030717.676415734,251986435.71877474,455399377.4548689
96705173.10407375,77258291.52761683,85275234.99038549,293190140.9076295,552428840.5297055
68031697.81943718,65695556.11586697,65206457.509191416,329259001.77522683,528192713.2197224
99765969.02945973,79281795.03192315,63046520.603984535,268707851.7443946,510802136.409762
117336086.55469623,63424868.43434871,53476450.73912594,337500930.1175264,571738335.8456973
97490463.1980392,63745613.35030208,52743803.307223625,244948590.8542288,458928470.7097937
95955514.37572345,66459775.15487215,66339955.33433065,254236653.97132117,482991898.83624744
78881576.01666911,84844519.83286978,67780959.4256031,273041587.4013522,504548642.67649424
90824482.3231127,80407293.01866747,61596185.96085693,344274283.1767955,577102244.4794326
85760749.83476098,74641691.51512927,72290466.04103988,285892685.9768466,518585593.3677767
67836168.32804617,68086335.24632983,58516534.162289865,329289873.43556786,523728911.1722337
90268596.35632546,77125823.2588213,62785476.63842111,304107718.2697156,534287614.5232835
114560965.1840384,81951999.09019609,82645822.48248313,304058929.5617663,583217716.318484
80633816.40879187,66931880.353185154,67520901.43329586,314518280.75234014,529604878.947613
97710746.13824539,85096706.31139748,54768088.43356353,224213090.57558915,461788631.45879555
58044355.296706565,73140323.08489393,63251777.22789066,291459926.6415335,485896382.25102466
96111651.70687567,93336814.72755684,92438719.3513997,344719999.36188066,626607185.147713
99149857.15785053,79935084.51073126,65789602.34039105,316903025.62483287,561777569.6338058
115370735.55135645,84537270.45331408,87472707.58787273,273945708.4843693,561326422.0769125
111511374.09330781,74739174.22790891,66545642.44239909,347106435.6624517,599902626.4260675
71163544.22172184,65193990.179695375,65642278.715619765,270805994.72870135,472805807.84573835
83350232.72119862,81401787.08256118,80657428.65860844,314882343.6333235,560291792.0956917
58839005.616643004,70466230.45956798,53754698.03830724,230833183.55462041,413893117.66913867
114568910.40162441,100247360.60946433,74460865.70492955,315284442.7917126,604561579.5077308
73307239.44140103,58202916.634607635,80038325.75523844,335410207.25305444,546958689.0843016
90669054.3645594,84101042.03033113,63832831.73794263,274013975.0598525,512616903.19268566
77734701.64055726,66774927.82465098,65904790.07776549,308134210.33737206,518548629.8803458
76803941.97385189,66029272.98844185,62006137.64692348,283770687.0792727,488610039.6884899
85430984.2197785,84464146.55777067,67282552.10299766,311124844.6951273,548302527.575674
64993081.21669108,79078375.2729955,70894093.0424052,285010442.12292576,499975991.65501755
106193695.72314489,97945837.69842342,63088590.10726163,310212085.3629023,577440208.8917322
77107130.48020409,77320618.05486283,63855865.29027443,340805216.08916765,559088829.914509
77714099.80911914,68204626.29938622,63594920.70372454,366447166.2903493,575960813.1025792
102755629.26806082,74268462.25536454,65412123.61037893,341790105.9578761,584226321.0916803
93387343.24414043,73004822.87365618,71316253.38203748,283720660.6937784,521429080.19361246
75327908.25420871,70417786.06744646,62037529.10478709,277859717.43468475,485642940.861127
100088104.78227593,76893405.11002378,66097895.37194086,256029493.37301716,499108898.6372577
106420084.80528632,84095650.74822788,59678140.02990754,221810382.0986818,472004257.6821035
82485977.70253657,75545288.22199798,89334521.90304536,335234662.22817665,582600450.0557566
89994062.40763068,86195783.84483223,69510911.40913993,365578173.23799413,611278930.8995969
85926763.56839311,63195408.97301419,71482762.31586823,287481860.08626986,508086794.94354534
87241395.11867164,75892880.94985408,50745775.8877456,298888479.9691807,512768531.925452
82018393.75467072,69145584.92569941,68877400.98329008,246651540.48734614,466692920.15100634
96393625.26101671,74357503.60701834,54531846.82401831,234019949.6668804,459302925.35893375
80411814.453981,79293485.84696594,65037568.284941085,314368368.199681,539111236.785569
103323526.9086542,75886618.92379442,70888949.51933321,289619694.9718812,539718790.323663
86668597.4020153,86606815.4934802,58351017.50055299,240427605.1670811,472054035.56312954
88524094.8458183,84160903.42646793,65277912.283929594,285086312.1153799,523049222.67159575
105067863.55644886,74090161.2599227,68178186.85411872,271649349.6933468,518985561.36383706
61784612.47903444,63262881.77295855,64707997.27606408,286506993.81503016,476262485.3430872
70782750.82656312,84468287.06029168,73652283.98861808,370036684.7738964,598940006.6493692
77167174.23421682,66836707.085440055,52646851.985736795,328342404.06604046,524993137.3714341
93297155.42808728,86409612.34646866,60604979.959371336,338324551.82551825,578636299.5594455
82850005.68135385,74019333.7973195,68079997.66963074,343054504.00943804,568003841.1577421
96658909.50549012,87897701.77469152,84175515.13970782,293429720.5065864,562161846.9264758
80757532.89066447,74640336.24568094,56215431.161498174,335994318.32185036,547607618.619694
105036277.79050004,69971896.78818083,66349148.426929876,322999161.47078353,564356484.4763943
104412192.13944459,89839424.422703,59933226.942557015,355000708.6673702,609185552.1720748
95923935.71334565,86709612.73674451,81027915.86278354,312262959.03745097,575924423.3503246
86724592.35472672,75698439.58558191,68571154.95258352,328240800.9733203,559234987.8662125
104582186.40514699,86654998.26690207,75392459.97084393,317833882.30769217,584463526.9505851
81745917.23206457,79232007.8474848,78277449.64849056,334755106.8818756,574010481.6099155
111747266.72036724,79628968.56152011,61750263.815554105,313546355.2750775,566672854.372519
70576503.79898357,65303485.754033156,60642593.06877595,350076184.6804748,546598767.3022676
85662053.00421037,78677526.90782864,73868061.587366,327975297.18547404,566182938.6848791
89454722.01243778,65352456.39177573,50763373.17351599,280605647.4582573,486176199.0359868
84020179.64008094,68697357.65851678,62745563.47409455,389010050.62310225,604473151.3957945
88853668.00084402,70358330.92223091,67401608.65326273,297029279.9574602,523642887.53379786
68081224.62772283,65895795.34357988,58480087.42991652,243568646.13252178,436025753.533741
99565777.56574078,80758331.11537418,78836921.42915145,333848403.41951615,593009433.5297825
112328346.515761,79651549.85817209,71292814.18915857,314663004.3880668,577935714.9511585
103307587.92734158,71561373.47297004,74820637.95056917,353615609.8514616,603305209.2023424
105920538.06340216,66203035.35249311,60537356.147012785,319207479.18658644,551868408.7494946
84223126.84385823,84437386.39036572,74652889.8820681,327259221.7039162,570572624.8202083
86300701.91314526,58434744.76344868,52123640.61411712,236843789.20492372,433702876.4956348
107959648.37069014,77079135.64853075,66282352.46484672,346487011.0323998,597808147.5164673
112956848.5347828,91874951.11319058,73487152.617479,311342882.3568577,589661834.6223102
80251778.08516091,77273179.04811202,77979007.15484366,371400266.1827787,606904230.4708953
88164647.76754409,90810365.588009,63541152.485828474,268334062.56874728,510850228.41012883
76149293.1271276,80256607.06465593,56396779.79597643,356396619.2433096,569199299.2310696
107145906.4932113,66895629.583467044,68965933.43745142,238711110.8720867,481718580.38621646
105628762.69876882,71850902.78674257,64799504.76048803,337414243.42387503,579693413.6698744
102960719.50970785,61115709.173810154,53390781.73877384,229234941.44404003,446702151.8663318
96862207.83897018,79696954.68117344,72689271.56295584,357156900.19469696,606405334.2777965
115793573.77828076,80328540.82116878,77106901.56991398,328005701.1076679,601234717.2770314
64259444.3929363,59374858.89644807,69062833.11303397,281437929.7396951,474135066.1421134
115146899.6473199,82181739.28498904,73587719.72502622,366944326.6132048,637860685.27054
70584987.33773348,73766992.75241297,49645823.52471361,293583495.93955475,487581299.5544148
70440006.6668632,69302542.16697054,76993910.9027473,318069947.90842474,534806407.6450058
78861673.43863726,54194918.95754112,64259693.28302417,281951780.0140164,479268065.69321895
86119175.25870016,69105251.91557826,79744041.67172475,276340032.75866187,511308501.60466504
88100271.65741375,70396114.47816357,66347175.834319256,332900742.04992867,557744304.0198252
90872865.24924228,87829714.4253581,77727649.43927693,346168909.2264129,602599138.3402902
110334971.4209473,83649911.47100514,61977506.163070984,336244714.6155712,592207103.6705947
73940889.29353657,87500500.87156492,80181885.52214378,367701352.3545113,609324628.0417566
118135677.10773644,81325638.46179166,70381636.62297298,395200841.4230537,665043793.6155548
105221578.50254674,73107046.4152885,62768572.8592433,272003954.7403241,513101152.51740265
85381219.27887774,73137103.5297147,68220505.47459975,312151446.475808,538890274.7590002
86580511.35683987,58406828.2891992,66253643.129780985,273496174.4340442,484737157.20986426
128570616.66186082,88124818.08217736,72350030.31305745,305560747.3734238,594606212.4305195
92874456.10286438,89797965.43771397,55079113.41424665,284422104.62246114,522173639.5772861
83640821.97703135,83760698.12155831,56262778.176225066,252378352.41954115,476042650.69435585
122453419.84748064,108732283.64402422,71968643.98796573,291070416.194907,594224763.6743777
88861273.38430145,65513199.78373091,50655816.98104818,271736088.53174233,476766378.68082285
74230282.64729391,65429491.873738825,59574882.70408768,246187959.0851949,445422616.3103153
78584867.2431076,70412525.83510803,65823161.61478765,340454910.50825244,555275465.2012558
77391411.16248016,66141667.42283412,65087077.700646155,334787865.8872253,543408022.1731857
88547487.76695685,71400805.02907422,64358196.47967247,303617921.4385764,527924410.7142799
110233970.61687018,80253409.3552146,63719241.40958842,302113693.99195,556320315.3736231
91255279.3619641,80712399.5365636,69197854.83921261,280725790.8029967,521891324.54073703
83123394.65349731,78289525.9631558,60540798.4920689,298612285.5280538,520566004.63677585
92560886.7566239,78535989.60383604,57506985.469618544,307707438.71850604,536311300.5485845
109952737.65714857,77225004.5660405,61750324.79405935,310517238.0806699,559445305.0979183
107647555.83131066,74504452.41815539,64257519.00403571,294922652.20089734,541332179.4543991
112800402.40232399,85234868.3242013,78261209.0283181,288306606.29868954,564603086.053533
79501390.9577586,84762928.32097958,63590391.62461223,372147018.64026207,600001729.5436125
93761989.82539111,83311933.77442004,59813304.94153797,294759280.4196943,531646508.9610434
71636397.31690267,70797782.66058667,60185426.5201729,330129290.50544596,532748897.0031082
73580583.79472306,67296367.10183962,61043727.61945671,330718383.7282343,532639062.2442537
95888565.72206241,72295625.93686096,65753094.917828396,410011181.66805106,643948468.2448028
77139702.40677452,80426063.73460297,58151480.15473884,312639427.73515195,528356674.0312683
79847865.1937635,80467042.7344705,54907686.67535179,290593593.0039845,505816187.6075703
106422019.23743191,72534448.88420178,65344268.628852665,291723289.3264088,536024026.0768952
78621838.77951372,79454742.0611582,78087469.46760198,354501259.6236275,590665309.9319013
85365055.16906664,82077276.61705199,77203522.9409887,330067457.12153155,574713311.8486389
86352641.7208942,71833989.31920552,63229120.46451776,339176099.11592376,560591850.6205413
115827380.21815315,65211488.89938782,57445795.602640375,275863625.2548584,514348289.9750397
92351624.1634657,78872417.43646957,71663790.80845942,316687664.1056408,559575496.5140355
85067837.65797806,88998143.34660211,57716973.1133551,290043672.58205515,521826626.6999904
86582736.48391503,72565136.38934377,61781720.98508452,368304539.5228948,589234133.3812381
106867993.03288944,88720154.82463007,65004881.92946081,269204616.27919936,529797646.0661797
112200529.85477532,74642035.90761511,80181783.3578027,318781011.5951486,585805360.7153418
94053100.64085649,75390937.56014378,69361668.08457349,325024778.13319033,563830484.4187641
90815572.04552592,91439864.82140145,94131393.62489747,370927057.4106641,647313887.902489
79152662.37572105,86578016.70098178,71471197.83281332,306386016.8347456,543587893.7442617
77798776.4326359,80102337.53883801,62380853.04812708,284549167.83451015,504831134.8541112
82028078.67227139,87619912.95611854,67056341.23725515,297499367.93388575,534203700.79953086
68320146.02996862,73159841.93754968,73868507.93505776,293471176.25541997,508819672.15799606
87149390.05170128,76374252.42469504,63502510.05739011,278993089.36612105,506019241.89990747
91699835.5534898,96270512.02001457,85314524.24523658,307978563.46743953,581263435.2861805
75694096.80550854,84417815.20401333,70451004.26220277,320924631.8582297,551487548.1299543
82726258.3920113,96379096.55977915,66589931.238341905,277743360.4223036,523438646.61243594
80767649.97594208,73384183.60231845,63994181.378158875,332831289.41146576,550977304.3678851
89980804.20278169,79867234.13137932,65471888.97434831,296203238.50161415,531523165.81012344
80986105.66386431,59368983.15320618,63320545.75057068,309853755.39041114,513529389.9580523
80088000.90908583,81336477.75895336,68839182.34713757,338848203.74639875,569111864.7615755
80607135.49932241,73029523.05559891,79109786.6205626,367815609.55728966,600562054.7327735
97090644.3841668,95230297.75117274,74139232.29442917,374326054.33059496,640786228.7603637
79786761.53092723,74608142.12428038,65789863.15625821,275736227.0453468,495920993.8568126
104199635.32342474,96712118.44900738,70699368.66676636,371393241.060231,643004363.4994295
60239704.07374837,56721679.09423385,58274505.43437178,241249388.36655554,416485276.9689095
87877834.9651306,95497426.68827735,69518637.32768996,305476424.62795484,558370323.6090527
101708586.77381526,89123953.91395946,73678114.89251179,364820316.3716475,629330971.951934
86470222.29501949,69834961.70815967,65045258.02919847,314454380.4270901,535804822.45946777
75722364.48128565,81261987.1550815,70044240.49816173,340380289.34972185,567408881.4842508
84375592.83164935,63793969.82658521,62562633.472102635,312225800.4386485,522957996.5689857
75147185.56302698,68468534.17671964,58645167.69352024,334426936.5773065,536687824.0105734
81530171.92071189,65604655.89902805,66136310.34678323,304345882.2830027,517617020.44952583
52304999.5475521,70109702.26443797,68916285.11533116,311349551.40963936,502680538.3369606
74173125.17889173,68043460.36066706,66022860.07362313,295906213.852762,504145659.46594393
96315951.32138056,83457461.6553853,59972308.94666485,252797964.99174055,492543686.91517127
82033567.77125211,74555515.81011803,74564570.35816465,325194794.4114162,556348448.350951
106945594.18983528,86923339.53785573,73149665.60376628,308642826.39387023,575661425.7253275
81782952.40592824,88677335.73639184,74828178.28180344,310312604.51711816,555601070.9412417
94395121.1216836,84628903.81758401,71012684.02467205,331355294.4525286,581392003.4164683
68908086.50721574,67969285.95580393,61764009.42617729,317712937.68794256,516354319.5771395
84219255.57537268,70670813.87183525,62070072.29803497,340595883.4878073,557556025.2330501
87717078.66847211,80298133.71149386,61654018.103607334,307850921.2265099,537520151.7100832
105559289.26058571,65299712.171456486,75782326.3519429,357344150.67459863,603985478.4585837
93069618.46036232,66765172.22981808,57243190.36600656,265043467.0040995,482121448.0602864
97304218.23471332,90405816.89688726,71605853.08474249,313228692.95230407,572544581.168647
84020520.75347775,93641623.17380148,78321098.47850975,305596708.33176523,561579950.7375542
91075084.30751261,72298313.04718529,61079393.59672487,378859727.6972795,603312518.6487023
64335766.05886712,83191054.33152974,56495840.021015845,310510062.8796889,514532723.29110163
103345474.0139146,68811639.88476582,80530181.13873039,320623376.92991763,573310671.9673284
93107539.63155605,76699549.38656756,56176670.70017801,250635722.51604533,476619482.234347
76392704.72201945,74826474.45426567,56696975.27219781,306340603.41128284,514256757.85976577
101089133.50085132,90855620.30089386,68456832.71953298,334318861.4053174,594720447.9265956
93607770.14720394,78773859.41244857,65584894.92943113,335308999.46612537,573275523.955209
96317194.8965588,81665480.73632053,80535708.37923743,342463577.3846373,600981961.396754
87738171.1973898,73430541.02082656,59479892.853717275,335487870.58873564,556136475.6606693
95442980.07691854,84316761.59193283,80663187.08817522,319038383.4394909,579461312.1965175
80063916.26000719,61821880.441721894,58742513.42655982,280510481.41157085,481138791.5398598
95132698.23841932,61046504.664369926,51763818.835791945,263380438.78893748,471323460.52751863
105642655.3383982,89980966.5379707,83034316.73741405,303506982.7492182,582164921.3630011
83798076.18746407,71351305.2443,58870372.06980632,243122934.52901956,457142688.03058994
73713663.23947111,65551701.93418806,51906647.649901904,357639304.81913406,548811317.6426952
86499593.06896849,73234185.83219786,80755945.59925237,276238369.0183575,516728093.51877624
82626588.09692696,77030627.46196014,65564286.53950435,331407047.9039798,556628550.0023712
98370560.1661465,75487360.42107174,65750580.21338683,355702668.95116144,595311169.7517664
63830839.33459867,71873463.84875628,70442207.30190045,223997328.62022844,430143839.10548383
91630761.39233528,69484820.31317131,61059462.440615304,288844142.3602,511019186.5063219
65495307.32574773,72345720.18083353,65861600.37615358,275311589.6890617,479014217.57179654
97307111.5767249,82295258.58196735,82257709.4304776,356448448.62319815,618308528.212368
100154800.64302874,75561547.08448093,60877908.0255985,298803546.8907046,535397802.6438128
79627041.06184484,81757050.0312307,78016248.70640808,334118131.3154674,573518471.114951
109722035.11515595,83578528.85980192,72070075.74301201,294921176.1937066,560291815.9116764
85417987.13069223,84216250.61428562,72369431.85051864,287722015.52119166,529725685.11668813
89699036.2234139,71721416.17410508,53948516.40570178,348397567.2650408,563766536.0682616
87479657.49802175,85385909.92021987,68166565.40765642,280708659.9519255,521740792.77782357
88388932.43262076,89712361.88984182,75467788.75934646,289217780.7569366,542786863.8387456
85944148.18078628,77221704.30452506,66568478.65274425,268697966.7882865,498432297.92634207
77822026.93264131,81923337.3978822,69466117.93335584,373354479.37912637,602565961.6430057
77685349.6761362,68176569.51984009,68208459.29020299,288282656.13048244,502353034.6166617
64029116.32369039,53737649.91220405,47777641.48579681,275844224.897345,441388632.61903626
107998930.7073625,76219208.86002387,73520912.98436096,365079684.5491556,622818737.1009029
84035212.74370293,85627045.9026058,60619762.36560802,283087283.99768746,513369305.0096042
72802396.59417216,67862528.93487021,73581452.54620598,303117865.3717266,517364243.44697493
91125907.41088507,89588541.58691329,65003584.87051314,331159776.5922724,576877810.4605839
96621970.97406858,68822504.45765188,51506567.43454502,257809114.44686607,474760157.3131316
122921751.3794927,111184184.71792297,76779805.8059107,321123789.8752596,632009531.7785859
86153069.1934175,71472810.0965991,55126971.98835195,329466675.2870684,542219526.565437
116347299.35105695,87704298.01958524,81511049.814533,371190120.4007938,656752767.585969
69822113.88472745,62810704.72816709,62493186.522067584,264940383.31560025,460066388.45056236
93483563.67456806,70355999.0140871,62766170.95959467,337364166.7306497,563969900.3788996
94848452.80495383,90249444.33239114,69855178.59611109,354308293.42880225,609261369.1622583
92898161.54292835,69822337.3665113,65631429.580992326,297540903.40595585,525892831.8963878
95768698.89760332,85671328.2766462,69391784.03522459,291631561.2298194,542463372.4392935
88922971.17958179,64128591.1109116,68352159.29915145,243131170.8604983,464534892.45014316
79089078.68492074,75029738.13818195,67763198.76892883,294312008.65217775,516194024.2442093
79490435.46258682,80958009.29855868,60345709.01125339,295584978.998704,516379132.7711029
81460815.81413634,79083742.14488538,66851077.7813098,318184767.45084345,545580403.191175
104188092.04663377,77319791.5290433,67117425.3461001,267140591.91701177,515765900.838789
85452688.18691082,74935706.07473248,74232152.50538507,295931005.2389128,530551552.00594115
95843823.05644086,73640121.71757007,66230463.36057595,295303413.71125346,531017821.84584033
92150576.56703003,94344488.62605906,62655877.67808678,325588118.87078583,574739061.7419617
94905366.01401784,85782609.59113236,71938393.22904828,288794829.66151696,541421198.4957154
76050516.74454093,77972404.89924057,77410561.44091384,316141942.43416137,547575425.5188568
76111545.68502994,62235104.63175095,70106841.58410035,307208698.6685338,515662190.56941503
90633708.75629927,83835782.37995066,81208496.02835336,358397133.26061344,614075120.4252167
79566992.14340511,67915235.23276569,75106910.75734304,311304950.229093,533894088.3626069
74956699.97069368,74489839.36478615,77430336.56548028,250126634.52569714,477003510.4266572
95926570.94459799,75160492.72689,49244239.04142634,240338790.15864557,460670092.87155986
92696667.2120807,71788337.83861263,56335948.0939744,267709981.41258526,488530934.557253
87779149.48249415,74733814.45130147,57230843.18628653,277888412.0530183,497632219.1731005
102962109.88429421,77119786.78868327,71939818.25931366,286157395.29511213,538179110.2274033
88594738.92000198,69086591.97778474,59198819.87930984,368807947.3874092,585688098.1645057
117758621.26342629,84437086.9598378,64619825.76137556,240797557.69928792,507613091.68392754
79321154.17352515,81651374.72005992,54866480.859410845,269525240.0529299,485364249.80592585
90075359.31982657,81036464.76444815,90100718.71486269,341531937.6664887,602744480.4656261
73697349.47001986,70655770.11972326,58087225.54929636,259241682.35606593,461682027.4951054
114438971.83118102,80849855.56445453,67665623.88874948,351187922.8098763,614142374.0942614
77546537.47679576,73942462.76929994,70168239.59979571,319510692.6361972,541167932.4820886
81324289.34155697,89770524.74295329,83710562.81146388,321991268.58467406,576796645.4806483
69989818.43123889,62604829.14449528,51321077.652181275,341245654.2610817,525161379.4889971
77405855.78295568,78595843.88645694,69581539.53364876,303881322.53618515,529464561.7392465
108351948.44274597,88137639.93484488,64159324.63099368,305571550.69448674,566220463.7030712
80047480.6062168,74050150.33889171,61111487.40780711,326950071.1288758,542159189.4817915
110192328.57062835,87689786.298528,61620089.12328797,316147843.56096315,575650047.5534074
88073860.73299281,82120838.7742233,79773218.91766255,335888532.5711227,585856450.9960014
105271386.69751722,77816241.44321303,62120250.07405085,330496204.6398893,575704082.8546704
87422300.95437118,77078525.17842342,71752312.16510093,302360757.85441333,538613896.152309
96315746.18277074,65231476.90702736,61975275.084327936,300883781.3731183,524406279.5472443
86777333.2002711,71759894.11374916,63986382.15675674,269571424.67782253,492095034.1485995
80194577.30470176,61076627.233778864,44416395.10918214,272352090.24860984,458039689.89627266
104189393.50356339,77208822.40393206,61042719.50845779,307336794.47760636,549777729.8935596
90957369.4922331,72294598.55665292,62431754.95387061,234941042.46977285,460624765.4725294
110664670.55420765,77668170.61654681,79858830.25815158,370282688.20756304,638474359.6364691
90470823.63732143,72928314.91609928,72284996.01941335,299733361.02463895,535417495.597473
83521956.73188345,72520019.4126658,55901389.82545149,347072650.76964366,559016016.7396444
90887075.99446341,84958609.74293233,68010094.84184262,285847830.4607057,529703611.03994405
108325725.42144538,78839858.97037959,70540737.91944942,371066767.82127523,628773090.1325496
69929089.44751367,59817435.71049545,60054985.99701834,298420120.8246595,488221631.979687
86197628.91898274,77760957.87381548,62803074.35347997,257377496.31272504,484139157.4590032
105584939.24709547,67027512.83018703,67801642.11706011,281429346.05800694,521843440.25234956
66560096.82815889,65006518.83559801,61613325.56249779,302459283.79967284,495639225.02592754
83882908.20499095,72013184.40819025,69607988.88494845,238752781.76436213,464256863.2624918
86120224.0798264,87327027.25864069,57762784.55151649,367810457.0893488,599020492.9793324
90186863.18318869,58374674.54241523,59748710.41794145,289023898.13940394,497334146.2829493
97865250.09576824,95741100.82149446,70623355.50631018,292990803.69439363,557220510.1179665
71376695.25242367,61487051.30646106,53946687.71069759,255020289.96174383,441830724.23132616
101828889.33939514,93510105.63837078,77351712.09734058,328928457.7377229,601619164.8128294
83706409.84486477,93031999.32304154,68433644.42587054,341788864.5495213,586960918.1432981
94715904.90188095,74789280.37004034,55845470.24399668,340870263.88947505,566220919.405393
109364932.2104538,62066738.63070494,62401162.533180125,322121073.3897662,555953906.7641051
94663931.71556799,82515279.00967318,71075279.4387269,308255956.24914527,556510446.4131134
124673350.52927095,93829855.21351372,83446239.44885536,367357271.8140548,669306717.0056949
70055917.1158243,79657689.6453124,89284510.91329058,390842226.10858625,629840343.7830136
92001985.53464624,91662719.65582016,72613982.87133633,342976029.5323888,599254717.5941916
62980498.560566634,59197582.28470035,55102188.51188195,278883881.21778566,456164150.5749346
79878392.47655794,70756447.33501995,69431785.50294709,291172665.5983392,511239290.9128642
85963235.95665045,83162386.93691407,57372707.96935053,275200115.21183497,501698446.07475
84107819.47448047,78426992.16661473,58498865.20516926,240772884.42031088,461806561.26657534
102170354.13710643,72034307.77743298,59307384.83701326,291233014.17340595,524745060.9249586
96786662.62869886,68495404.14494595,75227561.28814515,319000782.8987004,559510410.9604903
101165358.47365254,92084044.59077162,84942753.57769632,315258301.998315,593450458.6404355
106138186.74883018,64832596.45771574,68873540.0121978,272089976.7221667,511934299.94091046
98360360.29018052,80034692.1783061,69965701.08576469,275089825.2282092,523450578.7824605
86439866.29764184,86470383.10606982,61621975.10476529,242570649.2493525,477102873.7578295
141751075.05719268,83450464.26695044,61677288.31058637,307212728.162615,594091555.7973444
70998743.63268216,89630900.94606939,60136736.52532584,322811234.8939454,543577615.9980228
72595627.65900882,83814824.11973125,92913772.95528574,346460438.6698135,595784663.4038393
70138387.32247847,62644999.16152122,60588881.92736006,293661408.02943456,487033676.44079435
98339681.2487231,90147514.98790671,71322560.38826533,293812517.8091343,553622274.4340295
96247576.51638584,62314053.35373661,57322605.89639994,272625939.3484621,488510175.1149845
105669704.91259603,79288537.21794474,73750015.48868601,364030878.52431947,622739136.1435463
86376788.69746757,78892456.7263379,67848641.80416436,341781554.2661025,574899441.4940723
92033398.96155451,90949766.65824462,83745947.31242508,329371143.6881789,596100256.620403
73033426.07375105,76575289.72799315,74434481.06160961,356611235.24495673,580654432.1083105
64452141.08672274,88663797.90538575,66092949.48029009,376439621.0878486,595648509.5602472
66861269.968000636,76937653.46717782,65063492.0778367,323409335.0828403,532271750.5958555
84851199.61572994,79668632.43861583,79477138.28971843,297721266.13357973,541718236.477644
88824428.77117938,70772531.49776377,58755506.28059178,293968561.5137822,512321028.0633171
94254987.84598051,90466462.2059158,78350163.16743019,354363882.29397124,617435495.5132978
95260633.96613017,101433047.72356644,88600613.13817386,384312601.8929743,669606896.7208447
84364501.2033867,63203935.138827376,61673382.10303887,324928527.68754715,534170346.1328001
79855967.45632403,53401912.47336821,55939511.1691951,272869111.7452265,462066502.8441138
100144647.35363972,61346402.53601113,50223790.53988847,311785161.2115782,523500001.6411175
96004606.05913459,76909135.11430311,60276621.713215165,309217573.8781879,542407936.7648408
94042690.42055695,66778419.05831216,71075905.78950104,308263527.1696184,540160542.4379885
73138911.15195525,68786812.29731439,70472483.46882422,281409903.3010983,493808110.21919215
91535666.96071766,80707508.38051307,77951476.7329155,305432591.7417195,555627243.8158658
68932715.7474184,66933199.462397195,72311714.62731361,320127939.3701546,528305569.20728385
82634113.71094836,92379873.4431433,75800890.3768298,303770955.3415278,554585832.8724493
67783049.09607819,68600930.88450304,69919946.37214191,288239345.4643384,494543271.81706154
84531931.97844367,53442733.88975844,56437027.98248121,321905956.14507866,516317649.995762
82116770.61699514,91177772.08699906,68580061.48986478,332022730.17854834,573897334.3724073
87480777.10080542,81196976.8980474,66963838.0473597,268664001.33522195,504305593.38143444
97643791.88775958,89697493.07188639,63511740.947019115,287345916.91285366,538198942.8195188
88251024.49379288,99894762.10877754,62125731.804872826,313065588.5446636,563337106.9521068
89994136.71804686,76956562.71823224,80660713.12396696,340142434.4202554,587753846.9805015
78236189.53934734,96112021.33097303,70958151.86204185,377718048.3700047,623024411.1023669
81199515.54915431,85760579.26813786,68806744.00419654,326832823.79571456,562599662.6172032
82222178.67676036,81462761.81443514,61521154.16523574,309529693.71549755,534735788.3719288
91236333.32146081,76464109.08718254,69329940.4024533,245113606.70587996,482143989.5169766
70290923.30908649,76052787.08941838,57202092.1333283,288863197.1871322,492408999.71896535
81662672.06712839,76339821.81222674,71191017.09790085,233541276.12179264,462734787.0990486
101857503.03214176,75735833.02021432,69088823.31598555,314907838.8856269,561589998.2539685
106428788.53579481,73562858.20430183,66577927.74847014,278320178.7649876,524889753.25355434
80322832.80239601,72271876.32237202,70560738.4630522,347316294.10101473,570471741.6888349
101652724.08897921,90857220.15497102,69506609.51297961,398491420.6718429,660507974.4287727
94791013.41022114,79252658.86749509,62028951.33725983,275332533.841579,511405157.45655507
93175610.90624799,93889102.69316387,75432626.08861914,347146160.9220408,609643500.6100718
98864697.73859043,80418751.02728562,72320014.47551051,318421648.44660527,570025111.6879919
93777372.66057183,74498495.8422565,71580012.77471061,312131073.0988025,551986954.3763415
97313418.00350662,69303837.18461189,67291467.2247591,275307517.67560786,509216240.0884855
107162987.35287938,67365951.03103527,56654368.16530853,335069481.31640244,566252787.8656256
78097506.95758142,83340385.93418114,60891879.68418265,330398334.70968616,552728107.2856314
85243057.59203358,69231176.87868756,65063663.46016084,284566258.7246077,504104156.6554897
112158232.09450178,77901973.1102549,63999802.123064086,309259131.25868917,563319138.58651
118263432.62345716,99136370.43312785,65300854.31403339,368191410.54500085,650892067.9156193
76493332.51323467,63364459.52658065,61826944.05386702,247567352.0232258,449252088.11690813
93381994.52774209,82930693.83864807,77206629.09598233,292755005.1594003,546274322.6217728
67565112.20840366,66555343.06896347,54550680.10142027,360264527.5417778,548935662.9205651
96461355.6734255,80177155.78039607,73806360.61176772,321654523.95513374,572099396.0207231
83979734.68338574,66912608.97569119,57428341.145988286,252834482.04911456,461155166.85417974
69549911.52974282,78191110.30282108,73747107.56117186,383115417.23736286,604603546.6310986
86292861.09991486,63765729.58354606,56931981.06979167,293273225.0440414,500263796.797294
93659387.2370038,77400757.60894267,73306367.67122811,335408688.3743837,579775200.8915583
79824580.73191442,88762803.697631,59891419.29257466,298618934.701835,527097738.423955
86954812.09742753,68980853.9963586,69976337.34857075,303576769.2687027,529488772.7110596
111933634.81397042,79120381.92748313,80854242.24817511,362078026.0898873,633986285.0795159
81157546.37340797,70128459.20117623,66741129.15458664,311679973.8016906,529707108.5308614
102611954.90417606,75868766.69446854,58067012.83628819,297873166.89541906,534420901.3303518
91286753.12568137,76605225.75466982,63653855.7323263,312077019.17919934,543622853.7918768
96819127.03051415,63782433.06037253,61525717.561930664,287766379.32115275,509893656.97397006
98939760.52136482,65181912.643469244,63476319.671426825,233585250.5274569,461183243.3637178
84012822.77187428,87646160.32500394,60358150.9471123,289803295.73928225,521820429.78327274
123118217.64295898,89131159.80639061,65441871.58580725,395066683.6656544,672757932.7008113
84008458.440497,86200153.96567586,67651234.64618346,303064371.60591584,540924218.6582721
77983302.05918586,77441088.6131075,66637314.49102602,310173594.6753501,532235299.83866954
84849496.68158235,81858478.4328697,59860469.82542744,353846824.6427513,580415269.5826308
110077881.17850062,99252927.50155431,83457024.2556672,320364511.4382079,613152344.37393
71503390.51574616,67817591.02268796,72074216.96643738,273731542.4930339,485126740.9979054
62432353.11008121,75323606.20893364,60620597.94771225,323252410.8779738,521628968.1447009
94405120.74685946,88216666.38472953,75972900.38944212,350461290.7871293,609055978.3081604
121680487.02945091,68285151.84041846,62813729.94020943,303396556.48060626,556175925.290685
92436694.775231,69270607.21890958,58068125.7958661,278780382.24922127,498555810.03922796
88855626.00352062,59952298.42051786,72195508.47331499,357516785.4695351,578520218.3668885
86889216.69384927,79572035.06418927,65586470.647441596,336813646.89819884,568861369.303679
70272056.25852938,68543639.3139416,57183292.584275715,278638952.83966285,474637940.99640954
99435914.81098485,80088742.86817774,70770482.81666374,308875589.5786193,559170730.0744456
104074507.26802887,71170207.22993244,54877079.81812606,304234987.5063135,534356781.82240087
100469645.34150273,67983971.70380436,71933352.70979299,314082452.1098571,554469421.8649571
83139617.96172792,65881253.74984052,53136638.06863287,236492933.89852414,438650443.6787255
88321703.3205384,76161280.42487521,74618278.77596553,302249719.8277189,541350982.349098
122918951.80592118,80585770.81828755,73174140.2877421,306298852.4009248,582977715.3128756
75944462.97917403,79831875.83812101,73714662.92747094,306707087.22675526,536198088.97152126
80052028.14614132,80178980.41023098,69384340.36589794,284022006.51958406,513637355.4418543
108262937.23341823,87624411.09602018,69592545.83217214,335275000.7184224,600754894.880033
64413932.97473531,63643236.55989714,56462145.49614445,305277133.7248313,489796448.7556082
105072303.8865783,90881018.64797547,64932844.288579606,323134900.37205386,584021067.1951872
80068864.92264271,78698781.99037735,63796067.86841796,311418411.0661652,533982125.84760326
80239741.79994847,74975889.76182367,59451681.47860241,270776342.3065417,485443655.3469162
77850341.29187566,65593745.193850175,50685650.50904813,256697874.33370158,450827611.32847553
96981936.22695002,73989611.52760005,80046125.31289764,308756365.30057794,559774038.3680257
96393238.0609434,79063576.98835401,56652368.519756235,363187721.4220909,595296904.9911445
109535763.34717655,95128735.30112547,76412208.78442137,316026118.26816446,597102825.7008879
86231139.01707342,76694493.51650186,72543814.85428342,315728617.7225144,551198065.1103731
75553099.20954356,57468532.20396971,62059212.20103832,362735465.14316964,557816308.7577212
97446530.67320856,63813904.70450975,55966457.33786841,288148945.7990823,505375838.514669
98785337.66151556,68233151.80524747,62166531.16803849,297389073.47908014,526574094.11388165
82416765.83617997,68663877.16031082,57576544.69322745,293530366.4674254,502187554.1571436
87782568.28418939,70245359.47647054,64404837.701144695,321908464.36536944,544341229.8271741
91273057.25542755,74549333.05966496,70269574.81637503,290511354.0953811,526603319.2268486
76845112.40458821,66049615.89237557,70274049.99825175,311301992.8833201,524470771.17853564
82447682.6174578,100146401.31289554,77290653.82253802,398819248.24907833,658703986.0019697
75851107.2088072,78072072.44814818,77345245.77992834,320702136.5442077,551970561.9810914
104106249.52834152,85959859.13178653,64560977.45534067,325435584.02094895,580062670.1364176
94869173.48087838,68632509.63364276,79499712.71229032,375917926.52267116,618919322.3494827
83955704.39876029,66524106.625784524,83031314.4122122,298478503.6540905,531989629.0908475
64023817.90131803,75180602.59766227,61123593.07925617,342898714.41326743,543226727.991504
75603180.52365278,66867391.91857095,62090061.28054158,326400954.9080365,530961588.6308018
88530268.84624061,62973907.2741039,56742186.94837325,331431180.9719372,539677544.0406549
101015518.14785399,75515737.4759932,61271920.07226119,310920617.63206935,548723793.3281777
115623386.93537407,79950062.86858866,75766176.12509167,284747261.81996584,556086887.7490202
98110641.79835357,71372032.54706228,93049982.37694593,286463170.9257517,548995827.6481135
86349877.71785292,66988034.173446015,56024363.9578046,247726928.5502607,457089204.39936423
81416555.39901707,90247261.45644726,75114467.59047265,339422364.363236,586200648.809173
92559859.65679942,91739857.94774286,60790403.468474425,323373770.8697912,568463891.9428079
85232147.21952721,77818436.10520013,79638048.05388676,330193343.08663267,572881974.4652468
90993027.2061742,63950459.91978346,65008762.41181081,270239988.5137823,490192238.0515508
76113586.43385728,84280892.05958773,48661409.43009893,332643769.924296,541699657.84784
99414800.75816093,78098410.99782433,57348106.413120076,261935383.53665477,496796701.7057601
93836761.78261387,70054098.83361112,55094017.18840168,276388150.7436513,495373028.548278
105939399.49702314,85303228.0670885,72429798.13733463,344676667.84337926,608349093.5448256
78918513.45338257,65885454.526698016,63103097.41131849,256759402.360282,464666467.7516811
92281444.25608282,78049858.43470097,57087624.635674626,326928412.77523416,554347340.1016926
82970922.35768251,64911530.520172715,63242586.27203837,352277898.8386558,563402937.9885495
69013400.62540202,77837196.23013014,65162051.00266294,342149684.0402141,554162331.8984092
115853443.89599243,91876268.09589727,79491039.67454895,294166962.2839873,581387713.950426
133823588.65411541,87435460.74673453,65832396.20822266,276227741.6922846,563319187.3013572
89219003.87669013,73202043.17627081,69563625.96071835,274665278.7308571,506649951.74453634
102306419.02420187,87248200.38107982,65707975.89437656,319980278.35649425,575242873.6561525
100356820.42925288,73321517.20032935,63962459.967172936,338538648.8120297,576179446.4087849
72736218.65060511,79742914.35885789,59321111.76755157,326541951.25174624,538342196.0287608
77406189.21332759,73777433.90830803,68066301.33899783,286164516.5882791,505414441.0489126
71727635.82182263,64225998.39214887,59087292.35293863,304625495.3163479,499666421.883258
72804994.69329627,71905771.96970639,63652410.626400985,286676687.5920998,495039864.88150346
107188444.86817102,73600516.71768428,53382136.48478897,270512401.5446473,504683499.61529154
69407276.97933431,60166012.52458888,61762838.6947991,355377321.3158243,546713449.5145466
100589833.02876876,64046516.48622886,60733636.42720404,245632310.92804354,471002296.8702452
84038365.5917097,65578412.40946069,49008635.46312177,277071694.8189991,475697108.2832913
95485464.80781744,95971745.20124675,68333966.21854341,364750922.61847305,624542098.8460807
97885602.46276051,82480926.99921446,81446709.86440623,321662131.4912106,583475370.8175918
104133113.86624427,96460552.71615781,64688747.73451325,343491851.9929031,608774266.3098185
97022627.01500635,77153908.19005828,73630819.74541374,277792116.4265354,525599471.3770138
112599648.99315336,70670604.03702374,65486366.511025,329212380.39426947,577968999.9354715
116887453.99854597,62090726.94079979,67369605.5503293,291777213.3150551,538124999.8047302
92076233.08912356,71718922.42873928,59675569.49817459,288659802.2286772,512130527.2447147
115907855.8044112,77513157.38839103,69527771.44771817,270177456.7135888,533126241.35410917
60282507.56266137,62296359.11045564,61698760.23335952,270911441.986037,455189068.8925135
77497054.84602594,75314138.3751666,64349145.889533676,296166765.5902466,513327104.7009728
68973312.24495505,72509975.44274603,60652465.39887824,303396025.95418155,505531779.0407609
87272047.34935503,76696469.9015646,64257008.71542978,319379504.1975236,547605030.163873
83236455.5447459,63330723.483235374,64547209.82975264,309368764.4617162,520483153.3194501
71623313.4873095,67119608.4735426,56906034.05552929,270131420.2527997,465780376.2691811
75920218.70496911,79068852.06165195,57377617.265572175,339507004.01282394,551873692.0450172
89067442.54071309,81658948.57892604,57835502.35677046,271011692.0005456,499573585.4769552
102634364.25436473,88643728.55235153,56263160.41456329,282173744.3814844,529714997.60276395
76991303.15656166,76511682.98668276,64226534.26347347,289822488.5154244,507552008.92214227
80961020.60709357,60960801.552567706,78473163.79563756,289852697.82651836,510247683.7818172
80113782.38575235,74521971.49340716,66962609.510185584,275422923.55317986,497021286.94252497
83182167.32671791,75795853.17960557,59024860.79787495,310950398.81797725,528953280.1221757
67104779.80135131,77409575.62315136,60314925.24870372,251681846.3829274,456511127.05613375
78760256.53947581,74960695.36050338,66214343.539673954,245777570.90011674,465712866.33976984
75355407.42303735,68281695.82344595,74292122.86584006,289104354.50648975,507033580.6188131
88145495.58260366,76504380.58169864,70153552.99940449,313909664.40836084,548713093.5720676
89365560.66124776,74244677.9395641,72549242.11301963,363526712.572058,599686193.2858895
86243911.3096171,83234146.77864923,61205208.28392418,284484912.96289504,515168179.3350855
83732229.69138578,62173374.81472608,58893489.576416,314480560.69323826,519279654.77576613
90050472.10635115,71624955.32064088,66775765.66205904,347222273.6201911,575673466.7092421
88292573.31836253,66988906.3032987,72547172.00112185,338708424.2470305,566537075.8698136
71552787.52479137,91267473.99376425,74685131.43378027,247093654.33367375,484599047.28600967
97835912.00783506,83739702.33335224,62851392.17927592,277913923.9468183,522340930.4672815
93725536.15539552,84581605.76438005,69745319.64405143,252971555.15851614,501024016.72234315
67745835.85528171,65282508.36596136,61900564.445174284,304883513.2868253,499812421.95324266
94093490.0623682,80084143.91186588,65791715.55359728,228917233.5143124,468886583.0421437
85822820.92522328,91179636.36549908,80884009.50245444,271689120.45209277,529575587.2452696
88663417.63758174,75145951.08436002,68748242.07322316,258062331.94712618,490619942.7422911
103694763.62368032,90056550.42146139,71080700.64225495,289161264.20375955,553993278.8911562
96727522.3197747,84925944.4231134,66125217.139904305,294499227.3186987,542277911.2014911
87944278.79900704,72954189.17709872,56271477.67468411,360007534.9515065,577177480.6022964
70067708.01844263,59333665.3236929,69978036.9679823,289077104.14081067,488456514.4509285
71738719.76451962,92127374.95908827,72825787.01959439,278925485.19847,515617366.94167227
80220015.65833896,64801683.23773882,53864384.39834468,313283371.8956837,512169455.19010615
81391085.15271206,78496307.65988757,65503723.147421986,270361295.143888,495752411.1039096
77338540.94803517,77362585.96454664,75955988.35391662,313923463.8924546,544580579.1589531
86897770.80518264,77150589.2173772,61286680.78293991,302695427.2403953,528030468.04589504
95082456.98149581,60179605.57751394,71019754.25915459,330356439.2739342,556638256.0920985
97550429.98024814,68121671.83668987,71185646.42710428,328353020.07532895,565210768.3193712
69454824.06537938,69472408.16202609,59519434.72348257,273351509.5927537,471798176.5436418
69597438.72233403,64735188.18408106,58686763.51028743,297270854.0276663,490290244.44436884
58905159.7542055,85226803.73346168,70228436.67639624,283262863.12929606,497623263.29335946
102607341.20989172,73514677.5493938,70076385.85540567,263478689.87421417,509677094.4889054
96371120.8446429,77263302.39233719,75149590.33500734,244083815.93722978,492867829.5092172
78908718.31336883,73513593.15671428,62092323.33627053,274317177.8486148,488831812.6549685
96360599.83659928,64245101.073580936,63752877.77408482,286986334.25979125,511344912.9440563
86530049.32508147,80316145.76313607,56231890.98683348,291157340.0693675,514235426.1444186
109137322.84442522,86218011.55521521,72328416.54526217,287063634.13931775,554747385.0842204
73988422.16602027,79729532.81060907,67116163.80398177,298596897.3726519,519431016.153263
130577501.33648665,91578646.91386902,71522653.79766127,308750729.28158104,602429531.329598
101922338.08797859,80745751.42512187,79890858.66114727,323599455.929821,586158404.1040688
99328037.96717764,82384727.364179,62453080.03760353,308336554.66911966,552502400.0380799
75008664.83086132,74671413.78135101,69538584.1130881,348001856.8251342,567220519.5504346
89321801.86171524,75245217.67883028,63202840.5663604,316623547.4756497,544393407.5825557
96108150.27563773,69447911.59420584,61302480.81988354,318432486.6750957,545291029.3648229
74281206.55133943,79976630.85214764,65703788.71136681,361139485.6197733,581101111.7346272
97148869.97539735,90564644.74806775,65652749.67348556,335252133.6591401,588618398.0560908
118273521.68820344,75822214.23279765,74791041.59303603,312908043.63680524,581794821.1508424
94560630.48709579,77175832.87242873,58381292.319930114,298320079.7139741,528437835.39342874
82752128.56734969,85796374.13977984,60258014.91723689,290687594.43772024,519494112.0620867
106957466.15757507,68335394.74270709,67405049.58784527,385414478.94845814,628112389.4365855
108631673.86965737,80435072.02161494,64170574.037933744,348760174.23450303,601997494.163709
91512101.74175286,72036609.39101557,78134829.76807706,329107536.2157003,570791077.1165459
105647543.20143086,98163059.43809506,70683872.00952971,307423059.98452485,581917534.6335804
84605975.98390058,80942362.1233936,62810916.364027545,345703103.451709,574062357.9230306
102550827.73341319,73986909.18055724,53538655.70335689,294669150.7896577,524745543.40698504
102293686.58706981,83189423.89614348,66940864.91371873,309915389.0974509,562339364.494383
82654887.73106651,92999441.22669849,78757569.10194604,281402535.40619546,535814433.4659065
99545972.80636485,68421054.3808585,48450574.69715517,248878075.0466998,465295676.9310783
98581152.40007226,79428349.63341916,60889713.979764216,312399132.7661127,551298348.7793684
105408459.988146,74655752.83345546,65827900.91331549,296420033.7090627,542312147.4439796
85841198.75156376,82809709.8385091,71250239.62615483,287265458.09671706,527166606.31294477
91658907.01677746,74746013.96739648,59532700.26221761,363644251.11237943,589581872.358771
107019351.68828434,66219674.011347346,70670245.38866028,349376483.3049354,593285754.3932273
87545962.22829874,69607879.39706144,66166612.601705626,330933514.64608854,554253968.8731544
82938640.71828078,65300113.8175306,63578877.99239403,352200843.4070666,564018475.935272
119790556.23309629,82532611.68030003,68788136.65962507,291127125.8084801,562238430.3815014
61148987.86579338,70155498.69553901,62454885.3106288,295420941.37308425,489180313.2450454
62258760.42651794,66807727.621558055,66507193.73012385,334032744.39316165,529606426.1713615
75908724.49067463,84852705.2071656,77571166.84249867,383534557.46116936,621867154.0015082
92874815.9774287,83534286.96470225,73347966.27460025,311056924.58934504,560813993.8060763
75968013.97013354,84790459.90743545,60234211.86898248,367410499.0426933,588403184.7892448
84700552.43101853,74892770.60271263,66270674.67281505,316687381.5912947,542551379.297841
83809796.69176978,76963893.38247696,66251747.54471059,343170904.1193097,570196341.7382671
77580507.85834976,84091750.08530255,61295718.730319895,346885843.89800125,569853820.5719734
79481816.07459176,68075370.69391945,59441074.647815295,354610262.1598348,561608523.5761613
89330827.94201858,80783339.14681105,63955200.498139344,280780805.0564588,514850172.6434277
85353233.86998022,62103190.8218313,56334036.67265911,290442878.2518583,494233339.6163289
126490460.52048573,85195628.22510245,74880119.3089464,289934316.0032439,576500524.0577785
83485094.07222913,74075855.90728214,68560852.95361066,346889841.17417026,573011644.1072922
82121082.90303005,66239336.37194447,61757662.81725758,253143583.21178034,463261665.3040124
84918488.29057549,74438683.3347472,62116022.03273961,303490423.44498825,524963617.1030506
82256687.14637834,70888351.46339168,59558989.063739605,389926507.08557636,602630534.7590859
71276119.71862623,83954974.71447217,74918012.43962598,364211877.1887406,594360984.061465
104382802.06435235,86588063.74754219,71771744.06462626,300886800.5859399,563629410.4624608
107957932.81044255,90797845.42165151,76419546.9452299,316302689.71588814,591478014.8932121
106866664.62326674,82877502.64379609,65380508.40044719,291719528.84107834,546844204.5085883
101599889.38676633,84513315.17347611,66739190.041046195,305239284.81926924,558091679.4205579
107223785.6750235,72707204.38976575,86033561.62286496,360691496.692451,626656048.3801053
83591331.34928173,56727286.337239556,69565856.62638034,285805802.73299927,495690277.0459009
85532630.04537207,74255695.33124231,63834168.5238337,273159374.24629384,496781868.1467419
89482162.15456796,68883038.25180744,60888445.27838686,231216939.93341026,450470585.6181725
121256905.65407638,67894388.87444377,68842302.11308962,294396369.75666225,552389966.398272
84180218.34919524,81185651.3144982,60190332.28842736,229174109.21446884,454730311.1665896
79064895.51801,80798759.50988925,59828984.524631314,297220727.0159943,516913366.5685249
76036562.34447429,74217111.26019938,63236068.834890805,287113619.7103176,500603362.1498821
103183177.42024449,71540563.96639436,54946269.20099145,304059045.85000455,533729056.4376348
72715403.86926469,69662787.85571083,49525609.48445949,259247423.3776599,451151224.5870949
65165239.46400125,70024997.0846918,65782933.300403915,335550459.877358,536523629.726455
89343705.16298372,76951267.06809078,88785067.37235396,321692194.13527536,576772233.7387038
99358653.31059454,81286969.03090581,59183886.00809851,237628504.23642388,477458012.58602273
93102900.39769581,91488241.5470496,64342555.69841481,267622044.99918526,516555742.6423455
83593749.23520005,88025853.35723838,67416218.57487959,290499337.6078799,529535158.77519786
95411554.37073444,75853404.06402265,76582420.06050612,365223470.50527906,613070849.0005423
79140055.67223471,68884108.65698333,67362024.48032968,301098835.68477947,516485024.4943272
78024585.42276609,58355878.790482655,47212799.24365524,258431986.77338496,442025250.2302889
100915784.01638883,70959824.76831838,52880793.786977775,272426546.6293323,497182949.20101726
84510446.36822325,70559207.72925054,58220812.13894553,237121861.26618442,450412327.50260377
84934694.26425576,76873979.00433621,74179261.71381319,246353731.1502792,482341666.13268435
100140080.48209646,67078131.3535645,63102195.31402923,296098240.5232597,526418647.6729499
84325949.11016537,98901040.28499915,73030690.98914099,309184288.7257628,565441969.1100683
104982187.75785428,85922605.1621898,74843529.16952448,272559862.2381216,538308184.3276901
91685524.45141642,79495030.61842898,70797889.50634074,346063771.8182168,588042216.394403
91340358.244041,75714960.40847479,58243206.50071796,299062458.56280315,524360983.7160369
58427553.94144392,57733965.93528705,59901638.38998053,243485876.6143297,419549034.88104117
98942022.52026178,74590176.46276705,67771992.06994294,298434791.3788269,539738982.4317987
105066400.65942805,85297712.12081957,71926045.91153474,362416806.8554356,624706965.547218
72455167.33303605,68758972.89297177,68248717.18830253,322028802.6956374,531491660.10994774
72679763.01996998,73760138.72922575,75308862.5831417,323421226.68985957,545169991.022197
85218931.3424276,64444609.80201219,60087440.90473332,313181802.55813926,522932784.6073124
103731996.40295617,79441874.04911305,65757232.843568094,288302992.3088702,537234095.6045074
77047401.74360693,67694060.8524286,45820658.92275074,319656574.33400506,510218695.8527913
84040327.30576558,76438041.40771927,72696946.48895806,378806199.6984825,611981514.9009254
86103556.68811652,87587104.4957979,85799253.0506742,329444909.2226302,588934823.4572189
62824768.254081056,82035384.04826204,52436248.15558544,245133175.1028722,442429575.56080073
82690274.68008037,77705501.59029257,70976785.06613943,324896337.9895867,556268899.326099
88705366.07691826,87003547.7005871,80533501.12272295,361159106.9338968,617401521.834125
104199125.17223135,84664145.3912662,66315671.99866155,278020249.7765165,533199192.3386756
87559141.83210649,71887798.97594093,67403808.52923945,323837797.7015435,550688547.0388304
85123571.89694542,78202862.20620999,75385448.159317,318716061.16409737,557427943.4265697
77636445.21324128,83614786.69478947,55751015.81242278,334783930.60816985,551786178.3286234
62941807.12234478,62676910.51710289,58373118.58018274,281365522.11842054,465357358.33805096
88355440.4139976,71333750.50642648,70744669.20261557,254197565.84382474,484631425.9668644
69333573.93368319,86781896.29957336,79601102.35995585,285742844.3200182,521459416.91323054
82933682.20623487,83020782.6652946,67553088.79953535,274718592.5397551,508226146.2108199
90802052.28954533,84957578.72806834,67855723.31700307,242932494.09379014,486547848.42840683
73565542.64700635,62296669.33186089,53493361.51917201,256406150.4588627,445761723.9569019
73447205.45281954,64314649.411471725,45581678.121863075,269660303.72259563,453003836.70874995
95404610.28116688,72170053.22904596,60424025.787218176,237788544.59902793,465787233.896459
93982524.7836399,85387935.25891304,62873098.06317635,275832781.1589365,518076339.2646658
76983454.88682133,84369775.90661357,67282803.79296896,256202119.95675844,484838154.54316235
89313237.07229088,78160045.8566725,86713298.37327898,280951606.5014745,535138187.80371684
68114739.24073662,82640138.88578685,60233980.31644851,255364127.72540334,466352986.1683753
63228636.55737896,65323047.87069567,75385343.86393906,312575819.5081255,516512847.8001392
119035110.35737419,77088011.89865455,53976876.879544005,292292812.11662513,542392811.2521979
106581737.38509259,75930312.84185183,65964548.419847615,310274693.3152358,558751291.9620278
77104460.7428305,71838130.39076427,52012207.27058441,299619043.5887525,500573841.99293166
71868781.31208758,64945866.65576953,65343850.25195026,249561922.619724,451720420.8395314
86410947.4858006,78912233.00208385,72314437.77911957,310896244.9614753,548533863.2284794
64353661.68118121,77969735.85690044,72333802.40985975,316679210.34959906,531336410.2975404
74762246.06934758,66339899.86108082,61730127.53139137,310928771.0016276,513761044.4634474
97421666.711609,79436469.12154599,63262338.986091055,353811794.5146806,593932269.3339267
82970722.49028899,107977732.2295094,97719790.6613528,268198428.78627416,556866674.1674254
107578405.65741675,74485573.01951979,67684252.2305537,249885479.63799587,499633710.5454861
99311751.71156222,68273385.93831809,54897417.35121222,298382494.81109333,520865049.8121858
107289823.62309259,80672983.59799393,75949898.11849542,333414286.41167235,597326991.7512543
96896946.05559273,72089472.72332987,69992824.0978152,293427793.5845902,532407036.461328
110475914.70158237,92778747.1909468,82454434.71715146,290777244.66683024,576486341.276511
76497409.08795047,69190207.4727319,80340621.00110452,402487712.9503346,628515950.5121214
83500697.93794803,82374104.61739625,59842563.06115109,260009831.90182176,485727197.5183171
80596837.16595457,66346292.50001914,62795215.7127675,326693947.4996218,536432292.878363
93771083.85499285,65413975.71081633,66346690.25674152,256506529.6386469,482038279.4611976
96479244.55658497,69389749.04610647,64536362.46791228,311546088.103106,541951444.1737098
71403896.55226421,57538679.62686762,55403088.54296001,271603100.0590576,455948764.78114945
94559627.41535944,72956331.53162047,67419762.11101976,288232776.61736774,523168497.6753674
91628084.3810658,71784679.85992631,68257111.06081702,266389314.87372184,498059190.17553097
95475267.74271184,74799858.80061719,62185189.22662139,311600682.7006562,544060998.4706066
77918786.61417432,71587716.16363567,68286462.97625971,291250065.58320487,509043031.33727455
93616455.36125709,79021427.02776445,65191277.292859286,289416625.7806945,527245785.4625753
78929700.3449943,87025781.50839768,55357634.8661275,339067558.73564696,560380675.4551665
87528163.10939533,80183037.39524141,70186128.11096898,328264152.47413266,566161481.0897384
86613876.49208863,68291909.90798266,65658187.007337324,317141073.20217454,537705046.6095831
90687669.96979158,85170485.42297117,69926843.76533994,289454908.7881157,535239907.9462184
93163358.49798888,62479662.725739524,67024786.0745215,284629784.7329924,507297592.0312423
89452726.67648184,95216443.18169127,69136392.67990828,359789625.58389115,613595188.1219726
101237445.6941408,61677109.796996735,61761564.19483315,295653658.48553085,520329778.1715015
82332879.79580879,60683899.06534906,86612571.12169799,334116465.2173307,563745815.2001865
70552788.57153742,82162793.26629026,74628220.09892549,293503768.076873,520847570.01362616
105025491.08142139,94056644.96043843,76144354.4937805,335458161.16674525,610684651.7023855
86864550.88526206,92761376.52776256,87598076.14198095,324048399.75991136,591272403.3149168
68614339.99119185,64238734.38547324,64089066.59085699,381501146.5732586,578443287.5407807
96000319.86146457,65682145.04331557,64242512.41963008,303652748.247093,529577725.5715033
71867292.7264609,76116992.68073002,79662996.51853184,233456361.02276856,461103642.94849133
72754411.28839895,69812236.87181008,60293365.45479909,339580696.5911719,542440710.2061801
99815315.27271034,74330113.91855034,63195463.406308584,317271073.1018464,554611965.6994157
105334884.64846943,81023931.69244345,62717801.06924404,348047781.1053144,597124398.5154712
91810063.30506516,79453930.66932495,70597826.26716688,318335003.56317985,560196823.8047369
71097018.6859079,74938451.71372344,71231330.74152508,350437515.49353784,567704316.6346942
89747337.77496213,87406523.2461785,68165714.94971542,353637572.5950267,598957148.5658827
71982383.24607123,65651782.57134409,65944639.9871618,342483546.7762749,546062352.580852
62440723.76151335,68109657.70672065,63870535.41620841,272409245.100406,466830161.9848484
102663898.99847375,71288033.84213643,64811762.42118289,301572403.5613487,540336098.8231418
93903830.06494392,72661590.00805223,67751389.68188293,365807272.86318374,600124082.6180627
92162524.58078618,80818413.27002223,71605628.97609177,329640249.5574907,574226816.3843908
99909856.75604597,73084025.57636958,65263794.09638113,265197913.66758788,503455590.0963845
107977273.82335293,83383287.83014554,71123500.07434578,309907342.77826804,572391404.5061123
107941524.88641436,90443573.52213232,61255283.85535764,289187056.42147034,548827438.6853747
76619269.53481576,71494373.3694507,71042298.68734403,293919365.54821604,513075307.13982654
85444815.76307294,67488945.34000532,51939468.93504243,374267576.626129,579140806.6642497
95903942.7922483,85976627.93899769,78293684.31977992,299963508.37099826,560137763.4220243
87379597.5176414,85717286.00711204,69426625.29886837,254109082.1616143,496632590.9852361
87393959.36645967,66784504.55452039,46361589.35147345,207162263.80631176,407702317.0787653
99052459.37463959,79863463.26027988,73405116.59232594,259618875.9175931,511939915.14483845
76473469.3083669,77007559.47479564,68188230.44230278,285721701.54622626,507390960.77169156
85508016.60103671,94672511.54287176,53798710.524825566,216769278.61652088,450748517.28525496
81988270.74844362,71797747.6022191,54354765.8232299,296903052.7108525,505043836.8847451
104989621.26704633,79383449.14582518,62812374.461713985,316021843.5399302,563207288.4145157
73025180.19720408,71514644.05945699,57651758.328359455,286378888.26301694,488570470.8480375
111854073.66733003,92600755.37299374,76418807.84869218,365753717.84301436,646627354.7320303
73969018.15071854,66728518.476089574,75297652.82268135,260757375.7262516,476752565.1757411
121364494.06719472,61696309.49664554,56072367.000426084,332184254.76321775,571317425.3274841
71733313.91294985,69349310.81616037,72255024.23993756,301037319.3489266,514374968.3179744
95000654.84927315,75242437.40422358,62902372.85850742,329302848.30153996,562448313.413544
98477198.60213779,86785829.26779008,68317068.41717441,298741683.6502951,552321779.9373974
78303550.40315399,87184499.67858341,60940253.57580434,291403934.56202674,517832238.2195685
94424015.75304076,94002835.19273524,69596723.3455898,339783256.03856915,597806830.329935
95029088.19699787,63756089.25160007,51580121.926830806,268578389.7114011,478943689.08682984
92337167.56273283,80977084.2692856,70346749.92008647,299794738.81197244,543455740.5640774
92762274.19125491,79092879.8457272,64985749.00734095,283550130.46611667,520391033.51043975
90289450.45600288,86867584.57665339,59623656.621051334,284010745.6848019,520791437.33850944
82672888.71868646,69662081.94628647,58057521.000329174,285643428.94438106,496035920.60968316
87610283.13243933,91632766.66976362,76204796.52262445,457685810.02335215,713133656.3481796
113603821.59596989,84240767.67283356,83041295.27541481,298520391.5438514,579406276.0880697
92171731.22680141,89985851.31947468,62955137.94163668,300653175.63022286,545765896.1181357
77995038.5778258,63966935.43113291,56463379.010716714,342569561.9726372,540994914.9923126
132225542.35562533,77500403.46493185,57527079.4164729,329344628.4505548,596597653.6875849
59972951.956093565,60246105.06974092,58681007.22467544,234692634.37949517,413592698.6300051
89508025.09004098,68296069.25075611,75719227.58930887,362771742.5407291,596295064.4708351
125801414.1830413,82014041.30309534,72184394.8532716,301873265.1929448,581873115.5323532
81157404.57769302,67844974.4184506,67832029.60787278,245687201.65334433,462521610.2573607
81615389.7902513,74128865.44272016,71318227.61441185,296687006.73591405,523749489.5832974
109715647.26073997,84017183.36205143,70431565.5590248,313800780.94871473,577965177.130531
93069112.357366,84585453.68997332,75200295.75199313,332707007.48049265,585561869.2798251
98327858.53182527,95399031.85166244,71786629.06978828,376089376.0528385,641602895.5061145
89479697.7174809,88200790.64292186,63469694.98118104,281230929.1626691,522381112.5042529
92461850.14339797,71318337.04995064,65843754.378293544,366310643.0054475,595934584.5770897
76683897.76848188,71585648.00448275,65788623.85910887,323621698.88591415,537679868.5179876
77575091.21805422,66753481.8793388,61312806.774213046,309429683.81817317,515071063.6897793
84701596.44852896,75405788.18246463,67945378.89799058,289805524.13431513,517858287.6632993
82129217.73619469,95636967.43157105,80237811.08238675,307923811.9627149,565927808.2128674
93075837.95223436,61630229.89084547,64103704.69594494,278959781.023575,497769553.5625998
113215973.25329965,83283446.34369043,76037651.01985092,278824707.0277364,551361777.6445775
91046551.64514959,67100156.65610386,57483935.32837383,303271034.42820716,518901678.0578344
81475524.04127161,76987904.10857175,45651874.42428654,285053989.8249855,489169292.39911544
76523756.53778337,66811827.9053204,65088025.82640672,301690440.9826653,510114051.2521758
93400294.53246985,84261424.99605712,70961953.63312435,363928206.88253003,612551880.0441813
92916757.98803417,77995159.28167318,58995538.010517836,327056280.7579129,556963736.038138
97670155.1488391,80238428.45818616,65327503.9949537,307195396.7237854,550431484.3257644
113050699.13226213,68424944.80414051,61761136.019349016,285870569.30960834,529107349.26536
108242891.00965661,91247557.10329501,77392332.32323402,306984898.16502404,583867678.6012096
72203457.46129303,64728513.16998786,56815396.9217903,302798500.51914674,496545868.07221794
76477719.5704658,83211106.59535185,63165582.99767546,342104257.7976618,564958666.9611549
116347428.23772964,71204710.66382948,71538536.47129205,358466560.61515135,617557235.9880025
60736638.7640268,67541907.80148698,68278490.71668062,247647014.53486273,444204051.81705713
101322975.2814421,87343882.99423921,81532118.1447676,315548037.9151614,585747014.3356103
123853037.10972856,83601365.0362513,70356980.93139954,316256525.56945294,594067908.6468323
80480655.48665708,74678961.3473474,62104957.089195535,301367956.282854,518632530.20605403
97195742.63988484,75370316.50367978,83102223.27103028,333831176.83019996,589499459.2447948
86523579.72341684,78876314.73146582,64848450.45790094,354839023.92871565,585087368.8414992
81212700.51390004,71504666.03653207,70236415.77727757,311205135.6735021,534158918.00121176
102209219.7644198,87316187.10810825,69055669.74999528,348753357.8092657,607334434.4317889
92730784.19588076,92497405.92111607,82867326.75140855,324060427.928813,592155944.7972183
84064689.03557257,72597668.17965055,60604557.5983976,284470318.11741954,501737232.9310403
125894849.83306617,72826452.49767803,49357205.20449484,225666679.05346528,473745186.58870435
77470616.61722504,86326566.41114879,68207394.25739418,347464626.4106341,579469203.6964021
111261253.35723029,88121412.19964436,80749898.16541936,294748702.00201124,574881265.7243052
107208018.51231046,82739781.9787611,66132126.91775816,256763547.94549996,512843475.3543297
97689026.54272448,88369486.07857667,77232717.25920248,329248633.096746,592539862.9772496
81392563.31516273,79686825.82439734,65128478.733643524,276268063.8476101,502475931.72081375
94619140.2530709,93303762.32644947,76578581.41134337,348931350.87552357,613432834.8663874
90798443.76983006,82880217.36504388,73225607.86153553,333074705.60961616,579978974.6060257
78135252.05215663,54678563.174196534,58882563.319201425,311509544.9792795,503205923.5248341
81259708.71111462,68769277.6049493,55726304.056773216,245021381.81389722,450776672.1867343
103228642.18042298,81935558.14326972,69271367.3098026,262271476.17463562,516707043.80813086
73106148.17888674,63812614.210711494,63042441.270259924,308905985.0142628,508867188.67412096
101709064.07483993,65486140.6523426,70777899.40216546,317888379.38686585,555861483.5162139
101455039.64824457,68079645.80723588,58099437.277994014,305046279.41528565,532680402.1487601
90063253.8029667,86642528.00876215,71630486.15254855,331811788.6105461,580148056.5748235
63803244.31801772,62955725.812557206,65087236.81233871,279517646.48903704,471363853.4319507
81288966.53959358,69492245.03776063,69436867.02431577,324522373.067966,544740451.669636
93372089.20697162,84098669.90448005,66527652.08631701,360488998.01757014,604487409.2153388
82934979.69173214,84646685.6078036,67747001.31857605,315717970.99537927,551046637.613491
85568466.07930924,70411761.10213806,60584725.60048398,306369080.7589361,522934033.5408674
63209807.460792825,74196302.92115009,59625891.43796302,279806742.62102157,476838744.4409275
80791590.43658005,75116574.77714556,50176988.12733863,271926170.3879569,478011323.7290212
59787769.64364527,57192219.27672266,57642392.50836972,304063957.48733234,478686338.91607
80364296.70984815,75347246.78174856,62208521.147824705,251149396.56159315,469069461.2010145
70686223.02439488,71879221.09151813,55828747.772567295,335800851.32032,534195043.2088003
82301252.49476393,73619325.7452821,67624929.94082275,282940779.2336947,506486287.4145634
63107772.83671714,79260427.71664202,67053597.252796374,287317413.14106596,496739210.9472215
86547898.49881685,71104687.56927666,71761912.75202163,289171567.73006827,518586066.5501834
78744082.22286779,76190897.10843027,61679800.99784147,254388536.0968394,471003316.4259789
90112767.66887973,71262402.06581815,60931912.09967544,349363867.5414691,571670949.3758425
111297032.58271086,104475962.29473233,78932657.88965663,397451340.1913992,692156992.9584991
92305680.10306898,78626438.72829495,67117226.31063,318868048.87448525,556917394.0164791
91695952.32387976,73976619.72151716,65224043.64500443,329504682.4775754,560401298.1679767
91861241.67767149,69601374.01738675,55363048.393552944,230845863.78290412,447671527.8715153
92120491.22035141,81284232.99443068,59361963.47849811,286931837.1348879,519698524.82816803
77746851.40225092,58913478.778008305,53557426.37766898,273693321.92329144,463911078.48121965
71708213.95477365,77657136.62086307,58197999.58747255,329252053.1592417,536815403.322351
72938796.05729377,82386625.45893948,69560764.98161012,321848300.73588085,546734487.2337242
93750711.47841091,81372452.93070322,64606064.65159841,367378272.8363001,607107501.8970126
77305145.13216393,78378768.81869957,63755364.08194863,317628673.0414392,537067951.0742513
66377380.480325975,66196287.16070734,57906246.71796233,225277766.78139275,415757681.14038837
91534806.1852209,82734431.36394113,68032625.5882879,354116206.37083304,596418069.5082829
84168165.26914456,80104550.6674036,60565589.07168325,332531762.6945865,557370067.7028179
98030317.11260565,87958470.13091475,54227211.656701446,296482842.25946164,536698841.15968347
99117768.96558975,76330186.89661051,75607648.05405682,289255172.1393249,540310776.055582
101477396.49496639,74243569.6298295,68977628.30146873,264006826.2995096,508705420.7257742
82045396.59146212,74729176.94541003,75505984.26626123,275568055.22752666,507848613.03066003
70955767.7782064,78161091.04984084,60543103.348053575,278971485.01214665,488631447.18824744
105562841.51419449,77228280.07322218,65020014.999292076,290796704.4870613,538607841.07377
79587082.37884705,62068058.78553366,50093592.2718789,289047036.2630954,480795769.699355
79816361.09933604,83001542.8486902,65683389.533233784,294763377.3793743,523264670.8606343
79718189.75213508,68286844.57056679,66690344.25966655,311570373.23420876,526265751.8165772
82493165.51431268,78559714.75464804,55546408.49975965,284993093.5790256,501592382.347746
104593015.55041358,71516792.67045183,63137354.94164599,300377930.89548063,539625094.057992
80406286.96328403,66702114.69992431,55855352.603218794,276825896.02322423,479789650.2896514
80571112.95838802,86265954.68031622,65045441.413193695,364963395.25144535,596845904.3033433
88859346.24603634,81670223.31651825,66719121.10120325,284650137.2244726,521898827.88823044
95630963.77723025,76569801.26302704,75378201.33860306,266337240.90107843,513916207.2799388
92720792.56062779,82958772.68460822,77600001.2724582,294492654.5541516,547772221.0718458
81500301.79370132,84957459.14628051,82128721.31797434,285862891.47893286,534449373.736889
75611243.22068149,81522119.18084161,71115205.91758458,274107225.5882621,502355793.9073698
82738593.50818574,74876786.22844851,61888076.830197245,272320479.1637555,491823935.730587
90274462.69547606,75951330.38371035,46965901.77225125,265617191.21678066,478808886.06821835
71142607.30803937,62083480.81894038,52070586.76856283,231119100.1827005,416415775.0782431
73289475.76956353,68827790.44567826,58114363.23723946,318395614.44859225,518627243.90107346
101719417.35644813,84775974.94363996,55727855.10466244,280867941.5299364,523091188.9346869
92724959.21262574,79628401.65827972,60166113.691777244,330880103.0154769,563399577.5781596
90038371.66827118,74824051.66084307,59051004.106779546,309958340.19770294,533871767.6335968
69532488.12256533,67727256.17331716,68395417.31677634,286976775.118784,492631936.7314428
91493614.29504639,82569877.17541103,81732661.65210226,357347604.44870883,613143757.5712686
88532776.25607532,82607614.28379604,80226927.99545027,282594130.704048,533961449.23936963
91818394.03430547,81378904.23476632,81307707.37047069,275559304.50807244,530064310.1476149
78959333.19269826,64295421.46469365,78202809.88269414,346285992.82991034,567743557.3699963
94165463.91400798,94151169.16644418,82161958.29838456,275304152.9291892,545782744.3080258
102875271.28112112,65030443.54833063,60501021.578625634,332176672.84850276,560583409.2565801
78342229.55563183,70169000.05039673,61781283.19256589,289310944.76163477,499603457.5602292
97845521.05984709,70607013.36517584,61938443.53645902,312493776.9818839,542884754.9433658
78425943.96656801,61797605.37790093,57036925.200111926,318178989.27667177,515439463.82125264
89224126.596619,83684903.233125,60295172.10375192,335690769.1523494,568894971.0858454
82683483.03856395,74521074.94017193,59409471.53910749,306386714.21858674,523000743.7364301
75176475.63562272,66082072.12144252,66708167.3027652,282188677.4542931,490155392.5141235
88195754.15097433,70424631.53327854,51206730.94690655,269736288.8814257,479563405.5125851
97979445.2971878,68527996.17210224,73556305.91752008,359364570.32929975,599428317.7161099
106838774.43803628,88234375.8041933,78346629.1099802,370977868.71349955,644397648.0657094
67914545.0557686,82977313.46346018,70864967.30680652,276735843.6669675,498492669.4930028
115192333.77813134,83148250.97420704,88139802.6666137,304794297.1423861,591274684.5613382
72967433.52623057,88404334.338647,72827773.33042377,347662290.8123849,581861832.0076863
90364139.8171668,66694165.33921305,64432062.6027606,337333623.526937,558823991.2860775
70688929.09783904,70176184.00404921,67753548.56758575,287766661.79832566,496385323.46779966
82864485.24723554,76761224.34757361,57678447.76466272,253957868.14465478,471262025.50412667
74717785.8451436,59131747.750051096,60711621.502130345,375544204.04096967,570105359.1382947
93706658.32788825,81687535.41980296,68650247.38997437,324308154.2447562,568352595.3824217
104280233.7856808,94113461.59716728,73551939.85929976,329562902.26434416,601508537.506492
92775274.5209781,77569794.20677125,60603318.99549752,364901042.67323655,595849430.3964834
89852511.73279488,87588442.95638634,61703871.41689097,315329006.82509595,554473832.9311681
86473997.74790406,75433569.01674584,60531957.01397533,270188466.01010656,492627989.7887318
73346479.61324908,76644175.09101732,59786697.72129875,249157132.26491144,458934484.6904766
90828870.86640894,76734225.41823673,76076498.45097111,275649216.1975631,519288810.9331799
82062095.82373878,78847826.42371279,70827470.28648421,301369886.7477733,533107279.2817091
92845600.75085555,78257327.10969545,73698252.04128343,381945410.88212216,626746590.7839565
68893078.95097366,86695984.55203514,65017404.20656669,294040603.8479614,514647071.5575369
85713631.07002929,76412044.97326025,67303301.64479662,332883747.4795533,562312725.1676395
81965223.15440679,66670704.9871462,63753839.7360707,331016804.05940706,543406571.9370308
94131744.89708687,71151237.11343409,65800019.415110104,284274194.12225235,515357195.5478834
93715656.21856411,72179415.29530966,60775858.04870046,307426833.9166147,534097763.4791889
78894971.08244945,92786712.01230709,81651314.79720215,322345079.2646034,575678077.1565621
94641906.51038307,101164503.69007151,77503558.91342156,263722497.17601758,537032466.2898937
89735722.6477796,77185979.92030157,63215449.30050262,287877624.2369302,518014776.105514
83903824.79982759,72102069.08390924,67569239.31207299,358170846.2393681,581745979.4351779
76443125.18937956,61953950.56590881,67071368.18220757,325166274.59285927,530634718.5303552
83910499.32676518,114830452.36001988,85943941.83803199,404399606.20189345,689084499.7267106
94357297.42580792,56959307.23008558,69238882.62276329,308308062.01837677,528863549.29703355
113661187.91448762,83296919.87377894,70309346.66378203,306788837.28862005,574056291.7406687
89990237.26275411,94314167.01790234,65009564.41018448,280784892.8244071,530098861.51524806
92402994.99709064,90326897.06429794,61928659.561269954,347740431.8034227,592398983.4260812
88778075.83765236,88300736.49235237,60215232.7108362,339578212.79458994,576872257.8354309
92675664.9235125,64211664.46735145,67576786.6062207,309170713.43353665,533634829.4306213
89312639.37175298,68566981.76471531,57186800.96695434,313653015.87639964,528719437.9798223
74850131.29232877,92406918.70179304,92862731.97381774,357725342.37725604,617845124.3451955
86337123.67801423,89750813.04458712,80970979.22984378,335323703.1406254,592382619.0930705
74553523.75218913,77210933.77539386,40132686.50753952,312735009.6718507,504632153.7069732
82157449.92616461,62097672.620018326,52053358.59063783,372822316.7069831,569130797.8438039
80232693.64261478,75535453.48709475,58895254.851208515,449484320.5465504,664147722.5274684
98510863.31038621,83329682.26842257,57359291.198851705,280752305.771962,519952142.5496225
84206129.38184255,86026975.49703461,82359542.87998684,353023831.6303022,605616479.3891661
96580316.22291584,73243306.86293525,60263150.95136164,265280374.27639416,495367148.31360686
85117868.25627264,87408752.56154746,80822723.47082342,324909264.8737042,578258609.1623478
121141194.83167294,71012806.36538182,66216350.6397855,304992063.5836979,563362415.4205382
87520511.17084646,77452475.59233443,70262139.1873608,273181820.527729,508416946.47827065
93002775.7348964,86254268.77589917,66280879.42480982,285100203.90249234,530638127.83809775
87350326.70653611,58981307.861482486,63134767.152225964,271012164.2116806,480478565.9319252
80902647.72250438,87547486.95563887,71090170.97986911,261356355.6098861,500896661.2678985
118805022.31919186,91321740.25077827,81693865.71150146,435574507.34352195,727395135.6249936
79208733.40644982,63927936.02117474,65612151.07361075,428266023.944366,637014844.4456012
81223781.22564645,77026700.90221743,83631814.86085655,328511932.9403497,570394229.9290701
91701524.26680726,53361012.13913154,50781687.67396821,305440146.3882974,501284370.4682044
102313570.67878136,71843921.64810196,68633461.13949051,275709637.4028571,518500590.869231
75183023.74825549,93621060.901873,68830605.0377225,355093798.40845627,592728488.0963073
108798938.97961341,80089655.7356562,78061842.06321143,379098746.11911607,646049182.8975971
72861513.54302995,75322715.98530208,71853999.51987903,293217171.6899821,513255400.73819315
116555926.8705432,69143207.70873615,62071407.113806054,256542203.67562038,504312745.3687058
68940584.74034296,57014612.26061629,53966868.83991947,312567383.93697464,492489449.77785337
79362168.80444673,64588941.072730444,57009882.64299849,297660127.0882221,498621119.6083977
80783060.877058,69621117.1171593,60215731.50094518,299599275.80195004,510219185.2971125
103332585.81675403,90184265.29160933,75219423.71902664,290465551.6200145,559201826.4474045
102572043.3405612,58676081.0171206,57161488.472797416,313385638.31253755,531795251.1430168
89807523.12986165,77064580.99082354,68607011.12707005,289037272.1147586,524516387.36251384
114809431.20739283,76374818.68160458,83082102.04217099,367140322.39933354,641406674.3305019
76193731.0077988,68068279.60542108,65290911.891767845,258761535.2468252,468314457.75181293
65180337.87598081,73713641.74509466,76708401.05115746,306641714.2802092,522244094.9524421
57608743.46899495,71650302.03910437,60873146.219478026,237587394.87159774,427719586.5991751
86219944.0586379,72864896.72237697,67548727.49722517,300061106.24281853,526694674.52105856
64913696.89592231,79720900.51380351,84409661.78363176,290414801.00943047,519459060.20278805
92940942.87031348,71006101.93017228,68745221.00549348,290614448.1093345,523306713.9153138
79176331.15261026,85826287.75602919,55842872.446443364,233779214.96845743,454624706.3235402
79601289.57923092,82560725.91804028,65833879.303786404,362242956.4015788,590238851.2026364
79243706.92098334,77062221.95653762,59759581.08318803,320839017.7165351,536904527.6772441
77580761.59475285,76177906.81170876,52248469.21518248,329963287.56648576,535970425.18812984
79976417.08667038,72156288.39733297,46657915.387426935,222846520.3285233,421637141.1999536
90667435.4774493,87993140.44859856,77300406.6409641,259056030.94148746,515017013.5084994
76822404.43413737,74800290.14247239,54216158.126848266,221939943.6516651,427778796.3551231
90177709.37468864,65948737.249121435,52264480.2975957,238009006.2791322,446399933.200538
71399656.09351443,72244992.65931413,59916865.157059155,305044875.354092,508606389.2639797
108588359.32984293,95360496.9094968,67546981.85680643,255254575.20157275,526750413.2977189
84689816.70480858,62506857.59697181,55715127.1830128,293327272.44243824,496239073.92723143
83646298.2176035,73123817.13405791,72297390.43116517,312675407.0884585,541742912.8712851
126238200.76642261,72825956.94730024,72797640.53623752,315553835.2842421,587415633.5342025
79124045.25703672,75382032.83028111,65676132.71528778,273100007.06167674,493282217.86428237
92880622.62839219,80298355.92911232,67965798.90878312,342977654.0880495,584122431.554337
102544662.95038733,79212262.5171462,67993845.21429394,358370884.12433475,608121654.8061622
84601231.57712802,66693482.61749322,66111987.07711259,436951008.9064155,654357710.1781493
85610902.16374344,68181694.38302697,66929007.82127826,348796665.75842845,569518270.1264771
108713547.7174856,106553153.81195305,81091437.03559661,336958914.45395774,633317053.018993
96520088.8530804,84130953.12951177,65307213.429847874,282625494.26630384,528583749.67874384
68385223.4539334,74580246.52863473,61084637.59564044,277109312.8923283,481159420.47053695
74608576.40378875,73189753.3524725,72239863.20217757,245587216.5247939,465625409.48323274
76861613.57726347,79392448.90646894,54456375.75609442,335584185.976527,546294624.2163538
88248971.07276882,57414664.312249266,77437050.87980337,264240444.28759903,487341130.5524205
84851392.45980248,81362035.66569461,69262657.54569665,312387797.9020999,547863883.5732937
98081222.91082476,76342191.39062893,76571934.43796626,283739505.8709282,534734854.6103482
115547844.01848917,84220820.36272976,93257561.7904342,320021562.27292997,613047788.444583
75146803.12303355,69036214.26610148,68974177.80300987,262114980.62738365,475272175.8195286
118820600.10108615,77605582.92267345,68297583.34467015,376525575.84661055,641249342.2150403
84698784.56173265,78177021.90905416,58021864.96447945,326498836.6466641,547396508.0819304
101415992.63661067,78741798.41962631,71617610.25737484,301359828.78755164,553135230.1011634
98217178.74264108,84273544.88313098,75884942.02456564,334941805.69559073,593317471.3459284
80801338.58156651,73374298.8595095,77245279.93888737,318271373.21898377,549692290.5989472
67605085.47129557,58356734.86274333,54507858.195782706,216727319.37815696,397196997.90797853
81558481.61607881,57605910.91274625,59418647.34862696,267835051.67375126,466418091.55120325
82663249.73266578,68380185.62341046,63455464.07272095,291935654.3663384,506434553.79513556
89897271.08276494,77081066.50911321,68806833.08349349,367804210.3104215,603589380.9857931
55814521.50913651,68846492.12135322,62319481.06003828,326427865.0375741,513408359.72810215
85236324.59453078,77719607.36174512,60793355.9451421,371178367.6027667,594927655.5041847
75675797.97667202,80455291.17639549,76294122.13811825,360057018.75175095,592482230.0429368
77392699.97193135,75294191.67157467,62061808.50604527,340042776.85106874,554791477.00062
105363737.46787675,89128983.36702149,66482515.38411314,264740995.68399027,525716231.90300167
79404678.44924605,69051306.49320833,52606576.98661699,265961591.23760822,467024153.1666796
82007440.33968398,71856835.18951385,57473384.29871213,243945784.86124322,455283444.6891532
109858052.93475373,87914572.46233259,56092572.46427727,234812277.95516682,488677475.8165304
84519121.73549163,70174089.59267107,69251946.44929346,301007921.47107935,524953079.2485355
91726789.53803717,71561988.79757786,62810050.66331395,318594643.4421408,544693472.4410698
76567725.56862696,93783727.04464026,76706686.64112107,362824674.8208001,609882814.0751884
108260570.28963082,75989120.48650196,66572238.35230992,308781355.7187998,559603284.8472425
85649206.07597347,80043727.66989948,70827583.20792674,297924573.6036785,534445090.5574782
83974373.88704018,79008229.59544063,62213735.59551748,311096119.8754404,536292458.95343876
94449954.58424827,85978405.70473363,73429880.7697761,283610873.9613902,537469115.0201483
78958066.00845493,58074098.582573004,61075867.81654453,271308958.6729712,469416991.08054364
86920067.74603315,75061830.03391048,61916359.82064845,261661921.3649626,485560178.9655547
94946943.93978268,66415787.70949175,66852309.41407434,319439373.96433616,547654415.0276849
65175621.61557217,80189207.7186078,52196220.04104622,308305753.43006665,505866802.80529284
101020608.84973767,88825236.10597108,93219522.3716331,351634874.861506,634700242.1888478
73455521.97601208,61018335.95434663,56538249.01473519,291050280.3602463,482062387.3053402
79083715.58307675,68898508.5417784,74979521.29898845,297869172.4462633,520830917.87010694
102181968.08955754,69744671.6167511,56562211.86921499,268923622.4031028,497412473.9786265
104069375.0893681,72105045.7853961,71443566.85409065,320533737.4303886,568151725.1592435
82581395.03876193,74550448.57643116,70705380.85037203,373687034.5937205,601524259.0592856
100834159.10525534,72902565.69042939,65040117.76800998,325029286.29853684,563806128.8622315
66638817.561553895,72616986.1647859,71268333.19347121,319698237.3623589,530222374.28216994
79895026.44451143,78406227.0379839,68767589.32199208,334434295.9782166,561503138.782704
79569011.13201162,84745801.74647246,75843248.0741543,319234619.4523494,559392680.4049878
119697862.01818693,77831748.11115213,54809590.903236195,301179927.8634716,553519128.8960469
75409831.36485434,77074401.2482845,65184311.282365054,305068384.48682934,522736928.3823333
91231065.99408674,68083544.11215475,63840744.28403727,276043429.6236502,499198784.01392895
66782156.17244067,64442533.94981126,75285506.9746483,271411748.3399814,477921945.4368816
99394149.72227596,68454280.80628102,65770762.16713316,309454899.457583,543074092.1532731
103636376.23960653,103385606.71511039,74787858.05549967,336890756.2248528,618700597.2350694
73823176.02750276,62824200.80017978,49188562.468365535,249501145.9403121,435337085.2363602
72777017.04522708,66812415.618964195,61406685.87861863,285337563.56707627,486333682.10988617
110131538.92343964,100536843.69522683,75949649.70760643,312197885.1188128,598815917.4450858
87382032.4513406,69118473.30216673,60038404.00466436,239364344.0385189,455903253.7966906
88745616.08178718,65132837.18335672,54429875.37644475,256506489.2947548,464814817.93634343
94809335.05237311,77698855.14629656,75826348.28092621,349497150.64840776,597831689.1280036
73444638.12183113,67081143.240809426,63826871.78623103,259607996.4559665,463960649.60483813
102209449.43288858,79817933.75364147,80453963.18857215,311137713.5465226,573619059.9216249
77631924.63504896,65590588.43648514,51597366.80702414,272651974.27401876,467471854.15257704
88964583.98758094,70164449.41059671,69203364.40956637,296372224.23279643,524704622.04054046
79381477.15719296,82531942.23727304,51386518.807858504,283889370.97005224,497189309.17237675
87235656.1990046,70830424.12157448,59481891.38223836,319352055.4148171,536900027.1176345
77019925.90185869,76733746.60626957,77555031.59381959,300097168.838284,531405872.94023186
87146099.70033948,90378808.51007357,76460967.95519322,308746713.8299413,562732589.9955475
88574718.7877219,67279982.30208457,56159945.929979265,310935310.4172798,522949957.4370655
79479605.59165402,80727902.52443747,65856144.33680545,274438702.9742011,500502355.42709804
59234712.32851301,65029541.62549018,58687243.87401261,293213447.8767959,476164945.7048117
90182824.48159648,77263314.29012565,81009585.53852317,287600195.9404226,536055920.2506679
81263947.96893407,84644705.86651994,85727467.28394486,324465759.9483256,576101881.0677245
87284592.12962742,84191458.95422883,74627573.18778548,323027188.2906923,569130812.5623341
94764811.24865189,80300898.26128487,67386343.77697575,324437158.8341291,566889212.1210415
107182448.99124731,84803779.38503975,68083393.68788779,399243749.4436904,659313371.5078652
89022813.41971347,84210569.03917037,73875712.84967439,281027105.77897984,528136201.08753806
77278100.78450319,58945243.37521072,60250315.098449156,286224374.8855357,482698034.1436988
85658489.21329415,82469648.76377122,68206105.709529,266740753.08921504,503074996.7758094
87569413.52351591,79615654.55565646,59121585.832263835,327996207.7897361,554302861.7011724
77203708.34369388,77102530.5529631,56293263.66941798,287048087.9920088,497647590.5580838
93196460.72348927,76816588.25789452,60664026.48902745,311538675.70738345,542215751.1777947
93259855.47888848,80752233.89417072,65317559.669356935,316933858.91119266,556263507.9536088
91416365.2244546,76077436.53073938,63521429.40477592,404423494.00771517,635438725.167685
95006541.56075732,70959762.07715222,56343200.264915265,363490730.5586352,585800234.46146
85967061.42895286,73437039.40529102,67568726.22373514,266481284.72980988,493454111.7877889
88549263.93039782,73930962.61318754,71944003.06013635,359661195.2738795,594085424.8776013
84514749.00149165,65833046.53155503,64430842.92967584,289008199.1129513,503786837.5756738
83574865.7751782,78468780.85670899,59410050.462707005,303557038.70929813,525010735.8038924
81195646.8265373,87111817.83962719,62242829.596082285,309176080.9804156,539726375.2426624
62749642.80308065,80357017.38531621,72505312.76118095,243976035.38589594,459588008.3354738
119707864.72671936,78539758.29583055,68266042.19888625,248306643.6135536,514820308.8349898
80911377.15191084,80854945.53468508,66202275.66698373,345646070.76999944,573614669.123579
96676432.70068778,71100705.03774333,75266311.09204201,357454095.86301315,600497544.6934862
100805077.30293566,80976424.91061454,56898508.61173253,242501650.82660225,481181661.65188503
96199471.70471622,103312840.26553507,69826276.08179785,346321178.3787235,615659766.4307727
76598365.40720053,76140238.80979426,68400039.29993597,334028000.0699913,555166643.586922
87275327.43973736,76443081.95301946,83259911.52250978,379211026.1832272,626189347.0984938
80524570.73852864,65990219.56434684,60503770.216828875,282795189.01204515,489813749.5317495
87242466.01115718,90994875.01719096,86065425.70315556,382183158.7173982,646485925.4489019
94032281.18132739,76958924.46801394,68038578.47036253,296425682.09703916,535455466.21674305
80118920.65993693,82270299.55941749,74060724.65185638,375406210.88656783,611856155.7577786
73371812.50894034,77008053.74599019,62300022.20682858,320356071.8304839,533035960.292243
98849102.05464116,68125253.99664535,70689864.29949266,316994674.8905078,554658895.241287
69787525.70414056,78464993.36645342,59786710.98661769,305723061.7846531,513762291.8418648
71377532.82980406,75113237.09809601,62483313.35327883,317670603.902505,526644687.1836839
105000852.91296655,83818587.45240913,56826969.239406586,274369965.91906273,520016375.523845
72443598.95743236,73879839.0199679,65481766.3595285,311023792.46203864,522828996.79896736
95590190.3319062,73604833.7345966,56118018.69110853,279492150.69650036,504805193.4541117
92524944.97215922,86839247.38029142,90117397.13882728,378688565.0252407,648170154.5165186
111440252.70404387,70615686.31287415,63195101.23784101,289937492.03422344,535188532.28898245
72869721.45303498,77361070.1938949,76271532.14456286,385571834.690574,612074158.4820666
95303418.8518106,69957143.4591741,62044101.552296564,358910060.40812296,586214724.2714043
86893755.95415731,61212781.30549113,62081946.13370382,354071157.3405202,564259640.7338724
92555281.18066682,90176562.08832633,58642920.141024046,268764318.7517406,510139082.16175777
95896212.66670015,57552611.545787774,65804114.39362041,275381584.2835816,494634522.8896899
71403486.74707493,67222131.69268602,51925061.8923475,324849786.4077988,515400466.73990726
76500783.89927834,75434193.19037515,74259956.30191986,294621827.03264445,520816760.4242178
83548536.12695423,79721849.87689294,63019989.25011606,281589393.4796318,507879768.733595
63720523.13965802,61092203.86417642,53374971.04827104,262748884.7769458,440936582.82905126
95201097.2545189,75360275.74379098,49946637.931867816,309294270.7370035,529802281.6671812
62996325.40776537,70568724.54978871,62870414.94520652,255679397.7005233,452114862.6032839
78732845.39769275,88120859.47849827,58448483.8344025,380449570.3563854,605751759.0669789
67420352.73888749,78816470.9604157,63929765.805668764,265046273.39090595,475212862.89587796
83225267.50095502,86477316.85569829,70320915.96298274,296019187.58750594,536042687.907142
107921427.65288664,96535803.28348586,76835707.52417909,245626037.82719356,526918976.2877452
88295205.77741566,61766427.11677193,58394556.727988645,333980664.8692561,542436854.4914323
72445056.52484277,74020574.12908453,80328913.23247424,346578979.1985048,573373523.0849063
87910767.97483145,91997595.23006396,76432604.48621388,292467871.20627815,548808838.8973875
115028136.47024779,77577416.89096406,73897787.62407303,292620854.8686051,559124195.85389
74051429.24070287,81549622.74178182,66262282.964276776,267059894.67408273,488923229.62084424
74327228.47704303,61367263.79160116,45714673.75400608,300609423.52424645,482018589.5468967
95141099.44015583,85200658.9420254,90825778.5655785,341558526.22052324,612726063.168283
105769111.21788101,88080179.71224298,92377809.74926993,268763683.34204715,554990784.021441
131907214.60187382,65980599.30286243,72059304.00768062,263108196.18918693,533055314.1016038
95594869.50156154,63116094.88011687,70871650.25677629,311802515.9925981,541385130.6310527
90134880.26075049,62236245.34329963,57139776.01987431,240423258.12445065,449934159.74837506
100213778.89863245,85558306.55856755,75185805.50667074,326509031.8975512,587466922.861422
96148160.96996778,79075280.79740325,51422294.529747896,232837583.86375812,459483320.16087705
110007454.39727719,73898678.05251528,57600726.54051321,331234549.56647825,572741408.5567839
90998634.09037217,72757825.88746783,80114559.40414758,235424596.59068438,479295615.972672
125320168.78691678,70426634.37249428,62832396.04722503,257001416.68651384,515580615.89315
112219878.26180369,93686425.66911763,67816975.67083618,264243212.6590778,537966492.2608353
73056002.62263045,72459102.55255142,84808455.79336454,296354395.1858877,526677956.1544341
121653222.65243955,74575897.39322664,70451781.6681153,291240303.858942,557921205.5727234
89861008.32227321,72068163.93249857,73460532.07317205,274293827.4033791,509683531.7313229
74671929.98805846,59195584.105140984,51341030.94875271,284885302.6225357,470093847.66448784
95210176.5470333,69067241.60235478,64607100.14489558,282240464.9859921,511124983.2802757
67235613.89520632,82126010.33581063,73482891.713011,338503048.5819312,561347564.5259591
92959464.52200031,57987460.34283604,67153426.1603226,293368507.1988725,511468858.22403145
68631702.44356333,65152665.99840906,61736535.1955652,285787562.73264873,481308466.3701863
84561682.0650096,80033089.8826186,83982907.53199911,350566130.8017859,599143810.2814132
84956331.5112616,58976395.04766589,53172610.03374879,308064839.87162346,505170176.46429974
76680568.26881333,72871128.7323728,61207168.99102968,286558963.99587256,497317829.98808837
74473454.85487099,71144079.12867792,65997916.39854251,252530672.93221965,464146123.314311
97441469.1133849,94321926.84447621,68452046.73814715,312362461.87664175,572577904.57265
71614145.51927635,78321072.49769437,56843040.14529172,312222730.27612054,519000988.438383
89892820.11189075,77877219.5303849,76698756.89792812,313338674.64198697,557807471.1821907
90863827.77089378,79028875.17829359,85114103.12713085,342231476.4377474,597238282.5140656
84528193.382805,88077137.34159319,64713417.59049853,344631907.0166882,581950655.3315849
86347182.8715618,80155237.63762449,65055485.93567394,296775653.91699934,528333560.36185956
84133207.60925551,81630152.65197097,68980259.81409052,313136990.69503176,547880610.7703488
97002019.22360495,61948523.50222155,53584829.72262715,332786469.572876,545321842.0213296
99725599.567892,86527451.34906583,70491893.34455709,339913282.074077,596658226.3355919
84686273.10383329,79904551.37343436,74881870.70705731,334060524.7603465,573533219.9446714
79000151.92270546,59807399.65403903,65314496.992071435,328240036.7835529,532362085.35236883
77207679.9341567,78974372.69407399,63337386.36478869,363618797.350283,583138236.3433024
91422523.73073223,71502386.54709916,55427368.59940613,287154453.232185,505506732.1094225
84064900.35998856,76003793.6934189,58329237.70509359,335484348.6980289,553882280.45653
96878491.76854025,79372570.90720248,69332526.46727197,263446356.86794466,509029946.0109594
77535327.12065347,67349478.46536173,56751609.70638277,274881930.12630516,476518345.41870314
69590321.63049626,81069761.29537147,67229467.720613,318926842.14710575,536816392.7935865
88332014.97900322,88382041.78285682,63607677.66689693,342496159.08407676,582817893.5128337
84030570.7544037,68672899.06425779,73889369.09802574,319353662.9725433,545946501.8892305
119126360.49988055,102110121.49879375,79237676.42907037,331583020.6732308,632057179.1009755
83448178.08295543,85992990.61683358,65257550.325110726,330107865.605029,564806584.6299287
98646814.31036735,85467173.55008887,61542328.16264815,274820259.89537287,520476575.91847724
88510327.01183121,84453396.67161304,87385229.32718067,385319606.4935018,645668559.5041268
94972422.28985947,77332160.26161796,73125020.43915339,296661673.7498545,542091276.7404853
103670412.24280785,68388519.16392559,61744785.84339056,272926885.65879196,506730602.908916
143666607.52442554,106698629.34853615,73712692.25147471,311599062.0854971,635676991.2099335
109852199.68274553,92736826.39265603,73531774.83424833,312497639.5198724,588618440.4295223
89702255.6894235,63189093.81913935,79375562.84407754,289209027.92106956,521475940.27370995
100364096.72755398,70927303.40139434,54248456.53858358,324394821.21501017,549934677.8825421
72918439.77625582,77452120.6001664,57907902.36544848,298968456.68452203,507246919.42639273
83312856.10885835,78274257.53233886,50232062.176779434,312617760.5152214,524436936.3331981
107808531.5894098,79891118.8137264,67743768.87957531,307487325.5199808,562930744.8026923
113080602.24329859,70397193.52082713,75585687.81410407,319753388.1567179,578816871.7349477
86164711.77409671,89248241.57581833,64135925.67772746,296102469.84480923,535651348.8724517
74278975.15562665,70441868.00094762,61765655.272392884,318530566.21646553,525017064.6454327
72889337.12033065,77960522.29685232,72502818.26157369,244127232.7434247,467479910.42218137
107664005.2302914,73376838.17293625,55231903.414534524,272752800.67236304,509025547.4901252
76454917.25372228,77880419.05362698,75075160.95103313,324487132.3521681,553897629.6105504
72630233.7008729,71802052.87084183,68016508.20566134,282112359.46906126,494561154.2464373
111890863.73783325,74422252.22352584,56690253.83363209,275537229.5902522,518540599.3852434
101386209.00661875,72959358.33575486,71232546.50217986,297652568.9059563,543230682.7505097
64559662.15591367,73897831.84700938,72341843.82943831,349849082.4397391,560648420.2721004
103036219.71431053,63712217.21312041,73901845.1921063,298658378.1996403,539308660.3191775
82124558.76732945,86676685.18792813,58848297.30013747,265300593.85587052,492950135.11126554
61489003.149097726,60196533.48327481,58943204.73472368,393496376.54945076,574125117.916547
70104271.66929922,78387064.485269,70362266.33456726,267851009.8745395,486704612.36367494
84176256.5039119,75132644.49577032,69774872.4357128,264641059.4158508,493724832.85124576
93037155.4080268,90048521.17613341,68657916.74467838,322310930.1475562,574054523.4763948
100277977.69494006,93058842.68019591,68517568.46194185,256677707.6644489,518532096.5015267
88191015.58282442,74090998.49341594,67206056.77416323,320366957.33955455,549855028.1899581
77670296.65941183,74144585.50375313,62336615.85330973,341653204.5649206,555804702.5813953
70983647.69189565,57742255.87991274,61007382.15094274,364017805.1868898,553751090.909641
95426325.97177829,65778325.56951898,61143714.028752096,276525522.43732524,498873888.0073746
85468905.12873927,63623931.551156305,68734209.78747344,349036843.9247223,566863890.3920913
90034258.40359743,81995201.54071334,76590188.7792436,340576362.08561003,589196010.8091644
98187628.41840951,81001454.34533769,87065674.5846676,350098145.52483785,616352902.8732526
101243193.98512208,74733648.70737435,67256180.0536548,369752785.35417694,612985808.1003282
113142784.35018542,76062890.60606554,65217699.29890277,263557733.82727027,517981108.08242404
76747775.77198419,61847313.150673725,53810115.58479878,261027520.89850882,453432725.4059655
79666200.08658412,69902138.09046002,71690519.60330942,321327128.79158926,542585986.5719428
90766492.8657565,66698362.26064105,63135210.81260767,293877740.8695032,514477806.8085084
95250051.10363376,73465076.10024166,69246852.24744439,378044192.2144331,616006171.6657529
99154187.87411863,87704159.25611466,79264059.43683082,385089705.12029827,651212111.6873624
85463706.44828677,82170253.57097156,63998681.672502615,286329048.82380736,517961690.51556826
97640862.23219958,73881869.12600674,58823643.39456907,296937895.23743373,527284269.9902091
94166913.00425354,76755023.02710342,69353040.66097614,356183750.77790135,596458727.4702344
98376992.58391763,82766098.05956729,83257864.94093767,268541713.01823163,532942668.6026542
84337931.8914307,61509341.8846991,67857362.0011466,304378292.85077846,518082928.62805486
85094021.13400097,81557175.35455655,49855509.8472842,234158224.07166475,450664930.40750647
71834455.60814379,77142056.0729665,64042858.193579875,252347715.06837898,465367084.94306916
72499107.22694154,68821938.46165082,62190377.29782375,270506316.35486984,474017739.34128594
92946473.04405168,95272102.67408194,85469399.22547156,285247207.55193776,558935182.495543
81264308.82875806,72019418.82113846,76856124.6285883,401602645.57947224,631742497.8579571
97179925.55017275,82627253.31179017,61572658.72132361,298675998.57370394,540055836.1569905
96764404.91292731,82028192.42041528,68077339.54555894,239055696.44463468,485925633.3235362
75821359.58354937,68205436.00621924,56132544.47020082,306602644.65984124,506761984.71981066
79830751.18096675,74445759.69580042,65878839.842876084,317838525.9757372,537993876.6953804
100523056.1371656,58741748.04543775,62411005.24088457,315488405.0862403,537164214.5097282
98146833.6451056,85131568.3720248,60323337.52418276,285607390.5036823,529209130.0449955
92354453.6608122,87020090.20903851,62830569.47747318,274200457.82283944,516405571.1701633
92278652.1858498,75577369.98466808,66186883.08375881,361680793.99349344,595723699.2477701
112692424.34008537,101013128.91137776,65171443.71702087,344065042.56238776,622942039.5308717
110403899.63652721,68486498.47230224,91705858.68289723,313983149.6733689,584579406.4650955
81450319.90990195,63371720.33153223,66742969.522929914,286326677.9706968,497891687.73506093
100894460.60405338,66648413.525703855,63357110.53192847,265628464.3551905,496528449.0168762
93395334.54439265,84197751.82490894,57102686.78514465,289987543.1431799,524683316.29762614
96793522.40999319,62459743.69158794,74266142.95298989,273307894.0743404,506827303.12891144
107689766.19144736,86728493.33544302,76820508.05245784,374760279.8544488,645999047.433797
93352789.88331145,70038682.12814094,56083130.00152304,270403407.4022336,489878009.41520905
79206421.2451209,86905653.03990874,85927683.55484666,295604241.6281668,547643999.4680431
92648336.87614496,72461782.50619112,76075518.94831106,297891477.6067403,539077115.9373875
100844166.76637757,71747468.73505326,72067182.66833559,263750641.26868454,508409459.43845093
87642247.16164887,93099939.38536376,57683481.12901052,307362760.03895855,545788427.7149817
81662778.50381476,78559808.8475814,55663695.84719508,306458824.05153906,522345107.2501303
90265708.3569371,63026015.3842917,52702609.43284179,264543884.24668404,470538217.4207547
75075440.34558411,61029075.47794506,65841240.35118251,288085366.37752265,490031122.55223435
69911102.730608,74321494.11993483,78151622.19383784,305884291.0179721,528268510.0623528
77958470.1579246,89756302.5717342,59825023.84559649,362285281.3219796,589825077.8972349
91790354.91390724,71729388.50704792,55729613.66126062,282124551.63059217,501373908.71280795
77148915.13118319,80438067.44292292,56310311.39433034,297822703.90025365,511719997.8686901
72180942.6188541,72699010.02186467,56046554.4955386,293230611.32954043,494157118.4657978
85039418.88369276,91896692.09994254,64335567.341668226,339287419.15840554,580559097.4837091
104271105.5647694,76073043.64600325,69031996.8713478,398781236.4631495,648157382.54527
75527167.31113672,70254653.90923227,81098674.52973008,295530965.59076214,522411461.3408612
94689815.2047669,72184610.10754736,56843507.12304566,245827886.75489777,469545819.19025767
80216029.392565,72753058.29959066,58106279.90075613,357213170.26767004,568288537.8605819
86417449.79828344,88958876.8224011,62619045.29698359,336727090.3420132,574722462.2596813
98365281.52653478,84204814.8570942,68797406.18331014,312702037.84805727,564069540.4149964
104622750.16960095,87878615.68099146,66126056.420106485,317354585.1024979,575982007.3731968
71056986.77650498,63369331.62072381,65938187.54711286,315419980.09858185,515784486.04292345
125355989.1761958,88898958.7890902,81097122.80921826,335463040.2308349,630815111.0053391
86567735.62486038,64940151.163127445,56006045.60741375,313653439.67373013,521167372.06913173
110537550.08892186,82844191.71453762,63649221.316480204,320010319.5091009,577041282.6290406
76970919.71548915,66508736.27781582,62922702.889398105,342674931.20054704,549077290.08325
90479463.61522262,75312283.62201303,61141185.00688697,261478279.98597738,488411212.23010004
67745166.7059475,65404870.86981204,54597659.41803366,308360065.9596032,496107762.9533964
80102588.49736826,70011645.46752885,67563510.13601804,319178893.5461168,536856637.64703196
102844748.65768196,75743102.46246268,63690473.247435935,266888271.8990846,509166596.26666516
94537814.78066583,80926541.66224396,68816626.12649345,312557737.51317513,556838720.0825784
88955189.96363515,76763112.28282401,66078871.3521577,366374495.8249575,598171669.4235743
85671861.04284371,85269736.51349653,76351643.37650381,330728421.2729634,578021662.2058074
82308455.36443299,74846850.19281639,59802811.803204596,298634885.6268475,515593002.98730147
84516428.49970663,62362479.292435095,55664443.269159585,278363580.8778809,480906931.93918216
91960903.6788698,70097171.61215809,55340286.05269679,297228956.46296626,514627317.80669093
114686653.18695794,86621629.84850009,73666283.34436433,248827545.77986076,523802112.1596831
104925046.57003428,88627934.88134961,81588376.95048475,320961459.7676313,596102818.1694999
84993936.28928995,84642038.4059818,78254990.92302668,338517936.0859074,586408901.7042058
79774725.67191425,90095069.01154774,77781467.26562111,351803964.10439837,599455226.0534815
111571764.32008247,72264265.96686666,89725905.81193629,312723654.7902867,586285590.8891721
93768332.98968726,65673700.60391177,68483424.94383682,301540055.03119135,529465513.5686272
80763238.17322399,69199153.58556911,62042430.83185327,231309280.72469306,443314103.31533945
69186826.2942652,62963262.04560265,50317615.949517615,307689534.8463287,490157239.1357142
82347952.67081496,82636627.17370132,62711453.95321228,344425839.4774095,572121873.275138
90280464.2425394,71222154.57158734,57246698.74279773,256729977.67573884,475479295.2326633
98607311.20174448,77509520.88665651,59037605.701284915,331876473.07721037,567030910.8668963
111557039.98836032,58911416.395340234,58322874.89755528,297569415.4029681,526360746.68422395
64212089.0652828,64102947.82423731,46804117.39190378,298863274.0676282,473982428.3490521
95166939.49003585,64339494.56686623,56061330.86484232,312495624.11401474,528063389.03575915
98145982.2801811,81363860.76475209,70552122.34778005,332098340.2554242,582160305.6481375
99556780.68958722,82669276.15596336,58795894.74997762,308675434.97015333,549697386.5656816
97078570.36971053,76925764.66346394,68866478.8197676,292880856.8391833,535751670.6921253
120927365.51879285,85431553.95660621,77066752.89704876,332860291.46207476,616285963.8345226
92199066.87917127,75569502.32831714,66522705.9177298,331741108.17230743,566032383.2975256
91369563.1027547,80504224.71181065,71963288.71393135,343905563.44962454,587742639.9781213
76979720.26449887,68904690.43241702,62719155.40274864,246676631.77376166,455280197.8734262
77281202.10531445,83929281.90902562,58300898.04641077,307012697.7784185,526524079.8391693
77301088.36265278,63141467.89596772,56651622.58924927,281475963.5706553,478570142.41852504
93739107.1569114,84695413.1437011,68309848.44809577,289453823.1316182,536198191.8803265
71234284.52372132,75611597.47285773,62434806.91401829,353535086.81902784,562815775.7296252
78693995.61943993,75581037.76124544,58986945.27960304,287825787.34131956,501087766.001608
88573445.98500584,72899398.58027653,52881062.39977632,248363398.10971192,462717305.07477057
87880163.60432883,68665066.2663727,58744781.41101845,273480460.8062672,488770472.0879872
105957949.7311382,93997396.51693195,65070194.80837167,325613686.6011234,590639227.6575652
94729233.48249827,91366661.590987,61127216.796617396,296205316.12487066,543428427.9949733
71503114.2423037,85125821.35227217,61891547.47361034,274780871.21648973,493301354.28467596
71746025.93091388,77579958.00538352,64440853.82514087,295652292.6845443,509419130.4459826
64912678.0538738,74472804.77488801,72721008.69131133,297300172.53119075,509406664.0512639
92915199.44564088,70559418.75728494,71982671.1253226,357770078.80511475,593227368.1333631
93428107.43498394,82128282.34760386,80225903.2160343,343361791.69977033,599144084.6983924
84616014.23811758,80864018.20383632,60162724.74721277,308491462.54120517,534134219.73037183
101125565.76581037,85923221.07943602,72522148.56504811,307033900.8564596,566604836.2667542
66487744.39475224,78086436.63563953,66683449.068310864,348252767.30309504,559510397.4017977
63460955.4181138,87509702.37437126,71260926.24936596,286986299.1794803,509217883.22133136
92361702.47489883,81756249.88931543,74083343.87063311,280354814.19167465,528556110.426522
67055298.79345821,82820269.89835265,56930043.81648474,389782844.2885196,596588456.7968152
70673695.47657041,67347385.8988927,55453541.55576902,308355601.9856789,501830224.91691107
84419779.69101036,62619928.07916397,58357266.66694083,350148392.8425735,555545367.2796887
106069009.03202078,63421696.064763956,62733538.831714876,260661235.13743815,492885479.06593776
68974292.1476908,72592923.5156247,70324192.48801248,315936537.8357928,527827945.98712075
94222097.01342124,89838678.1594181,90807672.63364251,387548466.1689607,662416913.9754425
81494443.92921674,80517700.92343079,72149475.92653097,315780338.4476935,549941959.226872
69643756.95345344,82743576.75758377,59697463.49813973,301726116.19303614,513810913.4022131
82423595.45895031,85214636.27949734,66697164.426665865,332668332.433741,567003728.5988545
70495660.77185549,98738155.94445933,58359621.09144018,295763711.1989104,523357149.0066654
89075067.83146165,85102410.99476676,78365735.98008884,316876978.4240017,569420193.230319
85580455.8301204,75237200.6135342,66227463.84072664,312082583.9010253,539127704.1854066
67135044.0961348,78889411.7261855,72337104.44965166,294107729.47782105,512469289.749793
61441047.48998065,70763735.69073443,67898753.41129264,304104136.0702921,504207672.6622999
78051563.4524093,75884909.72316502,61257758.558374695,343760052.35527736,558954284.0892264
87978626.58542298,85212659.67669672,81122379.299831,397573221.69129217,651886887.2532429
78031920.33053796,89184554.80610389,81142963.00078085,321575491.8103792,569934929.947802
99553635.31255102,99340255.3361524,73366334.1225825,285595523.9720638,557855748.7433497
84778923.91451178,66419885.810510494,69040143.14949617,350499216.01785314,570738168.8923717
72514292.1136631,59486261.8227514,57747768.16528251,298417335.24549425,488165657.3471913
110709969.31784578,80767480.01108949,80716909.38564578,289563887.0030816,561758245.7176626
93870616.55035739,80418582.86113693,63620284.62064738,280716876.88195634,518626360.914098
93521898.59602958,79565667.8033663,67118920.3976228,314414550.7539627,554621037.5509814
105689105.4047895,83018977.65761562,72127981.69839267,336994568.5542529,597830633.3150507
84169149.94579314,73539254.4558467,81873228.20016457,322649976.9339962,562231609.5358006
109468994.23465009,79730465.96191101,64184941.48909423,290319472.3324389,543703874.0180942
82927558.75580807,64760750.23553067,74754033.70808803,308917843.9908695,531360186.6902963
73480461.06987607,81614485.10247499,76816286.13686146,301317487.5735241,533228719.8827366
79473406.89735751,78469925.5789267,63126244.38194898,411233552.8138674,632303129.6721005
91021362.13048911,68879883.31827289,64448045.43794546,267479160.4769266,491828451.36363405
130603762.21688336,94470446.16007142,65421875.32162106,271490883.7787511,561986967.4773269
88652320.60664402,78380993.17033811,67237594.36453822,300013710.91378343,534284619.0553038
68642974.0178608,73781986.49213354,65093391.560385406,346753616.10837793,554271968.1787577
107512751.21618457,78765016.51166426,65759920.75744775,293309600.9953105,545347289.480607
82225541.69655414,72638741.62468995,64313790.112478346,319474228.7611709,538652302.1948934
73757796.44338232,69583218.6637619,46750796.966478996,217238499.634646,407330311.70826924
76083787.78221068,63601281.55041068,56295333.42113747,235703666.85948712,431684069.61324596
74975928.75604227,73799327.20230132,70478618.49522823,280872434.4099952,500126308.863567
91329553.50546682,91987596.35133183,68429539.25333837,299065347.1061452,550812036.2162822
89396954.57202283,59133032.53588027,51309189.4981852,261463130.8037641,461302307.4098524
87190608.15496144,78936694.55840199,74434344.31338312,305985552.941626,546547199.9683726
76906730.17781177,73384230.10964206,58786403.18298704,295518623.93032223,504595987.4007631
84580322.12940238,72503350.95863068,69586529.53378926,322883127.3835764,549553330.0053988
80063312.17687072,81177697.81801715,70416700.65217191,272361849.14377445,504019559.79083425
83834188.76108447,61475781.86482032,53578662.31014724,378039492.6561659,576928125.5922179
82380144.31261745,81984930.10940857,69476080.50981201,296101057.7428109,529942212.67464894
98525521.62783228,84852717.89086013,70309137.11348893,333996744.232265,587684120.8644464
92080014.33694242,73332293.09643498,64093476.01605239,323444967.6744408,552950751.1238706
116539814.7651866,71887512.71625645,58584046.27230159,261689291.19777608,508700664.9515207
80597185.90866335,80843149.37476327,67452757.32154158,264059012.3686701,492952104.9736383
83249679.2548523,62942846.776560284,57219012.23750308,236492000.25396186,439903538.5228775
75499931.87845711,87211885.73061182,68510866.99668022,397267994.65700346,628490679.2627525
91274789.59938057,89957902.94086277,76283830.8039874,362983866.5330553,620500389.877286
84541369.63144143,83988379.99862793,80049551.82023048,338847542.77250624,587426844.2228061
74859089.93001612,82579316.32132383,63568295.65262719,249777878.3868596,470784580.29082674
98531547.76419945,91728614.78576276,79194418.62343472,288328502.1862239,557783083.3596208
97680849.67752032,79506709.94007175,66218341.836995,272935338.1618442,516341239.61643124
95325618.64503452,74860784.695131,66088486.04288873,321827658.83118063,558102548.2142348
112710765.12756173,75142194.75522865,77278265.13426481,251248264.1541423,516379489.17119753
82896982.34199843,82088486.52496691,82409088.40876488,338068532.2990255,585463089.5747557
82344525.3182417,82596821.09567466,69631883.31796525,366994743.09821534,601567972.830097
97274610.38174504,84242905.96634834,61259332.75124095,230113632.34056705,472890481.43990135
87097922.95601602,78405000.60026516,68213339.26958431,335706086.1065288,569422348.9323943
69785546.84675333,68023190.37728779,65472996.327926554,287434015.8589931,490715749.4109608
76181369.62222722,78507062.9214269,69585598.55539258,267712785.67018685,491986816.7692336
90301083.62703107,61126200.87561103,59072742.16363428,321620388.45041126,532120415.11668766
66348155.29941818,75461486.85827334,70091086.22303651,342088874.59404707,553989602.9747751
102488939.82515338,86086498.77262305,73424055.94535133,374795394.7476351,636794889.2907629
106885573.86262548,80446033.94860251,67922632.83744457,295120947.10466206,550375187.7533346
69828261.1593272,85944711.14838226,65187264.79199386,313683202.0496085,534643439.14931184
90004878.54787059,77801216.4635826,81623122.5608814,288306504.93893254,537735722.5112672
95242640.04671256,77098730.86532043,69232195.10012117,300695501.1678368,542269067.179991
110611211.61821598,83845467.17533799,51802356.14529506,340206069.39920014,586465104.3380492
80406437.7256544,78255287.68946819,56321360.34832131,274656093.9287499,489639179.6921938
88138268.9117365,66761470.45100687,58461028.65928024,281694806.8048888,495055574.8269124
77343429.15792158,87634908.70878164,73442446.53080024,283883828.6477045,522304613.0452079
96971173.72052543,100814269.79448341,74849883.09447442,318582322.24695307,591217648.8564363
79552836.1675539,70397961.27423367,65500146.93766809,287477822.6110532,502928766.9905089
105539470.10315801,79954011.72795655,76064846.61904095,292559587.55111206,554117916.0012676
81523090.02502663,77701916.73402241,77978054.0753035,397612465.05880743,634815525.89316
149686387.15390852,80461158.41870089,74053154.50537527,298276057.84263897,602476757.9206237
71569921.86711955,58340208.013821095,68258110.04354712,334596926.55077356,532765166.47526133
78614291.46265958,81296103.08519502,68584720.43242773,363125454.2548469,591620569.2351292
96282125.74563463,81990365.47005726,70122693.50869076,316297561.16070586,564692745.8850884
66081659.086388476,69092776.43919072,57975941.47102381,265226948.58291382,458377325.5795168
95030350.33830847,67891362.30698277,53238209.66574008,304941212.980442,521101135.29147327
115840382.91942143,77263631.34657878,71843148.5165598,415225528.48919636,680172691.2717564
82707178.84866326,83886223.5927587,76312265.72309756,379782368.616201,622688036.7807205
77826778.28658348,82054325.78241795,83934611.0565368,307727819.8560871,551543534.9816253
119344908.64738683,100737376.20826532,63154561.88496196,292579338.6042969,575816185.3449111
88928048.79527014,96667587.26466261,68952541.75350676,319017563.8643415,573565741.6777811
69128931.89023773,65323007.66236538,67316739.65367398,314402020.0426537,516170699.2489308
75770259.90054049,77745781.20265804,65687809.52856155,297632100.80876124,516835951.4405213
97950038.64888966,67500512.32236148,69376501.23480111,334646067.77481186,569473119.980864
93135501.79437014,70267633.62630503,61240662.0213896,281172018.3636225,505815815.80568725
96175732.16957547,76732554.20993328,74199567.88280371,390511809.32956856,637619663.591881
92913445.30598651,73396235.0176963,72316089.43740457,385349024.48231137,623974794.2433988
79429040.62745322,91382308.09739727,66244641.31639649,322998810.69206893,560054800.733316
74322982.9407675,63753616.813014686,60580907.2337404,281625965.37503743,480283472.36256003
87827032.9084042,90141393.4538665,66294172.85757021,291630610.7797768,535893209.9996177
107259327.62178612,83184194.45142104,73936858.83212918,363826361.05493855,628206741.9602749
68731946.99683696,81317139.36381602,71485963.12864219,316067309.660111,537602359.1494062
96974139.90999188,86443619.31796937,52568907.45504674,273373511.52941334,509360178.2124213
94015659.3712562,75738698.70130207,64790514.38024863,319122463.4317778,553667335.8845847
76880239.00090146,66020904.02470398,80008268.04527836,295397343.6663441,518306754.7372279
91172118.12994717,72302919.38679706,67188655.00687794,300493245.7537684,531156938.27739054
113722466.81822546,66252532.41962783,48946162.66853753,260825166.99636194,489746328.90275276
100509978.21249193,72909849.20873626,64403983.45311533,277059590.28616583,514883401.16050935
75580006.56323463,79871651.43595915,62639279.21838523,294186923.61598414,512277860.83356315
93003477.12361787,78792785.16440913,70864196.27914299,334478733.69540226,577139192.2625723
70391072.40021431,71977890.75404158,63830793.45791594,262532163.6337464,468731920.2459182
129620378.48980914,82920537.47246332,73718968.52528352,291889433.74032724,578149318.2278832
65838915.22424773,68376555.61376882,49566650.03238173,303929910.0370707,487712030.907469
68602472.71870394,70900930.93443829,61470938.93309835,283289076.8639252,484263419.45016575
91060105.8115194,78907106.42414778,50398786.92102375,207377392.21731016,427743391.3740011
65397358.51160769,66429035.934366345,66566625.72704578,347174295.6122133,545567315.7852331
90127194.79725024,74531569.65383196,71311001.83707526,240373332.27260548,476343098.56076294
101584173.4672304,82306511.85089713,68152577.59892894,288990506.8963553,541033769.8134117
101027178.68519016,93574474.334724,75271834.23664923,344887093.9229621,614760581.1795255
85306564.34606189,99505050.11356786,79778212.04421452,352441252.9398908,617031079.4437351
90444512.5986778,87556947.0296474,75690878.6474307,270147403.5541656,523839741.8299215
89119382.09157014,71606474.54061848,50403004.27296817,308147050.82232803,519275911.7274848
65220009.709184736,81445869.13583001,63441777.74711852,332895603.1426684,543003259.7348018
84282123.6551729,73432437.71017306,90175301.29153028,290700515.4934754,538590378.1503516
89073770.42672515,73146962.19301854,68623091.20122796,281774717.60732263,512618541.4282943
112262957.56371717,80949950.68392202,69520636.8721159,321801169.5313194,584534714.6510744
75644809.04778726,69880298.07879966,58755310.53048541,279302755.8828486,483583173.5399209
119547151.21528603,75016880.80885194,63808190.43936094,286367170.8461409,544739393.3096398
83259301.85643457,80066665.71892373,73450786.59174493,306487162.46889794,543263916.6360011
86359243.89165796,75864454.77054311,59701023.303045906,315377245.7519178,537301967.7171648
77225313.95996113,82141483.99113333,72301846.72726086,339020223.4931124,570688868.1714677
85289832.10828564,72863965.20754257,68395668.81838532,306672165.5270265,533221631.66124
103374794.14055426,88897893.21667647,83858497.57222326,329113202.2454483,605244387.1749022
73125518.40044814,78918391.15726939,70042139.5192085,280794762.5050727,502880811.58199877
85232183.03190032,69774461.19371012,70038042.11000794,263518815.76487046,488563502.10048884
111722490.57663353,65696853.975113265,64011384.278707966,328027052.0115537,569457780.8420085
80719124.55583508,62559896.25170543,60730756.876783036,293937024.1440961,497946801.8284196
55855740.5917473,72063404.10353945,60242190.70020847,313334107.7937345,501495443.1892297
84337349.9430186,83106001.36628233,61434031.47977779,302007190.5200672,530884573.3091459
90628873.29416505,75439665.28573844,72179657.69251414,316747345.69049233,554995541.9629099
92761206.10943474,77932166.15933126,58895748.78910589,297244425.6107171,526833546.668589
89071134.53674495,75831650.09722541,68223562.03197691,258590624.23428458,491716970.90023184
81615906.44476032,75583639.67201374,71176174.49852367,388815109.2308796,617190829.8461773
76234130.91228805,80081730.27220681,57299258.306626976,376529594.8189622,590144714.3100841
71282960.42813334,78760738.36984178,65895551.122286275,288652555.4080114,504591805.32827276
101353359.37840064,76221413.29219685,62192541.08381727,273723146.20290864,513490459.95732343
92513459.07713659,75221293.03650126,65310719.62261628,308059171.95859075,541104643.694845
83448436.89728306,78814213.58513567,59716794.170656346,267138927.0607858,489118371.71386087
81774795.82538411,81287183.81704395,64323414.00574313,286171069.2629471,513556462.91111827
82786090.24868461,73416241.84260108,61684562.53009886,298004249.0414317,515891143.6628163
101577196.72019272,69989385.77510037,67453761.35557756,326798900.62164366,565819244.4725143
89545447.53333266,78052667.02093434,81211339.15326063,386550473.0174633,635359926.724991
97566924.90698916,75305239.71351431,58534207.3224139,302514346.63804704,533920718.58096445
116787886.02752817,80835106.5497012,62526132.02681635,368580562.3805633,628729686.9846091
74179800.01113966,61486875.26148368,56222323.489643104,311282788.6001779,503171787.3624443
108091957.0307769,92384540.5235238,55486673.27255648,294320423.2974189,550283594.124276
107914341.48666716,70168232.57315658,68385637.45655775,369332725.0239374,615800936.540319
100013662.30136341,84699679.80914032,83768857.97098348,303166740.89166695,571648940.9731541
92436544.97489084,75376014.51831537,72180271.77582057,315020213.0734947,555013044.3425214
91072496.66210435,92700875.36222391,75893736.94742022,315842270.6314952,575509379.6032436
75944591.62300318,66729616.0968846,68884078.65395178,262910310.3085312,474468596.6823708
81372475.45375815,73170127.04822475,68389952.10473183,371510028.42699426,594442583.033709
68705313.71925353,66612767.65389362,51127640.01817287,308600531.88961995,495046253.28093994
86373473.07461162,85049052.76712114,62981344.78902961,281819749.0957134,516223619.7264757
120675285.56156509,79462347.0313086,68516611.20547947,273855859.7521475,542510103.5505006
95581744.51178992,79501186.18819995,67951233.83441284,320536740.61036557,563570905.1447682
94578832.48963688,93066134.87704115,72324955.22270805,344812460.34829396,604782382.93768
79079275.82893863,84083315.67809562,62448739.73799332,214792073.21621427,440403404.46124184
111065194.12687199,69834425.11341226,64679174.9765593,282989568.95429313,528568363.17113674
74954045.1421495,83602808.19833195,68544706.13579665,302657664.56735945,529759224.0436376
81628230.00978567,99216081.48113209,71651022.1735911,354563813.8761183,607059147.5406271
72527494.13956654,61001359.14526065,63932360.796058185,231680639.80277157,429141853.883657
91665676.65957761,75719656.14524473,77219951.27728541,313381199.82681555,557986483.9089233
64387583.48419696,71886366.74731492,72452172.50448947,274823409.16725457,483549531.90325594
78040073.02641907,65518630.561619885,54439477.54619659,284863987.8517927,482862168.9860282
82121395.63256419,66007409.12259102,65673902.832613654,298728975.7442929,512531683.33206177
76105285.86682361,66931943.21304405,56363671.75589641,337096114.1785198,536497015.0142839
71640170.36775446,56908993.72106059,64471248.35799501,307977897.122567,500998309.56937706
108376905.84473453,87898305.46701623,63226080.70496084,282864069.80085623,542365361.8175678
67686304.03301069,89201497.5537895,59057730.64223925,295824303.2491563,511769835.4781957
86031710.37076299,65031702.46528375,62680084.45727175,299176082.9545963,512919580.2479148
99445810.59689929,71057121.3877764,55961332.39442158,285894779.8825757,512359044.261673
85787682.75650632,94177710.30473234,67485372.48980373,252653236.4048275,500104001.9558699
66758807.445362255,67084370.248128906,59247410.29352757,278417159.72157294,471507747.7085917
75783495.7165605,72529897.10885118,58805318.297281146,315603846.5783201,522722557.7010129
75148102.2145107,78017404.12530369,73592314.80924267,340125758.29631346,566883579.4453704
75745012.58512731,61584608.56172097,60265327.126661606,306446571.128442,504041519.40195185
118813651.79148798,77419269.62728608,71581831.69016016,314475828.67444414,582290581.7833784
123915710.20058346,66468416.089116305,59858499.764829755,316358448.82810605,566601074.8826356
88563342.00891535,85536149.96362913,65724097.8631088,303085010.91079175,542908600.7464451
97451389.28909408,68251939.8170147,62999235.72279155,313791258.21315706,542493823.0420574
96190476.90857498,64402260.97282119,64794564.86589474,284083386.96530485,509470689.71259576
83909380.98722193,81156157.45029318,73225949.66874266,333355533.5857685,571647021.6920263
81937334.91625017,85159138.26749016,79393232.17089702,256302534.34565112,502792239.7002884
104790907.79972099,77710978.23658387,70981672.64831682,348588275.8296508,602071834.5142725
95247103.93207797,61569687.61324736,52501852.95021996,266720345.8926015,476038990.38814676
74702111.78498489,74089706.95916097,67282746.99757533,316239232.3908732,532313798.1325944
74364212.74086273,73743222.86777031,68980369.76577495,282442004.29303026,499529809.66743827
76673111.91894309,71995471.05639854,68204029.83291239,276757917.3937134,493630530.2019674
73833231.7806967,81540384.76284525,68343155.21291393,338755571.8612692,562472343.6177251
69137156.47128734,79890651.40742648,64599571.43659891,297909723.4025478,511537102.7178605
81313564.97438022,70154640.70649691,63727300.608421154,368447723.111141,583643229.4004393
97176864.61357397,95069079.55770801,62015782.45821201,335380436.72384024,589642163.3533342
97809890.04368968,85848246.07712899,67016792.87514898,362478732.9010617,613153661.8970294
81732914.05392376,67730635.50465442,67041081.52484698,293803418.4915031,510308049.5749283
79798311.99108693,97327296.60825452,75267605.27272607,303129144.3972009,555522358.2692684
106702439.84176554,97278315.63436073,89881533.948164,369205972.89874,663068262.3230302
102840487.22764316,77528708.91084082,75673343.08980677,301104714.1078098,557147253.3361006
94114648.50909902,63054094.46229623,65047916.62861089,304492789.98578244,526709449.5857886
109673856.68954837,111011089.80896,85848632.2580545,312446246.890374,618979825.6469369
59986151.09040788,72039943.00666213,63283518.62059393,270944354.99737465,466253967.7150386
107581153.49246834,84147989.01270986,69269743.07690828,303545740.46245146,564544626.044538
76530310.28394534,71869346.25576313,53966461.97666014,257485557.64465255,459851676.1610211
75194880.80273011,67659493.82256919,61742881.58347062,341776022.4794459,546373278.6882157
76146321.5022783,80282793.01319271,64451364.31826751,334062683.73932874,554943162.5730672
101395551.5795571,84701054.80356035,64888837.25815744,220225769.2511277,471211212.8924025
104041401.71652626,97314199.08553559,88138514.32966337,310001686.2862832,599495801.4180083
92821508.35559222,102499723.14301156,65872218.882872455,283979786.9550702,545173237.3365464
104462737.17744173,94692186.76514001,81602111.18388875,365707361.1603159,646464396.2867863
68714824.20417938,70044515.70034823,56901239.15026869,226867268.04683542,422527847.1016317
92319357.05299808,83991579.60131863,80172669.9607621,342188471.8333144,598672078.4483932
90978364.81421016,77479652.17769283,59069186.35155744,288912744.80077803,516439948.1442385
69374336.95415913,85841711.03527787,62355127.95226305,309057425.0351258,526628600.97682583
85284052.30364867,78146988.92714958,67400346.76334828,292021129.1143824,522852517.1085289
78039529.98156913,67013825.29408929,73792400.10889137,306677405.47218263,525523160.8567324
126812768.35619858,71480423.53060284,58202445.57770691,288884381.2238754,545380018.6883837
74303368.90722044,82733323.20771867,57883518.64941107,310965107.2456752,525885318.0100254
115673701.34120494,85977271.20507047,73309477.73416144,310029857.12898314,584990307.40942
84443939.3942378,80490343.6613016,88623331.96647595,303089172.56888443,556646787.5908997
91243047.88326572,83611745.24257636,75708596.15068907,264314581.40027985,514877970.676811
83571264.33392385,69090612.50432463,66612949.415370345,298511191.67779464,517786017.9314135
99538717.29401393,84704589.41665572,79158600.43719514,311121453.5211736,574523360.6690383
82468059.3149974,81482586.6367738,93244178.38707064,337762459.9949852,594957284.333827
95337093.44927084,88412898.45986417,66316719.310709536,270965296.4550561,521032007.67490065
107534984.20792907,72702970.76242118,61227740.95463881,256490663.96764573,497956359.8926348
100315036.58147605,73564496.26197517,58812710.47312147,298611011.50016874,531303254.8167414
99816605.51586273,57606503.99631643,58156906.18982663,259370350.15909296,474950365.86109877
108773682.82771392,68663393.2969424,57247002.27766058,294621200.59081125,529305278.9931282
93675713.34652725,87347180.35290456,73389387.09271885,289543057.72310024,543955338.5152509
81984389.61812215,57493090.94229513,51253882.16537817,247715983.5971338,438447346.32292926
92654267.5097355,77547904.14568004,61250275.0160845,287703573.950698,519156020.62219805
67941212.519478,72420339.3682851,76486329.94253553,386184088.81996524,603031970.6502638
75553035.00653483,71593763.08944318,59746318.08568734,249794405.94421455,456687522.1258799
93793724.81159194,67380244.91355635,53064767.5757403,283019465.3184164,497258202.619305
90581387.50530659,88422975.57702398,55818058.02338439,308383581.4177217,543206002.5234367
75660370.90658528,70000576.43005803,58707910.240302175,248757762.4252748,453126620.0022203
77925816.99527158,88699028.82545029,63669788.90739598,295123995.37002414,525418630.098142
96137574.50303651,64968491.390769795,48953979.18560151,305796786.78325564,515856831.86266345
83561352.31024642,69795824.89986196,69503233.32864958,335840001.8700218,558700412.4087799
87324590.41477115,71550774.57137197,62271828.532710746,308996139.53537714,530143333.054231
93470288.78963602,61585131.66663949,58471031.68947986,222837377.01677012,436363829.16252553
89972117.1569806,68933554.5457817,70103806.77850947,304925809.5493031,533935288.0305749
84959107.48914681,68861472.85870561,61355752.109159335,275557336.5865461,490733669.0435579
110661575.49074265,75296203.37004481,61212403.69256497,271630067.72756195,518800250.28091437
94419619.19116075,78869079.39087309,69326429.84919187,261176172.34766832,503791300.77889407
72897630.60617737,94572559.32420973,66816105.4836049,328087235.72505313,562373531.1390451
88089215.3625777,82869032.69139878,62358281.081812695,301242858.1475302,534559387.28331935
77483405.85509557,78246985.6755581,65302159.866029754,292351251.4917658,513383802.8884492
95344882.12148656,77063467.18682522,78967642.56584856,277860846.3833257,529236838.257486
79715649.75691539,83742939.35402374,84602948.74937525,286659126.0844538,534720663.9447682
75322140.1090872,71614376.32156947,63863647.03690137,285150405.5092927,495950568.97685075
86079843.45944183,78980343.3907953,75086614.10030764,339448290.8596387,579595091.8101835
105809150.70898119,71866331.58985741,73005964.77731778,304583568.2671163,555265015.3432727
89525945.37673776,81885345.92785992,65919566.97090724,297168956.68034744,534499814.9558524
140930420.41334903,79704444.67249197,80437915.23160033,337888215.22358775,638960995.5410291
79378673.72667055,78523294.02738786,61058096.212178506,276579147.29127836,495539211.2575153
61530040.276223026,83808067.04765657,62100500.603346385,329310654.06244034,536749261.98966634
74338884.96350682,70020364.85469119,57203049.13604743,298890185.9596255,500452484.91387093
95982359.80058001,72130563.42453963,66931199.6049372,364980643.73687494,600024766.5669317
87170981.03031695,79498548.5651074,62548766.844966695,303795886.1033916,533014182.54378265
81246814.0594569,86719232.04896235,67232470.2917424,368861765.1751925,604060281.5753541
80487218.50384018,63852779.331236586,63634496.53270558,313132739.1066064,521107233.4743887
72794531.64024062,67690916.26252472,59931247.604754016,283023833.948262,483440529.45578134
93019382.54966477,62490097.15231704,64794116.76773099,258954452.79807064,479258049.2677834
73535889.9259359,75180899.00550081,58384344.84528863,281994679.2457951,489095813.0225204
79384842.69119407,98645410.23412736,84621866.75458452,318187028.00328064,580839147.6831865
94057752.79580116,71342121.35708709,64021907.72175271,284665861.63737756,514087643.5120185
121054009.32982221,99849386.4110095,81220312.267499,317027624.1505282,619151332.1588589
138420979.3662635,89190448.07773343,64831907.87945315,257169535.01593915,549612870.3393892
90635529.48120014,67515820.9682681,60225529.5759189,274306250.52397156,492683130.5493587
95194002.97204871,82860910.93273829,69559859.42790242,286831323.3131497,534446096.6458391
83522597.13615319,86972083.82366537,70797141.54303786,290928297.3648915,532220119.8677479
79812576.40983257,76933362.46851502,61521808.373123795,334218572.18528473,552486319.4367561
78041879.945053,73835291.10844648,71148343.23013724,296382065.7492354,519407580.0328721
101656934.29024246,84740624.14123623,63781678.73887831,348657751.6409039,598836988.8112609
70555885.39858297,62318082.04805035,58429496.42662045,260194428.19957244,451497892.0728262
86831939.86594357,75273010.14536303,57078968.13218656,290412452.4996706,509596370.6431638
95128232.2649875,72449906.3083538,70747846.52095276,267050319.53567436,505376304.6299684
91216171.70822576,76479058.98166251,59331109.415257394,293659144.3166512,520685484.4217969
90367980.19163546,70873929.42504,59399729.46081518,392554337.3642608,613195976.4417515
83747727.31840536,73173650.395059,62312219.61274316,271523224.82076687,490756822.14697444
113596352.5795408,71738572.54332408,70028038.82048492,269903557.60694116,525266521.550291
94286606.81466456,82270894.48761746,69966862.76864159,331339970.5054376,577864334.5763612
108432147.4619124,66176226.413964175,75807661.19247343,362141808.297668,612557843.366018
85384815.91302174,80342355.3751555,63155005.940208174,297678641.3168062,526560818.54519165
106824731.07686539,83836285.85923047,55011795.55626415,324642001.876093,570314814.368453
92922631.61145996,80632027.22066517,71702295.36690794,304008472.65056926,549265426.8496023
101526720.45467776,60926503.782688394,61801138.92579141,259768570.63682583,484022933.7999834
87899712.67526412,65569081.20939949,61623426.61109118,306350257.19458574,521442477.6903405
89434427.21546318,83410014.80229236,81688481.25365925,291319493.5909494,545852416.8623642
87284605.28284867,73065051.00570197,48957598.85892329,251865682.4020434,461172937.54951733
80848405.54576437,88691385.69184206,63086884.94327207,329408010.4842226,562034686.665101
115530380.03702791,89698105.95038165,74416598.53882124,390175016.58159655,669820101.1078274
83259551.31014225,71705608.80466424,69113846.18209079,293304931.94951856,517383938.24641585
118544796.78407337,99618458.57322259,71908878.822668,252733190.6730977,542805324.8530617
88097232.68489173,65060572.97238942,54843832.694398396,256033612.63501897,464035250.9866985
122080338.88568738,81412744.2064751,67888012.87565447,289126398.0917933,560507494.0596102
91642822.65691385,74270582.23407367,77031303.24380742,242359666.67129746,485304374.8060924
80730755.183799,70318787.91177328,68181484.90630898,355286633.138415,574517661.1402962
97706091.1099302,76794607.10657862,72095025.1154715,338362914.87871164,584958638.2106919
89970427.76355436,69285632.67657785,76144725.425544,289594759.15864027,524995545.02431643
89414726.84321137,95390794.19660532,66384873.411107324,302066705.5157108,553257099.9666348
90865861.4182322,81626520.96860288,60677342.1051994,296820079.07602465,529989803.56805915
80869936.7242813,77611279.41697985,61846413.52191574,302398122.06344664,522725751.72662354
77232368.80792788,67022532.187795855,59534332.78585092,305936618.8683426,509725852.64991724
111669193.66031592,86807040.69828758,61654515.80047231,276801946.8235923,536932696.9826682
95705261.55355279,72497752.7103327,63521513.027359635,311782687.73405755,543507215.0253026
95952385.12758213,61942239.98889483,61252957.17559769,313456852.85689616,532604435.14897084
72704808.34236369,84460990.80682452,56509077.73653022,309091502.8410478,522766379.7267662
96902623.8587791,68339212.18765378,60682082.32386147,282205555.1078641,508129473.4781585
72268023.34256254,64427421.4549221,56565883.547737285,224754004.564663,418015332.9098849
74179208.6412255,73926431.1756096,70348805.81925935,269996401.4614683,488450847.09756273
80681149.02129978,68725324.51663828,62891781.49865732,275281268.54388887,487579523.5804843
81214236.17302136,81034983.66817212,100634046.06805123,340667134.9498878,603550400.8591325
85513903.23019104,74754288.55617753,64537730.75963731,264950454.23886985,489756376.7848757
108022412.82436168,91380721.76203848,67907400.18136913,282690198.4824638,550000733.250233
106605164.04959501,72970809.76819313,76743753.62836155,341434703.6385614,597754431.0847111
87623877.18046069,83983273.6558365,68705670.4744848,339023025.36405534,579335846.6748374
79474524.78453575,71659815.49719566,62814263.10666578,298511852.51341444,512460455.90181166
119780578.64529519,62574215.60647555,62715357.29389845,294934260.5772419,540004412.1229111
83013145.18858667,56605621.74305783,47025834.30835968,311820768.0932486,498465369.3332528
60745410.134654716,77619490.39999539,54731957.439762644,286267071.09047496,479363929.0648877
90078314.7179245,73230174.35565263,63720580.80340782,305273691.8065688,532302761.68355376
78776801.50213788,69577746.29811114,62949434.243674845,348465351.73530143,559769333.7792253
129653694.60703309,84305837.92032215,62748759.596458726,250348547.7190178,527056839.8428318
74450105.34363495,65952343.780694604,58708441.55408909,276324411.17294043,475435301.8513591
88554023.14481892,77212740.23845683,57576098.40354413,330650304.61941046,553993166.4062303
62447478.60449135,74012233.41469671,57645851.596107565,299730019.7128502,493835583.32814586
120431037.36429243,92077152.71516669,68812377.18332928,355827544.8459315,637148112.1087198
79075970.8664199,79836997.22361825,56410784.36651727,244324833.44718218,459648585.9037376
82303687.0182726,81958391.71397774,76657288.02498795,388538672.65062475,629458039.407863
93306646.84879129,77859948.0242979,77448060.56402369,313708948.8817468,562323604.3188597
90891347.04162757,63936422.42593107,48325846.86298502,286927906.2860247,490081522.6165683
73707203.56715038,63909704.32931478,59023414.10506354,343154635.10846883,539794957.1099975
77704943.93473953,78038083.88784279,50612822.77400789,296070423.5095578,502426274.106148
75806348.31170276,68431689.55012593,62279862.60187371,345517297.0159268,552035197.4796292
90089264.77031036,77855998.7122701,57497930.76750748,330389908.90451074,555833103.1545987
81039306.21753241,79604136.20367204,83912540.90206891,342359742.7205148,586915726.0437882
79435695.03552206,80896539.54556307,63453926.9963098,301029118.79578793,524815280.3731829
86158044.34708627,82765242.95446272,74654246.20930193,291159976.97929883,534737510.49014974
74614622.95340337,76302184.04244056,66350390.19344852,268448842.56401086,485716039.7533033
94735925.54834488,70632701.97445205,64749958.41090714,248873012.9206237,478991598.8543278
82095867.48328805,61987919.05731883,61626483.78536015,315518655.3321563,521228925.6581234
103881451.37034975,81286613.57941578,73948431.26159468,265855742.09710136,524972238.30846155
88620819.57635783,76778676.76873155,68689366.14793627,307846751.9168243,541935614.4098499
113750545.21654081,84131165.59611134,75718493.03441346,302469662.5580644,576069866.40513
60590000.590332806,75063672.08274958,60814884.59065694,300128445.5662414,496597002.82998073
90995617.40480068,84395947.00111108,60854088.52322234,297737969.0602644,533983621.9893985
76714541.6877768,70473362.24527721,70961707.28139317,357490581.5902142,575640192.8046614
84560384.16222748,75484018.10136303,67882384.26714116,261707171.8648552,489633958.39558685
108712788.36499523,95057170.78571685,59907374.08182516,315293086.30853564,578970419.5410728
87282305.30529353,79540544.66726841,67221331.74255097,304149282.5395612,538193464.2546742
86223723.34005187,78553606.3984419,71166196.17735432,298144395.5413952,534087921.45724326
96749058.70445971,72802890.49412753,71300877.08367,299422281.1330694,540275107.4153266
119932022.67743917,80264731.09914513,66300416.83962265,340622027.93378556,607119198.5499926
82286012.50152044,84155648.18804865,73462677.81803058,312572793.7184377,552477132.2260373
87244376.61960629,64634242.03951239,69626642.96846496,343557107.6738456,565062369.3014293
80871978.33779533,63469683.58023284,64515798.89516816,330668833.9865393,539526294.7997357
105696812.1730869,85188469.9828408,76923245.8338794,290294363.55828565,558102891.5480928
66192070.03519485,82965704.68562505,72202589.15078293,278649314.6859964,500009678.55759925
79856328.80993459,85728172.54170664,71025239.80073503,341146371.0289208,577756112.1812971
95135924.0808381,77112753.48786859,71247746.87855028,360318305.07511413,603814729.522371
82829316.92726952,87860134.33198649,68616417.12647477,349631666.051993,588937534.4377238
93887981.24086738,70300799.7378445,69150294.641526,328337283.12857336,561676358.7488112
60456968.70386592,63727721.64597338,57531660.12030429,282796592.7292188,464512943.1993624
106640262.98944023,90655736.75499791,57197420.72978741,305407258.6263502,559900679.1005758
92264551.8608394,70662076.56074667,68786918.0024726,290038076.89049554,521751623.3145542
85499390.96979555,91361701.34175338,84054045.94219224,369245417.7142949,630160555.9680362
124245054.97256902,94825032.51202822,83086547.38408178,290181230.6541873,592337865.5228664
104664742.33210531,81483357.84378852,58951339.75612987,353825887.73891395,598925327.6709377
82126746.64787641,68862265.22578956,64015780.11373765,299416734.9922995,514421526.9797031
91290899.33983852,76172832.96337034,53627114.75259709,306088484.95806986,527179332.01387584
89944600.32581289,85099532.00075622,79202300.00414966,361138709.51607656,615385141.8467953
90075494.64854454,69519478.3570703,58520088.39921533,322973500.2994816,541088561.7043117
86750794.29297341,76528560.15096067,75818229.45436952,308316764.41225684,547414348.3105605
118826770.03623995,98686763.30330463,71768353.35203059,310599988.2294999,599881874.9210751
92520394.11180063,100371034.47109583,66843053.81136413,266912428.18544263,526646910.5797032
106589793.88798869,73794561.4911409,63027501.246468745,351706746.110264,595118602.7358624
71787629.59856415,73468815.47168496,60433491.96307409,249727480.24653196,455417417.27985513
101445534.8036071,64359908.37416055,61611236.48572288,303323974.033808,530740653.6972985
94764899.91645528,64107249.92789899,65410995.189369075,352120729.3174126,576403874.351136
103116178.25025125,98807339.76369223,66547540.16537951,237539177.462559,506010235.64188206
100697075.95669061,77244203.2496972,92574293.60715292,360715409.22937095,631230982.0429118
126875205.76817821,90650599.59786358,80521141.31763284,325249586.5864873,623296533.2701619
86889820.34060553,71012390.19966361,68307643.1146093,283263526.1626326,509473379.817511
99839493.15449399,73921927.52875456,54203812.60640382,298308833.6998801,526274066.9895325
92435398.3837784,83041528.27274904,66262538.49211257,304127953.7304328,545867418.8790728
74993699.21755803,64980441.9873938,55002653.4394194,263342520.7814948,458319315.425866
79185682.7151445,85543996.79841204,63578437.93473008,280717969.87053216,509026087.3188188
91108005.31313862,76092479.14794134,69571380.7709503,327594768.47160083,564366633.7036312
82618667.63072863,79031228.06757817,63202309.29131077,305510476.2926145,530362681.2822321
76244736.21517058,75350947.07384177,81588409.3200261,296571231.20410526,529755323.81314373
70425653.25378536,74498169.26809826,54760165.98210628,274358768.44835305,474042756.9523429
59871653.92786007,66113562.42783039,56899362.06613337,309522825.38699985,492407403.8088237
105928348.43512818,66611048.99758868,61223031.95027478,352209602.5206501,585972031.9036417
105102073.54474948,87174445.21081463,64575501.25153174,317263291.5472567,574115311.5543525
76767017.68191645,78896585.0768779,68312966.45587286,244082946.97823945,468059516.1929067
109420056.2723835,72019483.43206894,57353588.05216476,343370284.8744354,582163412.6310526
113965513.91092633,81357494.45164533,71804045.18145299,287719228.86752474,554846282.4115493
99862247.78845732,87530466.98294248,68822136.668052,430485423.7491416,686700275.1885934
75199159.10861717,72395533.39171161,59224399.754597835,304289745.66749513,511108837.92242175
83258444.6375084,62598648.70737073,68840207.60267687,348693539.1033765,563390840.0509325
99005314.3466363,71933080.34634691,47584003.351099394,291742323.67253846,510264721.71662104
60118799.88672114,66361924.81820153,58548232.57633339,298684214.6635748,483713171.9448309
94419096.37230225,67878099.94133689,64293532.5939307,245550204.93797457,472140933.8455444
96012498.16483751,72083141.60652006,57969521.819341265,281172073.9032669,507237235.49396574
78184893.6833111,71485238.31981237,57885178.8125822,237947577.19803312,445502888.01373875
76880684.73218496,79458693.94202898,80091425.64101759,287173230.67821735,523604034.99344885
76806711.08214581,67782568.2151986,60811349.35652545,240038259.38987538,445438888.0437453
77858320.6126003,70095329.14454977,62335673.78415257,322322350.9707067,532611674.5120093
81823204.60130343,85322850.8383043,70910281.90152256,312350875.3805455,550407212.7216759
116960937.13592888,77467238.1278326,74376152.9695436,322383510.8796792,591187839.1129843
122229196.96477048,83315955.972713,63676323.45219151,326516136.8388763,595737613.2285514
101113241.54574633,76022056.59071647,63168816.404937595,297204794.4909545,537508909.032355
94625904.74161056,89029535.2972436,65071219.501235865,339327315.6407255,588053975.1808155
92883043.64061433,79809508.99002124,81612602.77618675,411492341.7768664,665797497.1836886
72293771.98443516,76747312.9905327,60239981.794457,284140772.9922867,493421839.76171154
84521506.64224167,71538093.89634688,59617112.229267016,342012623.7533354,557689336.521191
72226328.69700971,66934544.441788346,67796781.23770654,283155984.04924065,490113638.42574525
111387829.91543312,80646269.05095218,74657494.68616053,284714771.3971034,551406365.0496492
130560416.0168412,73938216.65002854,63223646.130905405,331124898.90879923,598847177.7065744
106870033.6190776,87665685.50254168,86621695.59866701,326140104.16650236,607297518.8867886
74635036.92408931,69566270.88321982,77192980.1241435,364537292.533214,585931580.4646666
82450533.0083052,62353148.51502257,75483892.66906288,374814457.8665513,595102032.058942
106779118.56147082,96740058.05751681,75845114.41723438,336385099.9088784,615749390.9451003
122842446.74073455,73660132.94311196,58876451.482036926,301599909.05329597,556978940.2191794
114522133.11040406,72421361.9339739,69224968.0590296,371303948.6771761,627472411.7805836
70226370.41205303,65796094.08395293,67331913.68514153,293973818.01333374,497328196.19448125
96115494.94953676,92138125.15315281,71460728.2664835,291732753.40588343,551447101.7750565
83527061.89501514,87054720.95753442,68839242.09497477,335863460.94289804,575284485.8904223
76840576.87849835,74471825.90128475,63490198.027748935,274467223.0719225,489269823.8794545
102642748.31247982,77504818.77715307,62966695.18789304,266964007.79156065,510078270.06908655
88714664.16433401,87239144.54477441,74872663.73613378,337593569.8180981,588420042.2633404
87123684.22720118,76191052.42929599,61681206.91391582,328138565.8566951,553134509.427108
66243583.05548066,79546485.19286522,65287158.40851264,293907499.3384487,504984725.9953072
83888298.58857344,80795667.34170184,70763620.48074576,311616779.6946657,547064366.1056867
69998936.32794745,78268755.14203589,67476321.33897534,319803819.5450737,535547832.3540324
90965524.87449902,66123623.63794033,74262646.58746633,280012468.7876024,511364263.88750815
73396689.423037,59974126.34638631,53763596.16280177,314480010.18274367,501614422.1149688
78467102.93248056,66459900.76733688,51614810.008654,266590446.96178293,463132260.67025435
91649198.25238241,75819598.73866417,52077642.75307469,295236821.4113063,514783261.1554276
78256866.28726535,80296666.47104916,65351329.99209525,334166158.21663517,558071020.9670448
76846519.01030692,69221247.84158404,50091240.007038034,250252944.6593178,446411951.51824677
123581266.51313029,88565784.48125155,79250967.95637177,302492803.68773925,593890822.6384928
96163927.73476677,68823342.94279711,51821259.17443343,280713882.8681911,497522412.72018844
73675940.32820943,81746497.59291987,66402477.62806164,347859725.00941056,569684640.5586015
71372166.19673908,76107748.68235542,50481884.44883373,296012887.671315,493974686.99924326
104917592.85762003,75479677.8847703,72155794.32827002,362472992.44627166,615026057.516932
72675875.43918212,62136557.40031375,55738276.58589831,241455493.31322435,432006202.7386185
79258452.2783267,66500820.006745055,86366963.82351658,332507809.89334786,564634046.0019362
99689058.16837445,83098187.927758,64634539.890652366,294612839.0022659,542034624.9890506
83932808.7888912,88659704.73517923,54416050.55333097,259254164.7447329,486262728.82213426
108155663.96126804,67001520.95302653,69785898.32799233,290386398.3062374,535329481.5485243
99200873.61784996,76164847.54347882,78775868.78630589,262393231.72382322,516534821.6714579
116703538.94112594,81950900.2540512,55883881.13439668,290669812.1597737,545208132.4893475
86490435.28374897,69467842.80366725,67247981.11861336,296517913.6001855,519724172.8062151
107084651.72218591,83414563.36153704,71671213.00357045,342408567.9680739,604578996.0553672
91057876.16153632,78348179.45955549,51420707.74720457,282592423.6975146,503419187.065811
84379160.00215669,73487865.10417862,61126250.62225284,346574012.77336884,565567288.5019569
98760168.49243169,74943879.46622178,84165194.9264447,348849980.9538884,606719223.8389866
92933328.94669826,73420054.47587436,73376356.99985038,293321298.81306565,533051039.23548865
70854013.43452677,71574750.4053069,53956399.05335005,256035206.15528926,452420369.048473
72738157.74344234,73141287.76119761,53269654.05966583,288979533.00330997,488128632.56761575
90552509.28550322,80457427.13527696,50213610.928600565,299049051.2984333,520272598.64781404
88271816.54727145,73171631.13905968,61046681.61476686,298010079.93159145,520500209.23268944
99746845.56674148,75906628.12242728,60613449.99629935,285643164.591255,521910088.27672315
94383227.02750704,68405552.41114004,68249863.35295393,274793831.51035076,505832474.30195177
90911646.79664478,64615775.19283729,61259896.30117426,264975266.02629662,481762584.31695294
88462997.35754614,80563143.23745526,92990565.58256115,309242737.01511437,571259443.1926769
90212427.01413065,76139231.6004549,81993647.1389389,314944095.9978119,563289401.7513363
72164866.40246458,75350140.81060138,78720834.50416505,403959808.48750705,630195650.2047381
93727959.96665664,76261298.3812212,79984453.14105132,298541611.9277024,548515323.4166316
69102718.36291082,70066227.65425311,67869050.89638945,293055407.9671759,500093404.8807293
97634435.61054346,80116842.86087309,63616735.21628471,283463233.6002692,524831247.2879704
75401768.35161972,65317671.501897134,63473441.063040994,379418992.06326324,583611872.9798211
86221434.04668327,50971177.52135227,65941477.9016177,263982303.1063617,467116392.57601494
85881673.32236072,62007102.0058819,55418936.15838628,299434873.21594876,502742584.7025777
89706306.16754684,68822186.70833242,66002595.22495492,264240655.71637288,488771743.8172071
95696813.28832826,75296414.71201243,75430336.75226149,273361319.33196545,519784884.08456767
97496609.2246338,67659705.3415069,64778283.03437253,264303848.42651162,494238446.02702487
68530587.42769274,66388963.7886457,61310384.38857436,252941627.47382474,449171563.07873756
66585815.640405335,75583409.19202515,51435067.41337084,212816881.27337378,406421173.5191751
104958138.89798099,87760602.02007884,80021919.23794763,363970470.4694779,636711130.6254854
74324161.9361522,75918572.69376025,53943472.247133926,258449025.66631106,462635232.5433574
85380186.9198749,64818844.57685043,68094467.52814728,382570205.8309801,600863704.8558527
94004179.08116771,77158635.58918442,71602634.9346221,349820307.05504215,592585756.6600163
77143665.70227648,69822461.2638795,59593508.986743055,321261679.3828743,527821315.33577335
78287284.82968733,79176046.18696763,60947114.16130435,329810846.9768101,548221292.1547694
93997429.01645586,84262769.10364449,63018932.61859292,331097109.4204965,572376240.1591898
93567896.95743223,80499932.34114657,54180233.043856606,303447037.8234651,531695100.1659005
59725950.00944128,92084150.52642879,73972427.23488389,255900904.3376576,481683432.10841155
74319811.20030858,69213495.7117947,63989987.66349381,285759885.2684101,493283179.8440072
101322920.44353342,94223907.42807534,77043516.87620197,316487133.9333258,589077478.6811366
89356587.50784166,77721702.55968863,76689137.92612493,277975592.7098249,521743020.7034801
102059650.0970753,68103556.18430752,61716203.02976011,305698847.9470959,537578257.2582388
82516031.37275402,59854953.43517028,52173063.4321727,251680775.14524725,446224823.38534427
98368724.13388468,99114235.53224915,79064123.33532588,291752877.1026735,568299960.1041331
81144198.27193862,73069315.00431897,74355573.1003845,268726046.5762354,497295132.9528775
92643372.6845184,79277370.7697253,69088761.08472583,323509773.6632202,564519278.2021897
90627147.45978434,73406623.74061216,58767026.400685824,344817565.5699572,567618363.1710396
80543248.07747985,84667644.38559508,65533120.91830137,238206976.2763246,468950989.6577009
99420575.50127053,63431505.160423,56221431.348622285,308618869.713382,527692381.72369784
98142276.36758065,85358854.02727334,64348916.14049667,279153581.8719563,527003628.40730697
113072145.15878892,72481118.57082842,55908489.60888698,306230714.8349841,547692468.1734885
103756046.4087683,71685940.86800776,72909524.99111457,278582628.8729746,526934141.1408652
97119016.703009,76242739.44553308,58635213.74183229,284183297.80004215,516180267.6904165
89427051.2555102,70992157.07572266,56175218.08149913,219396034.4996582,435990460.9123902
132873702.69287604,74582273.97474392,69132423.89137106,254606994.54626048,531195395.1052515
100687872.44664438,79119948.32266146,63409338.609485656,308272832.1328247,551489991.5116162
71984367.64594509,81660676.35167906,71966026.7681147,319524076.55447716,545135147.320216
119257033.38359246,80518894.43875673,60080253.02674471,329969462.151624,589825643.0007179
66814811.52060622,75137646.33369388,61229787.66455708,397405408.3753993,600587653.8942565
71038047.71995284,76540040.79247274,60696781.03602222,251416609.89167735,459691479.4401251
87038552.7417867,74743571.61380778,74618761.41162218,333852451.18608266,570253336.9532993
89571345.71010067,76422595.69059159,60947254.4094191,285408724.1362375,512349919.94634885
70017604.58337152,83877970.96403849,66336510.02984405,364538784.9156524,584770870.4929065
69666172.03921199,99261421.33904718,73456896.08010021,297195208.0333382,539579697.4916975
90077632.33217336,78184705.24860163,69179586.59872839,307476589.7663146,544918513.945818
107691970.818368,79616876.55116199,62411900.77949212,308009629.3305997,557730377.4796219
95911405.73959467,80439910.88039227,68920888.32022321,377231872.8381414,622504077.7783515
89107937.82433279,72494332.31628132,65924846.762167856,290870761.7033798,518397878.6061618
99055458.75045301,75709114.97872423,73468694.4900266,368669577.85196525,616902846.0711691
98746264.17250408,72914146.20425671,65147215.52035462,312232456.8584863,549040082.7556016
89947663.03401247,77606908.77015096,68388780.10060672,323720579.9298681,559663931.8346382
86741924.33435938,74114172.482506,58311103.45577202,239206033.44993985,458373233.7225772
88103702.54753987,84618231.03836727,67612728.97825411,309446674.00730777,549781336.5714691
77345942.737008,62459847.99671447,53534152.83916107,272352456.57344645,465692400.14633
70668636.14482015,71687082.45055734,64528869.234163165,221844955.26322627,428729543.09276694
100330674.5335535,110863742.429069,93057970.90584105,373888119.2649001,678140507.1333636
83040761.88260657,75131976.31455071,60911088.67852349,334747926.92291766,553831753.7985984
88945603.3354662,70788390.75285302,62593433.608509466,342246553.1910594,564573980.8878882
91810079.4709232,73050408.44206564,65768788.9168176,342990769.6364341,573620046.4662405
109634929.61165823,75480966.8117817,62532214.43041556,310048406.4156611,557696517.2695166
98762746.98529987,88040319.88320273,87778270.60410759,313310356.18928975,587891693.6619
76380485.05044712,72093751.64285374,65314675.5715564,310658960.61852795,524447872.8833852
95038318.03261127,65102586.03996985,56860008.923640974,312646906.9808843,529647819.9771064
72767970.04311043,64719764.205887035,57969406.53944847,282711414.05665106,478168554.84509695
108886525.73395267,77293471.07559052,70462263.90195286,283789644.19379747,540431904.9052935
92777318.64405522,85929275.87859775,64206612.434727944,299644173.33841354,542557380.2957945
67266880.15606682,74526891.81596456,63278946.69681538,294523388.4220983,499596107.090945
124685570.97444189,75313350.39976454,79406334.79679468,301967157.12170106,581372413.2927022
78181214.84285378,53660906.74313479,51163674.07100646,226723110.2841444,409728905.94113946
103649968.59119241,74967572.73732287,78467200.24623457,331601121.4929167,588685863.0676665
65491335.50760581,83298987.8137014,57631461.40270433,310793760.3706932,517215545.09470475
79554448.6201268,79676946.12730737,68512434.37263519,299578987.6509258,527322816.77099514
74512172.5180255,65170568.18171648,73725256.89823452,366300109.8799571,579708107.4779336
83123017.22633776,67265357.55069278,76642212.06908025,287378096.0944836,514408682.9405944
93211729.21901195,79171306.74504365,60438973.137458056,357328534.7919869,590150543.8935006
62841437.348732896,79857689.52140625,65300281.45322656,309351324.0032971,517350732.3266628
83911970.25731805,82249009.00017028,66682153.25985651,321485722.7705711,554328855.287916
69523214.37058556,89907556.16150412,64644099.685180634,332100793.7153752,556175663.9326456
93273310.05010708,73196873.96863647,51758787.98269468,283377907.81702244,501606879.8184607
67409935.83501908,61604008.93341714,74000298.91889578,266778285.87302822,469792529.5603602
86644192.91249874,74988087.55594474,57186995.21213657,274164175.4599124,492983451.14049244
86401257.23865198,70732898.9712211,65768879.364307925,322966091.1163708,545869126.6905518
69938019.84497502,61294567.344161436,70720033.4885384,302234937.8718,504187558.54947484
92446718.03687876,72421056.4248334,68211773.71334815,294477896.1291047,527557444.304165
80154178.36690767,100800076.25797306,85840793.8615874,366550317.4942971,633345365.9807652
83668494.46981671,71235917.8214905,62447137.70380015,277308519.2086919,494660069.20379925
86219926.32217099,67821410.60976912,67720038.212255,305549079.6552445,527310454.79943967
90467103.86649367,73380835.40968631,63282178.50205157,318042403.3181416,545172521.0963731
87364313.73103678,81029340.86636464,70594175.4121088,351978018.6072418,590965848.616752
94554741.49321671,82208953.15127444,73348688.98217879,313823222.06496716,563935605.691637
75281102.9342778,73807497.88092493,67669199.40507291,266515905.52954045,483273705.74981606
122866452.54985368,81315604.6125351,54880329.2742333,331512889.6491145,590575276.0857365
100092256.4322498,80081357.25205463,71085787.91034761,310792858.1335641,562052259.7282162
95076266.53171419,77063747.00922051,70808321.36248952,399747186.05581874,642695520.9592429
88801626.40097988,81829310.32272777,68880227.03871939,344253210.2207576,583764373.9831846
71131664.33541538,67313608.7989508,59475812.200619854,301462549.5362165,499383634.8712025
82243562.7943848,82076972.07110101,59395179.265171416,337709917.6430242,561425631.7736814
112249150.08269289,104492685.31247239,75753871.89354661,322821098.0418623,615316805.3305743
86788334.38240531,71010853.66885476,76810604.26334676,389141220.83263683,623751013.1472436
94011709.47734825,72028545.87156674,75002362.5856236,306949009.36143315,547991627.2959718
71321536.18600293,65977451.439246215,60799234.63964156,289578683.41431284,487676905.6792035
109391708.9193631,65105040.80877912,82438327.12621297,360863944.47250986,617799021.326865
83177243.03450184,76757295.71299586,67250863.52359705,372232285.56692743,599417687.8380222
76291338.20248948,92819541.51968868,72365697.05674383,338663710.88016313,580140287.6590852
84050098.28919464,71436173.64166237,52099518.608523324,242834054.73064896,450419845.2700293
103895124.37994125,89355362.14625843,82660143.48119858,313623831.16886866,589534461.1762669
86781949.71377231,88822890.84394063,69390407.41887735,271074454.6711541,516069702.64774436
80264156.10775007,58068904.145284995,59046489.822514355,266963254.4527322,464342804.5282816
105828998.59441222,77742712.25975153,73797152.78000595,311550828.84846544,568919692.4826351
88684465.47888997,73472340.34689513,70436171.19008228,315451835.1542872,548044812.1701546
78935610.998054,90823804.45138778,82287867.67361872,271140510.93009186,523187794.0531524
102096389.56702524,95464344.22762953,69133199.9906859,304221731.2375983,570915665.022939
91702698.7369714,57151699.75974014,57555951.83815587,290194741.26290447,496605091.5977719
72999249.80678764,74668535.96907099,78464979.09258087,352467528.7381902,578600293.6066296
80563198.7825602,74587241.24518852,79544076.18300648,302218688.56708467,536913204.7778399
70320103.24540855,81858132.86534326,62828859.8059521,281323045.6786705,496330141.59537446
83550442.64817268,78972619.07004914,63453082.49266498,275095383.59510255,501071527.8059893
79933933.1056116,70036654.07283449,57406191.96354235,304536818.77561593,511913597.9176044
103928029.02405997,97000221.37490907,74068010.55673221,348776780.9533847,623773041.909086
91077024.42995958,71591373.13492577,67293322.21304373,283960924.385714,513922644.16364306
88194378.24884027,75999206.77750255,75576314.9516948,339732750.3343444,579502650.312382
84321108.20503359,73640857.37945797,63329008.67588116,342648143.3624848,563939117.6228576
70545521.85985115,76194891.61225481,55926182.783263415,320553077.16626275,523219673.4216322
68653165.75949399,66451620.76869927,54404336.78978434,326665348.0806683,516174471.3986459
103154463.11283652,74473143.1480922,60724489.60062052,349469571.6697765,587821667.5313258
86693732.14133638,66806900.32534978,64983761.90988636,295159500.10962456,513643894.4861971
95980161.74733163,77948173.78611973,62065892.54096424,329775826.68507624,565770054.7594919
80821908.94210145,69939800.9937358,58941688.08235304,239410294.7664818,449113692.78467214
66812029.04916134,75930799.00686967,82225812.38369407,314432602.20540136,539401242.6451265
104077511.62887794,84517519.30794714,59637345.42617836,269280248.0345673,517512624.3975707
101986425.2383123,98695561.25170523,98972837.48142004,327436001.1887979,627090825.1602354
93492364.04971963,96530357.05404787,82840721.37981738,306569502.2785436,579432944.7621285
76206450.2404916,65874691.35772721,53806097.48684728,292362061.1881774,488249300.2732435
86191953.22407712,68544443.83983214,60221653.009849,268168325.75893632,483126375.83269453
85360652.79731508,68738436.82465124,57243646.81508035,318999890.7569063,530342627.1939529
82994212.23511179,78936896.89273837,70497693.38044852,288607693.45436347,521036495.96266216
96098557.45548685,66349891.646405466,59569903.316485815,316641076.81783897,538659429.2362171
76875359.41397274,71480211.94699405,47653524.87226572,323947749.53956676,519956845.77279925
93759631.71996912,71727032.16539085,72267099.22180425,303519285.6794767,541273048.7866409
76431995.42388108,75946932.17175758,78808161.89921413,237769629.72094393,468956719.2157967
72658047.08973472,68982920.79991427,66014543.68563029,302594505.07808363,510250016.6533629
76474071.8299231,72854005.57112753,74456886.2634037,365260973.3277325,589045936.9921868
99614150.9703609,69329132.64910203,51825284.04033464,241090757.68491733,461859325.3447149
110574589.2241075,72600577.99829033,72230720.43470268,259107975.9447541,514513863.60185456
92151449.93235835,88581850.4397713,59735368.768929444,298841505.13591313,539310174.2769723
87619797.50425461,93818552.73367742,77934787.08907636,374717863.0009536,634091000.3279619
93462022.9191598,81442922.77622408,64532360.253569834,298014557.0712198,537451863.0201735
80085649.35125907,71586304.29212034,60288540.49184222,293907895.4072968,505868389.5425184
86813767.4475107,66749065.48681911,65163925.04244729,290990690.4017387,509717448.37851584
96328089.74821669,96387193.40021363,75068640.82617755,312236829.76604134,580020753.7406492
95380969.66068774,88598845.10728484,73342402.80589323,312659540.141819,569981757.7156849
80939668.12549633,72973927.28786393,62718815.307778284,333178589.83133,549811000.5524685
101927342.39673914,81016599.86578579,59010904.95314048,235914036.6063242,477868883.8219896
109289474.9183023,82696230.2253632,65664456.72555127,299113224.9020291,556763386.7712458
91805150.19301316,77770987.69201371,70592746.46557824,316905238.042671,557074122.3932762
57812543.15404219,84545832.38301389,54699837.861948796,368526424.8666402,565584638.265645
76806076.14245638,82300042.99154758,69788946.69761308,295289575.3775107,524184641.2091278
99178059.00476596,79186286.16076913,65056878.676805355,392077163.0976224,635498386.9399629
90381574.5236371,71611012.4778702,59419722.04305983,320048252.2773154,541460561.3218825
66498874.25832112,85090504.92052948,69782774.3208631,280793771.6494138,502165925.1491275
98819282.0157764,78684019.71373098,72635611.60692222,291034519.4746476,541173432.8110771
109851727.39876682,83835157.35788079,67495325.84484689,299678961.23457855,560861171.836073
109200935.17182006,82690754.60157104,72058605.5564056,281447126.3284054,545397421.658202
86523154.05209807,64820061.223689646,90380683.64286686,338244137.74652684,579968036.6651814
75590236.68859358,75198166.72131203,68787298.97057168,309139120.0219947,528714822.402472
85644200.68519415,87693870.49047112,70019556.3106415,296119726.92541635,539477354.4117231
81875052.19709617,67000926.87406903,62504290.40015729,328824159.7941842,540204429.2655067
77003887.16502284,72437801.09676091,73440565.56788167,307767530.4044897,530649784.2341551
85785627.53602791,94213553.27314237,87308395.11862324,311250371.13715655,578557947.06495
95132027.96563098,75351456.36464429,58464432.752295844,304253809.8710042,533201726.9535754
97066796.81209719,85346363.00980315,66892044.579530545,227156272.069691,476461476.4711219
71847965.56337796,74411370.31002216,54893207.49745227,327506803.58872014,528659346.95957255
80104375.25437199,82306739.69552317,67657899.94267829,296185505.978619,526254520.8711924
96493295.63160828,85626557.86657885,66265682.76327306,332916934.49288017,581302470.7543404
82578618.77656646,67723319.706233,63082216.1405883,278412149.5605118,491796304.1838996
75786900.10987717,58497801.73724835,52358633.27121447,260924257.76667067,447567592.8850107
71745978.91527452,76958394.56388375,70716064.02600339,290127346.6923302,509547784.1974919
77588880.778196,66704295.83936206,63773740.12400146,320101667.12083954,528168583.86239904
93464502.51446033,67193035.95741493,68128661.77997954,298440235.6012591,527226435.8531139
82491247.57572274,78583636.84323867,62893981.78297305,267350620.06133777,491319486.2632722
86010843.01254673,76416090.10380673,77415269.04818928,305929089.65564203,545771291.8201847
77981328.53043519,59326907.33338725,65349989.995381825,251868786.8965022,454527012.7557064
117312376.12540969,79615564.60469216,67712574.7016389,330304206.86369544,594944722.2954361
74909151.98363997,80730799.63442342,88226350.08087605,363781438.2033432,607647739.9022827
93252451.58327828,84855552.06287727,71364453.80836822,318410591.6528856,567883049.1074094
81327051.45816138,83223652.4089242,62690947.47982058,279698147.46409065,506939798.8109968
65995371.857564025,65930132.92369139,68300566.72921684,241277475.9140108,441503547.42448306
86485848.5107696,78791064.38134855,64466238.28828766,253807491.05234197,483550642.2327478
104187278.81940104,80761121.9845743,71834702.37580855,342455496.01723737,599238599.1970212
65638016.456672244,78451465.29457018,62628417.97609428,276448301.7376895,483166201.4650262
93765894.69574107,92716400.64665684,77947276.83035685,408473809.88272864,672903382.0554833
92490289.36042222,85084650.29553059,59055553.958323255,236985913.9703178,473616407.5845939
97411264.43840511,76200929.19915596,63082126.69389304,307552537.4045809,544246857.736035
97112440.64572537,87921024.57685909,57954036.69969419,249064921.18871886,492052423.1109975
86708234.88592188,63182336.44730171,58877795.6950983,302555409.0785109,511323776.10683274
77864829.76365104,63153654.08489641,71037339.05994143,225481488.64010566,437537311.54859453
67900397.61347464,65234371.738453634,52359764.9812991,331898538.18328935,517393072.5165167
83843714.93537328,69866370.18288131,63314499.691978686,300962375.53268516,517986960.34291846
101130652.21742061,80858925.73446037,74839560.11480114,315263271.9866652,572092410.0533473
76063783.62042351,82218640.5160451,63440148.12854078,330289035.67543197,552011607.9404414
87922153.85025248,91317910.94029082,60886812.49037733,384824834.79634094,624951712.0772616
74909862.78062049,69781057.36478993,73553303.67393598,300961961.82164645,519206185.6409929
76023720.42364149,77511332.04445009,72793384.49045946,301550961.77449375,527879398.7330448
84143087.95890261,83281566.79060668,56242321.935202576,295619187.8258606,519286164.51057243
87879615.16038951,65944048.26809292,49622934.27512746,351393498.85424507,554840096.557855
91745778.05302496,65865331.88104683,53728749.67189992,313044457.02383024,524384316.6298019
78561720.60396747,85010667.11665009,63302858.406517886,231556288.5411979,458431534.66833335
92373405.54789466,65338624.96714078,70405430.46429344,337334333.55012685,565451794.5294557
74950624.7735666,79234980.62225658,64973036.9263454,330678439.2157944,549837081.5379629
88119624.5058605,83197255.01807947,79755844.84146053,307680718.43610895,558753442.8015094
98730415.77891426,72275633.7597333,58051190.35572372,249384807.4222443,478442047.3166156
65385449.4893944,82119398.41551639,59303321.245758146,252020510.36322603,458828679.513895
94788790.7675156,87027404.66684367,75024821.21421334,318834174.1180349,575675190.7666075
96251762.06140783,71726793.87758413,69703884.64925069,323500276.56605625,561182717.1542989
107761734.60889974,69723482.97689801,76705153.21532448,300629089.543836,554819460.3449583
85306251.02503872,73720062.37623176,69723724.84479186,296542369.758819,525292408.0048813
77473305.15728888,75866034.08596332,56205622.12391739,303026859.46823615,512571820.83540577
111861687.73769732,78455956.76915936,63022958.87964364,301946353.1720474,555286956.5585477
83518696.19758473,77736750.56533204,59637809.729740426,330153115.78367776,551046372.276335
92983427.3725146,94637735.3989382,71984759.60254662,275356293.0039144,534962215.37791383
86810008.14884019,96818501.63665897,59649988.02933081,277955726.7206179,521234224.53544784
65122038.77531043,76507565.66373095,81272299.22750925,334116920.03461736,557018823.7011681
73942858.96836334,79551270.37804484,63349943.60970284,240825942.22871515,457670015.18482614
91439286.26801647,80542844.58589458,67756899.05234274,310988218.43974984,550727248.3460037
75469460.83368301,58501609.61377441,66508122.15261056,243079130.78984532,443558323.3899133
96635650.34242588,78876506.51634695,89077095.15594478,319036464.52909505,583625716.5438126
79110893.06327777,77797737.26387368,58856559.750038065,272368231.02692664,488133421.10411614
68144759.93542942,66067110.07490885,68804153.0790722,318508871.6388797,521524894.7282902
81081430.43430564,93248344.33638394,72841280.15927681,303264778.40062255,550435833.3305889
70288626.09429403,57874444.35760997,50160320.977992706,288541849.3959909,466865240.8258876
87143300.20988888,85496638.76556431,61670417.33745609,342810779.29638284,577121135.6092921
95061259.32156505,66641889.00592589,63375691.82268684,316299577.85132843,541378418.0015062
94345107.4437221,113432075.48815657,81053397.30297916,330841575.4155423,619672155.6504002
97322093.33430786,86597341.05359928,74917332.86535887,314197753.9411253,573034521.1943913
80880385.00697951,77602124.61828938,90200061.10989684,343858496.9894041,592541067.7245698
89252943.76408248,73184296.95568769,87400764.71361242,310660524.2428616,560498529.6762443
80434439.251732,68827972.69614388,67035776.226014905,249402409.26589274,465700597.4397836
94736810.9254908,64216855.95991674,51714777.702232614,278728334.2759612,489396778.8636014
73388505.90386418,54056275.047142506,56627001.134053625,234358863.77446398,418430645.85952425
64964737.55179565,79963523.04460025,66442414.70133379,336355722.5341195,547726397.8318492
75635150.14521873,74967930.38602573,55212854.85251911,302551589.0362733,508367524.42003685
104764861.00024132,70507825.78716779,72220499.20264708,313700633.2486426,561193819.2386988
84908988.924707,62788736.43240568,62510413.11707698,289663646.8676961,499871785.34188575
89744146.57989612,69955740.75853859,58545735.14607649,334623195.2143993,552868817.6989105
96943637.03483212,66008919.04142597,65206168.94420683,356782948.55516803,584941673.5756329
94614634.18109538,79786562.72554155,71023334.53778474,297574129.277832,542998660.7222536
73421994.19572972,84909727.43501537,66294024.26583562,341957423.8354609,566583169.7320416
78244984.22750537,72464609.3071446,63830834.65010967,282159791.57370794,496700219.75846756
75296906.39566514,69507950.17274444,72705335.4483673,279958459.465867,497468651.48264384
92922858.2958632,91955935.21601972,81099900.81401359,292535139.102419,558513833.4283155
90167322.37666103,67935277.08560735,56590816.19305938,338222366.0956149,552915781.7509427
77621842.45237254,63468725.361284345,61459108.267038666,318910439.8627958,521460115.94349134
99042723.87047009,73804513.07417995,79398896.97699404,357297216.11364293,609543350.035287
119025051.26207447,104299275.24878581,82195637.96621853,358240734.84661865,663760699.3236974
101243495.48018354,76488009.26903298,58754710.05491479,286959786.6646305,523446001.4687618
93531005.40058018,67588856.3171279,67931355.67539114,266517802.7913611,495569020.1844603
100812472.31977974,81746878.10908589,81550540.3648758,356333405.95850265,620443296.752244
91836676.11976647,72973225.90526456,69893553.09723374,317662808.6173955,552366263.7396603
75059513.9901357,72121236.63984054,60730932.00173828,271567540.7713443,479479223.4030588
59126956.92463195,76661855.00075114,68353822.66088998,318138719.1886372,522281353.7749103
120774501.2887691,95687942.34704958,69682529.11854924,418645177.09597665,704790149.8503445
104816057.58558449,98160261.67625485,84183902.39605583,319549500.7361118,606709722.394007
137409818.72426414,79173653.51489647,65423591.82453313,310333740.05572957,592340804.1194233
73613134.92483415,75001242.305611,57081647.695153765,333128957.2674296,538824982.1930285
88807630.22501276,96644668.5219248,76132234.24061204,325844379.7778665,587428912.7654161
87808205.80847843,83800092.25592312,65620702.75403093,335387722.1648485,572616722.983281
100197168.40719797,78683083.2592017,72287765.33194089,303012338.36902976,554180355.3673704
85813149.9842008,80996052.44527829,69840592.20106499,301996455.95372325,538646250.5842674
75435531.48559678,67193192.13564743,58540188.20739299,288372573.05324894,489541484.8818861
86022539.54352197,66240000.09637036,62580410.847520545,292667820.2491928,507510770.73660564
66876144.30653605,72060007.68356085,57326529.96319266,282881308.767613,479143990.72090256
84987894.56049228,81201400.61245935,67983455.3421075,305189791.0693371,539362541.5843962
99728663.954944,68058542.4849141,72752948.70675647,359963825.05448765,600503980.2011023
74153681.58072484,86844725.28435287,69882742.16949525,332375821.96928525,563256971.0038582
79442473.97975168,74820048.6172693,69939251.15254219,297385719.23332363,521587492.9828868
87801455.5637804,76923543.94961052,70605537.80690098,308687814.0627361,544018351.383028
95617057.3979168,70227702.46862403,56760220.826537475,256898066.4247006,479503047.1177789
77647901.06037278,89066201.92571661,74996226.14503255,294160035.21633327,535870364.34745526
80742377.58224455,77805446.19189675,63058950.35768354,287395357.00658965,509002131.1384145
76041916.68836485,81868089.98306066,67104874.85719794,406746843.1044145,631761724.633038
88132786.33556256,72497829.09444654,62067433.08710539,318392886.1026334,541090934.6197479
72201800.63476923,61674102.19680149,55688957.9263643,263081449.45455274,452646310.21248776
102196055.50245386,65720705.54777617,65995060.09892078,390389497.9454494,624301319.0946002
107324169.96806504,86329932.27841946,76991983.01565237,332719054.1827972,603365139.4449341
84691392.9894282,74013857.65684417,66001629.15115087,315477849.54536545,540184729.3427887
65948428.200746745,71335509.73293827,65955359.41268126,306773692.0225329,510012989.3688991
75486904.36766416,75918114.99479355,57157668.983454734,348685996.53478163,557248684.880694
89120250.07896614,65136570.904872015,66812409.352866836,339186986.2063359,560256216.5430409
69947274.04391752,78148276.62360878,77386354.24248663,362519069.11137027,588000974.0213832
79334438.87180766,69394271.86455894,65480416.50481478,262305343.30652022,476514470.5477016
97125100.83360374,87919258.33258894,76065875.26701316,380890934.58887506,642001169.0220809
81472535.37532054,79811198.3988146,69125442.28091924,322258833.66852844,552668009.7235827
78924594.80518392,75948013.24323416,57573264.905060194,279146331.681032,491592204.6345103
87860171.74549782,86275012.38966906,82765964.65428029,319343514.8652677,576244663.6547148
92945173.77089296,73885895.04082172,53035721.65753152,321346480.3288984,541213270.7981446
111221245.86747032,68176652.61199155,74593043.74277216,261156901.21864048,515147843.4408745
81460137.93234988,73249708.12827545,57063982.77722271,248151026.54545838,459924855.3833064
92378618.43174417,84753029.7335832,67145979.68012834,329754501.70699775,574032129.5524535
86435226.03791249,65341076.1031615,51931342.843221165,336305902.0659808,540013547.0502759
98164338.50760745,78472189.3877061,86300715.80033547,300522669.2189829,563459912.9146318
110866526.28447208,71002573.39246163,70230309.13282798,309376181.7976703,561475590.607432
130774125.10617527,88657747.9735533,72326676.50197145,294919400.2399204,586677949.8216205
81224256.9834829,75588537.44326761,70517309.58978201,356310123.337556,583640227.3540885
70514181.93382433,69817326.44250716,46505843.256411135,270998518.22360885,457835869.8563515
67404903.07593237,71801574.42136833,61032066.03247897,236499541.60922974,436738085.1390094
103899109.20908794,85228512.161123,64841117.78534073,294580472.9636423,548549212.119194
73361799.10138376,73668079.71531905,67280526.91683556,273390698.1254081,487701103.8589465
70822468.49596946,83217562.56701942,68617415.83881186,290709086.87121534,513366533.7730161
99727540.74574526,63479471.332114436,63509957.74571746,384188030.7784797,610905000.6020569
72111765.96187021,71077893.02441496,59556015.68420701,239548786.11598113,442294460.7864733
69195131.04488677,61466356.34802439,54521649.823664576,293776970.95407504,478960108.1706508
92568592.04487857,70639703.41771752,76574479.54960094,347975962.5194637,587758737.5316608
85489973.88826936,89415294.21745959,68198404.20471403,317640202.38194656,560743874.6923895
82293898.86553636,80498404.5429184,69336784.29034464,321542690.39855605,553671778.0973555
80376766.37761153,72276822.23351741,63979627.017804295,329640625.01521367,546273840.6441469
96318831.66030605,64435113.323421456,69097978.04261787,322974961.9774419,552826885.0037873
82332936.87617418,78603152.14672706,66344454.30071966,366174392.0002683,593454935.3238893
106508576.4221389,65597522.776049025,65171972.7648485,271013847.3846429,508291919.3476793
77247036.3385644,77340926.33519685,78188733.0833325,326427734.1424244,559204429.8995181
88823800.88369827,85735468.27435064,61236743.78172608,291307386.89864707,527103399.83842206
95112458.77586226,66393213.74987208,74741181.82216997,286598604.27599734,522845458.62390167
71100924.44753091,76930633.01839277,68634013.33357427,245504125.98554912,462169696.78504705
85047310.4241873,79438866.90420137,64200424.71442223,337103031.646723,565789633.689534
130859581.68906948,75195134.10338236,57312367.83852693,354894739.1819682,618261822.812947
83317795.79251122,65321675.99721704,70591782.31408678,344603861.57936484,563835115.6831799
84358176.03105488,94904094.8216173,60479785.37514261,359691837.94903934,599433894.1768541
89976840.88606837,68369375.68048936,58606280.85440824,247085675.191297,464038172.61226296
83729883.88965455,86051439.7029727,60496715.826733954,266981034.52254948,497259073.9419106
103675334.9782247,85242528.16299547,67328678.26078519,379471449.6503278,635717991.0523331
86458099.50436547,69542109.37463707,53338125.78755123,325897977.66470164,535236312.33125544
106874803.26331961,88729616.42283578,76595661.58644976,270767773.35511976,542967854.6277249
95925419.80640033,80020535.58631866,75735250.11699587,292090313.5904939,543771519.1002088
119434847.4206106,64300088.23846395,69310350.41036865,307567635.3651616,560612921.4346048
126917698.4614978,95675408.61934014,78708943.55409828,339800674.0709053,641102724.7058415
74628545.25873652,67808517.71712612,66185284.88252775,277586528.8217444,486208876.6801348
88753845.04371451,86495425.33744554,70759777.67726326,450929587.96878344,696938636.0272068
89529787.94020729,72070749.3325403,71073588.88441372,377504951.1677454,610179077.3249067
102893197.21045384,84772197.24885778,71329221.24917747,320957832.08794427,579952447.7964333
68194984.56201378,59010953.35098147,61386271.642572895,277869467.1095625,466461676.6651307
73071648.74504651,73723436.65977605,62670274.83115945,287340310.8793635,496805671.1153455
84143185.99135196,63664818.918065496,57405059.36610163,329466226.47648746,534679290.75200653
74728976.41860688,77181226.19911428,69990361.50348334,286741762.8098277,508642326.9310322
104864495.14315532,80705299.8297805,90392600.10144928,312449312.32062644,588411707.3950115
106200177.03485122,79098236.47926767,72057045.70730066,285988860.3355617,543344319.5569813
72811697.51582855,64374197.02964976,68183493.73958558,322888717.39702,528258105.68208385
91643747.73190163,79770137.92435266,72445383.93401101,265558435.88877228,509417705.4790376
78528248.0687417,76282626.59894149,77282542.39732936,243288801.55086374,475382218.6158763
105498599.33328865,78191849.99843971,66857826.02752918,340116435.27522594,590664710.6344835
90217974.47985548,85103985.45440829,66466188.30906473,293514753.9725322,535302902.2158607
91164252.73373468,96215601.1263463,69257022.86837195,326529340.775823,583166217.5042759
84723884.46746594,81744470.44110814,70285644.61569192,376169754.0875492,612923753.6118152
92101269.96382391,73166975.78294823,69532928.69377775,318252623.9045492,553053798.3450991
78664110.65237145,69304649.2778343,65782199.54605935,308132701.839023,521883661.31528807
81196405.11551088,89072687.18374115,63221987.61994259,281459057.0898891,514950137.00908375
99599415.561453,85479308.59445396,87379977.57489635,409691308.51788074,682150010.248684
94517990.53608097,74297182.06468876,60007514.44323784,327259222.03096616,556081909.0749737
94853552.54669608,81012456.14390385,76410998.49743304,309872115.2502976,562149122.4383305
87014363.98461948,77516249.19363835,53437948.40408756,306714006.2220242,524682567.80436957
79422956.24428481,76618922.86556563,89883149.21222413,427342693.57324374,673267721.8953183
75847247.40109159,98993915.1077549,82329495.74401125,360651395.85636264,617822054.1092204
80346821.59658027,75135255.68935588,66919864.58697965,367637395.58277106,590039337.4556868
113669160.16601458,85371925.97851369,74663657.91137609,364595656.3314019,638300400.3873062
82433282.07811575,64808177.858181305,67941920.59279318,279632668.4909797,494816049.0200699
59888995.95049207,63146587.65256958,53805227.57668941,300891223.4372357,477732034.61698675
80698457.69095668,80100635.50893718,74702538.29504354,316521951.91017866,552023583.4051161
96852647.83247986,83001613.6892104,71497005.10519168,246993312.42815477,498344579.05503666
107434960.51904023,88465675.07608262,84083608.68609402,341832330.971266,621816575.2524829
85346345.31452206,72964655.72629069,57930801.59140721,276007698.09409577,492249500.72631574
62046269.71441744,61198061.7474089,60083508.025040545,268942583.3811077,452270422.8679746
86618975.89346357,69677310.3939262,63609704.899444744,291036989.1367511,510942980.3235856
91504137.51875123,73311955.14149646,66064335.740588725,319453810.4703778,550334238.8712142
72429916.43340787,73699662.46182942,70958675.07286674,300444422.1969633,517532676.1650673
102709389.24018809,80726131.12898202,54719404.56589845,293098762.07942134,531253687.0144899
71572687.02644266,84835334.2188672,63300701.3670072,297791473.1513119,517500195.76362896
83517855.9649034,86006339.8150623,72682611.57489918,325035659.1455491,567242466.500414
92182755.46555613,72994899.84989159,62159992.356844455,312073373.65636736,539411021.3286595
93004842.10938801,78611399.82831769,63607029.99023609,314542637.62180316,549765909.549745
93248946.17124143,76971336.18230852,73596196.51026586,236018312.6328548,479834791.4966706
91220661.96661453,75390882.69021755,68454040.8032717,315585977.6007668,550651563.0608706
97449821.47858194,72646667.2847491,58511697.29020308,326701671.1460693,555309857.1996034
82563941.8278073,77453198.64657244,66665256.17454642,305660653.8461864,532343050.49511254
90201103.56856616,75987267.5887157,57134855.947284825,315899909.53034985,539223136.6349165
103019406.85026963,78235169.2071584,72606427.43408051,304628525.64115715,558489529.1326656
82722343.6020931,74167282.38502146,60893549.57564738,261055095.98681667,478838271.5495786
73317281.80592053,67084136.43223279,58801238.360579,276885020.35643727,476087676.95516956
79755606.20617437,81539589.56395578,70657477.75700255,330599520.94507957,562552194.4722123
82845322.87601814,78523736.43053511,61619956.393727385,332108858.5325999,555097874.2328806
66521151.29531607,86870337.65918836,68094457.4866265,264126218.9842703,485612165.4254012
84420188.64056769,81376555.85725354,69883480.4896047,282000973.9862265,517681198.9736524
66790375.88469877,63185438.17645043,47210156.66749238,313457547.4483398,490643518.17698145
72135643.0715441,56744594.22402793,55300479.59657309,274956854.73039424,459137571.6225394
91648095.64783724,87904961.69979748,77979007.9245599,308894257.8640014,566426323.136196
100236188.01430076,86026668.60064453,75957131.60144329,294835762.18207526,557055750.3984638
73221095.12222576,72344865.83202052,57868422.46108539,286698577.86960566,490132961.2849373
73954110.71719365,74827138.46665892,76456075.48630308,310738934.36099905,535976259.0311547
82186731.69117454,72423888.49969256,66379630.588167034,336554397.4481296,557544648.2271638
82097282.58663735,84124707.68037581,60679387.82389974,279499447.93096566,506400826.0218786
91509554.86838008,78596855.95226087,70951946.01911838,280822499.7561372,521880856.59589654
105165468.5063139,71810294.92007048,87310709.84260628,405899030.51234174,670185503.7813324
115883538.59579293,84781635.00682952,67395953.22619644,357387205.6232998,625448332.4521186
88301319.38363132,83047378.32581982,72184648.64892359,288480250.521879,532013596.88025373
96431015.62110129,84413260.51779233,74286280.90834339,340974722.62082934,596105279.6680663
91601876.68905243,72187225.36716148,63294312.46296092,351453654.4800687,578537068.9992435
99792583.20437357,63549470.870386444,58132606.82375019,362249748.91470927,583724409.8132195
109478303.2526675,61465546.14056282,70123890.52506536,281804891.04737806,522872630.96567374
100818069.14774074,85002924.54299045,59767856.933392726,322760160.8619604,568349011.4860843
73638476.72687095,67330812.51114535,70057605.41450971,274195198.4415685,485222093.0940945
86355985.69174068,89830370.89139493,61174689.41017895,271714657.0926927,509075703.08600724
75774779.27789736,65840847.49899612,62578562.225179166,248335739.11998224,452529928.12205493
78990165.76937057,89573400.03613034,78715734.76875998,392263321.7134623,639542622.2877232
95557344.7779145,79673186.72454841,52490795.629653506,341902631.8353948,569623958.9675112
87535408.09105526,76861938.75368254,73647701.10278623,369825071.2561633,607870119.2036873
79471349.70538993,79395410.70305975,69885587.87758362,422703910.46597743,651456258.7520107
110282061.55905819,70756025.45127131,61819564.6063574,312143986.38465,555001638.0013368
73341099.79729182,70663222.92729394,77474908.76519747,336175305.67821133,557654537.1679945
82683190.38138366,72980333.83401565,56791003.33565247,326863627.09290445,539318154.6439562
110453866.43115479,76359646.4791486,68172869.47227374,304945204.8856566,559931587.2682338
80421173.90064509,68274200.370044,80403368.5029062,245043595.1136739,474142337.88726914
75735422.40631962,93549124.88949162,72715214.59092554,371866830.69139844,613866592.5781353
78875693.93607305,84889071.24358284,67998618.97866862,338107446.0150162,569870830.1733408
71182092.9597966,77589267.06393123,73512608.60380977,351417739.1932983,573701707.8208358
84502883.75726663,72570872.38832909,74659435.98892228,316196964.16979706,547930156.3043151
90197338.48835547,77885587.72773917,59686089.38018177,305209600.52011776,532978616.11639416
119687986.60069087,83891393.25441718,61883074.90582457,252553506.07825273,518015960.83918536
78129710.91608456,75912885.43352804,59375894.52879735,305433715.0908715,518852205.96928144
92460227.51446761,80446746.29482163,57622197.07109115,291896494.85252744,522425665.73290783
91882900.1776166,91561731.26084527,71180574.24547356,269701132.3929756,524326338.0769111
99866830.8654282,66669040.55996707,55909865.23745614,269068450.0897425,491514186.7525939
68252336.45486452,68797658.66254725,60729504.70798341,309485449.61853135,507264949.4439265
113167294.02725777,79143438.96721147,69870060.33785744,301911124.8417678,564091918.1740944
84145803.54293044,73710915.38638489,57880816.30821082,273733822.1090858,489471357.346612
91606256.80875686,66540774.22433247,64388220.40592818,356691644.0361245,579226895.475142
75572485.50103712,72640045.27829471,82670943.14426643,358323324.3954133,589206798.3190116
95716172.69862731,80437119.55167551,67265600.85641211,258123761.21656927,501542654.3232842
91788374.6768989,87356060.25631815,73107198.23451002,293043688.87109673,545295322.0388238
93776706.97624017,82776719.2991361,59696500.11709816,356414518.3341163,592664444.7265906
76693242.35961068,77383873.29360072,67484777.60551366,309325290.5434816,530887183.80220664
131980974.62674958,81729785.67455162,68363631.69950555,317484744.41973215,599559136.4205389
95061141.04037012,95798159.21632741,67756878.98300958,348816515.6543489,607432694.8940561
95194617.90268631,91066316.97540022,49272159.53499501,285655937.11120445,521189031.52428603
84281812.70079078,77216316.41779986,59040381.93275539,314117424.62623125,534655935.67757726
98036710.15262769,70585348.68385538,68652261.01726417,274686290.197704,511960610.05145127
71677000.321916,57071985.51659053,64871396.52341966,265811561.11031178,459431943.47223794
95401165.39197369,73856272.32762633,68156343.51000705,310838153.3168262,548251934.5464333
111090792.56517711,71909047.87971853,70463393.90819941,301516779.11774164,554980013.4708366
100320900.11867918,92281474.00754836,60969333.60883952,269065183.1763222,522636890.9113893
82295251.57812117,72420776.93155526,68311452.74860246,344345413.0031309,567372894.2614098
99043056.5080146,73463575.47970974,79885572.21580255,324969436.7184963,577361640.9220233
77189795.07980835,79855455.81017779,50116736.26201132,330966325.6769711,538128312.8289685
88492599.19855417,73652208.55894814,70347868.75019415,357544431.33060116,590037107.8382976
75133332.06449288,70392423.49624836,57169854.57408205,313058598.4607523,515754208.5955756
106220263.30101252,66488680.491230674,60556149.56276315,283562880.8901158,516827974.24512213
59495853.32441319,78368094.93971449,63599219.223130114,287697784.1113466,489160951.5986044
123696882.88898315,78298795.48970583,61866026.111952856,293520309.6828564,557382014.1734982
119215603.22735122,65546707.07745271,67294994.95813614,317704919.6126222,569762224.8755623
101744710.61130415,79093243.53491238,60314902.51931062,262552976.68609625,503705833.3516234
82246473.0074539,74595923.7845251,65212310.811248995,338810961.9224008,560865669.5256288
98584547.51497534,76018718.43356402,81097144.03853445,363798133.09963524,619498543.086709
77335038.88590275,66578210.751995765,67481179.72012085,238000543.31693998,449394972.6749593
97696446.47421479,80655579.2267735,61378632.19307475,325933984.85616106,565664642.7502241
85857265.28818642,73653605.01238507,62372068.48081644,257487892.2387138,479370831.0201017
90923131.94203712,71349081.34807171,56341441.2888117,256679420.4762569,475293075.05517745
102718790.21358092,78242873.47006364,80527638.3939656,305469907.6422306,566959209.7198408
91690780.8564072,93163603.39140666,68133006.86778608,448031194.73519933,701018585.8507993
106393166.47636156,79467943.89896384,66641768.092604674,390380625.73100436,642883504.1989344
103752700.02346548,86359771.33930421,74929443.60472657,326478436.1581185,591520351.1256148
88172696.67423686,68931735.9724397,47640769.64311943,238621023.4991342,443366225.7889302
88666411.92186666,78632564.87134317,66612089.49523482,342557398.07696974,576468464.3654144
100587996.8178235,73630955.3771447,69339191.86309002,324752429.56218535,568310573.6202435
73423028.95861112,73950228.12669826,62161242.16069686,298733596.6053828,508268095.85138905
67127076.14704862,85071954.4381068,58625608.528751306,260316736.9702426,471141376.08414936
89742392.16937634,73555526.53394239,60847046.37770208,291855220.65504456,516000185.7360654
77665537.6523909,65420423.8942198,56728421.173549674,259619397.18326017,459433779.90342057
60540244.42563116,75701223.24914624,66996234.872747526,332494134.7332134,535731837.28073835
133014558.31936869,95204167.2063103,64493891.03159833,400222586.6420526,692935203.1993299
95475070.87289678,68424264.92953245,61485376.993845396,324659887.77235854,550044600.5686332
84961518.72361615,83491571.67320071,67174860.65539129,334280153.7937698,569908104.8459779
101313702.49191579,81053437.07611325,60132967.26552129,241966422.77729604,484466529.6108464
76739194.98178914,69821796.4898391,59272851.89782273,271544648.1019645,477378491.47141546
76894542.0628383,65069577.258928835,70330478.91108987,345443482.3691184,557738080.6019754
80486874.0788753,76628045.0542065,57650607.34109476,279762616.184416,494528142.6585926
73715249.26145174,57979491.73052232,52227333.2698277,259101912.15517452,443023986.4169763
93876031.88102442,74749721.1947717,57608475.41443498,333943532.32518023,560177760.8154113
67983294.80379818,72219882.93661588,65708351.382144324,329282923.8564189,535194452.9789773
64670472.911817715,68532860.67356554,69242581.98917997,320617564.9269694,523063480.5015326
88738793.89594325,85239206.32398957,65495760.60416288,283754433.5366737,523228194.3607694
88810539.00351417,74504017.90281273,69006503.00825611,324531514.3610922,556852574.2756752
73863469.70721519,57612514.3824564,68441464.34885101,280319523.2458212,480236971.68434376
72816847.57578352,69481277.94730377,55924373.66188209,298261020.85676724,496483520.0417366
93312922.808284,63801176.17036227,64172407.521798834,341243133.8668145,562529640.3672596
94958974.05557896,82478174.42636846,70970416.26355837,296214622.2638568,544622187.0093627
83103177.1149955,71954079.90916516,67876404.26423436,349845812.63054496,572779473.91894
101141472.307909,90803660.38788891,69340209.1692852,283283286.514599,544568628.3796821
107973468.36399285,75454760.03068188,81306866.29622436,279688596.0054307,544423690.6963298
105247236.01369624,85348036.1764648,76912045.19097823,380696150.13065916,648203467.5117984
109424394.47568582,90547299.60660191,64391839.93143157,301089782.08343333,565453316.0971526
67357789.35719472,80254582.55769904,77747396.17715059,367064680.4879217,592424448.5799661
69090132.75672899,75085856.75559376,60676737.55949954,274321764.51893437,479174491.59075665
74252842.73042826,78838668.272204,70437785.44653009,406842570.6083027,630371867.0574651
62245683.90062982,60259044.62722985,57089717.07978632,290560839.3683922,470155284.9760382
87614568.26580149,82355128.24893305,60775854.41807714,309962702.73111385,540708253.6639255
77995270.0823233,71027154.44295558,71476577.71055925,314387007.9137044,534886010.1495425
124900572.91531959,79571170.12557845,58804217.73350759,343018018.62713885,606293979.4015445
89299390.6351621,100897609.05191799,74000172.46987163,327596900.5831643,591794072.740116
96053481.36920312,93185483.46475841,84733995.4008552,321009223.68884706,594982183.9236639
93347594.01549214,81374962.29588757,60204167.63848938,258769922.8611601,493696646.8110292
114832035.11383842,66785793.925933756,60305267.492474064,359356075.16770256,601279171.6999488
75787704.06701767,71453572.63507226,55610131.74611194,307618044.12776256,510469452.57596445
72057682.58460495,80484490.40338938,70036925.97567905,356165815.7059159,578744914.6695893
103935907.36600061,101314952.01926115,80231927.10773075,369725595.54923666,655208382.0422292
77608543.85131307,83861762.76967086,67574626.17541389,339276085.67160165,568321018.4679995
81656881.41261205,60653175.06579922,49216802.10872612,270440672.76438403,461967531.3515214
82278582.67057449,69509643.08662532,62358203.993327305,327107333.9992914,541253763.7498186
107007048.51794538,75895458.21415879,58708133.3843915,312553293.30087906,554163933.4173747
89705198.66881427,68142920.32141344,66223044.91109809,250965726.09549057,475036889.9968164
70535351.05865121,68661907.55591002,63101126.62728619,269282742.24733776,471581127.4891852
95018095.0812608,75836046.6867517,59751851.288939506,352904422.97298425,583510416.0299363
68014140.86299741,76841112.39213452,66201767.049163856,246831861.9747552,457888882.27905095
92586561.01061073,70671920.72243488,71019439.27894178,258505293.02232623,492783214.0343136
79857147.0081186,77616366.51011294,68332341.51289059,223598461.29360616,449404316.3247283
81799892.43890005,76301879.69912341,76959292.5668431,323735581.1511675,558796645.856034
121277988.85194962,87484098.07009278,71277838.40574895,317711022.1664828,597750947.4942741
98222025.44456866,74036547.82755937,74451128.22107522,358077171.0639023,604786872.5571055
100285973.86120541,88495598.05716424,62555805.128062695,280117037.3480772,531454414.39450955
83500719.3385595,93039064.31639417,78126845.11997622,280076125.0108407,534742753.7857706
93034125.46820702,68010069.13002948,52388004.1132145,255226138.68736348,468658337.39881444
85598316.76386328,70632485.29008004,56760072.230416186,331443182.75280535,544434057.0371649
83519252.01711434,64259047.81891406,60599971.24238392,228012046.87145728,436390317.94986963
105016051.45056444,82950636.98401013,70819969.1456145,385805840.34844184,644592497.928631
83948609.83858962,77345636.89278896,61195942.585089386,318070815.7748443,540561005.0913123
72803911.3141885,84747070.6233124,61284667.53311082,309428389.62383765,528264039.0944494
88146683.17964835,62141211.61731817,52964608.22877664,257896490.79808238,461148993.82382554
81264403.13515902,75465281.9030907,49890449.078518026,321933142.9853188,528553277.10208654
85178414.77121247,77527081.97642292,59177177.982712924,329458704.2700666,551341379.000415
119925999.5953144,85859936.82975872,71614590.19857281,292235536.4315736,569636063.0552195
64431949.21029458,72235082.25940372,58768529.51439029,228364665.52423564,423800226.50832427
73055286.26233774,69552146.52492653,68494127.54837798,329338719.58633196,540440279.9219742
91956202.11673936,77949800.38840845,67226776.63838643,399403425.51419556,636536204.6577299
98569240.82062516,70996712.89418235,77254943.32520436,305820752.36601675,552641649.4060286
70753265.37241149,61935754.94565013,59981266.53934986,313063665.89504856,505733952.75246
70868719.15199593,71972043.04608677,65886011.11949166,290705834.3416298,499432607.6592041
97386509.53802831,80297546.62778549,61662441.09632633,324351413.1438238,563697910.4059639
78522046.90729833,80429466.27087897,65894264.1330664,311970814.7955983,536816592.10684204
86515789.7961157,81184651.49124283,65598358.45842296,281139533.0421851,514438332.7879666
86645053.08122201,68490210.11749198,58454764.82378471,301673814.36738753,515263842.38988626
69440580.6011176,60838528.46195465,47533634.74551565,278786735.009722,456599478.8183099
71045667.0469119,70605184.98271392,52907868.18900963,313579289.3675422,508138009.5861777
111556370.15145363,81659811.37226439,81877285.45728828,323839168.3877766,598932635.3687829
85106697.76174495,76655588.74484038,71902858.30653372,294315845.46763253,527980990.2807516
98411551.99481931,64133076.953307435,62499035.40606788,318801847.9012429,543845512.2554375
66700858.32155173,79128122.65904287,71293624.08220425,358138110.0897666,575260715.1525655
92784455.4184401,70935123.97808795,57894994.71996635,286419782.46929574,508034356.58579016
78485208.59231715,81772160.19277902,63305644.01571233,286210761.1280314,509773773.92883986
104239872.6761574,75676483.86125758,76935668.4404088,335197537.1113842,592049562.089208
94035833.04568729,58980451.08734046,53828095.516961336,247782678.64433742,454627058.2943265
82499049.50986351,79436061.13192962,62231560.28253351,260111303.69489792,484277974.61922455
68050665.39673178,64055329.231648326,64382114.927894294,273553803.96580553,470041913.52207994
86203642.64697625,83302390.69890061,70911558.11995459,324079164.9902579,564496756.4560894
102704546.92976305,86245632.5148131,83903304.56082915,393000743.4010622,665854227.4064674
90372381.72129868,80396992.12113848,71014077.69142072,348241447.84845054,590024899.3823085
74330649.02891265,79698652.85360062,66455995.269920535,312312350.8071243,532797647.9595581
99712125.71127172,60516171.56908575,57029024.55237764,242290980.6663089,459548302.49904406
103867942.35374694,87282815.204219,73767741.49179554,319515622.13742757,584434121.1871891
89153291.80094337,81587106.91665912,56399622.805756316,312526735.31948537,539666756.8428442
120000854.5459988,79210434.93747357,71074122.2688101,288951182.52600014,559236594.2782826
66299080.38757814,74365611.94031875,57933699.41223018,288113089.22849137,486711480.96861845
121779220.3014733,85845344.70443048,75488322.0476915,280151157.1205647,563264044.17416
85401086.84016834,83224625.53975594,67757645.05982465,335683891.7436106,572067249.1833596
72981732.10197042,73915063.50080624,71066311.60142824,331011866.6241403,548974973.8283452
93451498.47516337,64604784.4064758,64176557.419267714,272405522.3538905,494638362.6547974
80823065.21030357,78934915.86616404,60379297.45164555,299401985.58238137,519539264.11049455
80500012.3840616,70273655.97479142,66869017.10675707,300710699.7872509,518353385.252861
94714433.09609732,84777549.77690005,63174585.60805595,290897332.9397883,533563901.4208416
92888096.1811381,62711898.600687034,76259709.38228315,337162682.59924823,569022386.7633564
78982805.94973058,83109815.40385132,64557098.473419935,270095999.1813686,496745719.0083704
100927834.59207243,86682887.44324352,88669591.13954678,356002333.13574827,632282646.310611
99613310.54953362,79819454.53832369,65683677.940826006,256006389.34202817,501122832.37071145
84383391.57277851,89982579.56916636,60497689.72400273,293814791.9883096,528678452.8542572
130998939.83159903,82184518.78154564,74129191.72000347,399045254.20821047,686357904.5413586
122622601.1256708,93455310.11286019,74057765.8831539,293167287.2719652,583302964.39365
83731323.02208759,82000834.90356918,76158180.9905853,356542069.55373555,598432408.4699776
82310444.58583726,71906009.99133982,50155551.10878842,242246533.12601066,446618538.8119762
89664079.28759538,82064094.8812127,69224992.98950723,317190103.53158975,558143270.689905
90740980.60049078,80503316.64898019,67740025.70575677,287414273.1820011,526398596.13722885
81174901.38881828,72494529.75444828,69885823.71918966,296480979.63245916,520036234.49491537
84195759.75524718,80825313.18715398,66323451.14276449,319787345.74105155,551131869.8262172
97133114.64081234,80453730.04152668,77230116.25582324,328312474.88958687,583129435.8277491
100583011.18655708,82130986.63103254,72562919.57244295,316255885.7136235,571532803.103656
87745352.75908828,75731419.06857555,62104280.856793605,377395737.8924365,602976790.5768939
117922660.74973646,70417248.87401135,64350315.630848296,320913040.7803972,573603266.0349933
92462873.21978866,84588908.26362133,64263773.16405067,283207887.8302273,524523442.47768795
84664208.08307463,77489532.61419499,70611302.84594177,331459630.1995724,564224673.7427838
92274765.40015587,76376532.15363501,61010497.3471481,299241438.4653836,528903233.3663225
92241356.7084788,76442300.90691927,78220524.1158523,409376866.1673095,656281047.8985598
65775596.966814406,71392824.84644671,65140405.665918276,344957221.1559504,547266048.6351298
71295417.62160756,66218361.3181484,53076885.883639514,283994457.4990945,474585122.32249
82520017.19839805,68476092.01563412,49396566.24723233,287646543.5495797,488039219.0108442
73510723.50103614,61468799.87116293,69238099.11826359,256816900.19944954,461034522.6899122
87112114.20720471,94439653.2404003,68171217.04063427,326804619.8200455,576527604.3082848
87934853.24546175,98821755.65001392,79428562.69446433,349005444.5479501,615190616.1378901
103097310.41348991,79753008.35248177,51929368.58306396,261471305.62355143,496250992.97258705
79547272.13356188,64221226.20919344,64354903.73393596,272490974.4667816,480614376.5434729
105459418.57452336,79408752.71090207,72310786.01511112,314070076.07817614,571249033.3787127
82008996.46764643,65908733.35733275,48625027.80459734,291641504.00014466,488184261.62972116
95315499.14984137,70031012.23395747,69550592.29983614,289193142.85771686,524090246.54135185
81415543.14427087,68486589.40931411,60149183.779582806,280669339.12910306,490720655.46227086
87965929.80387783,90809232.24135488,76462729.37275895,311033153.1957654,566271044.613757
83382137.68187003,73084089.02465197,66982452.31772816,332371455.12579846,555820134.1500486
105585132.58668952,74829399.70633183,62335170.00683608,289179845.918766,531929548.21862346
74635132.70402347,71865398.64965548,71913676.85848527,266971873.87523305,485386082.0873973
90777680.60583872,79653534.64226554,67684852.41618806,289910710.79973716,528026778.4640295
85487967.54100516,64948175.86051694,59553972.528867535,244792704.4681865,454782820.39857614
92989181.38983814,75812107.76796168,68123003.82668686,289535891.66209227,526460184.64657897
74000918.49463868,85781562.2911489,65009354.04840462,286960375.5986898,511752210.432882
73585050.82899864,89318245.58566919,63677522.33452832,313424450.1247231,540005268.8739192
90479744.16729468,73847124.59002538,70382845.80137846,318684101.06808656,553393815.626785
145914601.0380948,74278220.75404096,61443469.571542785,316602871.04632676,598239162.4100053
85124710.18098082,74376583.94212733,60359488.48949166,248998951.12097728,468859733.7335771
88129068.39231598,85602367.98112875,76163191.29957302,290239971.78890306,540134599.4619207
99557312.1392596,82145031.08774053,57775145.27936596,277001151.37697625,516478639.8833423
77117382.45404334,66986349.777681924,63474488.96610126,425098180.2349957,632676401.4328222
68076727.99907853,68460198.9259684,52433462.890330136,249267373.55433905,438237763.3697161
93551554.29918064,75848976.94755185,60765959.407060504,311632293.98590845,541798784.6397014
88345770.2998473,65820755.407926604,64691801.71056357,324830146.3339883,543688473.7523258
99930601.709516,87352214.16917163,81154376.93453301,379042891.7854674,647480084.598688
98903133.90541461,69790262.93994902,51948612.21847093,244536016.79675332,465178025.86058784
82725706.25802012,65225842.87679178,68840157.67895053,306738728.1835269,523530434.9972893
91846227.37844473,73009868.31987728,49882873.76062606,301491427.3829062,516230396.8418543
80149686.74032928,63938537.84884781,46594337.24999636,255507059.667112,446189621.5062854
82026159.25698197,80954688.66702947,64330701.0064918,316803394.9283325,544114943.8588357
105211899.09764925,94884549.16852677,62017998.45249176,318619206.8766174,580733653.5952852
101753473.64737493,73793574.94614327,67172047.17373374,266913044.3172281,509632140.08448005
102224941.66747645,85629022.03273727,69355283.46860716,261086494.85008302,518295742.0189039
110051099.0799562,77161555.6608377,63881914.162452005,348780803.6570011,599875372.560247
123101146.56435077,89727076.07225165,66500690.3354554,350583306.16411465,629912219.1361725
101181112.65452948,73644087.70960458,62000090.503688484,336252507.6037193,573077798.4715419
90843344.40073422,79877403.84388188,67676554.7110067,302976983.8419655,541374286.7975883
85329906.25333217,68505409.58704948,58357729.3617101,279145559.83252275,491338605.0346145
82603266.03575186,93312013.94828613,58640229.53535538,252596396.6752208,487151906.1946142
101876448.3140952,61050014.399694175,60661612.97680958,345876058.8601921,569464134.550791
76398395.22005102,81216565.82529065,75483295.65578091,322906508.2596843,556004764.9608068
93172667.65532823,86514739.6302061,63652864.833070695,319012242.247912,562352514.3665171
84901264.96752244,64239116.91040444,66384105.21340791,255508835.7370875,471033322.8284223
96802976.49782981,86296193.16913167,79343275.32841873,300901934.14216167,563344379.1375419
85746608.99386816,86167978.0647965,77252133.09414856,366666366.3297962,615833086.4826095
95514601.51647383,74703656.57378511,59921353.486112416,245899371.66394645,476038983.2403178
77745771.03126603,77191117.4023377,62358393.22198331,273510443.03235257,490805724.68793964
109821550.69005553,77498027.43442015,57364608.91112857,251217256.16168174,495901443.197286
91463765.45817606,85739733.35047689,71473527.18222955,306928085.87259763,555605111.8634801
106177473.10540515,88231519.08747032,61206297.27326709,296964730.13029957,552580019.5964421
75996023.27603526,71204648.53675771,64837749.383870505,239118538.14410114,451156959.34076464
93001249.70759721,87834272.72518155,75821258.30812337,325856657.3583465,582513438.0992486
86070937.12948175,73866052.81104405,69969569.99043871,308222221.30075145,538128781.2317159
78236528.63081451,84114374.07127269,69072732.22852987,336916838.5595434,568340473.4901605
84011548.92393675,71877999.97380663,66621227.1526382,266048627.68568102,488559403.73606265
120173853.23301151,71725520.16631827,69417004.20928264,311558601.33729756,572874978.94591
89898861.12748167,88345147.1634202,72235464.62348598,335388221.7293426,585867694.6437304
74914022.23727542,84533672.54555987,59788726.609651715,286486988.8241268,505723410.21661377
107152331.34636906,73189217.81468223,68561556.55865058,287220093.83758986,536123199.55729175
91469289.87983176,76376716.56129846,72663792.68536995,273344821.8000981,513854620.9265983
89535500.89985183,76934368.64030892,82642242.69238687,352983196.52295405,602095308.7555016
97325304.28566946,66914496.24834502,50354955.12441949,232586263.2725096,447181018.93094355
84409575.53540987,73141071.43101846,72864943.84416248,323387413.58967805,553803004.4002688
75673348.75338595,75038673.8218943,80845052.98609483,278214838.72154313,509771914.2829182
77335868.73686881,74248106.7895652,70145277.51020621,325607817.03744775,547337070.074088
85798403.5067328,90920842.33705707,59079003.49661174,335997497.17310816,571795746.5135098
82770113.72290106,79080225.52976216,58554887.04109427,275251488.8462847,495656715.1400422
80247205.09068084,104301744.98287417,78797343.57882194,321084612.53442675,584430906.1868037
82534560.00554895,86800780.83564521,77432069.97409011,386343615.09505355,633111025.9103378
105249363.0451307,67296936.27087715,56853971.7473388,239720111.18657273,469120382.2499194
85469315.91501948,77375390.48002526,75008055.80653352,337339080.7367089,575191842.9382871
83597758.69846287,65965386.83260185,59630955.357814595,329661240.95389915,538855341.8427784
89010077.48388559,86251168.84263813,68313244.286921,322533339.2589228,566107829.8723675
69242493.35261159,76927407.36635944,53350218.45569291,347007137.8766688,546527257.0513327
110134536.18030317,79273199.91257931,67164013.5806573,323015688.8845131,579587438.5580529
91929199.78366968,82553224.50793062,77108692.7301787,342296010.854953,593887127.876732
94474002.71989739,66806629.992019095,61100298.26428719,292772967.2899896,515153898.2661933
94950246.65802823,70772318.97578397,70739746.07437505,309645440.32639116,546107752.0345783
78002310.21456507,78823422.67354979,60900688.91184226,307529136.1448723,525255557.94482946
76915908.61258599,88588015.65472549,66417316.31760363,337613632.33279794,569534872.917713
90163485.45406955,83570573.43226616,64185243.38810421,267943261.13211912,505862563.40655905
83900958.35674225,80966353.6955122,62282785.477329284,325065628.40530837,552215725.934892
113860383.57027823,78615371.98674592,67018204.89914107,342205782.0125432,601699742.4687084
73171864.77388702,60391971.31836123,50074996.72353663,294922113.8886514,478560946.7044363
97766768.29548925,91330357.96996272,79566727.49886864,275611733.48334634,544275587.247667
73723225.09960465,67349257.24828874,55605188.43786764,324791608.67466325,521469279.4604243
67355249.47409557,63867444.967171274,64351295.947621986,265034229.21024868,460608219.59913754
78977104.18015897,75156098.56266446,66266225.129100785,271035480.016782,491434907.8887062
84137830.15163703,70678863.20635895,69519465.60112403,298741620.48307073,523077779.44219077
65701154.69597932,71973044.31018232,63659393.38229153,314205901.8012963,515539494.1897495
72997401.1302245,75093308.6582706,56675954.821583085,265363026.07829726,470129690.6883755
72120273.29524651,84058940.83330467,79740481.55177103,362005029.76049465,597924725.4408169
103776123.87001863,77586613.09552573,74610366.36639567,239401304.90539846,495374408.2373384
77850845.46616149,71619733.63637024,52397343.68045741,267128675.61416304,468996598.3971522
98492127.59264164,89771374.81240046,83788640.43292159,378878470.2855877,650930613.1235514
95415431.97726747,72184262.28584376,69604316.14362939,311868076.79343003,549072087.2001706
77192389.6982241,67923903.09177753,56608971.286784135,298940506.7035022,500665770.780288
72986223.23138218,66747393.647625305,78495436.72992568,299524242.31362724,517753295.9225604
83966386.000265,69665016.90991661,73894894.21007037,294617052.0430352,522143349.16328716
97267191.09610651,77048496.79130052,71753298.74915902,288941741.4694709,535010728.10603696
89893054.9558268,86461392.13092898,72635076.6536799,304666614.9291429,553656138.6695786
76182005.54635942,63599306.85677012,54684256.92188714,282988602.2973659,477454171.6223826
93102187.07639045,82734003.00087939,63520368.25504345,390422454.2041466,629779012.5364599
102187602.80904949,79813054.12316756,58900952.799197435,353798819.6185977,594700429.3500122
85953517.48906663,66284603.69688466,75474434.71531226,406509516.8212171,634222072.7224807
101638242.71348321,74366884.59811956,58983854.19124987,207185445.61962968,442174427.1224823
80152430.50222884,76604696.49432597,62502791.5586246,229686790.49073935,448946709.0459187
82932079.96337834,69807486.59285784,53164071.419527955,255325121.66667733,461228759.64244145
90177140.28796151,70871453.93596494,67025545.64225018,333737841.77563745,561811981.6418141
80982225.32239388,77007699.37219465,61157500.11338983,317250677.95955145,536398102.76752985
81476468.76182845,81394005.78475687,81933986.06799406,318186089.560611,562990550.1751904
79464983.46918735,89886674.99534252,71410294.7368698,332853189.130514,573615142.3319137
68831070.8137243,78266801.07328632,82757891.54352991,387649613.4797864,617505376.910327
75951296.49256204,65654338.578476995,56836348.47342476,372085110.8326393,570527094.3771031
95876014.52093321,76887982.38896547,59127797.296183325,271247085.3153409,503138879.52142286
95893441.07016951,78668837.28360592,73306678.5557927,331943848.56536233,579812805.4749305
93988010.82488717,93277132.85897745,92027132.42291148,429187926.74646986,708480202.853246
84884958.3923419,83669959.96591309,55778461.64904034,325375816.9179463,549709196.9252416
86290306.5382211,77709713.36411496,59731192.08595084,350161429.8468597,573892641.8351467
89778705.80037533,76668587.22454962,66673132.1024076,257995393.12825274,491115818.2555853
102213593.79236248,67943834.82576782,72930912.31589667,318510996.86104846,561599337.7950754
100625049.40372084,65890530.84204597,64057532.04658629,315625123.30885524,546198235.6012083
107258723.51519951,78521169.01435225,64904895.311701074,268853545.2252024,519538333.0664552
87817799.35598832,70557791.5388326,66371195.57505829,229798565.8944211,454545352.3643003
68565123.82971482,64605485.2984138,58514070.991705574,337485918.78396016,529170598.90379435
76751830.4358608,61608092.361774206,53894707.57131555,290697623.3000155,482952253.66896605
105879384.72848393,60900534.872923344,59853185.094141304,273142341.6531844,499775446.348733
73189285.34632951,89559351.06188124,75399909.13586073,293036908.0874913,531185453.63156277
70698754.74328163,76131737.66570808,81015664.99787986,295481498.7786175,523327656.1854871
77513345.93512852,83927025.84875841,80863678.10907322,271425524.9773083,513729574.87026846
72067763.98723324,70036057.50615431,65116808.57639907,324932353.13263124,532152983.20241785
82796341.00366232,88412543.96789254,78907652.75264005,327145359.1374549,577261896.8616499
72699258.50883949,67918845.30670185,57309969.621062,250341312.47014064,448269385.906744
92877518.33966422,87553951.5035987,75232741.54265593,327341219.3814601,583005430.7673789
90942220.39672874,66788598.60908892,68952303.09401764,358357483.53005695,585040605.6298922
104490498.73262285,84549099.67599547,73459185.68492737,348079313.7435895,610578097.8371352
107042606.60107918,87532572.59739888,92844880.56404048,275340226.52205056,562760286.284569
105230281.07543299,69601434.40312643,63422281.2548741,292467923.41824996,530721920.1516835
113675216.92617524,83754155.33239464,69130683.09089902,333277984.19567144,599838039.5451404
90958569.06306104,70214489.07533367,83124394.53121498,392683863.98932123,636981316.6589309
76929915.17764167,62504091.98044105,50889134.45243921,283082104.74870324,473405246.35922515
107983060.1199772,100371784.72798266,76427064.55915312,336113745.0466974,620895654.4538105
93103285.4141534,71071255.45650066,78550215.03653994,301565248.4867513,544290004.3939453
103691584.46485867,76137336.56587157,54335334.0418375,285543697.2871195,519707952.35968727
75066127.91981815,73317394.21960713,68702766.77846351,292793222.0181258,509879510.93601453
75869026.55474019,70030175.85217592,55683449.081516586,359675551.002248,561258202.4906807
89710119.83368848,69072924.30263156,63294922.52371522,315457104.4273103,537535071.0873456
95416832.93947731,74164853.37834619,73323117.4355495,287376798.83523136,530281602.58860433
103609702.3372623,82386068.40106992,67253097.66686207,325520282.5796592,578769150.9848535
102418393.73513128,78086903.31668098,75729401.69949096,332309511.42619747,588544210.1775007
89903936.72758819,78953182.47314727,59344149.423681326,285633690.58562106,513834959.2100378
72315886.61477649,73346723.25839835,65873605.90762756,252134305.5639716,463670521.344774
88455325.3526615,78479573.04301798,70242864.37352985,310878611.94426537,548056374.7134748
97461835.64575882,77372240.1750196,59468017.46713236,325626768.10561407,559928861.3935249
71632584.18943797,67564189.86285844,70955068.08835283,280013996.5755623,490165838.71621156
94488166.7383394,85029471.15776537,78746645.22643453,370194573.10407597,628458856.2266152
95681248.1838837,72498406.41346543,53650107.9981933,349199931.6159374,571029694.2114798
84742710.99903046,72708585.57128866,63560634.48028286,264229647.09415364,485241578.1447556
99361546.3708449,89572409.1117754,74806824.71701579,266044185.75949925,529784965.95913535
103527257.69585691,78808705.73008604,58746394.22359536,274251286.44634014,515333644.0958785
84699769.87218949,75937926.66818447,57468341.23105174,345891092.63030154,563997130.4017272
81070943.68945172,81524195.14800309,64580932.273115374,315817624.87125766,542993695.9818279
89239573.71390258,80128169.74551748,71346657.0918427,313976049.3261004,554690449.8773632
81394378.35685985,75116459.84861799,56358532.453414984,293336762.6243467,506206133.2832395
82190973.34739944,87418128.80474958,67389568.72139229,360045018.3458295,597043689.2193708
72709906.58720021,87790294.8649566,62688978.047652125,293913773.9868338,517102953.4866427
97793327.75112239,72908994.00741635,67618679.90288901,298263688.2500524,536584689.9114801
86174880.2871161,86126941.643885,77328311.1578664,271930078.8706132,521560211.9594807
91097237.56230316,70358290.2320667,54719958.56170218,264954699.2825656,481130185.63863766
84151488.85997556,64123405.25717544,66677013.18812868,363132942.8200118,578084850.1252915
77952827.07078722,84877552.7356135,71577546.05185741,270323013.9543557,504730939.81261384
100129359.16849689,86643502.58407062,88862732.96490416,351586570.9048017,627222165.6222734
93597746.66892794,81832558.53700732,80329154.98944595,303527863.5654946,559287323.7608758
90923221.54221968,63890168.5401167,58939488.52431321,317731144.6243921,531484023.23104167
91983950.44488116,93267688.58121315,71291666.14316073,269646862.30752176,526190167.47677684
87219356.33340932,64980012.73453288,61197455.354336604,311963836.2840929,525360660.7063717
74618292.60817151,69538024.69151808,58817659.06072775,294145693.8439406,497119670.204358
82973283.18731369,67488097.80123904,60754850.02559366,328954912.358231,540171143.3723774
83084985.9326319,71762565.43185492,65351136.40202675,303083301.8844535,523281989.650967
104024240.27217226,95109177.61012085,65912774.99187657,290634347.428419,555680540.3025887
65183451.997139536,69926331.75564638,67148542.84437366,297412816.50690407,499671143.10406363
80705716.25435713,77532872.31140338,63899876.160778746,285073213.5734343,507211678.29997355
82297199.9215197,87906509.21984722,75740628.99630798,312076210.6557639,558020548.7934388
74051167.90877786,74808915.22041707,74585084.64755216,356717746.91396475,580162914.6907119
94805212.26270773,76459813.74831033,66127957.54286093,402469496.39739305,639862479.951272
73277551.86633277,69947945.81386621,68156714.13100308,293254791.38047546,504637003.1916775
91089098.62494254,71302118.78839408,58879507.04540857,302112303.8588543,523383028.31759953
81313166.31804317,56765783.32300958,58060147.41002543,282826665.6660375,478965762.7171157
82469747.1858602,77891251.73735294,67810270.09693968,270833766.9567798,499005035.9769326
119159772.83226687,59100645.2978527,68990459.92634386,309075702.38001764,556326580.436481
92211113.50386159,71383012.97574058,54210681.05648208,277078075.8419574,494882883.3780416
79414233.74592574,68184897.98152356,53658873.31390399,301272850.54962415,502530855.59097743
72376850.52374455,68532413.93389173,78265462.64400354,322115356.6792308,541290083.7808707
60718193.05561583,69723006.59389994,52199688.507238194,331094414.922185,513735303.07893896
83536621.769402,70774669.09641725,59097294.31214802,280063567.01059747,493472152.1885647
97058197.68824789,81822188.73453946,69210178.84678052,288458984.8220053,536549550.0915732
73732081.16054939,85865313.84557718,78763509.49792124,313341684.3075718,551702588.8116196
116130617.798329,75524896.72388344,69074243.35775734,276008687.5668526,536738445.4468224
77721792.32325108,77575704.94092603,71104760.16283853,296513445.81434333,522915703.241359
79767551.70962298,61833459.18389657,57473299.90011983,334812019.8270932,533886330.62073255
91432357.76186179,76720723.38130303,72511645.87573978,335778889.7328072,576443616.7517118
94917737.14048244,69850660.52658974,56115337.36783977,306979468.91554314,527863203.95045507
90467296.76725201,72141945.21289305,59560112.585744455,254299905.42005196,476469259.9859415
111830319.21262805,84611597.35866216,80490909.47279224,261935621.92340267,538868447.9674851
79393484.32231976,82042238.74825777,67146654.40193248,297647858.4067038,526230235.8792138
88244059.62313735,72704002.4473774,64772527.10118966,309054607.17567635,534775196.34738076
74508326.20176053,58312631.76927926,55373039.97542143,329362780.8147009,517556778.7611621
82684129.74017476,62668741.122635506,59179418.59140767,324584034.9217171,529116324.375935
116472138.36972845,78918385.03767478,72775168.84677544,313460948.5213075,581626640.7754862
76084783.42575073,86036747.01828595,61031872.79206288,375895902.7827787,599049306.0188782
95942125.80238001,87109468.2462714,64192406.80425464,294202756.70484376,541446757.5577497
70732382.9277767,72792308.56632648,58247726.00300043,315823830.16057354,517596247.6576772
107275180.19757842,81971723.98651837,61546880.786922686,374052999.9180244,624846784.8890439
77512657.74281901,70720888.88134447,74311012.41335054,283522427.8285784,506066986.86609244
68287586.74178417,80800804.07208282,57645947.75188359,292697066.2386292,499431404.8043798
91439968.94531119,78551257.68024036,61955668.30031304,334377824.46367383,566324719.3895384
105972306.71532239,73363279.92937812,53707269.641532145,328353347.1498561,561396203.4360888
78207185.21138157,68308197.4163365,59597536.34566794,289619240.28120476,495732159.2545908
98568427.48666532,80209990.66036189,68938020.49334116,328906091.0138862,576622529.6542546
96114322.93748367,84740527.42885584,63898115.18705974,264933258.49413845,509686224.0475377
84919163.4339929,67812072.78070433,64507476.21612048,313172410.50969034,530411122.94050807
116132512.47558758,72112207.58751965,62803712.94330929,336471684.7352225,587520117.741639
100473343.75569421,71632594.92006108,76524262.45665756,317976109.1854896,566606310.3179024
100426664.81118055,75026397.07125047,60390485.86631374,336693790.49956656,572537338.2483113
83596057.114424,93254605.87680554,49816406.70198022,284457151.50113046,511124221.1943402
105098303.6672994,73054503.17841974,72526057.23357947,308325069.9555922,559003934.0348909
71769498.29359865,76532230.07625866,64619615.96431121,327754857.3072696,540676201.6414381
108732240.68679473,97099324.52512202,77269284.97194849,422766340.18937045,705867190.3732357
82850573.16450663,84890721.88682877,76095412.33059402,294148346.82885426,537985054.2107837
97208167.21335967,82787970.02462727,74830384.93130241,373205052.2269358,628031574.3962252
82856911.27062897,74514622.91359459,72470085.26197961,323725045.88421184,553566665.330415
77714005.59408456,66777256.77594787,58752428.27470008,255679808.60210982,458923499.2468423
72442196.14041331,76324882.4842716,88626227.23486026,367748583.7338158,605141889.5933609
95359110.20665452,90740352.15139474,73790272.28936253,318756981.1842114,578646715.8316232
84785896.0392253,73105407.85368447,78404208.94773787,339903722.3105166,576199235.1511643
75660367.00330046,76803594.88528349,55033817.457108565,291699600.28046626,499197379.6261588
87640560.03849013,81079887.36736283,57529453.65744956,338627852.5510993,564877753.6144018
80642699.88811155,87131928.66991499,63800824.177182846,324789070.7548046,556364523.4900141
97940042.6759586,96220445.12739018,85770746.0630096,357176528.65687114,637107762.5232296
83745920.2591343,71415577.76657914,79089065.54348645,337254205.5331145,571504769.1023144
75189679.58828609,74591395.05251622,66020956.212336436,316131222.1101551,531933252.96329385
83358164.21914639,73231041.39710656,65089943.25349379,351176411.3898999,572855560.2596467
76806027.43712641,67832943.57162935,63132532.43830248,298852605.3320214,506624108.7790797
66727364.65509629,65955525.77975506,63716961.26126414,278370028.8036107,474769880.4997262
86191625.75654496,77147379.4542697,71633439.15062374,323484575.33907914,558457019.7005175
89845057.40926507,78886212.56546715,75672705.87154667,292810236.63869464,537214212.4849735
100371585.68958004,75422857.21403322,59808775.38078902,304705954.58944994,540309172.8738523
94036023.41007507,75559587.3555555,62472542.61829972,337166150.14328843,569234303.5272187
77860341.06646274,50816172.826720454,52696905.62214814,256529487.15144283,437902906.66677415
92286302.31754242,77005666.27825324,76408823.90774345,335473125.9925903,581173918.4961294
100004863.56997149,79125084.72945917,73736534.25711825,383785587.82461876,636652070.3811677
81689831.88972306,76456877.53454614,75732614.79401493,310267620.91356635,544146945.1318505
67943877.47518481,69181133.04342733,69404274.7637051,285310006.90926725,491839292.19158447
84450899.25516061,74366962.01208702,67579688.77983983,298473253.23513824,524870803.28222567
73836602.49461365,79690871.6079762,69630548.77973725,311236175.2536782,534394198.1360053
91129905.02782765,83687198.61544618,62232401.95382938,262954351.96721268,500003857.5643159
83059821.1246646,74478350.50570747,63827841.13762195,304963621.6858062,526329634.4538002
85931075.01257409,81787945.75616542,77151854.7092052,313007203.9038296,557878079.3817743
117670827.59946035,74106733.09358096,63782595.28163742,254609317.01138622,510169472.986065
90690000.30064516,81092302.60718188,61558934.680633895,280782262.20565736,514123499.7941183
85929731.44228293,74008199.82042845,48539811.20304186,262949251.06685835,471426993.5326116
70808293.89906068,58751767.95771825,49805873.65568815,270009053.3074115,449374988.8198786
79941086.5478211,73869199.0970525,48906121.641914815,231047234.88252097,433763642.1693094
96924545.80773966,58714678.33450178,64114877.58152295,277818356.6284975,497572458.3522619
75881666.1699311,75198216.37070765,75067291.42120096,308713142.4555898,534860316.41742945
84781809.5009106,82943350.0439621,77571802.21650888,341214299.2810822,586511261.0424638
70897581.87106536,54512417.07122648,58562172.141546085,307325638.7968801,491297809.88071805
93872873.09256208,79477591.76689927,63948268.238410056,297459175.6166778,534757908.71454924
103041727.17256807,79589031.565661,78377952.70607647,269599650.09772456,530608361.5420301
73654122.39593467,83433858.03867553,59390578.35120532,314465261.9365011,530943820.7223166
89205864.2215824,68694432.41502203,70471852.83465454,326991501.912112,555363651.383371
86301613.86241147,85157128.63478181,69126282.74426486,343772010.37152,584357035.6129781
94977518.10491316,76819254.51908585,53476605.12876474,268801597.76078063,494074975.5135444
99954572.56442244,82758371.3741444,68666508.59946224,266282902.12902626,517662354.66705537
87754861.45853509,76499933.32714431,66296357.65796342,283879909.5910429,514431062.03468573
82298332.34532644,71944568.07719563,67164701.12578835,319906896.23494875,541314497.7832592
95127658.08115728,75551174.54222812,73000226.72889046,410249006.91812617,653928066.270402
89613915.91907184,73623768.85058914,54401357.195362516,308498845.68229586,526137887.6473193
112172543.23647831,76660784.53381538,59284385.01921278,260222238.4127727,508339951.2022792
108908252.8097366,76303864.58068967,52635010.73679461,286153190.1786869,524000318.30590785
88998440.05919382,55331595.5748936,60325792.14429786,316950837.59007746,521606665.36846274
90272290.58723217,72976755.21493855,76401411.01142763,301038911.5695137,540689368.383112
97296478.63420956,70943155.51436108,66874311.95002955,311534791.42606324,546648737.5246634
80023906.17340532,68585240.5272168,52788783.87089714,299042005.5116626,500439936.08318186
75954188.37121171,76547005.10813634,63792036.915973015,305254683.0932034,521547913.4885245
95868197.33021931,82972323.55746806,60691453.11866865,380108453.3086433,619640427.3149993
80125783.15229121,74921413.98732905,70161799.19509189,295226381.8286921,520435378.1634042
89042949.15779637,79335613.64025444,62117599.530133165,295004396.0216847,525500558.34986866
105519326.49522756,80686451.24824987,60841585.06304273,277466020.20799345,524513383.0145136
74861378.1311513,76073769.38892739,60270364.06056056,252097981.69567168,463303493.2763109
60296485.1657863,50850346.42305876,52242906.465307936,286631475.67574525,450021213.7298983
72187016.85508229,78868938.92489165,66501876.27118312,363295411.7775969,580853243.828754
86789867.6954294,82305743.7602093,79451338.48617907,292654654.5428159,541201604.4846337
78769906.74220832,81061159.15975048,57257119.08182495,275846503.7488207,492934688.7326045
77928398.51381348,81017797.92593485,63974864.0218698,381534566.15407145,604455626.6156896
86687662.45853779,66622200.7552102,61012101.17686055,259000503.01280186,473322467.4034104
73303678.42887372,65441828.07646121,65993976.41069752,270829759.63329715,475569242.5493296
76058969.54776794,72104685.77512595,56629676.62222938,302463908.7886624,507257240.7337856
102909840.67649409,68635423.84205896,61855479.58247804,292288967.4855404,525689711.58657146
107721965.81360641,88797638.66704106,64724984.00053306,329081546.2085861,590326134.6897666
75584281.4392297,93016256.04415508,68745858.44666894,330959701.04932857,568306096.9793823
68375679.19760507,72478042.8068831,59930125.92872604,294719488.8267521,495503336.7599664
76322841.31977619,84194212.7741313,88172208.18512152,322360815.31493986,571050077.5939689
78981605.3128324,71719733.70470197,57339799.12544931,284353907.2020612,492395045.34504485
105781875.34760508,68736643.79150249,59727175.129043385,260614447.16662621,494860141.4347772
75638278.29706961,110038773.46430787,63318681.63824132,306895023.54429185,555890756.9439106
71668706.81090459,73333033.03001015,50682071.80947501,254286031.149165,449969842.7995547
72613251.94982347,59684222.58900126,57153973.54060716,257642392.63678426,447093840.71621615
93324029.77456307,73553979.61831799,91822360.68096688,364524264.94431055,623224635.0181584
77861091.19045721,61708705.850659266,63635618.59833595,234500608.4458738,437706024.0853262
104045603.7670906,72804901.24911694,63863832.1749344,319859193.9279512,560573531.1190932
97690894.01218678,66590533.20492462,58303943.04543918,331092600.482872,553677970.7454226
77445697.43606418,78815561.59556158,78906177.04574911,266350381.63748989,501517817.71486473
75176796.99861415,74291466.91401416,72424797.75250648,270112456.75510985,492005518.42024463
84047294.04597041,75196897.38731772,65928452.81583552,297850994.74380654,523023638.9929302
76770473.33186634,60672716.26580127,58263187.71167382,298456035.33493435,494162412.6442758
88746320.49937055,83869910.33999906,62540930.8921007,308436224.5472348,543593386.2787051
117408726.4847265,63434532.31635634,61096749.48031401,280511967.88793886,522451976.1693357
99986805.5362457,77212978.98008026,71042422.40956114,358255936.39264315,606498143.3185303
72749434.92568074,66613653.80567423,72454792.08239995,279745450.0177819,491563330.8315368
90006355.6003457,62587945.80840589,65066416.00156458,284188168.8111159,501848886.2214321
81455330.8298043,73615187.67287022,57237861.472504824,292541452.25288004,504849832.2280594
114380893.87854512,83101143.96876761,64292719.56635355,348769467.2502658,610544224.6639321
101109661.4500757,64054551.18291954,65904610.99872123,310504075.16682374,541572898.7985402
90634193.64647266,84373900.74575707,76294248.49753177,348458944.23530954,599761287.125071
94498939.25523871,94389711.97112063,72381485.58030641,298873683.92437595,560143820.7310417
84730889.68466583,82422743.35225375,63550863.06015146,333414276.2667885,564118772.3638595
82839954.22735853,59271801.52371767,54912382.390444845,318196186.74635917,515220324.8878802
82764291.71966107,73841709.13885659,56315373.807964765,294903027.90216404,507824402.56864643
110220272.18847415,88032594.5170408,61993092.305434376,284281052.4000037,544527011.410953
78886913.42448452,75769885.45192555,69602518.44880417,357835807.2753947,582095124.600609
81009493.43320557,72211851.7686316,64387694.54710864,292197052.24101883,509806091.98996466
64391196.808883704,76843020.23343731,54948803.94600563,236718389.44370568,432901410.43203235
116529892.82769424,81332095.43304753,68731538.88858719,301217376.86461973,567810904.0139487
75224007.2492504,69972693.47650991,67021055.22920319,308846812.24255115,521064568.19751465
79884621.19943812,64015572.67775867,66417805.88380723,323283310.67494786,533601310.4359519
84052988.99356544,68326683.10262218,63881090.184718415,281801105.21282005,498061867.4937261
75275650.12222207,67856756.78793816,51749865.89310029,283509883.38126135,478392156.1845219
97648541.39051455,85928379.59282847,82009282.58204412,331479026.31220925,597065229.8775964
89964374.83925357,72809385.9776265,70987726.83812425,363571761.7729605,597333249.4279648
61868963.52881676,65653998.17236104,69131817.88418931,300258220.28791994,496912999.8732871
70001562.10797587,74175953.30822895,72751446.42168587,321486161.12611026,538415122.9640009
113776326.36084104,82172517.33466324,102307652.19203645,316734144.754769,614990640.6423097
103645692.3332133,83315316.98947257,77134209.25507435,315508475.278119,579603693.8558793
104742345.43529032,88010026.34453693,60067580.05958485,275812163.4051881,528632115.2446002
88520005.02006862,74443264.2166503,60635727.67678685,298136504.24525523,521735501.158761
87883027.96104524,79442213.81445886,61739405.14269054,231000920.33978483,460065567.2579795
96449666.90726525,80409941.53532748,59778597.8581815,326443556.99134445,563081763.2921187
94227215.2441234,71998122.35985218,63465412.62928198,271039635.75222784,500730385.98548543
81798907.58986261,89249330.73989433,78262008.61891957,352993027.1584435,602303274.10712
98359176.61023468,63964627.34233912,54559976.82633711,337132375.51046336,554016156.2893742
76018358.4355659,68026579.80687681,75261274.97641067,275180082.4483337,494486295.6671871
101467061.32577379,89256014.26567702,77781830.91862117,343284460.35710096,611789366.867173
86032221.7121925,87748002.28650942,83062642.60065474,321406025.3421723,578248891.941529
92431645.1787695,72353904.30525292,70028383.6195499,339799393.4322788,574613326.5358511
81253314.15776132,81567069.13609132,62983881.4957039,295279134.55325633,521083399.3428129
91782829.97912408,75411136.95476821,61148457.92694905,315714098.70970666,544056523.570548
74525452.49341227,76630062.37041509,60385261.40984479,331961375.52326465,543502151.7969368
89212730.54763249,70468416.67227045,70318054.64901526,308156693.9097047,538155895.7786229
88926443.67575327,61489049.78732372,64738325.80859057,286460635.16013336,501614454.4318009
99535943.34790784,78952004.5496995,71621294.01087236,337523563.2508399,587632805.1593196
88184585.99399443,73863041.66705531,62003382.588842936,299307515.563463,523358525.8133556
132422768.93080737,87128882.32550696,73775671.54277377,328988542.6161444,622315865.4152325
103866693.40638338,77229579.67411456,56462622.26312835,290970199.19711643,528529094.5407427
72545357.76619667,71317370.34914868,70791391.94725506,352438777.17398864,567092897.2365891
96781722.3438481,72197465.32388115,60825971.068087034,290380132.05660117,520185290.79241747
96813619.81854872,69157030.57654606,50142225.43628432,264981735.77390376,481094611.6052829
100471682.59184584,76288103.67331564,71100101.72063564,285379288.41493416,533239176.40073127
89497712.1329864,68905200.0849006,60401492.49714745,284208684.5329587,503013089.2479931
94786409.60201958,78894830.6228023,65415596.83287815,329260726.4748649,568357563.5325649
90997874.67744108,82095421.31314546,56007495.32642655,292149011.9104111,521249803.2274242
80659464.28398223,75790081.22550154,68256181.48513108,266997510.65852723,491703237.6531421
82716473.38066702,67960249.06904754,64306362.04012085,296262682.539554,511245767.0293894
102807657.6832602,80258570.35302657,53984762.31974177,309278105.3861432,546329095.7421718
102113358.53615884,73434791.38834213,61566463.67587681,237452678.55214298,474567292.1525208
77121705.21685244,61251166.76805135,63288024.23413662,267505381.6449948,469166277.8640352
95603495.39073804,71713889.4066995,54730038.92291383,287719963.302216,509767387.0225674
85098368.54997396,81019408.98789006,62657261.84319077,314965234.7883156,543740274.1693704
89243274.53634657,97829528.23657124,78567869.0389135,291957170.2522904,557597842.0641217
118843408.07852913,85649117.90243225,70058119.08075677,309544092.5503989,584094737.612117
83432115.76380974,77062504.96039556,66347694.50175133,269544769.6160364,496387084.8419931
96846905.17118482,81000571.89514312,60383616.07882665,330159315.53461593,568390408.6797705
108985282.87307552,82717859.62445307,85584934.94868146,370197274.15113956,647485351.5973496
96657075.02101266,95141562.96747065,69518136.53609654,281426066.52138025,542742841.0459601
109839371.98983222,77480775.91354823,66924108.71448148,293323867.1762418,547568123.7941037
112544317.3439881,84807785.83268644,70877721.22082463,322644630.08550924,590874454.4830084
64653699.97638905,83871456.87394552,61995164.8277262,369169315.70692724,579689637.3849881
85292654.92620437,71330050.93694015,61171796.4364038,306606191.9630676,524400694.2626159
88483010.06932592,75981954.45463516,63107717.165012494,276203221.19933015,503775902.8883037
79326373.99134949,88266083.08595493,85616945.72981688,399944863.65203756,653154266.4591589
65507765.50229232,75096913.89444272,60357404.79128391,308196104.7655945,509158188.9536134
90429011.64519216,88717233.91883825,100020248.90893303,324844054.81910473,604010549.2920682
92007259.08363956,92317036.44391696,79160738.84258862,278734920.58786464,542219954.9580097
95657334.61438277,82708062.15756297,72388065.72009164,322730719.9386509,573484182.4306883
128664395.91843621,88931315.56232524,71188497.47911017,304230303.42061865,593014512.3804903
75801685.4132537,61588476.0076996,68823634.85273,285390079.860389,491603876.1340723
95542576.54869725,89346570.429388,68882330.92011453,345027975.4685244,598799453.3667243
74467959.07704611,74472052.24225172,64728192.5886558,305003428.420575,518671632.32852864
83818954.58811986,86847716.39863387,59845497.920225404,338326634.2408981,568838803.1478772
103445907.93381315,91858796.76115432,83542403.27136551,383233520.8354011,662080628.8017341
93025657.31920566,79540966.5797684,63133815.22880701,274858732.62834716,510559171.7561282
78068336.56700279,69273997.94955121,61020534.218143076,274557187.0629894,482920055.79768646
76915751.34515455,69497276.14693202,79771820.95558819,302603271.0939593,528788119.5416341
70164057.7511368,75589905.68278678,75743599.5520291,321375716.4692654,542873279.4552181
74060912.66689132,66150035.05472878,77922654.92644264,326484021.3243067,544617623.9723694
81141259.17446783,78436144.85623395,66188924.92695684,241421666.02982673,467187994.98748535
70195202.70667078,71562213.74006723,63492881.868183024,320607742.8247355,525858041.13965654
110206127.09568816,95193844.83171825,61545537.40059389,376079487.2701429,643024996.5981432
84705410.12740201,77688583.59858464,70808117.30953322,354410729.45191795,587612840.4874378
91959918.94468708,74976140.01639211,59524476.553212,377115600.3672242,603576135.8815154
87737559.7775725,86051246.19268595,70752338.56168418,271681109.1765091,516222253.7084517
83988983.53050847,67393009.9651411,66708981.0215218,289244280.4625159,507335254.9796873
63509950.18335946,68937101.04520036,70816266.15811837,299009773.81146014,502273091.19813836
77805781.05560338,68593492.84312344,60987453.514634065,312129986.49991876,519516713.91327965
75951687.71660072,75212579.57239003,66349271.751017496,324414051.6086001,541927590.6486083
103694198.75610895,68074238.62068586,64477768.52444339,338373801.3417996,574620007.2430378
79940786.77397619,65203543.137772925,52999635.67018729,270105432.49498844,468249398.07692486
73512013.9849182,64545726.097710274,63823413.579045676,346243923.2030442,548125076.8647183
109889543.68112446,84204366.12218557,69896666.09445016,310139379.4873884,574129955.3851485
81222490.75108372,70430438.75727648,62217849.696622975,281183610.43118924,495054389.6361724
101929292.97106999,89534142.593625,70997647.51017836,321761310.0416664,584222393.1165397
73049758.14784628,69773248.11657797,49789607.125133224,257511568.8888694,450124182.2784269
86376911.25216755,68551819.39268242,73486658.28442079,319578544.4553716,547993933.3846424
81453241.72075216,80901408.19881545,66354652.137663685,286062344.1450738,514771646.2023051
89093715.02582374,73504103.66976747,75488948.90637083,303173312.72290397,541260080.324866
106421686.17359735,67204628.96232906,62562037.91026093,258512784.87948143,494701137.9256688
124669667.87020022,78140539.90245496,63795496.95948894,323365296.79148686,589971001.523631
86507433.47542717,70967675.81848367,61255032.488669984,308513166.7526717,527243308.5352526
102863045.57846718,82034519.93298894,62318414.10948152,271386138.71256375,518602118.3335014
123263335.15091838,74015400.60644221,73903891.40149151,296147017.4064479,567329644.5653
90699196.3130069,63017319.28850043,56116261.11609864,238553694.6989443,448386471.4165503
91786641.62585051,68399096.47063696,60872878.72813211,355132716.28363514,576191333.1082547
75971967.38212365,62026666.10462355,70006997.18734893,328152645.3815464,536158276.0556425
93966624.69551313,78952754.40768592,65479753.48510909,315343429.433049,553742562.0213572
95592974.06224304,76547253.79464078,62899481.77781917,310336109.3223783,545375818.9570813
73709179.95993762,82260163.02359203,61528901.86766505,242287844.14471525,459786088.9959099
86434926.3219627,79096912.59237799,69117707.58541906,270282784.801747,504932331.30150676
79514080.6065511,74966947.18119766,59949811.60061452,285734578.2959231,500165417.68428636
99263374.15129277,87436854.50554955,77232928.08849628,395545127.78052664,659478284.5258653
82659897.1988402,78413402.28960453,56682631.99625244,309599850.86859983,527355782.353297
88936985.06720962,70015991.91203041,66050976.466343135,273869508.0420313,498873461.48761445
106125134.34424666,71598906.78127457,61642049.68010483,339270251.21095747,578636342.0165836
61206035.75086266,56787568.437026724,49823744.58641671,280535626.0035097,448352974.7778158
93907032.77063943,70231553.23455447,68768312.33214857,331945869.66417426,564852768.0015167
69168962.824259,71729603.1593119,58880647.22400838,251845799.69210526,451625012.89968455
113968376.34090067,74970388.11841294,67531176.2958807,343333597.56884617,599803538.3240405
70306156.52203248,78499796.15111628,67113158.84073587,326177584.49143285,542096696.0053174
78425401.16521762,79368450.5332857,55022643.82839137,287963646.08174795,500780141.60864264
124419030.18635285,74026789.88475265,95287352.05572985,449460655.7520895,743193827.8789248
89482737.70702487,69678073.01067278,49688796.93508975,358893583.03687733,567743190.6896647
71757489.5112887,71287764.09302613,67451338.51659021,246400591.34006894,456897183.460974
73427497.08366011,64554430.33717996,75517263.31153652,301766070.19083476,515265260.92321134
82377816.15426366,67714193.7000611,68262898.16553174,325527899.7507569,543882807.7706134
77732305.56263581,78843187.41495848,64879588.447755046,268064644.07346463,489519725.498814
108372270.9950001,88721648.95911357,68682653.59155805,340233351.7082989,606009925.2539706
87035485.92904228,64998132.98265938,72668183.1253972,327324611.6129557,552026413.6500546
108086700.94163299,73006654.21613654,60999924.443947725,340367283.9377413,582460563.5394585
96826791.59395596,70210247.36289157,58785772.654203534,273958649.9849248,499781461.5959759
80791595.87509252,73783884.89513285,65918580.43350114,291233107.1470667,511727168.35079324
130837463.6071557,94730327.49047731,65321976.47259204,347199929.9857715,638089697.5559965
93718470.78773235,88204253.7098524,82189398.89801465,301581439.1703456,565693562.565945
88144739.96702006,67284660.58898006,69694383.84219961,349596394.6193115,574720179.0175112
96494217.21381329,75185737.75028093,84048425.33317451,318537406.7738138,574265787.0710826
64577847.51459222,69372574.39199565,48403201.21678972,284474939.84208965,466828562.9654672
111506711.77796066,89059556.40359783,63261343.54807769,333820305.4515885,597647917.1812247
83747081.03330241,60962209.4182434,49504264.35250676,227873666.35978144,422087221.163834
69096430.53099701,76774946.31156749,59130321.71132326,345730977.9817451,550732676.5356328
92405215.52474625,63540917.01449429,59181191.631164744,340010460.38421625,555137784.5546215
86392121.61453205,64483511.02548239,45357659.270506814,292024076.472393,488257368.38291425
85698128.15925118,66630556.16016999,70657282.44632623,332251823.67809135,555237790.4438387
78409568.39610341,70590420.27616172,60815717.30979081,262072514.02543792,471888220.00749385
63412482.847551964,74952496.36161771,58823461.11980871,316695012.9220553,513883453.25103366
58227981.673721366,70571826.221922,65351461.80616446,342376368.3939259,536527638.0957337
81275167.61523351,71022419.24791288,52767355.92073564,310131380.0994277,515196322.8833097
79057844.77560177,81637380.19312462,67226943.81901848,321940286.61751354,549862455.4052584
95422971.81996673,82091743.6542841,78074256.05768304,278313504.21264946,533902475.74458337
96127247.46815187,72220554.98256828,63091584.181019306,313970401.0136085,545409787.645348
67167423.62181526,73593934.24874951,56882194.47533706,308296082.46907836,505939634.81498015
89209962.66670914,86790258.02005766,90301068.53579786,314364647.71503633,580665936.937601
81440579.17702068,92167090.85833989,72378945.60070136,335074838.31042236,581061453.9464843
89852025.64836787,63757419.81009182,48089842.912458315,254627467.4263651,456326755.79728305
82082925.13396466,97016243.32211223,91026317.09413435,329011844.6874276,599137330.2376388
92454477.029893,82672101.23833205,92788362.81476691,353879902.2297303,621794843.3127222
82918824.91446824,80430679.7614886,66223396.77674906,268776408.0628948,498349309.51560074
81437104.88722971,97863633.27291901,63470447.95349083,312188723.16437423,554959909.2780138
103241248.91028349,75802187.90734501,72835362.03565921,366660254.58277154,618539053.4360592
78721136.63252641,77175849.90205719,61700856.945620924,324729221.62585694,542327065.1060615
57736254.630015284,66807873.35793463,68154489.36732547,437443656.5515213,630142273.9067967
98049571.00288832,91795087.86143558,78946725.58902875,384804753.73515123,653596138.188504
68121643.75971226,59069218.71936881,61385299.49954507,309398461.12116003,497974623.09978616
107045046.94098845,74914031.13364784,64252919.371183164,271701404.2318346,517913401.677654
86639388.85817496,78384682.46643011,62318767.33692999,283461369.68143165,510804208.34296674
104074256.34218666,53443113.84677263,66156233.57506981,264171983.34649813,487845587.1105273
78230077.3809609,82518246.82822677,70259827.99464056,347338446.9660029,578346599.1698312
99266412.74243817,69848399.61860235,70780067.01155663,285705748.4770813,525600627.84967846
106125498.62155718,66370975.06792875,51222885.56286671,283711341.7549429,507430701.0072955
85136669.16497521,83056555.52617335,58807293.015789375,325558151.60330284,552558669.3102407
95734189.1314523,71797513.27789873,72386144.56367008,304161516.255466,544079363.2284871
139254424.87724656,98403630.98661189,74982253.51991214,343392105.4348233,656032414.8185939
70278413.26257633,63346819.90347191,59372016.131261386,295337615.3553736,488334864.65268326
83081154.38571891,68602246.5622739,57948492.90378378,308088544.8402802,517720438.6920568
96040245.54927838,86132662.73074801,64073124.837736525,295622559.1936053,541868592.3113682
70237805.2075392,69464452.99443677,76254380.67660946,296584067.8181699,512540706.6967553
105432629.49024257,65042156.43252993,51300413.90693774,353685813.75362456,575461013.5833348
90549851.04845226,72507673.038829,79291275.1597298,341662779.203056,584011578.450067
76012350.89276588,75218823.23031473,57938563.986367494,272238503.64157474,481408241.7510228
110355400.9073798,87911347.25870684,79995670.87026565,316544612.4646604,594807031.5010127
83777444.2458712,71931206.82133074,58791236.90430576,293312520.98266697,507812408.95417464
103285574.60079916,68510142.88269195,58504618.75597256,273624567.30764663,503924903.5471103
77735161.8341982,86045434.40712188,63016396.04634679,292352128.7654785,519149121.05314535
92222881.0932896,83920249.45177881,81072277.92295907,316393378.692876,573608787.1609035
100027595.7121855,71101370.93870163,70629917.09600322,297016407.01964885,538775290.7665392
66899998.26588519,70793895.35354772,70261458.63972971,283408596.1340678,491363948.39323044
103341309.51407412,66525835.92185297,71568248.12380554,298984068.7250211,540419462.2847538
99700084.52339129,75731277.29633804,75931734.50654621,303847604.88138163,555210701.2076571
79245093.26239042,63465137.47660238,53160474.36814191,320769545.3493097,516640250.4564444
101212785.88022128,72751898.66175286,67227286.8619882,251531244.08947498,492723215.4934373
77738356.21238881,57753259.289641224,78739544.91974632,319757577.8281819,533988738.2499583
97392956.92253344,87768946.83272162,84837472.4491014,377998430.47197306,647997806.6763295
84993034.269884,77361147.48518847,79912558.267018,303828952.6024836,546095692.6245741
83697667.74355748,73589171.15343277,74060481.2709472,342363381.1781974,573710701.3461349
76626230.03378387,61384921.49346063,63619682.00234415,293658836.83381414,495289670.3634028
107384743.73034102,81088499.74694346,66964749.28957921,349601423.97457033,605039416.7414341
64277646.66718633,60316865.396376945,59006927.22446851,280459756.3755604,464061195.6635922
96714808.54252161,56969140.13400761,74940187.18519892,325831412.4609951,554455548.3227232
84823122.10352767,90255644.56878927,55030348.802353166,399145283.52631897,629254399.0009891
80128882.44840948,78909091.35244039,77937848.51513025,406744556.9643954,643720379.2803755
77208296.74246697,65619856.32494735,70916331.6236647,302560438.9763523,516304923.6674313
80372694.67369957,76980202.5255983,70210630.26542418,272913338.4070573,500476865.8717793
91281831.02249767,61559760.50422308,61837161.59344665,309908096.4929719,524586849.6131393
96117146.47485958,89689083.53661884,73383925.87774742,255457638.73409182,514647794.62331766
93904262.17240477,78573660.79530604,74434075.76125833,374510746.3516767,621422745.0806458
85654784.88400792,76170809.02225012,65036498.25969557,277420911.9080191,504283004.0739727
93297489.06618717,77538198.38250683,62868076.3933765,319073980.84013015,552777744.6822007
102537354.02946742,77996381.30336593,71212233.06218177,284203954.1899838,535949922.5849989
71582621.13195543,73918406.34042431,66333603.48334713,320751895.7797862,532586526.7355131
91681217.97933118,78486884.70314491,67333557.60785684,330848227.2364154,568349887.5267483
80082906.82735571,59288429.99380718,64720233.985846266,276106226.7483148,480197797.55532396
85145242.30480896,74344557.45372525,68501021.4016566,311419627.83600044,539410448.9961913
105594042.7119814,71753494.5460564,61466564.895780236,299156380.13939506,537970482.2932131
97996713.6971706,66475106.11001759,48582636.769765794,289679817.1184146,502734273.6953685
65849586.51857781,86299666.11067915,59810820.01468255,292377651.0751223,504337723.71906185
99490981.75627439,78566928.82811546,73850322.55067375,316345111.0872648,568253344.2223284
90952793.16131563,69032343.19582415,63100673.32871283,288754582.9659614,511840392.651814
100242708.43837066,81102161.62131493,66672393.27012867,282617608.5676729,530634871.89748716
107120695.06122774,95025386.34860224,90738692.72669472,345848930.941812,638733705.0783367
88451339.38790958,76974558.58781812,73745753.19076079,308864523.99759316,548036175.1640816
79986907.607443,64679165.390808836,61091607.95002062,258367050.9297448,464124731.8780173
75723764.03248309,66753470.327103525,64178775.85510126,335911249.277103,542567259.4917909
112359575.7217387,95858435.56220955,88802136.39241578,363321229.71563476,660341377.3919988
75545992.2582117,71288184.764501,58292766.21683099,303696120.22185016,508823063.46139383
118852288.16819195,80498976.678665,68402087.66286175,256120137.93866014,523873490.44837886
89241219.06507562,87421859.32845731,88770064.6869294,317214096.51779854,582647239.5982609
69523505.59306096,65122964.892498255,69436373.82249981,275441914.689146,479524758.997205
58106833.446474,66753210.44453511,61663484.44043266,323395640.1579953,509919168.48943704
102089191.60085481,79289824.70475867,74524192.11200987,344275308.68706614,600178517.1046895
66212044.78687642,82583744.01310827,71486941.18046787,297126613.44181263,517409343.4222652
81934708.91691636,68316543.87066394,84382795.7459539,285291888.5158894,519925937.04942364
98787616.45491858,53982723.90886545,66915027.12031595,234289324.4375701,453974691.9216701
79757904.31742574,80669310.5292102,79183861.69121711,276266043.8584187,515877120.39627177
63897875.30006652,75911823.27007183,51865740.8934021,245075754.7149341,436751194.17847455
78264444.37773733,73592310.36357926,77141452.31264971,311923831.0837284,540922038.1376946
77837051.95012134,60495217.26220674,64338618.01614305,298582318.4820216,501253205.71049273
76565913.14749832,68603371.68754467,74710339.78383468,289769863.1379984,509649487.7568761
76248070.86033316,76146468.86480987,77757399.69812045,298128336.39214945,528280275.8154129
74166880.8235568,82764225.90729536,73259364.17497107,314885684.2444389,545076155.1502621
85873582.22876298,81387722.6854159,73893541.12221698,269303573.5467235,510458419.58311933
83182047.51603343,73275946.87480558,61328076.38026394,309200475.5569569,526986546.32805985
85738188.40052105,87813837.38481638,71582070.4012547,307840710.42893803,552974806.6155303
103611591.94307344,76310338.96431792,80593349.34016362,349671367.02923524,610186647.2767903
107628902.02751519,73363448.42833784,62848439.51057602,241113625.74113843,484954415.70756745
89938490.31218195,91414352.50275175,73942539.7433637,338308103.50662035,593603486.0649178
108952154.71550336,90716198.65664804,74451479.5376609,281365982.43620205,555485815.3460144
65740762.12491964,56184422.64345544,58266601.20464932,252935648.31169206,433127434.2847165
112134876.11912449,81481903.18936373,60453104.348837145,309751487.93362164,563821371.590947
100066822.4719498,72587916.5388461,79371731.05513898,298599221.2524702,550625691.318405
134990712.15646905,91849468.08382641,78573688.40422365,326669013.43147236,632082882.0759914
106378959.94914359,67645127.24593763,55364782.99397137,354395766.3050812,583784636.4941338
88269635.28999639,77826425.84013325,63646967.59883743,255513823.25598466,485256851.98495173
81178586.3427158,64437231.504270755,51106203.091874495,262132257.44582394,458854278.38468504
65780293.2913742,98619005.6881291,78449910.43896158,357261034.3600228,600110243.7784877
95294466.94572817,73122248.70984586,56774136.72422091,283053813.02556884,508244665.4053638
84123635.47190315,67701082.12486735,64076175.44208556,289724710.4153441,505625603.45420015
80278063.80811423,77241141.44195303,57628263.26989585,327610384.6921639,542757853.212127
65863736.92565172,61108736.20330039,71382089.1796569,294043878.5066425,492398440.8152515
94321991.06813398,70226233.1749704,88757569.95907733,355157845.91427577,608463640.1164575
75202748.67542392,65085956.8905995,70186460.49761379,252515452.39842293,462990618.4620601
74981912.42143603,97230126.27667165,57578451.906488255,269813178.8122134,499603669.4168093
99726959.99842854,82583933.89910914,70562594.34646952,273794670.9808765,526668159.2248837
82128461.94025704,83638429.91593131,67559922.57182321,315119130.70251936,548445945.130531
73462846.39854658,71077046.67227755,68382467.21819398,260669465.32303798,473591825.61205614
84447649.37677349,70700384.07191221,65834926.090740226,277669206.96479183,498652166.50421774
94820310.90298705,74958900.13209245,72919244.82494561,300200633.31478685,542899089.174812
96803292.20485002,79295489.47979717,56532098.716031976,264052379.8391204,496683260.23979956
81578004.03566496,72626223.34878719,87374389.43897535,329565994.3282289,571144611.1516564
89921912.2119941,71590132.19407547,72128690.92876628,316602228.07135236,550242963.4061882
93446837.10113779,81131128.43138419,73183936.93920735,334890049.5658271,582651952.0375564
117891364.78273003,84251440.2748575,57463310.34012278,296862667.4079905,556468782.8057008
91584932.5074861,72756878.70823008,62328617.122128926,254173649.79919413,480844078.13703924
76959630.32702819,85466407.14427805,59282875.08997769,281722172.98983157,503431085.5511155
92813222.26050884,72240145.56827252,66895295.99295887,249636746.29150817,481585410.1132484
107140413.46439902,89573649.80429299,73834002.67271361,253609333.05899945,524157399.0004051
71951640.06164597,62837013.751626074,49141493.83728678,325720024.03943723,509650171.68999606
75752652.8485964,73926687.68963696,61249160.31472662,286908894.01739454,497837394.87035453
89905547.18321313,60476195.53449698,64989741.080574445,287264594.5140653,502636078.3123499
79904727.72437093,64563944.30986849,63079483.25448985,295915620.89170533,503463776.1804346
71804908.44554272,76502870.45176569,59865312.39504726,274530930.6688141,482704021.9611698
79764153.14232734,63705388.53303339,55660820.25088365,385446656.8417186,584577018.7679629
97662767.13909112,92378416.12799913,58160187.42331049,323999929.68434745,572201300.3747482
97166335.22283214,71398079.32692656,70978670.25470701,259347634.84907466,498890719.6535404
89174941.3742985,60267803.78886408,54527687.988821395,349750640.5857898,553721073.7377738
96371730.70244718,68895327.86734457,70803639.81926706,292021106.7610958,528091805.1501546
98222104.56802261,83473415.93478565,79255417.03436033,339435284.48586553,600386222.0230341
92452193.75615513,80247204.35522665,68616670.7388648,287956278.1567636,529272347.00701016
77269081.38892071,72162569.3690476,71900474.39907074,362146831.456311,583478956.61335
89978174.84964073,75028574.09895384,73925762.14683303,324862868.4611732,563795379.5566008
80802830.01709871,74543048.16022854,67046575.2929665,297404295.3847491,519796748.8550429
65437585.72981048,65716865.72076062,62407014.55141568,330079021.0667678,523640487.06875455
61895353.25693238,68704021.36962405,61958993.908260204,292233406.6549238,484791775.1897404
119259452.43388727,79205810.05245678,70883846.40803972,317607419.39500403,586956528.2893878
83254699.44881546,79717845.64846316,63441210.09344555,324850157.5720559,551263912.7627801
93652070.58600028,77490718.22427629,53779276.653822154,262448181.56052563,487370247.02462435
76731518.03104301,66213487.91442318,65600209.83458341,329665382.63675493,538210598.4168046
77591962.33892614,72067703.32841477,61414556.45288718,277509841.26499903,488584063.3852271
68218642.88377279,74069299.73036776,57073838.4610686,272212102.08702755,471573883.1622367
91693625.7928543,65579169.59479455,69098653.13319762,316419139.92146367,542790588.4423101
75333582.33601432,74102171.66455345,58401199.935510114,301398055.82212967,509235009.75820756
87319551.1052696,57974967.89181887,62133321.936063826,275208021.1998495,482635862.1330018
87224306.43872055,68490139.20117448,66306988.76681019,257361570.28795877,479383004.694664
81426906.38036992,84018325.16740313,65537915.20168002,302539294.0077182,533522440.7571713
96264606.94680141,98816286.62655,70729524.43861847,245199047.26722378,511009465.27919364
80893316.15989313,72216926.63643284,55610151.603847645,347466180.6093078,556186575.0094814
85694426.43516245,76596094.32199082,69742611.43522894,330583425.9759564,562616558.1683385
99473732.28047022,94189119.77952233,68320260.17493208,355001776.6422963,616984888.8772209
118717776.20150203,79042305.67463093,63201158.13470501,262740677.7299597,523701917.74079764
103490332.82222827,82058213.42235824,78185031.6097172,316458980.0750631,580192557.9293668
79387848.5574362,81450666.94437385,78730982.17948723,319239673.12056243,558809170.8018597
134036125.70275913,88382364.29069884,67026256.58741467,361404051.2580348,650848797.8389075
78350606.6431406,69658742.74558122,59168437.940652534,313139735.7731359,520317523.1025103
86755584.41308603,96274550.81618781,77414815.22604568,333441221.5944758,593886172.0497954
86706304.56603174,73137143.70321625,67994451.4523795,286253268.89416695,514091168.6157944
71704365.65185148,61197390.98762667,60778252.97257463,314908470.2815759,508588479.8936287
73403619.4455526,61097783.27027249,63539620.61250557,274778504.87739265,472819528.2057233
87152103.29697973,80219111.89800513,65485770.21543883,258923248.51737118,491780233.9277949
92429394.35728383,76517816.10906045,68461737.58231747,337822751.5555737,575231699.6042354
86392950.733751,88151710.37635091,71935919.3780422,235856578.99708533,482337159.48522943
74542605.73282948,88853117.6911969,67005614.156388044,337634283.10184324,568035620.6822577
94448306.34968095,72607427.37490503,68594549.8886381,350339079.4731398,585989363.0863639
79491269.84219235,72877149.36421518,53031852.70301207,283718911.92592216,489119183.8353418
119342667.6138799,79094694.50908482,78662052.88546407,297247404.74839973,574346819.7568285
80033036.46656884,74034214.63165635,53235887.37303334,322902666.416989,530205804.88824755
83673513.50217515,71328217.36815253,66812322.241144635,305384534.525043,527198587.6365153
65747887.94333957,78386525.75514063,53972489.78912613,334418603.41719955,532525506.9048059
96886372.84479071,91610407.31395598,70416676.21410689,268743324.9948774,527656781.367731
80410728.08092926,73866260.52995852,70940862.4255915,293797433.542081,519015284.57856023
102047768.93017802,77347097.26244974,67741300.53565386,336681917.74457204,583818084.4728537
93340991.1263535,85015800.20787218,64781270.240487166,365061725.81694806,608199787.3916609
91587281.00948298,75299179.59875095,58369321.26407207,265294907.91794983,490550689.7902558
85571419.97789034,76623777.70994799,62742660.57684019,274989640.30030286,499927498.56498134
87985784.62641051,73936397.76280336,68178862.30873963,384031895.96641004,614132940.6643635
104803489.89984234,74686269.87159738,66408289.24302015,282544450.054586,528442499.0690459
89889041.79691632,73740528.81719781,67652745.59438981,285696587.76203537,516978903.97053933
93586461.45107493,65219842.46640666,68986947.5506353,253167552.06521702,480960803.5333339
90062377.17703907,77564435.62162986,63615747.758660026,289870529.6045783,521113090.16190726
118447700.72621861,87111946.16487151,84858727.7435229,292715408.7625178,583133783.3971308
67018178.94409332,64585244.51034165,66476592.14492794,317986567.6411559,516066583.2405188
83010281.00804314,61943885.09125668,63834138.31208149,269041312.92225176,477829617.33363307
79664580.79101613,72036860.61968318,54245773.17690355,213118890.49842444,419066105.08602726
100486149.41659284,78532962.89628898,71697726.83346082,303536731.83567834,554253570.982021
108569004.56458586,70512825.10089332,54735595.91439811,235265388.3776197,469082813.957497
92719142.7808041,64075966.45310803,63470039.096002415,308804477.9251311,529069626.2550456
74862915.04974523,69362703.07890756,68287630.30663663,314459897.6031847,526973146.03847414
78194631.19521946,77227390.25429519,62506323.75025912,306963171.67274445,524891516.8725182
95187700.32145745,75877914.16831341,64657466.04005081,368200784.7301175,603923865.2599392
67120332.40793641,76342909.66067927,70944012.88077214,295637066.06387997,510044321.01326776
66572789.88350639,69828301.87897493,51869373.184258096,324196412.7028442,512466877.64958364
87652647.31455559,74257972.09675258,86601507.83178031,313076302.84861606,561588430.0917046
68382112.91294362,73936078.10213661,60870567.55457291,306148769.9668693,509337528.5365224
87859478.55857815,83391037.5331324,72253725.30616236,298331942.73203546,541836184.1299083
91828355.74833825,86421715.92671572,84227951.06508654,374566374.65183455,637044397.391975
84917461.46614926,78733227.07528992,67654863.41265614,330578148.0671737,561883700.0212691
73945021.55474575,73784034.0295363,68462205.12775363,315622078.05944705,531813338.7714827
82898427.49468774,69585024.53901823,62027117.40456474,279076326.3713891,493586895.8096598
110465269.24795783,73106450.55228718,62090679.907445304,283206236.06341594,528868635.77110624
83232473.8555362,74077728.60809815,77484999.43898562,331493584.87413377,566288786.7767537
75414849.17357373,64477200.12266291,57724656.42885275,303228063.9352259,500844769.6603153
85655547.13869935,70314872.21233138,66833542.598886035,274332250.1818063,497136212.1317231
89729233.42784728,77866184.85994962,66172750.390886724,295887371.3497963,529655540.02847993
77523755.77308042,64350576.08641761,66087202.752675064,305121717.2640616,513083251.8762347
100977597.89126217,82113921.56580962,81836928.86823325,335036903.75112,599965352.0764251
76717051.75164682,74068690.47641666,63899329.30999688,312686098.8794419,527371170.4175023
118419020.97915427,77159316.0343492,77707839.17348514,356427641.94508135,629713818.1320701
84766840.31144102,72747916.79245615,69908585.58711186,333288484.98780966,560711827.6788187
82730355.97914349,64351761.99599982,62105266.587826446,250507014.6740228,459694399.23699254
79047049.27747177,78699123.97752519,68382240.92736569,349802486.97767264,575930901.1600353
97135041.51383272,81281737.95922366,65839516.30612212,370624836.37811345,614881132.1572919
77973933.86775744,68713067.98166797,60589376.85658434,280978494.7398385,488254873.4458482
99795256.76463068,67102681.31451368,66257621.463404864,269036924.7557447,502192484.29829395
82458319.987188,75564063.55582854,65295632.64645226,379546137.7669609,602864153.9564297
81957224.55660726,84016291.5485333,70337567.99656224,378596125.4974051,614907209.599108
81733574.27706431,81128031.81922191,62664544.95386074,261656170.0437119,487182321.09385884
81725668.7413905,69558256.24641553,69430727.77631624,254915987.68240753,475630640.44652975
85424771.53878777,74578062.14471439,61786706.308248274,326653503.65433127,548443043.6460817
75934437.33837226,74237128.00528751,58260470.1366111,263582113.63826177,472014149.11853266
121317469.52935936,81930262.65676211,72545598.52290896,340859442.87782496,616652773.5868554
90847065.8141898,74658008.370811,57305465.95095432,273754033.55361414,496564573.68956923
91186562.76895683,78936497.67141455,60773638.76313348,325147783.31007147,556044482.5135763
72383810.25423864,69405829.03312892,73296097.30461541,320633463.4719464,535719200.0639294
110616106.41791824,72000371.66039978,83411166.83863305,345427645.5161438,611455290.4330949
95040818.94013536,73029712.55955923,77035367.08439767,345540273.99180806,590646172.5759003
84792062.8766319,73419207.0382132,66553441.18099588,333225835.19867116,557990546.2945122
86110239.56855023,85417619.8232119,60282851.18326501,402360339.2141451,634171049.7891723
99020745.93490654,76498666.51723915,59596222.58080185,298540914.9088174,533656549.94176495
85784978.5244086,77426923.35642244,64615724.160208344,299361817.98010397,527189444.0211433
103219584.03499356,71796806.78233501,61207921.99500584,296738712.49004567,532963025.3023801
73064210.01501557,65255204.85790631,73481828.94281128,356560834.8411895,568362078.6569227
93826417.95759751,82190782.98361135,71492813.11361258,271050704.64127004,518560718.6960915
98285995.96405524,76753978.28086792,65568927.278078,302521262.6600463,543130164.1830474
86598171.47301634,75809598.54571721,49012395.828826405,313669293.18744683,525089459.03500676
87243267.97524641,89348632.37223892,76967954.47974133,409023639.975916,662583494.8031427
97201173.71673,104551321.6962225,83552353.27246433,377955984.6350644,663260833.3204813
82698398.37626393,91081211.66893338,74684478.82768051,353354207.17088413,601818296.043762
97369517.76004863,72221194.93810278,62992634.52118227,326031032.0287615,558614379.2480952
72170400.73413433,77752229.38911697,51602721.176433705,339146476.79937226,540671828.0990573
78352685.97218028,74466410.72804739,59074567.54278216,295951149.3667606,507844813.6097704
76236096.65449902,71220119.53719372,66860020.500342295,354226830.61439425,568543067.3064293
80096683.57276301,74511258.84279169,62535681.19211736,313205279.48534715,530348903.09301925
109097120.88485013,77472694.2622613,84653671.52445197,343208721.4581958,614432208.1297592
120247058.7734528,93640991.15537891,80731984.04538745,362863288.97708076,657483322.9512999
67385867.66372752,91188481.04479086,62207981.4265966,281321416.16268915,502103746.2978041
98421682.08276403,70899721.36863708,71013350.93954305,352866402.1332876,593201156.5242318
68898958.55501771,72412491.40562499,71460169.56018154,323581270.41578203,536352889.9366063
102625746.39382975,68633302.97878747,64953209.81466812,335321349.534838,571533608.7221234
83452925.08322906,71773304.54571272,71572698.78592086,336304230.39113075,563103158.8059933
99317856.27907379,87134129.3187677,85128736.75923553,295115027.4095936,566695749.7666706
102162216.15503837,70772837.3427055,69313157.69166277,281389571.38198024,523637782.5713869
74498008.68042652,66749730.28802992,52149078.44162044,256110109.8867096,449506927.2967865
68162391.68469185,60912282.30326018,56266625.300709285,243714348.95614982,429055648.2448111
85880283.73342587,80213671.73819436,67700399.74117455,261445107.29915285,495239462.51194763
85502021.49450864,90471053.76558132,69197775.92548616,309612444.4489431,554783295.6345192
102062822.10968977,93542572.45880878,65219557.04376994,338171740.90547264,598996692.5177412
106142663.3798657,69527470.30531876,64250770.410155885,310433684.77106154,550354588.8664019
117602081.30531801,75679435.3685991,59206087.9539264,324074771.9443255,576562376.5721691
73807406.52823217,82574755.67700455,61566604.548794806,301111690.46674734,519060457.2207789
87147261.9686561,69754419.25252508,65975664.70219576,298177644.04828185,521054989.97165877
81614722.22001466,75190290.95357159,70409460.63641237,310278976.35683686,537493450.1668355
72567287.84035721,79024842.80466366,60555405.58984579,232080701.44798788,444228237.68285453
80855919.61887293,70288404.09095924,69468831.2934397,355019781.24250436,575632936.2457762
91115757.34213252,77959306.5637969,66259590.98687495,275410128.14586484,510744783.0386692
101745886.92118983,72747876.53750248,70410529.20219374,301046734.5015342,545951027.1624203
85261499.36770824,82482630.70344052,76294957.84519394,264121144.71482125,508160232.63116395
104310899.57884552,97880627.27642746,80443273.9476686,303570801.2331777,586205602.0361192
101460876.1539412,85571595.29280435,76248723.80637585,302266017.68174076,565547212.9348621
109350051.52350624,74184519.22320543,58533935.35708676,318114383.1185187,560182889.2223172
115431229.64011236,87320887.53719443,78021749.75982034,318613785.1667754,599387652.1039026
96124693.21209818,77583843.9674206,65720865.34704461,316041320.0686254,555470722.5951887
97084253.9112637,69222434.50265855,62169557.12592935,242390634.91929367,470866880.4591453
112722915.05105183,101335167.90881208,87542395.03667888,320954464.680492,622554942.6770349
78475945.32390781,74921135.02510908,52834463.821842976,292550382.95174164,498781927.1226015
108256039.55801393,70365237.56091762,70203055.66549885,303015327.11556935,551839659.8999997
123776840.0046589,82864685.10704899,73499994.9110182,277008173.39349854,557149693.4162246
88987649.11985476,69543241.82085222,61852904.25251977,313681118.765985,534064913.95921177
99771998.57768066,74311603.45709972,82658271.6160206,298141728.9100251,554883602.5608261
69793983.1433911,71761656.78646351,58073044.3827325,223937772.71532395,423566457.02791107
81835486.17368333,84163259.23891613,58895191.85304251,314455815.5059545,539349752.7715964
98581909.27472572,78884573.83963875,83107728.76340505,313628030.69399226,574202242.5717618
77776510.15641616,58960987.08593953,57212037.29223241,267738219.10166857,461687753.6362567
77315978.6246369,80062673.12842254,67891475.16171041,267046543.67792276,492316670.5926926
87067456.63387102,68813782.16500086,58726688.905562274,269368006.553784,483975934.25821817
97138528.43691845,75639124.22985457,67030463.27891129,290515654.98335683,530323770.92904115
99373603.68174331,96378519.76932052,71185913.99421825,375679567.3408534,642617604.7861354
98400411.38198766,78019156.39239834,59312226.551739834,300286685.084964,536018479.4110898
67739055.40899861,72260615.28452045,67897895.51373483,275364093.0152107,483261659.22246456
126283967.31066427,74525613.43327767,64510844.74906098,268622960.16376907,533943385.656772
79613577.31749791,65206273.21931048,52108370.24918619,286294681.5404689,483222902.32646346
106858599.14346933,93503990.91176148,88836262.00586285,377241770.2378692,666440622.2989628
79035512.77503684,84751806.76739754,67710473.67086698,298600603.26030463,530098396.473606
86705468.69744699,82864033.76676024,72796251.80250901,298444767.6334614,540810521.9001777
73579900.5502768,72702953.62593935,67446465.46226493,337162854.4035814,550892174.0420625
70690792.78479998,62251718.27482694,72762469.72719821,372514244.71485126,578219225.5016763
83679800.50184228,98305203.25084762,68154572.61712985,327377651.808102,577517228.1779218
86621700.23551342,88434562.57730983,62482876.030555315,246633987.44376224,484173126.2871408
96445263.47007476,82046464.40962303,75211971.09553355,423714977.17218804,677418676.1474195
75437470.59620713,71404805.84502552,56493580.2442577,291616437.0067432,494952293.69223356
106750664.20400694,69362221.46376678,61885567.54048842,338926296.2167391,576924749.4250013
88244785.7462118,73711773.66578281,54043477.81816334,335097153.1349967,551097190.3651546
73716063.34163451,62298143.270087205,59959487.923477404,279362436.9575055,475336131.49270463
74898230.18930154,57004486.493582696,59797237.10666898,308312528.7538879,500012482.5434411
133748667.46404271,81420379.6558048,81805578.06700094,345809789.70492804,642784414.8917766
91924446.18585028,83727081.16613302,61935565.76164726,301811464.7855325,539398557.899163
117078829.48806402,84096301.48971832,90406881.79251699,316563609.7263924,608145622.4966917
96439775.86243689,91693864.08656663,74072864.79056935,255627512.2402228,517834016.9797957
92631845.31333117,72057329.91571084,72624200.14062461,357727626.72646105,595041002.0961276
92498641.26791969,74464848.3231851,64833466.10162633,261815451.60893968,493612407.3016708
96393405.88986832,61212612.10889519,50646940.98228846,259720207.12257177,467973166.10362375
76897233.10549116,88696231.33885294,82283700.04147847,361038121.0803706,608915285.5661931
107111681.9302031,74811230.46119015,56144527.47281644,297369237.78163004,535436677.6458397
78900484.62546043,49472185.652151234,55002068.67671023,288353424.56714183,471728163.52146375
94548859.64617528,78086998.33959836,88513439.49428098,263588130.63469142,524737428.11474603
86445459.35783236,59872382.6844785,76916292.41020663,345820249.82060605,569054384.2731235
94011183.28181772,65929262.36560054,68682543.49453498,391401631.75317967,620024620.8951329
101006787.4804683,78536764.52627516,66355964.17348581,321269183.99140954,567168700.1716388
84105021.81287825,73792497.1778411,67601101.24159075,299046158.4764993,524544778.70880944
84566466.94589369,78234817.27237113,91503671.58294442,315554741.43020654,569859697.2314157
79546148.48845126,79767854.97521006,63938276.448994525,318733953.62174076,541986233.5343966
94934433.51853703,73532641.33830212,59027035.80317178,325902834.98802626,553396945.6480372
88833578.18058194,75669180.93840115,61394550.487689406,296707072.5192672,522604382.1259397
115092324.91391332,76363758.1851774,81168969.33377445,315316567.38946736,587941619.8223325
85776049.95401137,68978163.21910341,60796286.27555776,244987793.90877336,460538293.3574459
87975050.77544731,77094582.58166169,67230579.59467025,351132000.36573726,583432213.3175166
74147637.67125899,76239540.78589937,73699380.72994044,272416417.7151629,496502976.9022617
80910019.98775665,78593182.19718479,62671669.764716335,341619143.6065192,563794015.556177
100731434.71387596,72188546.74488725,63266179.53743913,327008347.09254676,563194508.0887492
87253285.66261166,81352514.99681933,58227897.556193456,275167397.63115686,502001095.8467813
66047415.4265291,79454924.9168673,65357051.86340735,364650297.08686024,575509689.293664
113203444.12890807,82726010.49037343,66130958.57475882,279842447.54857755,541902860.7426178
99490293.48578988,83245207.0126477,70607276.9270559,365442044.9462533,618784822.3717468
91452558.91829519,79971190.12733284,64982082.784860745,313373120.0938733,549778951.9243621
126910031.03858772,88943105.43495266,66320777.508770496,251450607.20289764,533624521.18520856
81564884.79557514,60199214.958518825,56163959.488733955,275349776.3801009,473277835.62292886
91865115.6786887,78849634.1410149,67238180.33076039,286741111.0182969,524694041.1687609
72825159.43431857,68227671.60593936,76007318.43364704,246925631.93719977,463985781.41110474
88468356.43941674,86150396.64386772,75230072.1861523,314199849.5658709,564048674.8353076
93355840.55657083,100818090.31659465,68286389.9176117,369641595.0395928,632101915.83037
114046467.69284086,90753127.43670973,70969909.37192634,240714644.99965394,516484149.5011308
104077799.00174265,81376078.6466668,62602635.14311493,313368642.2630942,561425155.0546186
84351042.0103904,79259707.81971462,60247357.62998513,297153527.4437358,521011634.9038259
86167781.7283713,74708644.75382747,69111846.91829655,336731338.0225696,566719611.423065
112469127.09413822,70543377.74231969,59947876.95101733,251973537.89604533,494933919.68352056
87202523.73926711,86874757.89579494,76202488.16300091,368403453.87032044,618683223.6683834
84713507.91458747,71591932.16366749,70782386.90808302,318128004.7890763,545215831.7754142
97737712.44462925,67981047.28212062,66949656.87310214,341250727.21388185,573919143.8137338
72994020.13407129,71193574.82900937,62173727.85689281,282690821.72469044,489052144.5446639
71408204.85496229,91955093.39179593,72384828.77489541,309519546.76337844,545267673.785032
78512639.09827285,73339506.55775967,71709600.01131067,337013295.0543614,560575040.7217046
82990411.96790749,65740743.63897714,66826761.10700979,348022758.22097385,563580674.9348683
68943437.65034787,65976720.869071,57790872.256658964,268455018.4901445,461166049.26622236
136051762.13290104,82434659.32387409,62660670.35447724,297215720.7055281,578362812.5167804
116185099.57935986,75624106.67093058,74899235.58766583,342438194.6289973,609146636.4669536
100051550.6611036,79056235.05031158,71367261.04539084,346069996.39918715,596545043.1559932
62376744.1768275,74942871.38015214,55542171.64556746,297225407.93752795,490087195.140075
78494660.68410678,78488474.34815225,59073085.67410251,232684269.3675573,448740490.0739188
88359957.24057622,77846010.13516676,68482879.55416417,273775245.2966738,508464092.2265809
81299946.07277198,86377273.71536562,73371488.59310429,315502188.6348945,556550897.0161364
66566150.823489785,74774433.31992704,67679225.59970975,300859798.2943657,509879608.0374923
66970424.02119472,67322019.26763695,73895947.84567505,320673487.1291601,528861878.26366687
72492461.29373883,64376207.99533892,52812281.590348735,324066223.9267183,513747174.8061448
79496666.15943602,74911378.49882843,56401226.09904618,266909823.27417898,477719094.0314896
80644918.00621004,97034070.52728248,62912450.62547168,287640448.3511448,528231887.51010895
95511191.28275166,69648362.18780167,55626386.11615872,268234984.2787683,489020923.86548036
92776871.95836048,83174687.8166436,64357168.20296855,269613477.9774931,509922205.95546573
108568320.81338352,66253861.50244138,60272651.079588,323414722.7789097,558509556.1743226
112456500.24033883,90684970.12348318,65491932.21438674,359429040.5755426,628062443.1537514
120803808.04589707,83469478.46308705,87899666.67498234,376339470.8297082,668512424.0136747
91276156.9365139,85405882.00156884,68376166.74112937,288970469.1003933,534028674.7796054
71093822.82959601,64121892.45681991,56597837.52215665,302025331.9528769,493838884.7614495
70211579.7318945,76725556.55934092,60673651.135776475,258484704.01579425,466095491.4428061
85668784.78776447,78919885.29942031,73694542.3998814,350822121.53614646,589105334.0232127
58775729.12209608,73958431.70141818,58566704.00510967,273481861.1795431,464782726.008167
97253788.20381029,89702636.36000834,69932217.61308777,346255879.4574517,603144521.6343582
82736258.68598177,70077372.06461817,51062908.01052269,283741231.23466146,487617769.99578404
80913670.14763924,72704941.95485492,64804495.85968472,243123653.008189,461546760.9703679
74059458.11757714,87312645.50366876,68338639.55434398,304266249.7925653,533976992.96815515
82627623.82191807,73674109.69640686,58467431.63938701,326878409.8135649,541647574.9712768
77457225.14537093,90921806.06884758,72325760.42351478,266460090.12109998,507164881.7588333
78201737.86244857,90308324.96561866,74876941.37471014,354656735.3672516,598043739.570029
107068915.30197702,92521391.404059,75514254.79399408,350783918.12946826,625888479.6294984
81880168.4057541,87011694.0022331,73937923.62793626,374942995.2180448,617772781.2539682
91979216.34219833,76628319.31232157,69775431.04046702,243031152.5771064,481414119.2720933
97966506.54541618,94189425.45602514,66708794.86189603,290010704.43260145,548875431.2959387
62953499.64533831,71928944.33191994,64261362.87959494,336738525.6969975,535882332.5538507
89119819.88771684,75321033.89387785,64546051.81212397,276503867.6501191,505490773.2438378
75290126.13390476,71410214.58078665,56277967.637688965,241620480.51863483,444598788.8710152
76658264.90952021,62681877.31309507,58319011.96662765,298904622.1545465,496563776.34378946
103251606.40239461,86069736.38614184,53762870.51791929,267347757.7339684,510431971.0404241
91786766.18650582,89516911.70515437,78675920.02943699,366882482.07541776,626862079.996515
69948911.76094387,76011984.38067879,74035181.06712762,322741845.74280715,542737922.9515574
91919143.30549766,74394010.31024818,69193662.40140033,325139703.2246125,560646519.2417586
65577446.97670561,75311701.16785537,71756266.98652355,253903527.31594637,466548942.4470309
100323802.16065285,81776508.06894258,70963163.03923261,322532667.14660496,575596140.4154329
101714135.56742565,80273084.3598153,78721421.31428185,364817942.3940329,625526583.6355557
96797906.68064836,83394156.67238735,57798993.250563964,315761371.0764764,553752427.6800761
77249048.44045378,79052523.48678027,75742461.65153113,289278862.49670196,521322896.0754671
80204405.9077952,73249341.10269684,64606788.336617775,337823876.4641196,555884411.8112295
89631530.06522495,76590854.64989978,57164323.18943332,340058265.06395733,563444972.9685154
84225464.57898153,79353400.48836124,59932800.54426984,306025764.83705264,529537430.44866526
73771619.70728476,67387192.31824715,58442338.653284594,283332289.1192184,482933439.7980349
129504367.32659645,82371040.11972249,72005155.2213168,301635468.76952726,585516031.437163
87774810.7603269,89789576.27103524,80142619.46361572,326546763.57730335,584253770.0722812
91711727.7375952,75127736.67825103,62318488.85373207,303215808.2932881,532373761.56286645
104452458.207954,92846652.3874233,57211426.77779343,295888987.846113,550399525.2192838
89894962.58271931,83011285.76959644,69913181.0368034,310568867.2732003,553388296.6623194
99129570.64959292,66330037.88876405,59334408.197953865,243989026.08270484,468783042.8190157
101152737.02646796,79835613.559219,72438237.35264991,316416391.4007495,569842979.3390864
103962156.97717315,90014887.3047081,84519350.10399583,317646708.55081815,596143102.9366952
67464896.17848207,54671510.433909,60786429.49005249,286691612.81005627,469614448.91249985
68886375.06945476,77682637.88909909,70824978.11317036,336680089.192391,554074080.2641152
103867034.9120712,86457436.43503326,67434746.84185815,359721850.6893015,617481068.8782641
81870902.71591118,69009196.47572474,74853409.74273989,317743327.6581541,543476836.5925299
83336332.63926212,77265922.330619,53634881.27105212,241608020.34207332,455845156.58300656
101946849.1712914,63341571.1715312,51474334.20699139,236772534.11540475,453535288.6652187
61394098.256733455,74157323.76229043,63724758.30693815,264733727.61745197,464009907.943414
89243154.8784637,88748903.29427354,66444835.44679389,306502313.20604837,550939206.8255795
99984240.6035782,79264876.40717107,67721106.86222778,357117054.7264208,604087278.5993979
95420453.95346715,70868595.95881504,61206718.142849706,278594943.8778426,506090711.93297446
87188452.58668065,71279836.62884623,71024567.06160824,351772676.21020126,581265532.4873364
83230891.17685996,72780502.38577135,68070281.98243767,248949932.950769,473031608.495838
78106742.2921747,76835711.83142214,73340103.34554346,301201494.5642705,529484052.0334108
78206761.9105245,68526558.67639183,50485429.583529614,231165899.11452368,428384649.2849696
87803403.35731721,97756865.50779366,75294929.2906714,298047669.7623285,558902867.9181108
84059043.55629393,61731258.96384699,56148177.19746651,292598567.1570254,494537046.87463284
75940610.28838168,69109805.73144518,75480451.95537746,306017325.4619584,526548193.43716276
65291704.26232644,70387149.19900386,52009208.82999697,286261525.4715322,473949587.76285946
69702743.04370725,80913523.11111963,58638542.59244066,264327575.98520824,473582384.73247576
77344650.019323,79537744.65083589,75504308.03468552,294502698.822078,526889401.5269224
73038192.40057027,81730611.86347342,62010313.32429307,337206051.23434454,553985168.8226813
72168796.39215718,73032497.41414212,69269750.98769543,361428533.12938535,575899577.9233801
96402572.41942956,83889214.56064013,82605206.56694175,301154278.6772148,564051272.2242262
81254186.14827804,74125761.78903037,63088896.08692576,315115197.70799184,533584041.732226
110736915.53756854,96450335.03298588,76743615.60949577,365519636.2486976,649450502.4287478
81546840.03412026,112515785.57070017,71919056.9284682,315942181.1617739,581923863.6950625
107217543.67553897,77152536.57624012,91438616.3791338,299820119.51413494,575628816.1450479
80126689.48789242,71277587.23195933,72480799.13648124,275042993.13380146,498928068.9901344
91803185.43560581,68219573.32938199,71382405.06376193,278517994.4962299,509923158.3249796
90891707.36120221,82380224.64900939,66161787.63716285,318946837.78221923,558380557.4295937
122801063.49305469,81056267.17899361,68283169.73873109,295906304.3711412,568046804.7819206
70486815.73476732,65077231.82453626,52615536.48260204,211710596.15871963,399890180.20062524
89623649.60255405,73928720.68600559,63393693.39726431,284696358.87301475,511642422.5588387
104271071.05668339,91068745.86406453,70237353.63532384,334174043.59862685,599751214.1546986
80027516.67171794,59317548.24905585,67138922.24598143,291662560.9850807,498146548.1518359
91812463.48706028,77217912.18380548,65730788.22771912,332620887.73514724,567382051.6337321
87888641.36869505,77424957.59802777,73717999.2605395,357135008.13795006,596166606.3652124
72483468.99649552,69351692.03119546,69332441.25574215,300637187.8244101,511804790.1078432
67779102.95047112,74219310.6503523,50173794.04778884,299266177.64699996,491438385.2956122
69516043.69232677,70943061.77501133,62622411.261421695,289418133.18258125,492499649.911341
79931496.31008926,101229029.14817187,79620001.1104902,355359809.84333843,616140336.4120898
91112805.33918436,85408142.69201598,60844656.77064563,308071047.1387156,545436651.9405615
92261643.7770919,86963248.69985794,62875527.112722374,340008855.5751001,582109275.1647723
82593291.69471046,82239158.76431762,72129034.08767769,310925904.7126346,547887389.2593404
94483120.32615396,79383402.5563062,70090644.74717309,304107939.9838233,548065107.6134565
99447739.88965113,72396454.47410294,70663301.96471998,278379322.39334214,520886818.7218162
109599934.79728544,74321592.58343637,65700926.57001999,269925599.796186,519548053.74692774
71859582.44425632,65887111.63602583,55446078.337786414,334152123.5521895,527344895.9702581
76342673.65428428,78465429.08297642,65636331.29282558,352121214.4141728,572565648.4442592
80270409.44824326,62070479.93064113,54659043.48935158,294581408.29454386,491581341.1627798
106887417.79199283,85262019.72835691,69798352.85250314,305716039.2430314,567663829.6158843
98242589.43143877,93812514.29056361,97430492.33357966,319724379.8700826,609209975.9256647
76227012.54587482,82699110.73404515,73863148.6938958,287076266.57428086,519865538.54809666
77966403.76886874,83218782.3622565,70056163.91033918,372419537.6099368,603660887.6514012
125976616.63457134,90430743.5273958,81477186.1397681,340967953.4727914,638852499.7745266
69381489.13875125,72437434.57282555,56978445.45609123,263083837.8601928,461881207.0278609
95840604.3196946,86572169.96629737,75311301.88237861,279037239.0457936,536761315.21416414
74074800.75984208,72402720.70379268,58177087.115377486,347013034.9336275,551667643.5126398
92581981.84903313,68958921.38297346,55354220.15687795,311795267.7938572,528690391.18274176
93936445.07259606,74626219.10622895,75277231.54035962,327166396.2043756,571006291.9235603
60743330.35297056,65256766.20663202,62061372.57039775,294404678.792717,482466147.92271733
90523342.77512588,74103440.56496494,57444681.37038584,326860100.9127672,548931565.6232438
102827581.22722884,85612285.93627028,67694005.76809111,283422260.4115199,539556133.3431101
90810019.72891748,67513789.0098858,66335509.98427475,296995663.46647775,521654982.18955576
96889662.38115016,89945787.73440343,71141964.96776225,284297345.2009995,542274760.2843153
69937544.58856983,63682049.218640886,65559692.980979495,295646817.10156024,494826103.8897505
97840417.47933766,59263401.02432512,68656443.99798463,267006305.83189663,492766568.333544
130234446.69279167,83727092.87701184,76615034.73387665,314223966.559622,604800540.8633022
79724987.48123385,86951231.97944906,63245869.950616926,290165311.3211403,520087400.7324401
105656491.16810311,66661225.39293619,63580532.866641484,256264829.93422034,492163079.36190116
63141705.88062316,69813097.66217658,68849450.38703679,289148878.7692677,490953132.6991042
84008069.29125579,78492575.80724014,81383992.45233081,350938875.69065547,594823513.2414823
88255397.65780893,81865173.96002811,52825974.033067875,277279844.33461845,500226389.98552334
117984467.33124746,107599064.82995702,74897998.10608333,384114697.15447253,684596227.4217603
103874791.37961692,76163231.10512953,64858434.219441675,406297595.3252553,651194052.0294434
128052186.96602096,77045145.08829464,72110732.51510395,345636995.56478244,622845060.134202
92599356.86073129,73268056.87421305,61383711.563018255,366709258.61568284,593960383.9136455
71756898.76541632,65339455.1060048,66548784.37535592,332022143.04585636,535667281.2926334
114112851.55749795,70603487.66035852,73717607.13024287,390573468.6573611,649007415.0054605
68767169.31798841,70408969.47767417,56628612.64698493,316434057.47942847,512238808.922076
83918322.30836849,80045801.54111889,67325446.62428276,312698278.47884434,543987848.9526145
105291352.83117431,82533685.2895248,63543485.243254334,306985224.8079461,558353748.1718996
88209983.58345507,74602380.4912276,68301124.41726203,246917776.06922668,478031264.56117135
98774999.56873606,76494956.61364822,74320743.59002095,321170243.3081898,570760943.080595
70713646.99378961,72781299.48661685,60734826.0881107,274693485.5807038,478923258.14922094
99537086.61654218,100615405.61931784,87389995.73216167,317858897.4684233,605401385.436445
105438571.10280447,83353218.8805803,66593817.67044826,350416254.9970477,605801862.6508808
102444105.77421944,86278935.39094335,70741078.57390174,312961775.7109349,572425895.4499995
92782054.91290472,79944494.31941168,77966405.42117691,357763052.39419985,608456007.0476931
88532053.69744803,75273871.37652792,52298111.080328286,278370552.6586202,494474588.8129244
104465390.37536862,88633945.3304874,73958056.22542621,374780592.3832998,641837984.3145821
104090469.56719889,83660190.2847336,69751521.69149357,335289091.99787045,592791273.5412965
64502960.78476733,65473622.01100434,53465271.70502045,238694417.39976037,422136271.9005525
102781411.97991064,96040928.67554376,69555906.24287425,299787150.7180838,568165397.6164124
73800118.9180822,71940588.43029179,59832144.49081407,359431541.0565862,565004392.8957742
92906667.35159129,77193453.22820987,77611557.08442675,302135791.264211,549847468.9284389
79161245.50231704,77735750.44198896,61848193.98952077,310427015.00830734,529172204.94213414
99251480.08634783,88440944.45747025,63031968.41328079,339451278.14292896,590175671.1000278
96958384.69035651,69731954.48213261,71343155.889516,255418636.74482635,493452131.8068315
80879642.86880831,69696170.15082048,60663742.0174296,290706018.32325435,501945573.3603127
76837733.35098717,80284700.70006786,63163071.065455146,324752287.3516027,545037792.4681128
57008105.32715172,76061816.24642228,58734389.29285039,306108092.65897804,497912403.5254024
70925030.7595366,82369229.41551425,66508871.72974587,361539323.96165097,581342455.8664477
101070518.86518481,84364926.72577848,71714227.3060574,308693797.6177238,565843470.5147445
96564522.68987231,78560125.60283282,64199596.6253102,265112257.58660337,504436502.50461864
76826959.58979492,85193901.1549337,73819392.99051,341536626.6162318,577376880.3514705
91184158.43152994,82269855.59476985,82037027.61590773,385305443.5623993,640796485.2046068
81625950.04525036,81521693.09071064,75543237.5847809,327271882.5623267,565962763.2830687
76572212.53508534,83622228.36837439,69301269.44799177,333538474.98463583,563034185.3360873
75011394.89638911,86156135.56148234,71107341.50504078,357060811.4436118,589335683.406524
71698454.4286524,81226503.63337278,58697071.63197415,255995245.07412007,467617274.76811945
122022899.98957928,77632918.8479578,69997597.58373141,280291373.718389,549944790.1396575
92650576.65335776,76012904.05912818,61874265.44676176,343698415.46300566,574236161.6222534
122583765.14945726,73383745.0221071,64219705.87153495,371241768.6817028,631428984.724802
121427731.68496454,77617654.93051589,83352968.4640852,338146944.7141819,620545299.7937475
92878770.46017615,78421168.57392831,71757081.2718269,325822403.3194227,568879423.625354
80034760.49750666,76507552.06636667,59832367.62025265,223855421.47406405,440230101.65819
102659559.11435066,76103062.1586879,71614581.72450511,297529760.2135945,547906963.2111382
73444055.40031666,80028502.20020807,63214005.11046481,311526220.1358733,528212782.84686285
89311866.6652316,75183257.19860412,58069006.42560276,333127441.70440644,555691571.993845
64447753.063538715,80980221.30727378,68048928.87076376,299716024.0246829,513192927.26625913
94819877.75973792,76371614.25745662,74422715.74615552,284299302.91735363,529913510.6807037
109577279.36747077,76314965.71624607,59727477.27836367,277548043.7396239,523167766.1017044
90513901.58627906,70150817.48989728,61424902.867130294,311435053.45195556,533524675.3952622
75127035.17045894,60662781.81468733,47280879.33670485,276706208.981406,459776905.3032571
71512614.06331952,67611162.09995428,58348736.69167453,344637373.7470423,542109886.6019907
89750066.49032813,73395135.3674316,65948112.653390795,237566149.86640304,466659464.3775536
99191564.7375835,72799628.41241255,74277181.4346824,342617873.484935,588886248.0696135
73141041.64116503,67194697.40995193,59891804.79782702,295820603.9450775,496048147.7940214
82570084.60422897,86081558.37911962,70285506.42886062,383512924.46769375,622450073.879903
80033583.41215982,69781157.77921903,65874544.10217519,258589635.73346257,474278921.0270166
76952859.8892428,68335937.830215,61268028.44400934,261779397.09465683,468336223.258124
73260648.41759199,63800267.75488174,52974601.64727436,238863333.7328659,428898851.552614
65539594.73101676,67357536.17281286,62490181.83410085,345054595.5350574,540441908.2729878
98609811.29961748,87603299.66822891,86651013.50073397,275221528.2612187,548085652.729799
91001525.15110563,86645089.9289337,68237249.8772025,318424936.5255629,564308801.4828048
61111023.99286767,73560486.96856166,65265991.91547618,341601427.66451675,541538930.5414222
90732217.31696112,74826361.81691414,55380108.11471448,326068183.14003414,547006870.3886238
98366706.46768612,77604178.84811859,63736481.576834895,255796044.33211374,495503411.2247534
75489741.44839247,89320996.96588679,68225451.27358869,384445415.8760561,617481605.5639241
100376845.49521199,75257701.61037774,70049215.2557682,303510206.3318618,549193968.6932197
92847610.32412036,57219999.60312805,66168924.60734461,316803870.98733574,533040405.5219288
75933228.55341509,73488788.93037328,79272434.35711208,327996932.94419754,556691384.785098
90604240.25320593,86012807.68393157,70883654.99866696,286221075.03405225,533721777.9698567
69854405.29156983,68661053.11282621,57685668.63232347,260127678.3985638,456328805.4352833
76243313.06064203,68646852.86738925,72754111.88638206,382150371.2780007,599794649.092414
87373913.59026413,77615352.16980208,83724499.77156986,322422604.9087226,571136370.4403586
82485607.6757485,63874003.11719739,60430024.63063998,252695275.7387402,459484911.1623261
80673510.61306357,74435861.05528222,67166369.2196193,362437007.1695129,584712748.0574781
82263051.13435353,72693866.06224829,69770043.32267286,314927672.0097381,539654632.5290127
102040935.32462993,87604927.86361702,69518645.73961473,268720048.61918944,527884557.54705113
99913370.19447723,72606948.99611166,62020608.02187267,291020076.070453,525561003.2829145
88014291.39564614,70968226.02961215,73256996.85686994,379160216.5821716,611399730.8642998
86842827.75019728,79935750.34849256,65556677.66621983,359581680.0989713,591916935.863881
100029550.97964954,90194665.65785114,65999086.56071277,275796402.97891915,532019706.1771326
106983115.13477434,77890080.81414528,54454967.43503843,272888377.7571783,512216541.14113635
72872301.17875943,69786246.94264486,61253090.06714847,334842858.5421277,538754496.7306805
81491383.68652597,62860670.04277604,52162966.9226538,369939337.39974403,566454358.0516999
72208570.9478713,83626278.34900056,72444498.44604285,295939716.1262165,524219063.86913115
85141382.47618403,77137334.89426582,59977784.74918236,328928376.44603455,551184878.5656667
72333944.54213598,72737038.45516706,49544056.84081895,300065652.8417784,494680692.6799004
76921537.30685389,74676368.72925545,68694292.05941042,318368830.8552217,538661028.9507414
94081755.84680897,83551380.61322062,69448600.00300698,290512353.51869977,537594089.9817364
65175270.47117239,73961165.38411078,67022952.89329325,258883472.61565787,465042861.36423427
115870147.18524042,92793756.95761923,82426662.74252792,295692433.80904216,586783000.6944296
99029359.87977989,71470911.3647565,57143897.009523846,306091629.961479,533735798.2155392
84153901.15160848,84461445.9075192,67518729.54251218,260338261.44092453,496472338.0425644
100082726.8662229,64785984.19515818,65238905.40117814,365733776.46672493,595841392.9292841
81056656.65582441,68612344.75280677,55533211.71516733,300146360.5239031,505348573.64770156
77577600.06010224,63620803.941907756,54851817.68283944,278239591.29654866,474289812.9813981
90234794.80440144,62255254.00544982,51652343.66263351,238758434.57034144,442900827.0428262
76715433.1333156,71730605.72440447,68995932.62259114,303395950.6162955,520837922.09660673
90053279.25119355,78488589.08676049,51185302.251625605,278819376.70386577,498546547.2934454
102006711.76546158,72064298.21076275,65109244.43295854,312342324.0200974,551522578.4292803
86841395.77851099,72441910.69353195,61929908.163584255,237824760.13273373,459037974.7683609
88139316.81109554,78499973.92761116,65615177.6188415,306640420.9282808,538894889.285829
92460903.76214054,65015695.8163726,57492347.73955087,274068556.60537297,489037503.923437
83432500.8338102,100329355.02892965,69823181.5106092,326074227.74560994,579659265.118959
89105178.53168449,77841208.38692272,68328438.52955358,278052107.3735278,513326932.8216886
110449550.23350759,79581088.64905569,59808817.48828028,311283090.63846546,561122547.009309
85383178.14881723,68084944.02185465,58027896.72520389,291420555.56948525,502916574.465361
78165768.09541345,89183072.24481472,63827103.69978557,309158527.10899377,540334471.1490076
95663046.85470815,63515271.286815956,61126895.25471967,304530260.2400972,524835473.636341
82252449.67170206,68720558.72663654,70076057.42665558,284383693.33510077,505432759.160095
91046859.02359517,69218376.26384977,63234247.037099384,307721514.0484721,531220996.3730165
93657327.44367337,71289544.45439565,50209292.33278133,335929034.0558445,551085198.2866948
91061296.11867471,85600771.9602751,72692601.21225205,337319183.93482345,586673853.2260253
69522644.86691695,71677321.12394744,64051564.48861899,263576566.77780613,468828097.2572895
75722609.33097465,82546009.59944482,78203956.59111904,330643896.4270965,567116471.948635
100298280.0006914,59951065.0230225,49607031.45008658,262104711.6797482,471961088.1535487
74417057.82707226,82174141.35340339,68515259.46241584,299507577.3485432,524614035.9914347
107393029.48820955,80701838.77624218,57888307.27551671,387133101.7806406,633116277.3206091
99300882.50598314,77752109.44904998,57854285.91184813,340097437.84670407,575004715.7135854
111154973.40567048,98961693.84975126,80065405.47184427,368530141.266831,658712213.994097
76073177.84727347,82103517.32871267,63566951.33245873,282216744.7903165,503960391.29876137
93062401.83013044,84396205.86221313,59995597.30806427,310284842.56744057,547739047.5678484
79778189.58445439,72397690.35408548,54406360.65070921,293360860.9815458,499943101.5707949
75277275.10981716,64803623.59268176,59114769.83825752,313675838.5997036,512871507.14046
85925823.71041965,76621301.9857954,65631399.882572666,327383370.52494806,555561896.1037357
75219073.94887626,67073280.88133066,61404230.98332058,291377796.5661982,495074382.37972575
84250547.86023252,66588114.82424517,60765256.84260815,249201417.16481704,460805336.6919029
88971624.86849403,70560200.71489783,59321436.89139957,348861997.8346821,567715260.3094735
102694740.41392028,74480677.30650307,76930487.41457653,311636871.54834396,565742776.6833439
99443304.2830423,68652203.30500256,68024371.67804469,279603835.9928549,515723715.25894445
92279274.78265695,74826304.84565929,57564284.27408673,351442543.81209284,576112407.7144958
61664029.952939086,64114421.39084698,57208111.323799595,287555283.2482431,470541845.91582876
88033872.2601732,68569172.1716123,67552016.1256675,296973400.9514088,521128461.50886184
87596811.15337195,83069414.27461767,78152155.31179874,283482485.63320684,532300866.3729952
78528879.04257388,90429461.85525341,70690752.88527699,317808142.0660933,557457235.8491976
87410503.19953509,77313110.85003267,67571557.4991411,296378908.77973133,528674080.3284402
79493297.7791515,88070534.95460089,57146327.202488355,340978423.1320392,565688583.06828
78598004.70728886,74399464.08596987,57111914.096477754,213607966.54073948,423717349.43047595
87192000.22898471,75449774.78605118,53396217.551740766,260003672.26735464,476041664.8341313
69458571.07587208,70331418.556704,65034133.2260347,288044620.73210216,492868743.5907129
101867278.46454398,95956751.95502472,69886310.73426874,304316663.80385035,572027004.9576879
103271955.38516194,97062541.471585,66053772.86724009,336384989.5223962,602773259.2463832
96587105.40715316,76556499.17341006,76872619.40406367,367707168.49595255,617723392.4805794
88907782.89607961,68464827.9538778,69900746.17752713,319653063.9642969,546926420.9917815
86496893.79668278,65104348.30281372,69072409.76094578,418986619.97478724,639660271.8352295
81137018.03080119,87172705.38325128,72254386.30686156,355388310.18564516,595952419.9065592
100046577.62472458,80730973.76024449,69284879.00075234,304262677.0175276,554325107.403249
86335320.0031452,79317350.58242874,62114697.046971485,311601495.95152557,539368863.5840709
88334338.23111196,104700617.05444255,80862302.4531432,313422064.53512454,587319322.2738223
83172273.12557173,86496211.4109244,59318306.43262928,336768227.5053667,565755018.4744921
76969552.62900233,70018729.3496893,54232427.66492014,310626779.6410657,511847489.2846775
80638916.84634282,83323438.54580638,67998509.2689565,322477577.4063063,554438442.067412
95352572.18947995,73808694.10220091,66718989.486626916,295555025.28280884,531435281.06111664
86385197.4394207,93465917.40879565,75852819.42506438,299270721.4184513,554974655.691732
87477906.0886118,85645775.7029463,81417944.58098552,330409521.00545263,584951147.3779962
70352200.24247414,80631882.16924499,63329700.13186818,280501546.7124494,494815329.2560367
86530638.10633697,75198937.00057158,51248223.01981701,353708643.68412566,566686441.8108512
73035775.37664498,70726510.55395584,59099942.68935639,268045909.5342242,470908138.1541814
105447264.81860913,71461024.36807272,63721167.43109535,323445190.57612735,564074647.1939046
70786635.49338362,96001007.54554935,74671432.03234288,298332759.6341361,539791834.7054119
99612831.98879747,88053036.41085735,78310889.40524103,325751617.25751907,591728375.0624149
79309095.61204696,75615247.58465336,80383316.45697026,365924219.4385283,601231879.0921988
76728820.91145323,73386974.7930812,83699538.13914032,338326585.7257019,572141919.5693767
84156630.55348514,70211839.08930394,56629606.613442004,298443159.2978018,509441235.55403286
85057007.47972596,67255078.07013738,56072769.70198197,269876019.63801783,478260874.88986313
70648590.05134952,83218505.04192643,62482337.15547848,279862241.2627483,496211673.51150274
101541478.41658713,95197797.66168794,70634289.70575424,319767187.6962726,587140753.4803019
96724823.76540618,93380809.25003669,70956218.56995717,330350276.0955748,591412127.6809748
104482537.21678638,75312507.54107326,70709880.38158034,282196406.3359028,532701331.4753428
74999596.48433822,67088079.277788386,69643828.70821166,276535802.8805195,488267307.3508578
103437098.2557043,82808910.04041171,56235863.28329791,282913915.33882195,525395786.91823584
98702641.17309853,78365123.05934925,71285365.41996107,319229188.8487441,567582318.501153
76669888.47513042,69929288.04076894,65166973.806073606,266990594.09155917,478756744.41353214
61891951.933091916,72307913.64809248,80519539.97830477,332732975.3106341,547452380.8701233
74251023.92949146,72202007.82073197,58220049.18985512,276879364.668565,481552445.60864353
102850157.62692311,71135028.08235647,60214560.5661418,259446490.7850076,493646237.060429
75507657.38063775,71012044.1159905,60309729.348022774,324325585.3493459,531155016.19399697
85291434.7543299,85747559.24093562,64035188.426170476,274603054.5488016,509677236.9702376
98464046.43696113,85802106.5411297,63559403.99610461,375444826.68807805,623270383.6622734
103875762.1434585,68520601.00526786,63961950.04098212,341225338.4282703,577583651.6179788
97975739.59802172,86501552.36598258,64386096.89514629,325426732.0312015,574290120.890352
89071248.9113906,80502732.1524241,59598850.42960843,327232064.01385456,556404895.5072777
77034485.268217,63320898.13200588,60218871.138548106,281070417.17662096,481644671.71539193
81991353.06971143,73017799.00396714,68711910.4147856,291239978.13113105,514961040.61959517
91401188.54854238,82259750.36333896,70356206.26032272,364448077.0441613,608465222.2163653
65144310.53724723,88774619.22129601,51898834.32120782,299007626.96801656,504825391.04776764
79653907.06492807,81553446.3760697,80112378.20075397,274508324.5526791,515828056.1944309
73500236.40978263,75105432.60843627,56805996.91762824,278784589.1398332,484196255.0756804
97764003.0633311,74567777.20597574,68043948.05354233,249688423.26936358,490064151.59221274
76087179.47080895,63841916.23468879,67236426.98074774,278860824.78321767,486026347.46946317
80750245.3679031,74162908.42205346,52314193.23370543,277193719.1355045,484421066.15916646
87261722.00649436,79755090.32092658,74977214.30093141,302309623.5863345,544303650.2146869
100776363.75880215,74962585.90821739,71598797.222861,273954287.08071524,521292033.9705958
84450955.78956608,96411229.39784898,67824411.01397985,324019150.1629125,572705746.3643074
84337113.2186261,75018036.75425906,67443891.82811216,339032172.8676691,565831214.6686664
123494329.65607704,88697765.47014971,60606375.99583168,294880328.2336692,567678799.3557277
113316107.72770755,104553844.83574934,88369714.74724498,321031927.463537,627271594.7742388
64367786.848522305,81629256.6366143,61816564.47275653,331292524.706909,539106132.6648021
100962863.22871041,77324701.36487043,71577404.67570847,288492033.60256517,538357002.8718545
101551428.31786473,73493061.02700384,65836930.391210884,288504377.73241574,529385797.4684952
83998642.0039726,85131938.39317247,79675647.06479189,304657596.9925693,553463824.4545063
67785300.89153215,71594023.27063464,65520912.636332765,271425462.86287177,476325699.6613713
95338048.72974472,80184503.40343629,75045239.47164147,351163468.1613963,601731259.7662188
101507488.67997189,74161872.11589998,71636763.40190451,269279443.48409325,516585567.6818696
74490920.2562627,82338710.01445648,57286893.67487578,323503520.86424154,537620044.8098365
87320112.97605704,66651393.13088199,60250381.46838505,319675325.10515296,533897212.680477
78068087.72236504,61473645.80019232,64035675.09104062,284378159.98420775,487955568.59780574
66390545.85198407,82053536.43506622,56446397.10043691,285255842.05101687,490146321.4385041
98245587.62293884,77152649.5037871,77502381.30949864,308985026.6065393,561885645.042764
82935071.44772372,76648769.80889137,66355943.70902668,284043378.1768301,509983163.1424719
102936850.13044569,85323999.67430356,72696391.94014461,291712887.1536966,552670128.8985904
83407659.23594257,84915016.9776024,85437160.12268034,309526587.5743762,563286423.9106015
81520133.45769483,66697646.21239884,73322748.32409506,332284362.9737913,553824890.96798
67842910.6441465,88413586.74401169,77633249.83233698,317151017.47789156,551040764.6983867
85547735.62096408,76613628.06492749,65464956.63874037,313001226.45720744,540627546.7818394
87401473.36673386,76706532.57648969,83254224.9271246,322802136.51665145,570164367.3869996
88627428.3337358,93421108.53384905,72520414.27948299,342416869.7258166,596985820.8728844
81565081.62539025,84671085.60241485,62648575.74597027,314424474.61017805,543309217.5839534
76904883.31562564,62323500.20909632,60229448.91553101,350263570.2042954,549721402.6445484
136516279.3599204,102890262.53572936,88733687.34621896,334723483.8018814,662863713.04375
106573457.96878988,68748524.41988578,66130029.263793685,271269805.0016408,512721816.65411013
86214564.63613825,74818283.60904118,74381940.35736172,324501787.10071784,559916575.703259
107635809.87582837,95961210.63773654,75275478.46189998,360078160.7146674,638950659.6901323
83316654.35963732,64254077.85127319,48891697.83055797,275326492.36260694,471788922.4040754
102520669.24564603,91783368.06217633,65127988.152576044,337703543.07131267,597135568.5317111
77593926.02778217,82889265.2722124,70052992.37512243,293920755.70187104,524456939.37698805
91503880.88535339,71733114.55417706,57101726.51749791,285623102.1075958,505961824.06462413
66118909.767040536,66285441.14260282,73128427.9675074,262903548.99819288,468436327.8753437
86804849.27445158,63856285.152235895,60696015.93252862,306541393.791528,517898544.1507441
90494646.5101366,85745446.5815714,79317334.65973021,326099953.6149631,581657381.3664013
91541152.56346953,63832558.77245251,55526389.03547502,316327966.52710193,527228066.898499
73345091.89129543,69014568.69335447,71412584.89807239,324382652.2678094,538154897.7505317
100856513.88648678,83975770.18836382,59082294.844934314,340937308.8769924,584851887.7967774
84585280.37638465,63628376.267560415,64784443.35812006,285473802.14722264,498471902.14928776
124535342.98369259,77383499.0819511,82290676.83015841,315641583.5681325,599851102.4639347
105611728.18804154,75223392.31301549,75836720.74791965,375699253.7412538,632371094.9902304
97368726.03591548,63954826.85816189,47881480.96455554,241233126.55988562,450438160.41851854
69131827.07205181,90363736.13857137,65662982.580821514,317226651.1409594,542385196.932404
100685161.53808458,69522670.01370426,45125915.052648224,274915557.28797126,490249303.8924083
74657358.48847319,96866950.86521786,64123166.54309461,335977582.2753976,571625058.1721833
79024277.39640526,76125269.8351383,67857908.2230548,398190260.5680941,621197716.0226924
93892166.33885616,67886115.73366955,73249623.02037603,288946072.5964068,523973977.6893085
89799738.56065969,65609267.05945938,61644083.52403849,333371636.36036325,550424725.5045208
132201878.2876864,99757610.52187945,73407592.58338767,310549786.44103783,615916867.8339913
120018168.51875913,77449263.33085224,82194698.7022631,273620840.8568949,553282971.4087694
64286296.109387934,75385907.14429073,53023091.993456535,246387922.32502118,439083217.5721564
74415868.26836385,71578586.40850206,66809526.80966273,288778420.20280933,501582401.68933797
104198607.32221349,75575074.18754132,62631764.556394316,260030659.90126535,502436105.9674145
108711181.38648131,67720873.61182879,66675188.86764117,331874483.21609193,574981727.0820432
68855691.25414397,74590283.3477131,74500182.66556852,271311168.57543695,489257325.84286255
80946486.55129623,70633181.23583446,59546353.99273541,294185052.69951427,505311074.47938037
70258953.86600544,79937101.46804036,73252469.51161139,326419440.2973646,549867965.1430218
72854952.83069406,70140852.03845307,59274193.35700658,327286257.6266523,529556255.852806
86296969.79136385,74674160.3246463,65522358.11749122,303537172.0211527,530030660.25465405
68282159.7690072,63351264.8943399,56585600.340397336,281153269.88986963,469372294.89361405
74863210.76688044,60109535.85596087,63982499.501017794,324044392.1773134,522999638.3011725
96799881.23803233,75037477.0707281,64525650.54695739,309903840.3533883,546266849.2091061
76945290.8054977,66710495.98127974,72134681.62943651,300366519.45473874,516156987.87095267
101335156.03690481,77047814.429803,68246768.40787987,344298978.11669105,590928716.9912788
102796461.3519791,89186438.07187496,77351718.17384861,330734915.5997507,600069533.1974534
91745856.76691477,74780110.07938008,54303306.94219528,230850733.83079863,451680007.61928874
77770628.49792771,67165329.39216374,55371170.195724785,259843410.9400038,460150539.02582
71012966.98078683,78113933.80216426,75969389.52049074,302274681.248823,527370971.5522648
72131634.2491499,67904754.57308021,60040068.56206664,279012165.035247,479088622.41954374
78897526.55111988,66032945.922329985,57067641.712676376,271430077.25541395,473428191.4415402
94077751.64733447,87167491.75805977,62033921.26746833,241425048.3009363,484704212.9737989
82784777.51409371,74483464.57662538,60717303.15280606,333594805.95887935,551580351.2024045
100078227.94565459,70828500.58752552,63657092.38866069,274273215.3964936,508837036.31833446
84535565.34536876,77177547.52344696,62750643.667113826,374355208.11746067,598818964.6533902
89002525.39999706,73698402.68835779,72044641.97632623,331417030.9850429,566162601.049724
81723400.92986609,70316573.8847639,60085275.99314255,272867386.65281385,484992637.46058637
83728795.24770746,81855303.54865845,67883056.50126353,297292462.0476653,530759617.3452947
114555305.34745502,72825362.12757957,65156874.88117402,351079764.48936075,603617306.8455694
114514803.94543101,82607099.90460688,78569372.80503616,285625530.8640169,561316807.5190909
57603748.34045165,56210413.9817746,61543947.72281531,280522520.90623504,455880630.9512766
105733570.59045394,89924140.67173444,68925655.2829019,299329379.6779759,563912746.2230661
85699958.92905787,69814632.34305917,72309771.65367536,304484724.2941246,532309087.219917
82939586.07559778,84084629.56562334,77388527.93018214,297950384.5997118,542363128.171115
85519041.89123917,73669772.38825661,82497912.59030734,312784951.8895824,554471678.7593856
97733604.06796798,82519934.13615689,73177424.28222711,410300056.03332263,663731018.5196745
90608148.10519077,81184976.80115454,54630142.50745907,319848074.3479749,546271341.7617793
72721338.36327964,78258274.29796101,73512826.79744405,273430857.9089667,497923297.3676514
65783893.88524736,73960148.54641446,61163005.556016654,237948855.1141602,438855903.1018387
93109727.87369455,62582581.28517389,74714009.6141274,295294025.16714746,525700343.9401433
99212124.78772175,94274912.18828961,74755333.68526539,317627966.566991,585870337.2282677
75779461.89616539,62529816.63216829,57095260.31288955,292230850.430713,487635389.2719362
71724458.94013262,72629724.37027709,53435443.79967718,268881819.1390204,466671446.2491073
87870707.81314747,68735147.52470475,64773120.321196854,244440113.71134976,465819089.3703989
98181969.68511559,90591433.77632885,72542993.85792775,331146265.7035093,592462663.0228815
65956858.61109588,66617362.1094193,62762333.771561205,329222394.9672587,524558949.4593351
100116489.01822667,68881690.42050533,56239907.703237854,305698236.79754186,530936323.9395117
83055978.24753866,68782379.96910258,60089976.31706854,401365580.4576035,613293914.9913133
77914778.51621719,88586178.29243414,76344554.25894673,296057477.9223651,538902988.9899632
62527122.195007846,81711637.41844621,67473863.17158493,339451828.31521624,551164451.1002553
78973252.60246442,78531515.36032346,65480569.81405427,285003899.16913843,507989236.94598055
66002961.05188294,72557188.0589516,68197002.15058818,361692376.63502455,568449527.8964473
79197746.78920116,72942655.55483235,71254957.65471858,291681283.30396086,515076643.3027129
77231174.92797256,74133630.16536187,74911496.3581065,284564372.510095,510840673.96153593
80244884.97338402,82802936.48117208,67470999.59087478,321901954.3890815,552420775.4345124
85635686.70341718,57447509.606277734,70687642.10506903,270868487.7543425,484639326.1691064
83464759.25774041,84748776.5268582,61290270.37304593,300898628.84634876,530402435.0039933
112218978.58142103,72601398.28037572,71982335.83816616,329478574.5208437,586281287.2208066
95160582.00153409,70284993.24886258,54521887.272515304,239208655.7042414,459176118.22715336
96044869.4672038,72834007.16087319,67849280.489867,304064513.4378755,540792670.5558195
70929121.90815021,80834176.13969252,80712899.13455531,311515692.8488712,543991890.0312692
84303261.89905863,77655034.13153768,76805453.63410217,349179757.6187134,587943507.2834119
82441542.40366307,81442979.17392531,61916575.02751812,327814743.0047625,553615839.609869
105089798.39161968,83773513.04810275,74186044.62383662,391591104.47110236,654640460.5346614
93560746.80406089,64951252.75300114,58593216.72516746,317912692.24430054,535017908.52653
78592474.28164485,77981784.95496729,54309370.08437476,327497038.2692207,538380667.5902076
87251121.90428254,78447241.37297763,49248968.28531911,221901857.96002942,436849189.52260876
100192978.87626977,62233674.22697683,56310233.69926616,290797632.0764364,509534518.87894917
86446296.57094632,72924040.09197174,67690734.27735582,270374827.8287766,497435898.7690505
77975270.51329426,60162482.69638096,68166733.33085954,330361639.1892219,536666125.7297567
63725446.29007765,75272628.43203893,61427656.34582189,297662182.05757457,498087913.1255131
89636768.37824324,82878081.637802,82418573.98236136,348905575.9058557,603838999.9042623
80579638.43883286,73140841.68454964,67129716.55716874,292041860.6366762,512892057.3172274
107886037.66557994,84732348.56753127,70794138.32580093,256220224.42280236,519632748.9817145
87934395.61241752,71322284.74293202,61593054.06803027,257133543.72011456,477983278.14349437
58901971.758269176,74067620.7546746,68044100.76163264,362802007.8692086,563815701.143785
93153932.17404188,78218718.37736045,78923592.8228889,399700810.49658555,649997053.8708768
87649099.95789924,70415278.66857335,66880920.798370756,264723066.90821663,489668366.33305997
84971623.28948067,68408227.12558384,72454038.36188057,263213862.2199837,489047750.9969288
74280762.09634326,67206481.9344669,56666340.799957186,360772341.8154438,558925926.6462111
86837539.03027584,87392820.09380014,73483684.49349105,325777213.5641946,573491257.1817616
71035682.70001322,72982739.6451279,62718705.87712034,331361664.19877714,538098792.4210386
83547917.83368725,95817846.70044234,72476245.77698138,316506653.33148795,568348663.6425989
100753358.72005203,90748527.2482452,73460363.3232694,317018765.7522841,581981015.0438508
89413622.04197192,92094102.97040421,66304935.346873745,337935899.5141332,585748559.873383
109801697.43629259,67128077.70542896,59770728.81563143,301309418.4004861,538009922.3578391
98485450.23330732,89167046.46974991,75182885.30642262,344082538.32987577,606917920.3393556
86142488.40620543,72677951.80428499,63444216.25896416,315419918.7409938,537684575.2104484
87951177.69662331,84529211.43210055,59555495.7696292,267474019.10307258,499509904.0014256
89481622.2559964,87591454.38160588,52051005.18287322,264495872.1534455,493619953.973921
97098348.35827334,70710139.94911602,62773756.809924394,293563501.2168431,524145746.3341569
98411993.9011865,80507649.7363726,78388706.71524772,331257068.04819167,588565418.4009985
85652558.66682577,75067773.29778886,61867813.55658483,327920541.6524878,550508687.1736872
84740055.96656784,78133758.10113344,65169894.08164575,251984727.65678144,480028435.8061285
67548333.69589683,81457611.06914856,78136570.69726175,286994145.02544075,514136660.4877479
97807855.98532027,81249448.70246527,70728875.73747437,302750782.3859727,552536962.8112326
76069347.2471914,58218273.68743046,57431211.453863464,304341558.3649249,496060390.7534102
130206816.95838983,86306106.07136287,60268358.82886072,358535148.7110846,635316430.5696981
73548751.23562792,67459381.49020542,61198099.25978009,273728381.2295868,475934613.2152002
103817997.3330242,79803331.3384295,66354815.53576126,318328053.0418209,568304197.2490358
96943333.12954368,67417016.81802543,62845705.33167161,335039221.0297513,562245276.308992
84890451.14359145,81049841.81059763,63892903.64132796,285596387.9809161,515429584.5764331
80666417.44136947,73281808.28286849,70617069.43160206,277312750.1003284,501878045.2561684
73960078.63323355,65914694.30358447,67031806.010557726,320264593.2327812,527171172.1801569
83025487.22297807,68482823.33973616,75778636.31466617,305399800.3230121,532686747.2003925
122723959.86484732,77675510.45687906,74819508.11195411,275596613.39381975,550815591.8275002
73033163.1748011,76419554.62607996,67479948.30627587,290765563.27592045,507698229.3830774
89482814.11765996,72797682.17684826,62707921.27222148,291278229.0946205,516266646.66135025
126769205.04293829,92431107.55514939,72195970.45587656,366680951.27861303,658077234.3325772
76046065.42032774,85232448.06006949,65682151.420701146,332419297.428186,559379962.3292844
74567264.36825296,62654006.96204494,58866975.69601046,291337288.64491224,487425535.6712206
66438194.364570275,70001836.9401129,61235231.19560104,311938707.79910314,509613970.29938734
69999342.75757423,77545396.1669373,67503134.2414408,218926140.84470916,433974014.0106615
71791305.30048892,75317475.5113012,69524558.39185606,315401603.4213113,532034942.6249575
71208301.29955621,76002207.66964053,64923510.134563796,302712389.6012665,514846408.70502704
66431825.23233117,72818332.23735516,65013945.61007893,310945288.8228192,515209391.90258443
71135526.58309208,82834683.87642659,58239554.87146111,259210330.74610785,471420096.07708764
88320553.93470971,65017369.28121499,61575048.15960078,262431779.2938468,477344750.66937226
79104218.0553514,82799886.78514169,55753890.1244393,322682194.1828396,540340189.147772
93660290.69818696,72017002.41455172,60143476.06319308,335452629.9911349,561273399.1670666
90094536.60685526,82902549.74306928,71392448.2099069,316173882.4161474,560563416.9759789
132722947.3337612,86175642.79572636,70052597.67747182,310942341.79260904,599893529.5995684
98074685.54966876,77575995.95056142,63311739.58013078,262721578.15259784,501683999.2329588
110049127.15306772,97090175.78670134,79141663.25893146,279361173.5831999,565642139.7819004
96149756.95598957,83765747.67891498,78189157.66396071,325433580.99247897,583538243.2913442
90539707.7273659,84469110.41694136,74882732.5467003,332425027.6651095,582316578.356117
81498863.99343193,73594701.17311426,78063773.09746613,300689033.3285226,533846371.5925349
107379648.0842786,63752608.22805717,56921934.371105045,263084008.6670116,491138199.3504524
76237022.21450706,93831944.31097403,67005376.69510718,269670839.6878373,506745182.90842557
112721221.93802045,93584483.66512339,63216863.761877626,257880812.9177997,527403382.2828212
87098705.87923841,60104263.16736937,60961150.7378485,322631898.18950576,530796017.97396207
88969220.81296064,61657848.12229964,59423196.04359045,256084749.92386845,466135014.9027192
88026446.22284827,84634079.51980123,84880862.16975942,340371301.8472298,597912689.7596387
89206591.40148193,61917906.34761168,63370602.51130193,324609206.5262913,539104306.7866869
104493754.03713475,92122869.54967691,91123586.5014924,394377802.8547232,682118012.9430273
74324609.34860271,65619193.27491738,53116057.732059434,246771833.85970208,439831694.2152816
92186359.75060295,72881887.29368189,56184032.87121644,289272008.8101704,510524288.72567165
98342061.42227276,72307091.55253783,71313545.52218157,331975294.2658555,573937992.7628477
82585909.2410547,83916821.3144011,65882647.66047135,347399414.003649,579784792.2195761
76163338.73251879,83596547.93713692,76357982.78351016,338516543.4397981,574634412.892964
76657248.11392537,75023342.81180693,67631825.1662518,345654454.8165613,564966870.9085454
79267046.6373816,76040187.77350144,67940245.36413673,327315612.75212955,550563092.5271493
92011169.50444092,82943681.75803827,72329830.52865764,273283732.8083402,520568414.59947705
79807849.59286106,71601866.2672794,49887871.46455766,263955308.07341614,465252895.3981142
101519163.32336538,80251407.7069298,67366780.39288215,316771353.76367724,565908705.1868546
78816806.0626495,107375526.2157067,85308534.92846651,340417341.4018143,611918208.608637
76826154.71497759,67210846.18542546,54338520.93558554,255525503.86937645,453901025.70536506
83097101.03704765,59064109.06345654,64927195.34766622,294121669.869195,501210075.3173654
82618242.88631797,78767288.59431726,62396290.548932254,274551934.01230675,498333756.04187423
87625244.78321378,78066417.22678444,67399542.78413591,340063919.69009787,573155124.484232
83271943.40115148,73122336.48294592,56941763.38057921,261083244.34976402,474419287.6144406
77175100.0266883,63991982.23393401,56250143.493361376,351194815.078433,548612040.8324167
71992845.87106644,65266029.375078775,69042128.55634606,270063280.58798105,476364284.3904723
89832407.0117491,66407716.26561247,56840343.103004165,273388408.77466005,486468875.1550258
104834118.14102775,75884187.53596932,71750560.20084876,360588336.832872,613057202.7107178
77158221.90058112,83010290.24026959,82033027.00710216,291282764.91637594,533484304.0643288
89867923.09060661,80900610.7542156,75839870.84932312,296940186.4115602,543548591.1057055
83850423.74209481,70110297.22665414,66123086.972598046,308262585.6170313,528346393.5583783
66340001.19581769,71066873.74026912,55652055.58582046,255663737.11572042,448722667.6376277
74894581.3886289,64849021.318579726,59968075.27920149,356332513.8595156,556044191.8459258
77975265.61175896,70305525.96254525,67781847.48434167,348997012.0086893,565059651.0673351
70561384.00580937,68431011.66138156,63543105.22459636,345707157.95778096,548242658.8495682
92425260.44157699,97661119.04722036,78773253.86163004,291762412.2126293,560622045.5630567
95335285.70580688,74811649.99804235,68308038.05003813,318814750.10295296,557269723.8568404
99031015.96556436,79249041.38189322,68702211.05471006,290365763.2144262,537348031.6165938
75447671.21950462,71281664.54000111,67191025.55570897,287316290.63867646,501236651.95389116
78827966.80956988,84544754.07548966,53996860.482826106,356891483.4793221,574261064.8472078
92521354.00056784,75957953.37538463,65369632.79633556,327246958.014606,561095898.186894
97770228.63179086,78356760.65660363,58815859.55394731,282480862.61808354,517423711.4604254
92101551.37812953,47039126.507516704,63833076.5614116,284551516.3016229,487525270.7486807
61175504.958217226,81863169.05230771,81036517.852021,279134494.27774936,503209686.14029527
72935236.87943916,69391403.88478935,60724901.660635,304481039.7206186,507532582.1454821
80471446.7707024,59028087.709210545,56885078.36444133,260439417.3572575,456824030.20161176
76255964.4086944,74834580.12223686,64142346.829398125,228587032.5833607,443819923.94369006
97750873.77706891,73858364.12796977,82751542.33566189,314353191.0143631,568713971.2550637
97487366.13541824,83690322.60980764,63938341.561745316,301975029.33371377,547091059.640685
80665268.68707353,80037872.93924119,68035087.23892768,381161578.09388316,609899806.9591255
80879550.6010872,73116892.57580863,72492458.21967556,305605271.59460026,532094172.99117166
86117870.94205402,81219094.09806414,79743734.62713279,333498367.26448876,580579066.9317397
96586666.8423807,75097839.68898861,59963290.87671974,299348110.0706054,530995907.47869444
100040379.01497364,75586973.28562072,52743228.83912087,292371050.8215315,520741631.9612467
87502333.71045986,80541255.7843439,76581487.0178365,321675552.5901356,566300629.1027758
135557136.46437752,102938153.59598076,74189578.79717349,297699736.54433596,610384605.4018677
94547987.80842766,75853994.43014818,68073431.14553878,301261742.92454135,539737156.308656
78297473.89661722,90544566.80105495,68492177.40583746,267968123.15999913,505302341.2635088
78894311.20223393,71066898.85130297,69792562.60973854,291461107.60414326,511214880.2674187
142974036.52650034,83914291.53510115,81249042.48057602,313639952.1268007,621777322.6689782
88298146.67770234,64722708.07085415,59767874.90953578,287983472.67260516,500772202.3306974
92249158.46165131,80932839.74698068,92337015.56893525,354683207.94858855,620202221.7261558
67236640.06500137,83090412.43730974,64332441.938099176,294369642.60428244,509029137.04469275
95953319.09726763,77745711.05701481,64493889.01670066,282268157.85520476,520461077.0261879
86174210.72672628,82793093.2885716,56713448.57789539,343216784.03160536,568897536.6247987
81120836.58141574,86139954.47386684,63705851.16043647,327403270.1043525,558369912.3200715
93933038.33704615,70208724.09979755,61011406.21268597,284525155.3499574,509678323.99948704
73346882.84445108,63805510.209349826,63544426.74599073,275955563.21056134,476652383.01035297
75208139.32053943,75227575.23217335,67345189.9167812,341208235.7504652,558989140.2199593
93267121.17078549,74552564.71246101,68869032.25228077,281188834.9100291,517877553.04555637
82608217.68844321,82249661.85138126,64499581.13877602,339720724.96958333,569078185.6481838
78503539.14374192,92278131.44426306,72803391.08479159,285020349.5426361,528605411.21543264
84592677.82098927,99150366.88148408,70243690.11205757,318458554.8190964,572445289.6336273
83659885.79653186,76304910.1674269,80428460.40772907,344875297.0424186,585268553.4141064
105872604.72958905,78270325.67376547,60667742.17987335,302024575.80189514,546835248.385123
109116970.29693654,87415229.9836783,74434177.27002369,317971009.193449,588937386.7440876
88741555.405549,87389795.95985693,55771273.22446237,282189929.332456,514092553.9223243
83375611.07184476,72889650.1461438,64317922.402300216,360001270.7018827,580584454.3221714
112879377.94402038,73778487.5808979,59884155.59767806,268166762.81454363,514708783.93714
107873464.47805676,76235848.1003076,69273242.66193391,339669197.2327956,593051752.4730939
79475329.09213275,64464317.50937816,47689709.460675694,298925361.9144352,490554717.9766218
100719192.26022549,72460678.90138188,57110121.327611044,322633078.6455189,552923071.1347373
77878721.99237828,78137686.72729075,68143763.45846145,257561667.30010834,481721839.4782388
104976371.92311424,73046616.11459142,66475202.505233176,276839870.332521,521338060.87545985
84229512.61577435,71313058.74272308,67123909.47116598,336679112.43194216,559345593.2616056
108991917.1667762,82635945.80488569,79966347.66871102,368581579.0659951,640175789.706368
94559904.70055774,81444769.48817919,83697540.5661036,313837378.32962126,573539593.0844618
87451848.3610314,73351110.62251244,59254278.703372955,304223408.3684973,524280646.0554141
97609851.75925647,68128227.63680121,54798514.05229753,258795978.28984806,479332571.7382033
88660124.73122099,77711968.23224851,51085409.47698362,248682044.14676476,466139546.58721787
112540378.2858439,76056343.18400851,53687568.01384754,273625332.10693944,515909621.59063935
74787850.41238014,73910432.01228426,50088893.39856986,283345366.91220665,482132542.7354409
92678931.59406434,58617745.13206006,60956161.27579039,241025925.97789985,453278763.97981465
88365484.97432244,79788782.43243712,79694986.18861277,288713251.9988838,536562505.5942561
96067774.51135933,85626594.96501476,70444937.94113378,246819719.23079056,498959026.64829844
79498135.95935573,70923716.34017475,73236127.15468422,324034028.4023792,547692007.8565938
80279706.42776231,66663834.277009845,59954749.55361636,293311269.85765105,500209560.1160396
82448952.90803936,80916578.79887922,74133711.21047969,303551069.2157347,541050312.1331329
105664924.808658,70612753.84529573,57832316.51383001,319786188.5012224,553896183.6690061
87979580.55974947,78363852.77139981,71143403.58110021,321766340.29277825,559253177.2050278
64049207.041395925,66173786.602581985,54552239.69328037,270479458.1931363,455254691.53039455
87434745.42473035,80628225.85430889,75257038.83049653,351990586.76277435,595310596.8723102
102917667.55166364,83652214.13434513,62885428.563628726,366651540.84347343,616106851.0931109
123045245.66851687,86164467.63346471,73100011.23515202,381295097.10794544,663604821.645079
99970207.06298245,85741867.62639084,87811533.25626546,321823537.04819465,595347144.9938334
82936319.76779853,79882340.28302862,59996711.9167096,317873535.4823903,540688907.4499271
72530721.1329464,84365089.20831308,57956337.42629227,273021965.8954539,487874113.6630056
115021010.76821154,84630361.20528711,69542514.18437104,270181861.4578421,539375747.6157118
68562605.44812836,67761458.22493696,63779495.848286085,302697914.0359487,502801473.5573001
87539965.55682987,65435042.77032544,54118803.89524714,289837418.011003,496931230.2334055
72030776.57603945,74878731.0490719,74993219.42493151,338003047.77266306,559905774.822706
79194404.0779778,81567726.41239838,53670986.28818213,282573934.8319462,497007051.6105045
95865606.71440232,72672832.845191,60543388.375737734,283250656.23348707,512332484.1688181
69245266.76371619,70942354.7661128,56393552.43176919,314378750.04329675,510959924.004895
91430527.09698087,90027925.44368222,67318918.49453335,321808898.9198627,570586269.955059
61248183.3294532,55921740.382681996,70155750.82899563,290997655.04608357,478323329.5872144
90099250.90189223,89009439.70571825,82412684.99349664,303760000.21222,565281375.8133271
83157331.09056778,92075312.13546245,74168928.54148324,312040583.5422757,561442155.3097892
71604441.37080541,77638432.47078453,70014690.19794385,269848685.4001822,489106249.439716
104018598.31544395,73563725.38685992,57217342.79926754,255566046.30884007,490365712.81041145
103562782.94691572,64161294.52458101,71561715.04974806,390561474.09688276,629847266.6181276
102953196.49584402,74898744.85275444,73864988.33165272,278928832.14805806,530645761.82830924
101505540.30945766,73552978.9980213,73894332.65310729,279057547.0705084,528010399.0310947
134739136.26766205,112088820.6109424,68027966.81841028,332066591.49085325,646922515.1878679
81354093.87582654,88888408.11197889,74411491.86537872,313884573.8011282,558538567.6543124
93496793.5686088,101191849.58100803,75717852.78385597,317391464.048988,587797959.9824607
68427310.41318841,90482808.4405948,60046808.16703436,335719493.95779985,554676420.9786174
89554922.79276393,61276633.9471007,51191690.001581304,300584421.94027287,502607668.6817188
73056895.34563203,72298627.7856628,68861556.19906022,222846666.1844994,437063745.51485443
84537976.47770545,65492002.81023527,75159788.52648704,341965255.0221674,567155022.836595
95355065.48500887,81829939.4608643,74620828.13886854,321302132.9178316,573107966.0025733
86815753.14738385,69156552.94683316,62178223.37522504,268925308.6793152,487075838.1487572
75738703.16000551,66404802.57648395,66288767.25117237,320288747.8834245,528721020.87108636
93360787.11684354,82662821.90960172,73923674.00261298,329090149.65569574,579037432.684754
59264426.41519799,66469464.91105598,62609906.528590254,358037864.36729866,546381662.2221429
87401432.42571014,63798900.35636008,61851208.614818946,300153100.9064732,513204642.30336237
92748216.63864346,86334827.60826193,67670341.85698146,283555225.5505113,530308611.65439814
92158537.21389621,65109191.402443044,50622123.64344872,280095496.1432633,487985348.40305126
73565854.95675397,67815415.09793833,72092252.60149524,289990430.47357875,503463953.1297663
82721019.87233135,93897575.58109285,73993897.11303572,310235727.5374832,560848220.1039431
89017959.9373508,70782699.94665718,74637473.95574927,293311335.87963253,527749469.7193898
98763622.55241196,77562342.01870178,65387933.69997877,341334869.77593607,583048768.0470285
83028133.57007393,82843556.71146157,58915163.62189179,320817144.61190456,545603998.5153319
82284341.46212392,60798019.42696713,45979310.540772535,241937200.04653865,430998871.4764022
77482544.78385235,71792515.59244013,55017169.2385721,337661371.55699056,541953601.1718551
94770353.95331243,86039229.75732923,70736943.86190175,341847048.4964921,593393576.0690355
99555929.36285858,77176548.1250463,66046914.21071324,400490111.4668139,643269503.165432
61274745.23024734,71207152.31087829,53601804.25519606,214404289.23195687,400487991.0282786
90617336.75128964,66370252.428868905,69664273.90745948,396485103.99499124,623136967.0826093
89862782.0019761,87875466.29443017,75138251.3659658,275371185.7672052,528247685.42957723
90680741.71694198,86319714.10925694,84404068.54844432,329716625.3908384,591121149.7654817
99535027.65292121,85646514.20718583,61568786.12432486,327620755.3150047,574371083.2994366
85466844.96673813,63856177.7881385,53074455.85009922,246203846.25783515,448601324.862811
88845298.98486452,62891916.244223535,62802838.63865976,305513091.9387788,520053145.80652666
97380294.15954933,87746820.07292815,67576674.15025094,229128654.50204712,481832442.8847755
84137212.25016776,68218451.976131,67322836.35075878,366120285.06611544,585798785.643173
80011258.35592517,68355331.01630242,62738065.76222131,317057023.3913382,528161678.5257871
131250952.62211557,91300896.28115447,72288236.51570202,317779093.2550229,612619178.673995
85088773.03899193,80706774.22870316,80355172.29679206,356992842.4603871,603143562.0248742
68956385.07744141,68976934.82062975,51812594.42977299,265601280.97495714,455347195.30280125
84713008.88384081,73985732.41216135,62009127.73932753,331919208.29492086,552627077.3302505
98214736.1788388,73364329.96173024,85728664.33296776,327605037.37747175,584912767.8510085
100990047.60870574,89794880.01306987,55281965.48784589,285178288.76504886,531245181.8746704
74027137.95109624,81257734.12316754,84957429.95955466,312614146.5673321,552856448.6011505
69437179.34596238,70405396.04506446,53641090.344712734,367455052.7719074,560938718.507647
85399005.21384184,86647978.4796733,70069318.36334382,301623749.26812255,543740051.3249815
109981209.22967029,71735531.48101817,76891584.93212716,298045099.2339195,556653424.8767352
89579062.30929317,88911197.00078745,73640083.54313917,352749683.71684253,604880026.5700624
87066530.41278405,65227155.010218434,59626043.53155601,332534759.92632335,544454488.8808818
86776003.54104833,86657773.77806008,86155035.0922365,334578825.3831324,594167637.7944773
78312189.1932656,68838252.52904217,64817857.033022374,265147073.47486153,477115372.2301917
86776348.59747341,79395226.60749683,71129766.19418369,343015744.6475919,580317086.0467458
84876231.00900848,68260299.45352991,62317350.04619251,328085906.6433573,543539787.1520882
93356744.12660898,68591450.18956257,66701341.384136386,363094830.2585496,591744365.9588575
76631761.15181756,70686942.93478312,55213672.45609439,330575746.7221922,533108123.2648873
80212241.1644211,89997696.70375885,66750923.261793226,298947571.8040478,535908432.934021
102309371.86795147,82657776.98945601,67562719.31624235,279146998.8453421,531676867.01899195
115531766.06912139,78032818.88006024,61178931.53338357,271074747.9691906,525818264.45175576
87524062.86306925,75742297.86755073,55209128.64579272,320562086.78351027,539037576.159923
102776995.45951825,94765745.65078521,80578744.89906432,392936840.8387942,671058326.8481619
82534835.82870758,73599580.10579431,57893660.36616677,275447781.15739524,489475857.4580639
99966364.30153184,79727408.030996,84818962.12713581,311931305.92932415,576444040.3889878
97409673.74588652,68192153.582723,56417773.702287406,293491047.48626876,515510648.51716566
92376978.99643113,101566583.77065015,73630763.14414115,295663886.595183,563238212.5064054
68640913.24029434,70804621.98197243,66814989.08412856,330303309.1307375,536563833.43713284
78833274.41431291,72676120.62544587,57605893.38093579,288523093.2701911,497638381.69088566
84106459.10065864,78763245.49322739,71728841.76113582,302251736.30619824,536850282.6612201
66628302.18715735,79907565.36013576,67900933.52587397,371017674.8573337,585454475.9305007
86750967.43085714,79914653.39029667,70052560.41563,313967698.0000388,550685879.2368226
113269326.39795457,68515265.72376789,59920028.518762894,257288209.0684513,498992829.70893663
63871130.082215995,70893210.49125265,62135628.0277542,241412685.69361153,438312654.2948344
83724133.23308316,73244645.48839363,69252774.89583561,298578099.88341665,524799653.5007291
97289724.2224735,66434864.543609284,59449877.77032151,331933828.2949116,555108294.831316
101535277.53593214,87549569.97169627,83178069.38505611,321416727.8268282,593679644.7195127
91329927.89032324,70488336.0512877,61717013.64392585,290288318.53060484,513823596.1161416
70939533.61034407,64636176.74101583,68892795.95771104,306582435.57952774,511050941.8885987
98220267.97918475,82964622.15231629,75626145.51309524,322063543.621767,578874579.2663633
117862593.20299688,97015719.65560488,74270147.90394107,310046646.6136144,599195107.3761573
84097719.04079522,70133957.9501332,70735914.9611777,289794989.84067637,514762581.7927825
101980247.2800443,68067952.11263813,56588406.929024786,240454195.44320464,467090801.7649119
115036923.74348398,90535366.39863972,87983012.27402022,367919334.37494034,661474636.7910843
123252355.56698541,76500881.8760577,61924886.11626429,289759991.2984791,551438114.8577864
112755407.20779929,75001738.34291147,79561225.03119718,312117300.43166536,579435671.0135733
81695860.65519226,79189925.36294836,66071204.38938932,305121209.2297622,532078199.63729215
99842855.86768156,72866196.58601576,59207255.27266939,297731521.7643669,529647829.4907336
101410836.11715856,85192319.44230048,63788206.48694858,302880925.9569469,553272288.0033545
91611192.5951811,72794890.1938867,58236749.344358385,302788956.35011965,525431788.48354584
102586776.55335435,84019224.5482683,85205110.97858104,298691385.812838,570502497.8930416
98532301.82096274,76571602.27639769,77588466.22312595,314190247.8436109,566882618.1640973
99925833.72100247,68694165.05555335,73978002.7120288,309467073.8858108,552065075.3743954
76440135.84462015,87846202.84187283,86888189.7988244,357142075.31665456,608316603.8019719
100620090.91191326,79774483.18036096,79227926.4098613,310739808.92769504,570362309.4298306
80400368.62969398,69701394.41093321,73837660.25283593,344118682.96542597,568058106.2588891
87472960.79566048,67563169.65116675,55598299.37534468,275435474.80956095,486069904.6317329
74119863.60533035,75835804.14160351,71904951.87003589,311720759.706877,533581379.32384676
95197918.45708627,85351813.70399632,81975624.49847174,397179759.4440756,659705116.1036298
109830248.63780706,74582558.49345253,63933102.62787171,275244687.5306436,523590597.2897749
71141995.31790252,71997614.5329895,69099187.66493638,260781168.4849977,473019966.00082606
73407426.45403184,61206807.73320168,59972486.31286661,237848776.97020784,432435497.47030795
88847801.82451683,74267152.9768647,71249286.3242841,232505149.5509623,466869390.67662793
69390399.47570254,84466155.17323007,61006143.28590202,302021550.0838495,516884248.01868415
101938820.98287392,90163911.5842107,62780509.66194371,326309434.24108404,581192676.4701123
87390099.65464684,90612521.15595818,91437502.60974695,310605978.8215088,580046102.2418609
114557397.34894933,65989412.74332442,56972170.81628238,284293107.96685034,521812088.87540644
77140697.36479087,82695817.3285392,64865112.332914986,296197384.906024,520899011.932269
73559454.63942508,61817029.933656044,68010800.38088118,346938429.1878037,550325714.1417661
78642112.35506232,72367445.1100575,71118981.32347465,366667649.2879966,588796188.076591
64325833.60563717,71804811.68082468,57769447.19366871,264118069.9596943,458018162.4398248
116070184.5483613,78089186.37246405,55961158.38097671,271242920.6078777,521363449.9096798
88927800.29667103,67640170.51679632,60452725.70361137,256395977.96119675,473416674.4782755
84940925.12638745,73989956.89683083,76623403.34349644,352225219.06152123,587779504.428236
77943312.34721273,73620606.94714011,57387828.98564212,281462014.24743164,490413762.5274266
85569305.72721577,75485588.79764967,87460144.4084012,295817437.03931487,544332475.9725815
79000887.19116046,80880160.31595422,75253437.5575054,324344712.20835173,559479197.2729719
94720871.47741117,87975175.0610809,71094777.8308381,320310924.4343265,574101748.8036567
78302330.60966869,75998254.03868169,66258503.54500227,294770676.13842374,515329764.3317764
84118432.19207247,80151194.95835488,64953705.208175935,251770757.48806396,480994089.84666723
73886846.3790307,68881297.49282657,81807474.68032137,284694864.03179735,509270482.58397603
82683603.51778223,62466874.49202187,61694750.80553176,295820380.9252325,502665609.7405684
127881653.27723469,77759036.4325172,73576958.12977923,291444816.9377003,570662464.7772315
80176296.3269738,76955335.00053619,69598594.8998678,332524123.9190556,559254350.1464334
72191924.80564754,75682937.15328279,80848058.06124887,232544278.94176018,461267198.96193933
93214361.37324809,66050751.43039793,67832384.6078312,290564645.9770441,517662143.3885213
85462347.61816116,87320596.46410103,74040875.98391508,384581979.2832166,631405799.3493938
87405359.0100704,76244486.51561254,61057949.10758549,274475902.8084867,499183697.4417551
81191203.5533007,77908891.22065942,64822164.68245937,278395406.92086786,502317666.3772873
102769273.54974326,102479109.34351277,83451904.94965057,443928158.92183614,732628446.7647427
87046094.45192471,72160555.55583136,68886567.14981903,322627681.5252757,550720898.6828508
80276689.74419867,75220822.73013328,76406842.46865681,295606022.53213024,527510377.475119
134323322.90552846,80847071.36675578,59184015.8421139,242403278.2957725,516757688.4101706
115649497.72952354,71553113.33879073,66705409.4082673,298902249.05178136,552810269.5283629
99778899.25124964,91084041.45246196,77949213.42044549,443143924.0469511,711956078.1711082
116367140.43593389,96057320.44548494,80013690.6873749,292093051.9346806,584531203.5034742
88482016.96829584,81922021.875928,71821491.11838928,308300602.4057759,550526132.368389
74593270.78243144,72947644.65540181,63065742.16721518,307915077.47709936,518521735.0821478
67451359.2423815,77567508.7620592,59889715.51817346,292115989.0472928,497024572.56990695
122726155.00383379,74569531.82593103,76860965.72570622,341638284.1846914,615794936.7401625
99793072.49011144,72277310.04964279,71231282.72456266,352414117.5189922,595715782.783309
77628153.09354596,84695967.67996407,64009987.11605104,301961594.19256157,528295702.0821227
95824797.44438368,74425291.0754123,69202384.36609742,338680808.5088219,578133281.3947153
80095804.21637706,63844618.53250938,61284098.88423553,282317173.5610272,487541695.1941492
87733806.52656531,72007330.86436833,55541985.911254756,291788791.5868869,507071914.8890753
98338359.30879578,78883197.07941386,59448994.49301633,322314236.3970213,558984787.2782472
111763918.4987537,67374286.26105987,56599575.79117962,249187452.46252885,484925233.013522
82527964.60454479,53103209.99695014,58759392.04160828,279579860.48223674,473970427.12534
102851950.68693034,95060009.44262719,70143043.97448455,400723391.61653394,668778395.720576
68416044.82199898,73521946.46148594,70823852.16142297,306427923.2157706,519189766.6606785
100959990.75247452,77436152.22976804,72225206.78993279,363334158.09220517,613955507.8643805
93091159.57723458,91163071.26367708,72445874.73867473,392156578.2094725,648856683.7890589
88023936.76889046,80944065.67348312,63633120.17911256,261949286.5614749,494550409.182961
110158566.41205658,99837328.79898849,90070783.7066304,310912887.71540636,610979566.6330819
99760297.12103789,78449915.33424324,70472273.26212443,353716275.17891765,602398760.8963232
88675943.19642039,81713730.9971213,58026706.23126092,233211518.43770868,461627898.8625113
73229405.50189997,71110846.69134156,70964000.71835087,301483870.9982402,516788123.9098326
74547855.47514337,89896469.78405797,56911675.9111885,304182267.366079,525538268.5364688
104589128.03645003,98098183.03569262,78984451.37075542,298028768.2744933,579700530.7173914
70226878.51025853,75975149.68094997,54325636.20542676,335763049.87765807,536290714.2742933
65257251.232620485,79337263.9139579,59052847.36823596,265435704.37132552,469083066.88613987
101232810.6332695,68545943.98274805,58697960.489674084,375378442.91080433,603855158.016496
85358384.14869803,78993463.72615437,69023550.33953837,291465956.5541817,524841354.76857245
125715481.88191433,101462553.84583475,86112821.27526972,267093999.89862776,580384856.9016466
112767577.38515356,85126535.55842447,53804592.232092746,330147510.6887584,581846215.8644291
65848724.33707788,64881141.56634582,63890055.10738312,285215551.8327161,479835472.8435229
76165435.78954193,66199837.16220741,60159218.349664174,259114743.21881595,461639234.52022946
87137714.66579883,81927264.6202355,58401762.129094824,258938474.68385977,486405216.09898895
97624426.48449712,80376678.04654714,74928715.90514813,303148607.1221415,556078427.5583339
90704665.94396923,70914566.50277962,60330248.32423554,259792089.183497,481741569.9544814
79502525.00219868,66411441.500581525,70792829.20786497,264187270.71126333,480894066.4219085
87727955.81634608,63363595.59393491,64124744.691682495,261659145.57069713,476875441.6726606
88247583.99877833,85864147.88948144,64768810.21250528,321656681.8834081,560537223.9841732
111136544.2575768,83594582.65106185,79034748.55556571,279176846.44047123,552942721.9046756
105945343.2277781,69728883.51940598,77509488.61776298,376622310.1044638,629806025.4694109
92807257.1381244,71480036.4437945,55601938.23197288,368983211.0897096,588872442.9036014
80845637.62883587,66981482.498623736,70520328.78565599,284493535.3249777,502840984.2380933
78248780.58034194,79698525.14035074,77748282.09997433,326736498.7131831,562432086.5338502
83776522.14363727,63050759.04437407,58211213.393324256,374480825.4803033,579519320.0616388
93199897.66708535,78281896.50029077,68508850.23220763,314780452.4631252,554771096.8627089
91401665.84789005,71880274.68139695,71000068.27280396,318797537.44924515,553079546.2513361
112589138.96810916,75178213.45974976,69222879.33192131,270151827.9284943,527142059.6882745
57246358.47227181,83767299.65880392,71789985.90656827,354235081.7376648,567038725.7753088
80857762.03913386,67428431.41439182,73079293.09131648,311239815.806245,532605302.35108715
57922831.86470449,75561106.6112577,52646156.79307306,205964067.7245936,392094162.99362886
106576650.94357452,64981932.32444672,71163920.40896413,306392324.31285274,549114827.9898381
87577224.17681244,72457818.80254292,62917298.81054143,356916684.4195372,579869026.209434
80559630.6642417,64440313.56895384,50978164.30002244,295060095.1584271,491038203.6916451
87828907.94185185,74027735.9155953,65321427.75958668,322716982.22748494,549895053.8445188
81802191.16810279,73732128.30739333,73543710.42668407,361496498.43434745,590574528.3365276
86558200.3390822,83764730.54512073,58678381.32516239,293944624.713633,522945936.9229983
74104362.44901118,80775633.88260229,67256807.01399422,279951928.78875464,502088732.13436234
76596530.37083253,71339871.11815886,53266710.41377351,319687038.72074616,520890150.6235111
100418319.41962305,99499542.12265968,81515961.6836877,407290460.51881397,688724283.7447844
83875038.10267755,83897103.92936315,49164698.86257828,230396843.80474558,447333684.69936454
119691414.93456024,76475002.11079076,57621184.256200776,288570333.36762995,542357934.6691817
84457037.25065799,91521016.38167706,74477854.48272628,407258150.0769463,657714058.1920077
76076815.70270368,69974844.20810242,60139613.82426396,290780682.1084841,496971955.84355414
84135970.88095099,79672528.57777563,66988574.01674997,315312472.9705757,546109546.4460523
129250394.79833911,77942143.93859695,72836147.28295024,279648918.47946733,559677604.4993536
81448617.3602535,90776376.23569597,60026352.632535264,339689587.9984785,571940934.2269633
110707503.16134362,91414578.29594754,57875287.12194649,275346662.58226955,535344031.1615072
85025497.1758907,64181429.033138216,40437605.301555805,241590972.10880035,431235503.61938506
73542093.58778448,84557452.01904589,74245618.1570806,331639745.1852396,563984908.9491506
106624768.4938069,86608197.14375202,69864142.18661568,253750213.99923113,516847321.82340574
110010136.7110018,69476130.51518281,64534586.678716384,266444891.1615824,510465745.0664834
100401001.34613618,73455534.97422303,70931492.6617055,298608589.08715546,543396618.0692202
77135564.03835623,53276560.28880122,44912449.77013593,251689386.5339025,427013960.6311959
98035181.45059913,78948034.20112854,73348748.18068689,355365677.4523143,605697641.2847289
114698338.00997561,73430082.55210581,67040295.15883231,282692464.69901013,537861180.4199239
54078566.37471894,62463412.60400417,58963755.475923575,294264343.4479708,469770077.90261745
84370431.84429164,67029902.99863631,69163920.52649064,316360757.28554296,536925012.6549616
69758647.5570926,60895464.866101615,66739726.43905912,258274783.21327174,455668622.0755251
91951188.32081562,86482651.80067225,67136943.20154756,326636207.3253406,572206990.648376
85942821.11415282,61412429.0831477,60744990.42823337,274186248.0419135,482286488.6674474
82920187.90567018,57545526.006496206,55193850.10948338,293630724.5601944,489290288.58184415
89095742.83197223,70107106.2745118,70035120.81336045,364856896.95255,594094866.8723944
81365866.67021188,65872160.26936903,79601968.28679512,295454385.2186629,522294380.445039
62476142.83139038,68326416.47367413,64421962.637407996,338150603.67822313,533375125.62069565
80719613.05300234,62718080.68237073,56796130.96748478,359369359.13587785,559603183.8387357
65973175.63231647,67753241.62408316,65893434.1717537,310549876.3506546,510169727.77880794
62510848.93539201,80646524.0098131,71123191.22278073,345860333.6779909,560140897.8459767
81525524.00584972,79436378.38328332,60475495.373672016,216200445.11849338,437637842.8812984
85357292.63510844,73210091.77558884,58646709.04847238,300530438.25630033,517744531.71546996
108076043.48368062,71967346.89873081,67029109.37122397,262998709.09479538,510071208.84843075
76912734.07056984,77337753.01162,54407450.61722394,390718187.051993,599376124.7514068
79397742.82755446,83279979.20100467,64915122.64615853,289033249.50970334,516626094.184421
95923834.27984875,76324922.36198767,67906391.60642429,270210707.93846667,510365856.18672734
92542062.75314294,73005981.63778432,50494590.942561895,298171795.39606726,514214430.72955644
73659187.4004012,83906238.73283646,60188115.542971276,312450021.7350583,530203563.4112673
76903036.774473,73574234.85855581,59191849.248938195,292002464.44971216,501671585.33167917
73937269.14490195,71531058.81430288,57808128.847910985,317173833.7630439,520450290.5701597
79050380.77986923,78264783.89131734,66618376.48131093,301492992.66994464,525426533.8224422
82106934.35077062,80516695.50392155,74016341.73233576,267939740.58377185,504579712.17079973
84954409.19422762,79271531.7258766,64894294.459557466,277617821.2911506,506738056.6708123
68832775.82372954,85469352.6880212,69451169.80638866,255560752.71555212,479314051.0336915
80550091.81666839,74683471.95092145,69030982.31611785,377855156.45859367,602119702.5423014
98626972.49519663,76766667.0130838,71606521.03830363,287568028.8078585,534568189.3544426
78672819.31741229,76772126.36772597,72952687.67418769,300186986.12328225,528584619.4826082
103570172.39584029,80323229.85293815,74124065.22598071,279803269.7818633,537820737.2566224
70207296.60037231,76676134.38854805,55991479.59085333,372357761.5512634,575232672.1310371
82951395.52215251,88631852.88570918,63201533.18210244,327389923.1502282,562174704.7401924
76544985.24695489,76894449.48515533,80267560.20483288,315117432.370237,548824427.30718
83194650.06958972,65332221.946673915,53853948.59366365,322790203.0218239,525171023.6317512
64994593.10844071,68495355.01674981,54763056.10980359,287348293.21605396,475601297.4510481
72893333.80280523,63346618.82194408,53424643.90726582,240286643.28591564,429951239.81793076
82007567.98932056,80635804.90925969,64707094.658567846,303262612.64938194,530613080.20653003
92552938.73868963,72648587.72252981,67107956.49110234,287821791.40219873,520131274.3545205
87289392.78917126,81694394.83708203,62687182.3057133,264637883.67758772,496308853.6095543
87992913.41993193,79019371.82723404,87180785.0102102,307552355.49677956,561745425.7541558
87794241.6858121,66350692.84211008,62145105.05307757,275052050.2748018,491342089.8558016
84872898.13011625,87940213.55568705,68331337.29769224,306116170.678923,547260619.6624186
84844822.59757629,64399825.08791701,62887681.348200575,263177758.2005257,475310087.23421955
91217537.92687562,69027436.99744745,71598794.40412652,301367464.92004776,533211234.24849737
75796860.20111082,70997347.76633471,78965660.53636342,329711628.76529044,555471497.2690995
89393104.71057984,92311597.39485908,70109950.68261091,302767589.6237934,554582242.4118433
95858059.3244543,85402126.0655887,75372775.60370493,288010965.28910536,544643926.2828532
123940279.1697052,94323819.46229006,80398800.6209387,379215783.3567787,677878682.6097126
90017509.06240888,63277506.82610939,63366569.93413681,273226672.07690525,489888257.89956033
90514769.21780102,72522356.916371,72444466.14332695,303697514.14181775,539179106.4193168
89931809.22137299,102630253.54791555,67118141.41559412,256552571.62121087,516232775.8060935
95351849.02305847,79798511.74724548,76827510.898668,312221553.03503776,564199424.7040098
90847909.11803088,70218255.768772,61161029.36681194,397558415.50176203,619785609.7553768
81528653.32946038,72898575.21582302,75357761.88593689,317755039.285058,547540029.7162783
97794818.20020786,60208173.0413851,59188056.700404674,247376117.88000485,464567165.8220025
81569536.97790717,75941406.11580847,65269995.68140062,336222746.47091174,559003685.246028
84185436.5145783,61340624.96402982,59945477.686749965,313758361.5179829,519229900.683341
82429649.93976118,72392120.52160928,69202687.43631312,287897931.14608276,511922389.0437664
138002685.77916363,76405526.99682707,65445840.93227055,336187110.91836274,616041164.626624
62810384.674959905,84682602.61183187,75372944.23762207,264287100.21861264,487153031.7430265
89104122.60465449,66559161.6928644,60824190.58646174,272415626.1053895,488903100.9893701
77591459.49093707,76161993.34297147,62628547.48328394,246392318.26400816,462774318.58120066
91666491.83213817,72092276.66110745,60159766.23223206,249254305.53004897,473172840.25552666
125889975.3316413,82048258.94866073,86254920.08596916,278544063.93584085,572737218.3021121
91180462.99178976,83110705.07812825,65639753.784930445,349598412.6193128,589529334.4741613
87649537.62488551,74293712.81180806,75301477.54553738,286655536.06068623,523900264.0429172
88402894.73895575,95717535.76908825,79466790.67082202,321898203.2847337,585485424.4635997
62891772.201872885,70935906.66449812,61658708.79495459,303669585.22590077,499155972.88722634
98268033.5701212,85994786.51568167,68033174.30869561,352158148.0025166,604454142.3970151
91481928.99025075,78403182.76867999,61492227.59168612,243170523.79889375,474547863.1495106
97448961.30926064,75517795.76051767,73374988.72783327,423597809.2294641,669939555.0270758
89000277.80022714,88394895.52122913,68789831.00678383,337012349.989289,583197354.3175291
103532465.1412868,77337320.91715804,66789447.703934066,310756437.80410755,558415671.5664865
65805604.164231755,81097934.43986936,59781565.85677234,270388160.10234636,477073264.5632198
93196912.18408754,70746026.82724184,68518693.93615432,381754421.8896354,614216054.8371191
95189497.32575898,75008486.28855439,75760933.36580162,288314614.3476278,534273531.3277428
104566600.19720168,75596795.82990623,74932075.12903266,255197012.72256643,510292483.878707
83700501.289581,71605815.0156141,70858189.05549334,296872813.0931355,523037318.4538239
92007363.0537807,68793531.63149327,67602827.79799996,336854060.89252293,565257783.3757968
83130448.3523686,60116433.16982212,61151024.10777809,364756241.86099976,569154147.4909686
76480401.52532743,82642947.63825826,55293542.61373804,240693205.62395298,455110097.4012767
86535065.13058433,76539411.15442894,68319939.73620838,280151622.2696433,511546038.29086494
109234814.50353852,89289605.56386733,67016327.38523748,287615105.8141204,553155853.2667637
79309309.06923912,71553839.39174797,60154576.63526855,329791878.06338924,540809603.1596448
85512522.66736174,92919452.05092534,75180087.31751046,393019173.5299675,646631235.565765
109664016.99917232,75640322.19614604,69493426.9396424,268336131.89912617,523133898.03408694
74087019.99180692,69477701.39671452,72348979.23826402,277389468.37011325,493303168.9968987
96021297.81710272,67273559.49891631,65149744.446129255,348467325.4191278,576911927.1812761
95745881.1118444,64385156.57948491,64675780.72907782,285772995.17035514,510579813.59076226
91545209.50265834,71159594.5755207,71912571.95134503,272335273.92529726,506952649.95482135
92656234.0960488,80998148.57333669,65708446.12340357,291803079.38851225,531165908.18130136
96369112.2602766,74897772.61988106,69284278.37696461,366976685.6152555,607527848.8723778
106771378.93354876,78853973.38912055,78415116.42242539,365998447.59900504,630038916.3440998
86977474.66272286,76763429.66514508,56760772.53047329,283733913.92111486,504235590.7794561
82044228.22270349,72731298.13543996,61170935.62238958,337473786.65845287,553420248.6389859
102274800.7799206,62918005.43874129,66477271.32383765,265854036.3415184,497524113.88401794
77932397.65805337,73174236.08434075,55833357.95930425,344447299.15808374,551387290.8597821
98088251.67413798,65485322.066408314,63312592.68060097,271906656.74707353,498792823.16822076
80543282.07304692,87322829.76940823,56026788.35122454,302914180.9291824,526807081.1228621
73887757.48067622,71816247.83654977,66132190.044411615,312681403.43321234,524517598.79484993
96222387.06495366,90677074.00709714,71634077.96989198,319443025.07719105,577976564.1191338
75043947.60639012,74737082.25189091,68489201.56836377,319881794.2970621,538152025.723707
86117305.98822062,62982044.95159137,73660587.31247897,305179467.3288742,527939405.58116513
76424111.93250673,76439675.56819081,63272786.797542535,298471661.1174856,514608235.4157257
85192063.0549628,84951507.06049195,67846686.94438386,286572909.90819454,524563166.96803313
99669850.42872255,78843908.25444046,72845196.57362366,295130652.38399565,546489607.6407824
94857333.88893141,66690757.38655098,76339743.27554081,294404963.9476203,532292798.49864346
77034973.43498088,56545465.87413238,64755438.114778675,346248141.14561754,544584018.5695095
74418946.76581378,71977873.54418057,61015477.11196456,335964985.0863918,543377282.5083507
96680644.93509923,68707753.76639572,61647975.82318239,294041014.14543045,521077388.6701078
88910039.44731238,71025365.72017932,69660285.54008493,317250476.78523886,546846167.4928155
126171422.68475863,78622472.47874542,83745249.97361223,295241760.5430636,583780905.6801798
118037382.55795914,78845834.23086074,60530465.58921582,371846561.8712361,629260244.2492718
81647573.62916517,68041649.1786085,70073254.66444178,301851605.46910375,521614082.9413192
72610466.33008409,69609597.02541766,74012650.26089025,310800639.2414652,527033352.8578572
100526065.54133295,70401374.51991092,67338311.78002116,354487673.9577655,592753425.7990305
85794718.19054966,72796018.71014214,62739820.964915775,317074448.2342158,538405006.0998234
76087039.81039277,80813947.79360294,85836881.60565814,330761768.1285611,573499637.3382149
116245299.5089135,73981666.80926631,53668397.3384939,309970591.1506246,553865954.8072983
87460401.77015404,74818212.66936888,63189336.41326008,293875723.01571226,519343673.8684952
90714215.6981818,72290035.70108236,80122311.58517607,297984218.85607946,541110781.8405197
70148056.01738773,90245853.30306976,72815641.68490547,222408138.27572587,455617689.2810888
96985760.95861098,92217700.37230292,62076502.311402164,343833677.78405684,595113641.4263729
94552613.63617101,80506222.15283692,75459305.50112423,282822873.2802726,533341014.57040477
76720058.55531651,75405694.5222756,63483592.96869664,276084365.37506527,491693711.421354
73687234.78804025,79362291.83464533,49766092.75564431,306434453.1375703,509250072.5159002
73075320.53923233,82902133.42821547,63007827.30087139,335793471.0745121,554778752.3428314
82854417.7452184,71047681.74031171,62335390.699966475,336896548.703373,553134038.8888695
120874090.66155882,90734940.23491795,74151262.17298573,354411356.7952991,640171649.8647616
99242285.46393599,84274234.91903092,77356226.97637042,311581061.81052417,572453809.1698616
101976283.341895,73576043.90658338,70910921.71546382,299614662.65513337,546077911.6190755
86543635.63819228,91340099.12384292,73590136.54080823,250557501.57992142,502031372.8827648
91399391.65663993,77593332.95548679,53706200.92870177,246313164.10134095,469012089.6421694
83231025.99789484,84359561.36516492,63250676.19161636,267332456.2584617,498173719.8131378
79642843.0657902,83534087.629166,62250506.06849225,226611786.7790541,452039223.5425026
88141330.82314466,57031333.39289505,58271506.03514572,299568306.7692234,503012477.02040887
85282598.70556144,79244822.0866676,86297906.90433906,314240797.260797,565066124.9573652
79825991.68725275,90048852.08598094,58657399.10174483,314639291.916391,543171534.7913696
84478745.57869415,77179442.45002583,62710652.625884466,345956918.5141506,570325759.168755
68917390.7644955,73381883.57936175,63789680.551462896,290289291.5855418,496378246.4808619
100293005.82591033,85503531.0138378,75778066.30901213,419456481.3265191,681031084.4752793
100819100.41359904,68505261.81971437,60860735.55588383,333883896.3860633,564068994.1752605
93100301.7746262,71732910.02536266,58942788.96112776,295073178.6758933,518849179.43700993
75569884.00122522,82616915.00043589,59622515.18633965,289384039.5240109,507193353.7120117
77341237.17149182,83470461.73289691,64300367.932271875,295877444.9250964,520989511.761757
80821023.8638899,70118706.3682288,71459226.44915369,276530374.5601492,498929331.2414216
84557951.4727805,77891812.02067482,77169138.49514315,331724547.39297724,571343449.3815757
106624451.53500478,77658310.87796368,57806283.65709305,228285792.00923726,470374838.07929873
104992029.76781106,84350545.48069878,72815489.1592622,305373321.50377405,567531385.911546
92872497.80602722,70899222.5379945,64664457.03456963,333531021.8239364,561967199.2025278
106620777.05455963,77108494.79464273,77828580.20147288,361109853.7656904,622667705.8163656
80227587.2297004,83954559.5136413,53983725.03258953,256023331.34122998,474189203.11716115
112720473.63479196,71263788.49900341,70110486.00461325,291677827.28353274,545772575.4219414
76416684.51419678,70289815.4715268,71723939.74867836,321862350.20321256,540292789.9376144
72778777.74057263,70322206.825489,59342938.1678341,279056787.754403,481500710.4882987
106159580.80371054,76983707.3509931,80000880.86497793,337050666.7359879,600194835.7556695
90060847.68517299,73730428.98904894,64147238.6534042,362043087.43233556,589981602.7599617
111585436.56818417,75685438.34423919,76318594.27914049,294973045.223785,558562514.4153488
84698453.59906493,68070852.71880268,70144682.98323698,270908685.04773855,493822674.34884316
72648586.72099407,67433040.59003147,69341144.2687359,262892531.52884007,472315303.1086015
86687831.11067136,76168939.02537763,69791311.89778313,231785718.0201948,464433800.0540269
98875634.315551,75393176.13397835,73853753.34744631,411850653.7587847,659973217.5557604
72547163.79863437,64112135.439692676,46967289.7165889,324698405.5380063,508324994.49292225
82073117.1262383,81321179.37035914,70449431.69443133,336969409.667499,570813137.8585278
83316094.4415504,81592329.52701779,55796590.15106964,260698170.34192044,481403184.4615583
83596697.88297424,75745230.05369288,63314665.60000914,268719089.6494881,491375683.1861644
98632153.84640281,72660864.58358726,63993407.198226765,303397489.5561069,538683915.1843238
89388208.16499396,84229487.72833264,68787984.63994107,321077085.2258007,563482765.7590684
73444678.36376102,70756537.7117047,67235123.3535992,284125086.6800181,495561426.10908306
93225668.46979894,72403989.763301,72848083.6740142,311375825.9605566,549853567.8676708
74189499.59839486,81959222.45690738,67022726.37456672,363387826.7419372,586559275.1718061
67773098.50772367,60469378.19689536,55746426.71303319,298947187.59293944,482936091.0105916
82514697.93706818,68800920.5985593,57183892.28061637,286683270.7783147,495182781.5945586
101934332.89362545,75033611.0198135,68736427.50996917,330906619.56861424,576610990.9920224
81191009.90667912,86932308.56455109,70940552.63748915,345147963.21145135,584211834.3201706
88876981.8079265,79486143.26683433,73388822.61979371,337597047.50085056,579348995.1954051
116269756.12059529,82627999.93150799,71145875.517656,308737539.1169502,578781170.6867094
90836672.14664678,80929949.26509978,68095717.29894507,307193230.8458018,547055569.5564934
92794157.67597911,90281294.11857498,71656946.36380935,286139552.4416529,540871950.6000164
79983494.44744825,81095341.85921413,68146825.16980262,364119617.4786073,593345278.9550723
60392128.26319536,73294465.55017708,61953017.16702084,245785257.57490894,441424868.55530226
91291968.9251783,73444092.20634468,84742244.30467911,315557345.2794956,565035650.7156978
88073701.22990945,75696061.52191083,64969898.05547227,247441906.50950125,476181567.3167938
108213784.47574982,71276439.58747989,60059446.321884245,275526457.9303084,515076128.31542236
89597745.66351067,60294361.516030364,53457835.92979499,219395225.77026618,422745168.8796022
101837554.92284074,80983765.87012713,81591516.21322793,306300181.07177836,570713018.0779741
83510321.98813409,75301672.03913772,67438673.804594,253563177.09767842,479813844.9295442
83251983.41541307,62845012.33543964,60670108.74241815,255100344.83503848,461867449.3283093
112497167.08782932,76845001.10587895,73601687.8967275,323400909.3341636,586344765.4245994
81743759.43582764,70965031.12355167,73689663.39251834,365606433.43127126,592004887.3831689
83701035.53678583,72409709.24494731,57415615.04601379,325184654.85066867,538711014.6784155
96595820.47307684,71445249.26331192,71369115.46152182,281135012.77229095,520545197.9702015
76548420.33473131,69181583.3159208,71399575.30307442,322695379.72644365,539824958.6801702
90193677.14525753,68117080.2317591,59651419.07501025,255751637.8638443,473713814.3158712
68411329.36640903,62754377.538105525,55739411.53449124,301073808.10558903,487978926.5445948
81796619.46109095,71839048.05968328,67486446.56929195,271654960.3268753,492777074.4169415
90866287.49401991,68594729.88238272,63961671.78542403,298655760.7873596,522078449.9491862
82452148.48136607,70807555.70186651,63617034.195509955,297336128.3613183,514212866.7400608
92431121.16658318,73487685.15848444,51029353.74987763,341759354.54377323,558707514.6187185
114593902.69790849,83477499.26675715,60481735.79563536,274885439.07134026,533438576.83164126
111794210.42533885,80963914.5228462,64488008.404673755,257505654.7374876,514751788.09034646
82727431.63752031,72328713.62553072,57220244.33661922,234810070.81075144,447086460.4104217
82662786.38654478,88776688.19880728,66499026.85162939,401993866.5585126,639932367.9954941
97043699.85342234,81307546.54921064,68722835.3130416,272230416.50658286,519304498.22225744
101158500.16011728,61966993.78678545,73135266.201003,347419936.359449,583680696.5073547
88861984.33878595,69856203.3598284,58053435.3878661,287994907.64666355,504766530.73314404
78450461.62846072,66323498.92566123,65914245.7531153,268951860.640486,479640066.94772327
113730045.42873935,85960589.7630354,69156337.10618192,326127653.0184068,594974625.3163636
85439727.3647893,77188262.08035654,80274747.33389454,332165010.85679924,575067747.6358397
111615258.71290424,83958836.18760042,76743996.36476035,408370432.13554376,680688523.4008088
86098696.57317258,78816214.67224266,65936465.93011947,294323522.57185745,525174899.7473922
83200547.77337882,67887015.55139752,63863340.37874649,283466644.95895576,498417548.66247857
87675640.72519338,85481647.41986066,77168116.67263597,349004315.9601004,599329720.7777904
112546889.64930902,71737839.7547038,69874119.39365551,247703113.8613403,501861962.6590086
88838695.0113374,64668217.21335084,62779942.123240165,287527450.8045615,503814305.1524899
116301540.85938554,76957249.52619669,71333389.51750343,316898552.28515136,581490732.188237
79817022.80501747,61342584.42458981,54241296.238152675,267854935.3220786,463255838.78983855
71427609.24978232,69159538.66079397,78754168.34689063,266182901.3017071,485524217.559174
77999375.54906105,86731695.51859306,70796512.61825055,339160091.63555443,574687675.321459
94672689.58586319,79910908.38650115,68560384.4552978,271697978.0722068,514841960.4998689
108886604.62265496,77760958.24487928,58495968.72531586,308123328.81832725,553266860.4111774
93809087.79443161,53886785.7342484,46334296.409527875,259179984.21769753,453210154.1559054
70786289.53898518,70837575.69306341,74520629.60501139,248610227.40108213,464754722.23814213
108974519.81577416,82223609.57894416,70984491.20085391,379915653.09096634,642098273.6865386
85045772.31407912,80276148.44051576,66090390.048676886,278150528.81247944,509562839.61575115
85290375.17773694,82492941.06093672,65332328.250962555,298163116.2112412,531278760.7008774
77048157.7514721,87726897.35643023,77750968.79609963,350766759.1366136,593292783.0406156
76379754.42797846,67959104.09004326,58909318.02459792,295708223.3001225,498956399.8427421
87234723.87316386,73983601.61145808,65706356.97728887,345957430.80901283,572882113.2709236
91840350.62784535,73021310.42018606,59043415.145174906,298423916.543992,522328992.7371983
91169880.58282201,73929376.68117121,67323226.73444328,361764943.4213089,594187427.4197453
119718599.25874464,85355124.66287334,67840443.20999274,262363179.9036949,535277347.0353056
62587330.5205752,64250671.81292154,57703193.148286425,308168753.49232084,492709948.97410405
112724338.38236892,84044459.98252657,71732242.35482968,397666647.2274272,666167687.9471524
102831386.37505172,62612259.75891272,62599059.06266777,296931684.48660105,524974389.68323326
78217231.49764805,80033461.96897335,63210128.72111249,367911549.21662855,589372371.4043624
84603004.38851514,69872278.51421633,62338364.03190788,289694022.191318,506507669.12595737
94854242.51978083,84060356.33005111,54856792.37606222,230923909.425124,464695300.65101814
85700062.33926049,66104865.8853224,61825647.44580706,260643726.3755002,474274302.04589015
75321140.86943822,72708639.94896848,66442470.352138154,319555720.9066732,534027972.07721806
98547399.49833122,82063879.64576884,66131313.34009501,283924235.42299587,530666827.9071909
95974140.91751306,65267477.94823962,63245427.82185013,295526661.24506307,520013707.9326658
119514942.46832834,103431110.85543396,79044955.22862794,381491255.69875956,683482264.2511498
96470467.61961372,85623450.97195108,72882478.7839774,295004110.3312919,549980507.7068341
89603139.58272237,64775086.46980001,52409369.76034239,341878574.9596665,548666170.7725313
66757970.24290617,67890677.66589035,69348255.69973156,314751373.6631559,518748277.271684
79752551.18209644,69254863.65111913,53073749.58874165,237236550.8304396,439317715.2523968
85234802.06005616,68947061.40647697,59485379.80975696,243789873.9544805,457457117.2307706
81686261.96893322,76151908.45806836,80778049.40126958,282198191.17253286,520814411.00080407
101062522.42115763,86930543.50442502,71667847.08216618,282436737.74216485,542097650.7499137
75729889.34299627,76514989.68181957,65311640.04484215,374089720.9577064,591646240.0273644
85850987.23365575,75285172.76578572,61043438.78629311,254746356.45323718,476925955.23897177
108748090.45971341,91204105.56436376,65067066.03876479,301471015.7124716,566490277.7753136
84402889.59672846,71597010.84653264,54963721.77827132,288726279.1206111,499689901.3421435
85296928.40824977,63622592.25557377,71219494.5504854,246854353.60223398,466993368.8165429
146714275.98463917,109728373.31435004,88474335.63884939,369376853.0668379,714293838.0046766
88228655.88925749,80906880.26853111,75544206.80368987,353106602.30935967,597786345.2708381
70164451.39875814,64478967.707238324,72337542.09161235,332617968.4570539,539598929.6546627
104664615.27093132,66734532.48453149,57741260.13940335,262974214.87561494,492114622.7704811
97491119.85705855,76026274.86413158,65625773.029623546,332975781.490496,572118949.2413096
73362667.4692424,72957015.14584719,70014116.34493116,300674618.4382374,517008417.3982582
102092361.17004195,86669516.26925933,64308194.48457486,323539676.37009025,576609748.2939664
90784995.91537786,68078094.41750258,64089094.983117454,348136037.87786317,571088223.193861
91848441.68063287,77835300.64596072,64931992.83820833,302670848.9473209,537286584.1121228
86849353.70845689,70090513.31900904,73149964.48402993,317012660.52176386,547102492.0332597
87281681.0162655,87360021.36096792,81475994.62956229,295346966.50399077,551464663.5107865
88314008.1258726,72532699.51044749,73452861.48373145,344744202.6584932,579043771.7785448
115570283.03751758,92623472.55718039,71309253.46863523,289521364.42530435,569024373.4886374
84192771.90628155,67407956.50503051,59218019.553324975,332458902.3376212,543277650.3022583
86744446.61077386,60556136.67612589,62664455.214411,316831863.04769826,526796901.54900897
60850510.51300209,76116741.17893139,65951577.87322856,324727713.0863693,527646542.65153134
75316187.78726132,74814682.48409024,66212346.342687234,301438991.69388187,517782208.3079207
74293824.30248602,63406097.09306065,62432441.42249166,303545752.5268556,503678115.34489393
101814039.20676047,70199894.70540267,61409905.80913897,280135589.25551504,513559428.97681713
76240824.9311643,76723103.40134268,68346229.3788719,309837096.3795085,531147254.09088737
96780844.3805047,86108444.30993593,69925039.4243401,289875522.71490365,542689850.8296844
90008369.59744929,68997213.75606716,59343232.93336765,290801139.9667941,509149956.2536782
86102338.60148737,62684331.89101442,54383693.58427072,336029459.0552013,539199823.1319737
94853317.2543712,75677487.05463211,59455284.116045654,325320336.7723477,555306425.1973966
99133722.48967889,67304662.29786527,66139560.12238424,421482915.86066115,654060860.7705896
95075754.92091644,85409180.36787893,67929446.33660522,315258943.0566832,563673324.6820837
93403564.35489182,74483803.69348595,79595087.03496495,317552532.98749506,565034988.0708377
90429551.82375503,78432001.86097321,64813107.87519932,285635019.777486,519309681.33741355
89578075.72979307,71420463.77334099,61194878.07941655,284343359.2960845,506536776.87863517
67845861.52902976,72386483.10852136,55608574.83253327,232330112.63179532,428171032.1018797
94100541.19072452,64295813.938868076,70140733.27759686,302610188.3151411,531147276.7223306
86130515.65611018,78999174.96731006,80343740.5119021,329795630.7991631,575269061.9344854
84365211.42465298,92748929.51905742,70271810.6447428,325022941.7834762,572408893.3719294
78746490.9478748,75592858.46667974,57622779.33027491,255342829.58931464,467304958.3341441
90428739.24698985,75595160.65545185,62890435.22932931,303341350.8947199,532255686.0264909
100204204.1473388,74414641.8190465,69443598.67038041,302492882.2726674,546555326.9094331
70494411.52787314,76760272.17193425,51261996.17583316,239576345.59682095,438093025.4724615
61830010.27763035,63275430.48235477,62428439.638457045,293955985.16953623,481489865.5679784
69289940.44863023,73669862.50855346,70236162.46952257,338460085.06043375,551656050.4871399
108946284.48943762,78478230.88328904,68402182.43637413,318314271.60302466,574140969.4121255
63576553.74936761,81420775.88970889,70260266.46048833,281785157.9135955,497042754.01316035
88767415.94959606,58036572.01971327,66025661.89758144,245962024.99736744,458791674.8642582
87340219.35090293,67151350.619542,52454185.79287526,250318655.88647535,457264411.64979553
106227377.11169018,84291285.65623896,61969981.03638685,260084985.09010807,512573628.8944241
99545953.49382007,81936999.33669738,70571643.08696997,335215093.34849983,587269689.2659873
84270023.02090922,75064135.87170528,58399370.601584606,233747782.34327385,451481311.8374729
106803913.30915372,98619619.34505655,56643636.69114951,299308142.9954307,561375312.3407905
95620235.76105726,75665924.12109835,65686806.43579129,289254837.3115152,526227803.6294621
98465389.16860919,81400149.78272754,72579591.16000253,377643459.8975259,630088590.0088651
86062072.26607576,66229736.17617232,64271094.71426371,267319867.1018129,483882770.2583247
108519521.13006113,72249646.4624131,74318786.89121902,357056896.404306,612144850.8879993
98009755.29435046,69599110.7363703,54176662.92481379,305565043.9656681,527350572.92120266
85678580.58613943,66805265.454825185,58316402.63484984,352389557.5420487,563189806.2178631
74122817.64280318,79393069.18914601,59127379.35312646,327486350.9119539,540129617.0970296
96320089.02195911,76237310.66321091,60580264.45240241,315050086.1989502,548187750.3365226
96013752.3007185,80344065.79929824,60918575.300013855,369638967.9421483,606915361.342179
90942665.21040313,71052287.40305288,61538631.360216275,314956727.594939,538490311.5686113
81937449.14184722,77558903.45682447,63070898.16456583,342334323.5907811,564901574.3540186
90132110.29303944,80994410.38217963,61691569.05061124,297908886.85110253,530726976.57693285
83084132.5260135,64225404.43856375,45638335.0222206,267411036.67366895,460358908.6604668
99019227.24483012,72572250.95635335,55496896.089495346,298015256.9956781,525103631.2863569
78246329.60576272,65230316.82775438,57929657.258698784,279847788.86523944,481254092.5574553
95723100.45289335,79388297.4016653,66484066.31479585,294590880.0755335,536186344.244888
82508140.99426131,72978455.37756985,66375911.38711438,282985444.666956,504847952.42590153
108205065.12032601,72460244.11571413,63232485.0997058,300169964.24790776,544067758.5836537
78487517.82274862,77241673.04210827,70184799.46007496,301449743.605084,527363733.93001586
73419782.80569443,63118783.990698636,62950518.130547814,319549189.65376824,519038274.5807091
72555236.80019142,66370972.98529194,60038933.288902715,295460406.3906647,494425549.46505076
66574697.600393236,76202819.63944308,71885333.90360169,221126922.0557166,435789773.1991546
105946372.72773749,66976868.08938343,64651936.18918424,339686251.99756676,577261429.0038719
98954602.48725611,82602758.12231393,62516422.90060557,294935575.972071,539009359.4822466
99433491.82073508,87642798.77387832,69796767.35250174,389626523.64392,646499581.5910351
120067408.16214034,102547086.21338864,66813489.63304279,338867730.62053925,628295714.629111
128596917.94213131,85222707.6656194,63341041.91370722,349227105.67690074,626387773.1983587
77021601.66988236,89289923.10962623,76340787.59936272,311240397.52577126,553892709.9046426
69686190.04649627,72556043.47588174,71786164.84251119,277002358.73636186,491030757.10125107
134012062.97126266,71230197.7850479,62460383.63758446,286002071.84108025,553704716.2349753
100042055.21766026,78684495.32182394,57515469.0057804,360967128.3471883,597209147.892453
83967328.60419765,75414906.96801086,67487977.94908994,335114203.8557105,561984417.3770089
60007870.47434151,68300009.31661819,66895007.286205225,258121796.09624484,453324683.17340976
84488220.20982069,76870725.93955226,63514468.31865228,298581700.0590157,523455114.5270409
81035782.65668485,68960400.53166492,70744126.55822834,265694863.60672247,486435173.3533006
74657454.06921916,99487315.91162907,74545153.91982977,343523284.8993739,592213208.8000519
69712091.43199717,82811508.76059884,62653142.963371135,368545834.0123472,583722577.1683143
105646681.88667186,80018729.68936035,60503819.33802962,349516956.8457021,595686187.759764
84656714.07802376,69646058.26095238,57218954.25553509,320818981.3892183,532340707.9837295
84704367.73497699,66662197.85632328,62302292.45083591,297404736.943431,511073594.9855672
87374661.70905675,71540515.57348934,65317624.06466927,286656275.06466717,510889076.4118825
85513781.29671435,67896204.93291098,53248021.06704389,337235784.8707854,543893792.1674547
75443085.4706913,71475334.60178058,54252534.75109375,315291719.5885172,516462674.4120828
106364929.18871953,90944123.68198067,60025911.31558398,270622464.2677051,527957428.45398927
105321529.78132837,66878281.9963351,67461008.43707421,296501733.0489264,536162553.2636641
103956239.16820292,77289278.63396956,63178748.82153288,342337861.40803313,586762128.0317385
89232223.58366145,77558966.2840773,67583904.22519341,260057720.0402999,494432814.13323206
72467952.41618083,76790843.506869,67572578.84244289,335523272.4421778,552354647.2076705
77142878.3616472,77508112.82027847,58939843.16078486,300224226.3463448,513815060.6890553
125652834.2222142,84746612.5953052,64441425.28058012,308273939.54979795,583114811.6478975
93220480.72708708,75080057.64944176,69205229.30102344,261954647.30946872,499460414.98702097
56886492.254554145,78063194.85868128,65477582.30154102,268690938.5690781,469118207.98385453
85138843.24934404,80855881.13977498,76793388.48935658,283267262.8292193,526055375.7076949
92147063.74151967,84009659.26942845,73133883.463343,286267499.0727005,535558105.5469916
78313046.2805712,81375049.33158305,67518780.2800598,327451512.4813775,554658388.3735915
91198107.70903446,66084168.34191576,56245398.841481864,334267364.8351478,547795039.7275798
96873418.33451073,69236282.49522685,60130296.859516986,234155757.4445423,460395755.1337968
101691354.28442258,78374119.4901717,62183468.25773068,293371067.3920163,535620009.42434126
101835477.90063283,88032855.55021027,91072225.50769551,327372247.3034948,608312806.2620335
91001101.78801665,67926550.69483674,65703453.42281983,293139349.6406282,517770455.5463014
96818202.22830118,86948458.04878311,59687315.39186898,255042783.97342673,498496759.64238
83250644.7728422,67856660.75546387,50737748.09249103,248942723.72438142,450787777.3451785
82573379.85596952,77287204.82787119,66189420.89238846,309408121.05150634,535458126.6277355
91108044.21660438,77564207.2399107,70472399.42560162,312118628.5070848,551263279.3892014
91293629.36676413,76683820.01070008,72398552.52184369,346306811.73603123,586682813.6353391
92539084.91681896,74294689.92432302,52352523.33133812,260101008.77862915,479287306.9511093
88982357.68872036,82724569.81599264,67704703.53148873,311473369.0321408,550885000.0683424
99943992.29710081,72495780.66584104,61869904.6080291,292054149.80796194,526363827.3789329
93036572.0533714,79230591.39299046,54367339.5236179,342953376.04807436,569587879.0180541
96162407.76693057,78321204.10109028,74727988.62456717,327346817.6926795,576558418.1852674
99068644.35514614,80229522.19527084,74707944.09314553,293162217.46101457,547168328.1045771
86806578.0255704,74282070.32468197,64933687.424492724,300041280.06775975,526063615.84250486
84312875.23888578,76506912.13000274,63615133.556777105,286807682.0697881,511242602.9954537
113628061.6622708,90754376.97987022,71930297.41399802,304640010.40155166,580952746.4576907
77334753.08658335,60541937.395593084,55562171.89387989,284675541.8694402,478114404.2454965
77205806.2964486,63510483.41042361,64443282.23290222,281346160.8809436,486505732.82071805
103376863.75363545,66061398.85326726,68579559.43047005,265981213.75690085,503999035.7942736
94412094.4909122,68719754.95254292,58694194.93876212,281848476.61661017,503674520.9988274
89081287.31710675,77401364.8022552,66916525.51916931,286698173.7184077,520097351.35693896
145138061.54727095,80869725.31243205,64020932.386902526,299863738.54380566,589892457.7904112
92110687.64533429,89702491.08312874,79647747.77551158,295298414.80729496,556759341.3112695
76322013.06036466,68986816.69869952,70966010.38125204,282226869.49125224,498501709.6315685
108290691.72923283,81470608.89828429,65393363.45756697,347150172.6735083,602304836.7585924
95093323.92961846,76082732.11041507,66828711.86980892,379074820.3859404,617079588.2957828
88365120.80619188,72772026.41719326,65438619.46834094,230368235.80987123,456944002.5015973
113569067.55719014,87481916.49462903,65873372.866026066,310884565.0993174,577808922.0171626
86182841.62068678,82753360.76203182,89137813.8969621,394520239.9150801,652594256.1947608
84080997.76792516,79546860.94367851,59496509.22485584,292849927.51033235,515974295.4467919
77484886.5888559,86967583.57877187,73725558.18251403,293478499.4050711,531656527.7552129
87293298.11894898,80608120.72642075,60546774.03173642,350458553.185887,578906746.062993
92918696.70635442,84292568.40784688,75333917.13639542,294734613.6956532,547279795.94625
71243973.37958024,73714853.66569673,57601584.698723,250678705.82565248,453239117.56965244
104197894.95423831,91327190.99861822,76650566.67141761,292738485.23527414,564914137.8595483
96342181.98221248,84215486.2498923,60280075.11724632,309409869.77600014,550247613.1253512
73277176.08601934,95881690.37285171,69113869.9672503,358371417.7475416,596644154.1736629
71461996.38716461,88163104.17018424,75195695.03473163,313647863.528147,548468659.1202275
81671858.1764586,69735628.38830712,56886606.21199164,275311925.68917143,483606018.4659288
81418604.10625651,76330806.42730443,63091239.65557255,336204059.1984474,557044709.3875809
79895695.79780222,67693886.8189118,59238144.3202512,301235476.23886913,508063203.17583436
104258212.35197566,92682063.64122856,83176846.58386831,332501491.386312,612618613.9633846
86663298.39239177,73958839.07788305,67398163.37882124,292684245.86221546,520704546.7113115
76225707.6810909,100917520.67912608,82418022.09472673,364664164.9517431,624225415.4066868
86927372.83248755,79598817.52056922,78637005.41172749,334648863.6245135,579812059.3892977
87558973.24509707,71878212.09624507,65810657.50140366,318183918.85191935,543431761.6946652
94735867.43113752,78949579.89837593,61473868.69235339,305744993.8614913,540904309.8833581
75674419.02793932,65603602.45257247,75478915.1330651,251684981.3988274,468441918.0124043
86205501.01278667,75064486.30501233,72984511.2352208,303448482.6872334,537702981.2402532
84478916.61942984,73249106.27542892,52198673.93377123,227142850.11145687,437069546.94008684
89628409.60103281,76219929.6930528,70457680.66245829,303460264.5705157,539766284.5270596
90144401.41497126,87197618.085502,76636990.71088949,282980522.78048,536959532.9918427
77345366.576155,65123609.370102115,50892130.37904368,280037655.45580775,473398761.78110856
73941600.70254898,63442504.821187556,49079058.202847734,270682721.25258607,457145884.9791703
69818368.6139115,73733664.7951808,64419187.044670016,316439393.6030127,524410614.056775
92978190.31465898,94185989.83464997,65184749.134320304,299489790.98103225,551838720.2646616
97015776.74814025,67272895.20543301,63936942.5194357,323786229.41457206,552011843.887581
79957536.3103273,93290594.09890231,65272094.80146278,322946704.29832417,561466929.5090165
80745310.95588773,83487468.88198994,63037306.208901964,284196938.9448167,511467024.99159634
87753918.89985403,80269572.96507365,70301248.29726666,335820848.4249288,574145588.5871232
81489281.15798931,96855379.53884716,74033168.89334671,281327079.4916309,533704909.0818141
77902883.42463538,75389699.50524387,62722458.82365167,290376324.8693956,506391366.62292653
99798396.5960873,77269985.70555586,64767468.45832763,298953837.0787614,540789687.8387322
71751162.5521056,77243365.10476825,53181211.78814694,281996395.9986885,484172135.4437093
106821913.83362538,81843854.21086401,86076579.10246965,375590466.87483126,650332814.0217903
88867919.53555362,85046312.57024525,73460267.86214264,367920328.72881216,615294828.6967537
126154850.70703377,84217104.02586524,64108329.95938567,316708973.2302836,591189257.9225683
79663831.86707178,85495519.28503428,56135837.88628823,319129458.39600354,540424647.4343978
73289949.30379754,88018130.57273583,65647813.8954226,384866413.27926,611822307.051216
108627885.30568044,68614712.02374525,48921412.31300458,319933495.5607353,546097505.2031655
80064976.90433645,69221395.2310064,73449792.91520779,278643724.056282,501379889.1068326
125343592.17253889,90230204.06042574,72501514.37111355,349062654.7410328,637137965.3451109
109112296.86719793,72048144.1298018,67084431.40989608,304285581.8962006,552530454.3030964
86138549.18636839,76213480.06378345,67063786.956488565,337292141.3901478,566707957.5967882
97220052.35437079,73632658.89432646,61267505.60042117,316663880.37740004,548784097.2265184
94134984.02110751,82299668.68654582,67034355.61076103,326084662.6427171,569553670.9611316
87376666.9370873,66012095.33673812,65063599.70433013,252088207.01716268,470540568.99531823
104874650.26159732,74898275.99473795,60298588.893582694,335346523.73673654,575418038.8866545
127669339.08968894,82648748.85370576,61623667.76578257,268239922.69185805,540181678.4010353
93146294.22069666,71971308.40267944,59532085.77770621,214576899.96766594,439226588.36874825
101366229.2472467,78559594.6661026,65073140.311600305,346309310.9767386,591308275.2016882
112144225.92518139,72556468.89666112,68823977.96247095,309040048.72246474,562564721.5067782
72701631.41277523,64769151.29743552,63845026.713959515,314627124.74562365,515942934.1697939
90278532.17070925,88138608.69052611,74620462.23711765,301826517.5488519,554864120.6472049
84104767.45762436,72859746.10166852,56884091.14707321,321489430.65373796,535338035.3601041
82085886.41246064,79717172.97646509,60736670.90929508,298684141.34467036,521223871.64289117
87508048.4286311,63168318.785456695,52863043.021231726,276587199.05018795,480126609.28550744
87061303.64791441,73299260.49896945,66781918.24667131,257849056.9544609,484991539.348016
72077042.3586925,73622926.78180261,59504829.36757585,218821611.24815467,424026409.75622565
76115631.18524912,70756009.0540165,63855926.20242851,273981938.2180508,484709504.6597449
62981136.54642501,71067072.04547806,65339585.08794812,298883286.52512085,498271080.204972
99273934.02458099,64692159.5607289,64811055.8975129,265592808.49371493,494369957.9765377
72329011.67870313,66930053.42842596,56947720.76462854,278552417.67677134,474759203.54852897
103084713.1389188,64831306.62913906,54956034.52020889,276192278.3993508,499064332.68761754
66789646.45691494,84865796.19308175,72035268.94791886,246908324.35215983,470599035.9500754
81493388.4508661,79681275.46757804,70244037.99472737,268681813.8519524,500100515.7651239
95361499.26188804,70430458.81294139,66880600.12796949,327482065.0110575,560154623.2138565
83677577.6590282,88783881.8902317,73021778.5786445,351122314.5073541,596605552.6352584
95490223.65476122,73260513.6138391,59901239.33046843,315710304.59360784,544362281.1926765
86406516.60603805,82390649.6487097,68765389.65962002,343773023.1109642,581335579.025332
90217885.13107456,75213336.93347237,57278369.852926284,296624417.58958334,519334009.5070566
83063891.33999428,57395016.62468723,53826326.40527208,387820134.319797,582105368.6897506
97201654.7153078,85226703.00466372,60723033.87614335,322618622.5143464,565770014.1104612
106132248.92438841,71636743.69786356,63241398.23387324,359251832.96567625,600262223.8218014
107677311.14274497,81060547.84206568,84322907.80014242,322407414.49610704,595468181.2810601
82726338.18665783,70295080.67839715,74560421.31391126,311303525.93828976,538885366.1172559
86449368.13601328,86601363.87710398,59700046.60690743,284042671.7783111,516793450.39833575
90422391.51649176,89364279.53005655,67119792.36508533,302539595.36627203,549446058.7779057
87993024.00962484,86660042.06973964,64104852.14174078,293855290.0047791,532613208.2258843
79069771.61358942,74948015.40606941,84626827.41378742,261873341.88879174,500517956.32223797
87875191.75160903,75987921.1363596,76678032.63634542,350152403.8226933,590693549.3470073
101446302.7564483,75729120.41167168,67255899.65704703,334446378.8946016,578877701.7197685
101431150.36839996,66129002.65265235,57299700.36247609,313612502.2514566,538472355.634985
90541026.37300488,51039520.32866113,52183654.486706406,263262638.99560753,457026840.1839799
58679258.73126703,81626417.6096027,56113166.46514559,260156410.18210354,456575252.9881189
78478504.32110457,70329432.45327881,55474425.14240846,237617211.9718885,441899573.88868034
82080438.9727039,83408849.77569464,72827617.2443538,268795731.45222795,507112637.44498026
76463985.52316721,64874590.10756072,65009257.16927638,324305708.9837964,530653541.7838007
104919145.21460831,99475274.47788614,63421509.44287463,312715126.43733466,580531055.5727037
133007032.3284814,91489174.0647651,72745312.72463089,362075890.6550995,659317409.7729769
62905956.52579835,78304033.61917016,58672025.76831996,285635091.3775316,485517107.29082006
82054604.02717714,70084128.5230899,63339431.51107191,335820885.68890977,551299049.7502487
101472171.65597259,87395494.22395846,75207483.99109925,300332841.60080564,564407991.4718359
74363043.88076575,85350229.53491887,75877532.02201281,378453598.72297674,614044404.1606742
68942544.08753423,74434040.07599933,59551977.452509336,290266754.45140123,493195316.06744415
81811816.46651752,83586214.86133592,61437974.292570494,307143070.0405957,533979075.6610197
79639948.02307642,81688280.14277902,62699617.93577202,300698117.68771446,524725963.7893419
107415505.37578088,86973163.32294665,90457454.64584944,366451462.4104559,651297585.7550328
98724614.4818068,70465555.24046484,65348966.86081769,298597221.1100997,533136357.693189
99805055.74758725,72422246.82135478,66298452.017745286,330480273.16703385,569006027.7537211
83843441.75761265,89633347.42321903,75156764.73455554,327781843.1710359,576415397.0864232
84561243.06609657,73845077.34655721,65218492.00558183,273079947.0661631,496704759.4843987
74298401.27495952,62611613.75593123,56828449.140833996,274074713.8575368,467813178.0292616
103483861.47180854,66643833.01387801,62526222.956767075,304885273.1332262,537539190.5756798
82718750.79713415,81989908.79870994,55751574.004566565,285020532.0000627,505480765.60047334
79592372.09258953,77771843.88525335,82132031.62160812,403836215.5992644,643332463.1987154
88828666.1277938,69845050.42599943,79611246.85113664,358774364.2052338,597059327.6101637
85091635.57010998,73872658.32080173,67414282.10222396,278843175.0431406,505221751.0362762
74118841.91897644,76847628.92330316,65606379.14425248,250008531.0777175,466581381.06424963
99393207.30006161,74547262.993133,64376183.43574812,321531732.8487521,559848386.5776948
95259622.94057912,75406041.84039986,57284898.93448821,292530395.96420616,520480959.6796733
72750770.73202845,68501537.239279,57150658.088875465,254590789.20011216,452993755.2602951
92066006.22609104,72509579.62207526,66368687.921478786,247164229.89115274,478108503.66079783
93755417.97802685,74046111.26897676,65109251.87699162,292582629.0247588,525493410.14875406
80174309.89123535,69217554.87595126,58677009.7864179,323471064.83958435,531539939.39318883
109615379.80415171,82994831.39455529,68161053.78937662,332380289.0845241,593151554.0726078
95315645.8954283,69417604.64662378,63804526.16972968,299096905.5653336,527634682.27711535
81557774.7318696,71800649.51347971,72039190.03697217,334621514.84009635,560019129.1224178
86730308.66063784,62616589.5309383,60312551.54719364,242237043.4565054,451896493.1952752
79525993.93938847,72787994.83847663,79541857.05167823,292123843.9204175,523979689.74996084
81612139.95560247,77754212.94230586,67210323.80641723,290327624.54102933,516904301.2453549
85375671.29657367,68784795.32222107,55308843.85432682,316582443.91721356,526051754.3903351
90382786.10009566,71428631.5083798,65895526.67889485,354500986.32878685,582207930.6161572
101204809.41377282,84162852.53836301,72249736.89872457,282486544.58111644,540103943.4319768
93528853.27266999,77258739.34021153,57312837.49815586,204243250.6910086,432343680.80204594
68157847.75658217,65313525.79533491,55747579.96023997,343691889.848555,532910843.36071205
111835412.72639696,76354825.14845392,68990808.84909138,252947676.68947113,510128723.4134134
80365660.17693889,90277330.68120822,72597497.07489388,259304339.5980714,502544827.5311124
81986177.24850924,80534297.40644942,73518571.69544092,310939931.4441275,546978977.794527
80264385.49873318,87607300.58644235,61504999.21577242,334411836.9611367,563788522.2620846
83585436.8476734,80641670.29717435,71271314.44105545,314839362.9991119,550337784.585015
91333853.99256581,82672996.7761917,65153632.45606066,291216142.5396773,530376625.7644955
95162550.24445696,79697138.63166426,62870499.678227924,360760834.1807211,598491022.7350702
94900132.35578139,75114918.35859345,51359609.51703493,281238446.8723151,502613107.1037249
73663724.8347364,79194333.57178798,61752413.33533566,307305493.8910211,521915965.6328811
62774562.69108459,69180214.02560562,64739239.48435736,256180285.3152382,452874301.5162858
106551773.26338097,67327709.01562715,53500827.093594044,290330170.58902025,517710479.9616224
82831519.10684748,85699769.32638389,67193175.69415037,311015069.32867813,546739533.4560599
84333062.67573008,69378802.81040837,57228053.9334263,270869276.6425019,481809196.0620667
88675489.89351828,88686069.18828422,64002527.9635221,322384892.352471,563748979.3977956
72148631.7585243,72972696.7770386,50459128.89279083,304716103.83191556,500296561.2602693
102810403.92320259,72102029.23280072,68725783.06909545,288020866.1064095,531659082.3315082
83587730.19472356,79483621.1689062,53239354.26845164,267642556.39969778,483953262.03177917
82891184.73990458,80109740.08004288,62024904.45063479,295061079.9975296,520086909.2681119
98290541.94799994,75648768.43997297,55639724.78661217,313757609.426972,543336644.601557
88292529.08770041,73746830.2902217,70250684.68243092,362399006.7491915,594689050.8095446
74641107.74296735,80054849.27773489,54507215.141741574,245244809.99606284,454447982.15850663
90921533.99049285,64580459.73994808,59288836.70249359,295706425.50467,510497255.93760455
50641782.26340447,70339763.81910738,51666303.580418035,262754164.88149235,435402014.54442227
90670720.78823218,108767558.72030835,79448126.87269081,411715855.9638334,690602262.3450646
96780721.4434331,69655656.10342728,52339232.87881848,312298034.8200173,531073645.2456962
72320478.6814291,69396071.04150872,58179785.27814972,228504005.95120093,428400340.9522885
89221787.03412771,78164618.02985793,74620778.49877207,327724524.39365494,569731707.9564127
99439706.6766839,67619978.09571771,85509191.61340083,305086232.2766729,557655108.6624753
88563110.60116325,95592448.03214388,72206292.62510358,320404067.5722628,576765918.8306735
90115185.71726647,65660664.739455745,59786030.13991269,261106128.27924743,476668008.8758823
96305469.54528485,87050254.22873534,82519862.11027901,374029821.96863,639905407.8529292
103276957.56541546,73086742.71505454,59921589.92192032,269249300.6368502,505534590.83924055
73448224.66896206,61496986.9757051,69641358.0806465,275087282.3089905,479673852.03430414
70086731.8044394,68864939.3197669,60528320.85949775,270353045.37399125,469833037.35769534
116321471.02110766,78915549.49950677,65073670.6701507,347648972.6785572,607959663.8693223
110041135.86430904,87448889.53169559,69443222.41630992,318784017.9260955,585717265.73841
89775169.06607327,70230942.53175992,51425786.109318994,252611307.4599554,464043205.1671076
67648608.223915,72357362.76591042,66530290.78074133,289356824.52388984,495893086.2944566
72348267.50364797,78600251.0205532,72240755.55149977,350441165.2683028,573630439.3440037
80308385.39176811,81072459.24823834,64856119.35818465,264879777.7870024,491116741.78519356
66358670.97803941,72653989.06949857,69522890.8048779,306210084.4188871,514745635.27130294
94521864.35931198,73873703.85064647,65615750.39264595,226355336.57256684,460366655.17517126
66761019.97118948,60109967.15658002,58644016.77865622,267747362.144197,453262366.0506227
69027536.579397,69070764.65948017,69880233.26406449,315355375.2635257,523333909.7664674
91616876.45379728,79713494.89950314,53037771.31849972,312468271.6679046,536836414.33970475
82109812.5196795,67329824.1816392,59366021.124599405,267315926.70715174,476121584.53306985
76761971.54782106,72123949.11617742,76387118.6138695,270410553.1375911,495683592.4154591
76023797.3929854,75663899.09913296,73036736.73008123,314559797.52261966,539284230.7448193
95740098.62167466,84805768.53440705,72556774.60784379,306766219.78099376,559868861.5449193
88194906.50663753,66180597.99201723,64665032.93173015,299901969.95574385,518942507.3861288
74906138.22880097,80523262.4804209,65616194.387727626,334959067.0283485,556004662.125298
96988801.39942169,57549253.44993538,56061408.21753929,307024128.12290055,517623591.1897969
73077036.71377797,63035279.25486061,68558937.64908394,268564890.23566306,473236143.85338557
80027945.88374554,59266757.71393262,56647170.57616514,261221259.26601255,457163133.4398558
89997350.11476287,72392071.01732129,75892387.30650228,267229672.263398,505511480.7019844
110708625.92162687,71433834.80351953,57292691.85168855,290684668.7423179,530119821.3191529
74148732.61694418,66013915.32314828,67647134.33854586,239078334.50813964,446888116.786778
100409760.4694822,94505693.24589153,57274531.69996834,290239232.8187289,542429218.234071
85019397.21055627,71985864.56904079,56423700.095278025,350647344.2693578,564076306.1442329
88440996.61931519,67141885.00776277,66752273.76638539,286449967.5678643,508785122.9613277
94922441.73657192,72660616.82349497,64731832.24439698,293646622.9039386,525961513.70840245
73945103.01195952,77215913.95714785,54806538.31561604,311116143.5742536,517083698.8589771
104997079.25378945,67984460.28976408,65279162.32893506,318285287.45991015,556545989.3323988
77413371.88043153,81815429.50743352,73286306.30054498,321367946.4392278,553883054.1276379
99869101.8177222,68828847.21981421,80884227.09035388,284898547.2404339,534480723.36832416
69468009.91681485,89872876.43812713,84579494.67920408,323728689.5765114,567649070.6106575
60373923.473161206,73303827.22077632,45902631.2399832,257386201.91044438,436966583.8443651
80887485.29027109,73089957.93584535,47957244.63133274,245500680.34811482,447435368.205564
106986786.99209468,82035222.00188974,89577132.44056189,371812371.2959237,650411512.73047
84818715.84601538,86128109.71242465,61434173.75823479,306014254.70575505,538395254.02243
69785082.062508,70549116.59588167,64407681.66049824,273233045.66639364,477974925.9852816
92124102.84223185,79233981.3228178,62408711.17868482,253102711.4663502,486869506.8100847
89698584.19192688,85872769.77679048,62646020.268824466,283488560.8118382,521705935.04938006
119614133.83223112,72338638.46747343,61775794.86380778,377416528.2138505,631145095.3773628
90372365.89808054,70371863.453559,60744154.76746369,345353050.53932655,566841434.6584297
80500914.30027093,70190881.96405306,64133059.92075514,319436423.21930814,534261279.4043873
97059937.75538045,92389464.69181488,58675279.61189601,251161205.87257847,499285887.93166983
91202724.52748403,77572349.18700151,76007532.80213133,310269397.17031354,555052003.6869304
99744252.73240876,88747375.59180662,70265829.16569202,381693972.9598677,640451430.4497751
83757223.33175588,67771060.01189214,70828491.09797911,271623052.96297616,493979827.4046033
70427705.6197692,65449214.38762522,55256957.33398625,343419089.6611532,534552967.0025339
90072381.06606522,75274166.38378781,76839260.25150949,361209788.5677784,603395596.269141
79419279.0111848,66349273.61809526,53163311.04179153,324166255.2034301,523098118.8745017
82644381.71491456,72653068.03757317,80234313.41356081,357943750.90444803,593475514.0704966
84559002.08449635,65270569.096328065,60746693.18412477,290571488.4045039,501147752.76945305
77776112.88935362,72707476.89646062,63847169.408827126,312620644.38335776,526951403.5779991
74839120.16380768,70947900.34107818,60416393.09255605,256702411.38483524,462905824.98227715
81329275.86637378,83392610.9148735,76668114.5270735,290819334.79271305,532209336.1010338
97604050.24895076,89826801.08299313,75831091.7798829,415238088.2058287,678500031.3176556
98346036.88273478,83237608.19618146,75312993.74710841,317106465.3215755,574003104.1476002
89332515.94317351,69645281.73301776,61878308.27810673,264943408.85354185,485799514.8078399
77464026.95772576,92521763.67992641,83892999.38948445,382372871.4062353,636251661.4333719
77561237.71614474,70125120.36151448,70736620.78352155,292072089.00209534,510495067.8632761
86899504.04162219,76408286.1889873,58223889.839408726,345339243.30464214,566870923.3746604
90381252.47103563,83817112.0422902,83015188.15881422,322645612.8657541,579859165.5378941
93937797.42941804,75674411.8036739,63530233.02005365,216587586.01740253,449730028.2705481
116708609.43074171,80422941.88909599,68489825.06253642,284061185.36143607,549682561.7438102
70938646.12356861,73815411.380797,60799399.73538667,295631453.46040654,501184910.70015883
73075483.22170761,70408909.2046932,63119387.68864641,323906091.3987466,530509871.5137938
100398057.3693977,71086106.70708947,73791166.99067508,313299884.40344894,558575215.4706112
79636467.95290287,71069545.13870394,77791250.14977096,271804855.69132954,500302118.9327073
90637976.189792,79496260.7318346,62815122.21014205,278492555.74688846,511441914.8786571
99678852.48384523,75880605.08263655,63808158.3208949,339173008.00039446,578540623.8877711
86210080.42202184,71186978.45190628,66251837.60710783,408924534.55118096,632573431.0322169
103737836.3861148,93107818.9325305,81149571.9588281,300158839.06766635,578154066.3451397
78411863.62509021,71135930.52863067,49884447.50528394,312464348.01685977,511896589.6758646
87590022.24803425,61375988.79220858,56679406.86595607,285996061.2034254,491641479.1096243
80065884.06266932,79142258.88064505,70356248.23376481,324168571.05938476,553732962.236464
82201743.32511859,85780640.6207379,71037474.65610464,354336485.8406317,593356344.4425929
95754574.66921563,81737707.52720673,72718853.05954167,279712620.8315063,529923756.08747035
93317388.48916833,71126572.44974647,48167106.80797599,264351998.90307763,476963066.6499684
91672143.6776295,75923738.24545912,68000085.46596634,303877939.24812263,539473906.6371776
109352736.26792589,71962722.86322543,73093394.9512217,329648023.82852703,584056877.9109001
71902022.01829538,70651667.17084114,51043324.81026127,319647987.8343555,513245001.8337532
81960611.29644924,57842895.37911073,56511016.337513074,291930707.1778096,488245230.1908826
80488022.24333811,73003855.88474947,60671080.97444914,272993556.6267958,487156515.72933257
135001347.05235028,90855159.16256547,64606176.91011291,314947179.42761934,605409862.5526481
99294247.04588875,72524699.8170624,74493159.0136415,355659998.242949,601972104.1195416
81016527.64137879,59966094.387572065,52916029.638031535,290214814.706958,484113466.3739404
103330361.67492552,73687009.87072998,66093064.5214962,316858546.2963897,559968982.3635414
97085685.54888873,79383374.2353968,78491938.18195073,386054770.22278273,641015768.189019
68865573.17376703,89510305.62979476,75242206.5913451,266410200.36549884,500028285.7604058
80252237.31073295,74648141.40938327,72767405.99511681,260748164.2302496,488415948.9454826
69197114.25326364,70850421.81405075,66221993.054139666,354069893.15488595,560339422.27634
93388829.76533802,93078086.99497046,74777433.15353036,306749724.76191115,567994074.67575
88029038.30445689,81150942.98147205,92753016.65579104,369688902.70720124,631621900.6489213
81911016.39564453,82892714.39042355,65245957.40615746,373453056.7817652,603502744.9739908
93274690.88091508,74782524.85178001,64280716.30459245,309373018.57269377,541710950.6099813
92396554.62850063,78284087.4708256,74558690.81489657,319406146.48915166,564645479.4033744
125343469.52322498,79979605.50948684,61620319.94861046,345881497.55976135,612824892.5410836
78557022.0219724,86430571.29877649,67495353.5429847,298337333.3056986,530820280.16943216
88466189.91429798,74631929.2076732,73743743.45639579,350984617.57809246,587826480.1564595
96868364.33506878,73691112.70289904,65287688.09351766,289826952.5103442,525674117.64182967
95995240.76845023,86384098.89299056,78686454.40110116,264820783.42975622,525886577.4922982
89307753.90289085,85681643.97364928,70880251.77391352,319767413.08869696,565637062.7391505
59824449.35292902,82311589.8733831,73739582.2372542,339075263.8642678,554950885.3278341
72073908.10868287,78336119.79902142,55374174.85788553,289435363.86992747,495219566.6355173
94647218.5123102,69384501.7765363,66724482.38788793,328504087.1436442,559260289.8203787
92543823.71806872,86094965.99886616,65093010.14540597,249727703.7798354,493459503.6421763
102229278.35563406,70992283.63096893,69142694.24915658,267814494.16993812,510178750.4056977
107994278.01950568,77581655.34572293,65824356.22536376,345874554.6286672,597274844.2192595
70886123.74787694,91137761.02806792,64615474.11214795,317011016.3901708,543650375.2782636
82078141.76957716,60915755.90071369,47522746.68963041,325568668.5809162,516085312.9408375
94542455.19383252,78103428.82168008,65327252.08588383,361729897.2051061,599703033.3065025
96794436.00298634,70181092.60671875,55145865.78823348,258291326.48781958,480412720.88575816
91474967.9639207,80847604.26051399,73001886.88880183,257555725.4386707,502880184.5519072
105323723.56458159,77426861.63933472,70016317.10531256,314921908.01497734,567688810.3242062
91394588.30302604,76928972.16714545,89141225.0813152,326924102.9840061,584388888.5354928
87321575.06929544,75776320.41986685,69326877.19474019,336881310.7706758,569306083.4545782
98271066.26555575,72263100.85077725,62816607.56622647,319144280.4044502,552495055.0870097
90516851.7163283,66781754.96460513,59440444.1150487,280180298.420238,496919349.21622014
104020214.8116455,89961343.62566249,74229743.26366107,288649172.64084005,556860474.341809
89070840.356316,75968267.18635747,69755707.94397944,399450858.74230486,634245674.2289578
64691756.78872602,53413578.24519737,51123939.77584777,272675859.33544195,441905134.1452131
80766206.21733741,85832611.79058078,77115582.56239001,320971179.98665285,564685580.556961
75271992.07356052,76054314.89268035,63216066.68076456,273455780.17916864,487998153.8261741
77948906.43665329,103433555.01965053,78334829.16031364,326779480.2965569,586496770.9131744
67198170.43135461,66253560.41628195,54781601.81206988,286412090.1552466,474645422.8149531
78930877.51813959,77148889.2852995,73183014.33305581,314703441.89988625,543966223.0363811
84207256.57510036,70333525.97196813,72882174.92104399,267449180.2773585,494872137.745471
75293836.27308816,68548811.96417843,55846116.73926647,298020123.08902055,497708888.0655536
66554136.803025305,64841382.87034267,67494819.81502911,301900949.7927386,500791289.2811357
110524530.25552508,73570204.34589268,64325479.56453398,331616145.89425194,580036360.0602037
65567225.03700596,71871327.70343606,54239464.07161169,295817562.51770365,487495579.3297574
95134518.66074912,73415131.03441247,57155647.059720576,369461237.15338063,595166533.9082627
73472427.75237267,71966345.74574521,75123068.11906777,382290168.12071174,602852009.7378974
63577221.36472992,66185933.50948958,59466616.95264577,284138749.09684366,473368520.9237089
117777049.9316517,80666565.48157747,64037994.20739123,364030089.2006697,626511698.8212901
95112520.85064942,83471311.3056289,62788404.43795446,307816756.7232949,549188993.3175277
103254454.78891648,92254443.6989392,78777713.76937643,343239935.3065023,617526547.5637343
76117470.79361801,76547548.7393519,58270550.471756265,282919590.70140916,493855160.70613533
64982304.289146,82083765.26066822,65075047.33103544,250079551.39342007,462220668.2742697
87231850.4576263,69270262.57985677,57238941.80038495,332082376.8694234,545823431.7072914
84144968.36303693,61295245.18233549,65032178.803968124,383933344.5929027,594405736.9422433
71065088.08752918,80514868.86349188,73293374.40186155,301682983.712973,526556315.0658556
79097749.12279019,74347139.18073867,60724285.24778802,290725437.9076798,504894611.45899665
108750327.44501527,82133248.06033409,64794585.39089731,292833250.3450966,548511411.2413433
63212739.76138437,68848698.78855766,56410924.3843974,340088552.9909384,528560915.9252778
80794337.25826809,71568074.03669229,100525214.61716291,358427101.6197586,611314727.5318819
83005626.76134686,69771307.55324161,69301532.03226057,275200950.29106253,497279416.63791156
92202471.82509461,76557168.82697347,52657270.19064667,279212535.6890523,500629446.531767
120419896.34766264,87231589.90212512,77505674.66379,374418140.6622426,659575301.5758203
95003616.5677185,91402630.65669408,78378319.49818793,250050965.25556937,514835531.9781699
84953649.1691984,68463602.40398638,68591537.52384295,376122685.68067336,598131474.7777011
69604147.28340654,59574465.92975053,53182527.807367824,338663220.2414969,521024361.2620218
81059612.18873757,89273299.39973348,60147735.186144166,280193083.4705363,510673730.2451515
69420699.36729038,77938475.69950415,67635866.91755147,369682393.11096716,584677435.0953131
70298991.9893694,84326145.19700451,58405232.73003254,287323792.73396766,500354162.6503741
86679607.88152386,86358237.94484049,87606469.08916521,264699209.9509702,525343524.8664998
64401199.0804241,71607340.26337998,56492329.51971825,277058127.7318895,469558996.5954118
84565747.23732124,87802396.9191103,77960235.47054894,326550476.5783992,576878856.2053797
90245641.00291936,73663487.09246038,56121153.94435624,233403559.0481282,453433841.08786416
61084300.10557621,75843424.17212689,78802671.81107867,332433851.08638364,548164247.1751654
95376961.1405759,59193738.445846856,67423877.5112806,267455111.80771914,489449688.90542245
75352474.03268659,63894578.3432669,67036688.74392335,264834295.0880001,471118036.2078769
98359621.78237288,83360956.71252163,50716667.67656086,313774756.09399885,546212002.2654542
61736344.35804342,67169920.7395723,57038277.6238955,350778029.06928444,536722571.7907957
83654806.7653242,75885016.09500624,72625449.02602865,295243640.24943304,527408912.13579214
81314012.7528466,71761163.52963164,54710953.29172702,238216016.13706258,446002145.7112678
111633577.71050212,84992557.89663674,60904321.189230055,295502895.3847557,553033352.1811246
102030887.43264508,98642602.15795289,76193587.79008725,331412122.0965914,608279199.4772766
95818554.09809797,66531838.47917571,64406386.19757035,370956101.36228114,597712880.1371251
77820318.66518122,62155153.89419275,69832798.1189494,275201482.0672254,485009752.7455488
73892116.85895483,70830594.87259707,64463601.8551166,276125464.58912456,485311778.17579305
83006370.71023102,86155828.3066817,62215815.78741026,260394571.63412628,491772586.43844926
89172544.18735,70951177.25009932,69621055.92795809,297467182.941722,527211960.3071294
88901171.77437647,86192174.16016434,68744171.74864526,297235898.17954665,541073415.8627326
63939188.10608385,79656447.77463327,69179750.69756313,297873812.20084953,510649198.7791298
98051143.08738106,71103533.13647342,70702926.59333813,322134903.1012082,561992505.9184008
106112019.45780782,80537235.62126368,76640691.93446316,277155386.03343153,540445333.0469662
81135310.95852655,80866654.21525124,57324693.21731588,315305397.59010595,534632055.9811996
97727711.05107766,83022713.3018803,62628844.817801155,254657958.55661017,498037227.7273693
67934096.51864466,70846539.77606626,73366129.50272867,283556413.01278603,495703178.8102256
86260984.83229373,69687646.07922007,50408780.056376204,317719585.2001799,524076996.1680699
125543989.65589075,96216400.22164518,73889694.22576366,381160761.5617221,676810845.6650217
87271041.76103799,94496846.55865835,76685686.604018,283227456.0275147,541681030.9512291
91589073.18174928,70658906.11238956,58916145.14111458,323260544.14856714,544424668.5838206
65825743.68038342,69031789.12779193,77501875.03281672,329906337.0718111,542265744.9128032
94524197.07615744,80451445.87927328,56501639.68736992,301838205.4300594,533315488.07286
79828996.9822046,81224188.68113069,61486276.79125666,299080589.96528214,521620052.4198741
59183079.59767744,57836692.54535665,60595258.00362172,297032896.60353845,474647926.7501943
72554162.46607938,91119189.98822208,73549258.97813879,250776323.5316282,487998934.9640685
82488903.7941398,68751923.98673545,53698961.3977981,275954428.52361256,480894217.7022859
70584557.94738689,79234321.90879418,69373808.39887227,314952857.5821305,534145545.83718383
56347789.86298225,55217290.352169015,52347296.29588332,286976776.6306672,450889153.1417018
94948295.57514177,72562569.14698851,55316703.12127071,300682455.679726,523510023.523127
115703099.31220584,81353313.85154255,76073396.73308095,270378962.4013619,543508772.2981913
76508708.12803069,62022693.25148776,63527527.25358208,343290449.3069289,545349377.9400294
80651700.94385323,66580133.04263707,51573210.70018115,221242549.12103802,420047593.80770946
75611050.07753782,96909331.05086273,73394541.32215984,288041752.9550356,533956675.405596
92019778.79925291,92413102.49521355,68081393.72980914,291961691.47980404,544475966.5040796
80247465.20555148,69439236.10771176,51063353.38501612,256224607.78676498,456974662.48504436
86109463.2968287,84386624.78679706,75671018.1843154,388400236.0828901,634567342.3508313
89683147.30491965,84978821.02459112,66978230.13240258,317389751.654424,559029950.1163373
76938788.43158017,70798310.7666949,57184133.264792494,286671972.3657,491593204.8287676
83100224.44074008,68486962.39650139,63197602.01761694,364063150.1333666,578847938.988225
71042778.68605193,74021696.81324975,70747910.49686748,293442786.168052,509255172.16422117
62012580.74479676,52034172.05178714,54968711.1808526,287570416.8018615,456585880.779298
78080293.56478836,72305821.99424654,70227792.62382594,295274022.26020885,515887930.4430697
93663362.96435903,92563432.10474783,71487364.73865646,282478217.67858493,540192377.4863483
77789929.85953337,72633579.18351401,59799853.36077211,298609425.08485717,508832787.48867667
87156616.0663502,65220975.7790044,67739106.32971977,373320379.50512975,593437077.6802042
71302737.60141921,78223470.43354125,77737602.96270576,344773390.9990077,572037201.996674
78540052.01670288,61049855.61809763,60851281.33440733,314294482.7710824,514735671.7402902
79374895.6274854,75597064.30443723,65139131.09457438,300185133.61213064,520296224.63862765
81095026.57295795,79407104.84434971,65732790.15282331,297476709.63198704,523711631.20211804
84992182.99668762,76505653.22834764,54507491.1954572,269141378.35958904,485146705.7800815
71716139.69365542,68057793.15837356,67786592.93701516,274334075.87883633,481894601.6678805
90349394.48882002,66922605.83102791,68703209.80314495,279787202.39257467,505762412.51556754
88771092.72605225,84392801.54223806,65128496.68208233,339341691.50303864,577634082.4534113
92119024.11227475,91408733.05704422,59226981.537348434,279955663.12349576,522710401.8301632
64167734.97691824,60135274.24337138,64182456.22750913,260913280.9563672,449398746.404166
66295336.17557986,79381033.99918278,54013368.51743922,308570870.31596214,508260609.008164
95128727.14204732,87244265.68163384,63981460.12606698,305991881.39273596,552346334.3424841
97604082.57896966,78360463.86644642,63218365.05761009,264630536.56741843,503813448.0704446
88333511.60459535,72129192.9944846,78892989.3602035,326563631.3993768,565919325.3586602
77466393.00509667,93642647.45454341,61816573.34800545,360121839.73922414,593047453.5468696
86881873.86854646,68301405.52308536,69997906.23870213,372392536.11477476,597573721.7451087
74972983.43190472,69275351.962582,56921082.03737561,260486886.22922748,461656303.6610898
94975435.43815534,86656460.66033998,85107374.56218536,365220128.07178843,631959398.7324691
81761561.87856682,93207013.87793456,78480618.74785736,317170391.46358716,570619585.9679459
83079765.89422812,69079156.75806032,65853594.03910286,300350658.41930646,518363175.11069775
74475323.40805362,67516841.72518493,61333364.94551072,331823313.5562727,535148843.6350219
93799537.96559192,88250636.02898864,73603238.21143964,366961142.4346217,622614554.6406419
94151371.74185145,84739745.5918937,59213367.94846252,254170401.70759687,492274886.9898045
91049938.16966403,65710537.85808281,78873365.76087403,356905959.5923632,592539801.3809841
102085037.73885936,88169213.130008,69540990.54695804,384709832.64495134,644505074.0607767
107505418.42782539,70498306.41196224,75426179.87976962,272182699.3094918,525612604.02904904
67433948.93326798,84963820.45450084,65375831.47374087,276447724.82421744,494221325.6857271
82620630.19923161,95289227.02541628,80491465.3807719,271730903.87953556,530132226.4849553
84961471.72844711,83683475.85814917,61561382.87466812,342999514.4998863,573205844.9611506
74519916.06667595,67412958.85134529,65195278.03910327,299117158.5292332,506245311.4863577
80733005.11851612,77145267.71110445,69573306.94658418,313684646.3761124,541136226.1523172
92655979.36058035,96268701.66520883,74798549.74039552,288830930.0711768,552554160.8373616
100449574.35949755,80592754.14164613,80975102.09814818,321629538.0207674,583646968.6200593
109154356.43713744,86048344.40942901,71639935.64032444,295256821.84748256,562099458.3343735
81831024.66569403,77123018.7320773,73728428.25854218,327711285.45049256,560393757.106806
73278478.93792804,71633500.80155645,58307384.96909634,266445565.235154,469664929.9437348
77797032.78013568,66856100.36780502,51575961.79328496,266665792.67948738,462894887.620713
89519891.70424736,100596674.61709508,75136640.06631501,290914383.3060161,556167589.6936736
64808130.69552389,59132960.08606858,60538885.2966423,211201797.0207174,395681773.0989522
112648711.47335634,91987274.05314818,73649016.45288678,288045496.4673913,566330498.4467826
75435351.4902744,71709994.9231373,50326678.45205602,298935345.613832,496407370.4792997
101575900.04530321,79095032.58527367,61157240.28782271,345032604.69183046,586860777.61023
92303408.46076573,66277219.80541474,71328724.08168969,307872111.5790234,537781463.9268936
106305351.77779953,88468288.62223583,67778255.73005638,290437912.52279615,552989808.652888
89441079.13801828,60125548.08515942,60473315.08823163,273843097.5962313,483883039.9076406
70595818.88241026,70200824.75777063,64225888.67505936,225888044.85946792,430910577.1747082
99775164.0089837,79318594.90618248,58982287.761645995,283425588.6165926,521501635.2934048
87092874.12512843,92970090.4853363,83332875.4571973,302846583.2046228,566242423.2722849
93743605.69142321,69801417.03512622,57169705.23409537,287842395.67553645,508557123.63618124
100983439.58480942,82295183.7843359,69093218.90581468,303477847.6348308,555849689.9097908
92134893.12231657,83042872.6103125,81000700.91738765,239398591.68257737,495577058.3325941
63437096.52303797,69726012.6758164,51722015.8403052,244168866.0326651,429053991.07182467
94482756.06982026,68682259.1413858,66686191.49634751,317772835.37047654,547624042.0780301
90290753.12201074,77486067.45208278,79205955.68763722,312919365.4736494,559902141.7353802
84976160.35022293,61760351.071477674,54414826.608090326,319650964.93326676,520802302.9630577
65103826.55954369,68820445.58491962,59533553.156101905,286042923.67903316,479500748.9795984
81284009.01943167,81035994.7183335,68306323.3558107,300284635.8288776,530910962.9224535
95092403.75864856,81378262.67407885,54515671.235963434,347664408.23755753,578650745.9062483
78982243.6710174,68300734.85347177,52720147.47422571,292581842.5038563,492584968.50257117
68637856.48448475,68842344.60287546,74335067.8378456,353572817.79780674,565388086.7230126
65976462.75532215,81738429.60785824,71298092.88487887,345263480.8755435,564276466.1236027
77535604.60570763,72385860.69368571,70615008.37487869,274132761.3291907,494669235.00346273
94213164.9301854,68873896.40539804,58401732.67372152,281777208.9065837,503266002.91588867
88148270.90939242,66823910.783584565,73716871.51801457,367358069.2435391,596047122.4545307
92584166.8598136,83856667.95791177,85761756.71989843,267937985.33334497,530140576.87096876
85533567.71422343,71640451.18422888,51840367.65759775,277886043.12063164,486900429.6766817
91248400.0799377,87443967.1521435,70022017.0892229,323476125.4169291,572190509.7382332
72553713.83288129,76960556.14534685,67177058.58384305,272699556.2757749,489390884.8378461
112305710.42261508,70878272.56561795,58131499.61043525,334364558.49120134,575680041.0898696
88110435.39825115,72672802.19650799,76648957.70912412,266408271.15858465,503840466.4624679
97788902.74175812,81077932.36050658,75300244.55623688,294748531.75504106,548915611.4135426
106691202.02228305,88093975.5687321,92558105.925018,267985519.79244196,555328803.3084751
87208239.28867653,80301914.94039948,73505764.90365335,313108875.92791957,554124795.0606489
97710095.55339926,79297827.557982,51391034.067016795,296161952.2400629,524560909.41846097
92895844.3511817,68809153.91203083,56949257.12304573,284958771.36889666,503613026.7551549
74507367.06695732,63516610.718967274,65461222.85112957,291985957.48579514,495471158.12284935
81436950.16275984,76802784.59309483,66605087.5366932,309163199.8693809,534008022.1619288
106415078.01157217,86031313.33826555,83432081.86097032,313368294.5578473,589246767.7686553
78838768.45424287,82806160.07184245,75521936.60057107,322673196.2224956,559840061.349152
84710793.29902022,76218644.36706123,69449861.48542641,310934901.8446226,541314200.9961305
98274173.9956694,71153596.12491395,59949197.05189244,301174680.93691224,530551648.109388
81488566.26972978,88257818.28750977,69601459.24980596,298878882.5272825,538226726.3343279
83037170.19431625,75419150.84352104,68381997.0536897,356901137.0682678,583739455.1597948
124736059.77087905,101771291.49190694,58464248.829647936,309396026.1236852,594367626.216119
83748776.40783018,89201113.50882354,73986123.62653403,363925186.6825249,610861200.2257127
84206470.49837346,79712776.32610445,68764285.57783023,341403096.4952771,574086628.8975853
84258274.35056864,67560828.50587544,63582083.29337247,311318142.2596934,526719328.4095099
85312447.0917274,84597812.74738492,55848955.02074283,322899146.85781306,548658361.7176683
86164523.81278148,92597332.1614646,63626525.27642393,293538802.1849259,535927183.4355959
66886831.426699944,67345381.60708076,75882343.90021308,264270739.44815212,474385296.3821459
86094082.6488929,81740331.30052209,66671221.73715628,326660509.58561945,561166145.2721907
84356257.3650925,70560798.02802205,55416970.71080389,339779486.40018326,550113512.5041018
99290492.96230987,91637173.59266697,77389112.36616793,386741485.67481273,655058264.5959575
84104478.57781538,86145104.89248402,78759637.6463903,360966557.09597635,609975778.212666
93755205.75985527,72195538.2734006,64727140.609206535,238682651.86902797,469360536.51149035
101814142.00276446,76122448.22780378,58065467.47978974,265741431.99363247,501743489.70399046
92614522.64299563,74957096.80203086,66548252.76047976,312270842.4473886,546390714.6528949
95909387.65586674,68465924.63645291,73917927.24208064,286357796.3588757,524651035.893276
79344521.23538414,79826392.93878284,64144490.98194118,280618010.6408847,503933415.79699284
89676429.92721678,83268112.73325121,72320020.81917426,257729506.9198631,502994070.3995054
67817952.42898063,60763293.46585452,60750279.58237414,301536891.89485306,490868417.3720623
60836525.6554423,69621316.05222787,60361827.29027041,410880916.56678134,601700585.564722
98603596.42041051,81771464.48596266,63990796.146290965,305719669.13436747,550085526.1870316
82708104.52674654,67051275.04872257,56351771.50787459,344338332.52100915,550449483.6043528
77756182.09141238,75967477.23808056,63235654.53161716,366611586.9309834,583570900.7920935
109381900.69063203,95867552.71058637,79215410.71546122,300696160.4408558,585161024.5575354
96863323.88039067,76826219.66607755,71441307.37779036,332941653.89783365,578072504.8220923
101651388.96418561,71119175.6830478,63595643.981051944,276960627.71001637,513326836.3383018
76216495.2186741,75981697.48629496,63442404.11302617,282338121.3693019,497978718.1872971
64053156.06741132,78232209.43385871,59556686.42826431,306353600.0534884,508195651.9830227
112761849.70926605,73993138.34232599,70901187.72908376,302225673.8350233,559881849.615699
73691511.68653806,68427694.0148446,63068482.276525564,334595412.2363676,539783100.2142758
91083987.28314751,73497410.52266432,56282394.86559629,294975535.07802093,515839327.74942905
77268691.08778898,67148452.82943228,68120765.33534804,285303301.2588588,497841210.5114281
90013922.2233211,74885348.89051263,54185619.885229364,327088572.1168348,546173463.1158979
67861924.00006583,80853443.86072218,67606089.28413004,271641932.08628553,487963389.23120356
85187153.24896188,79114597.98554352,72701459.80770992,295430351.5929278,532433562.63514316
63442092.43072476,75321025.81487675,68032494.16170676,331317645.29055256,538113257.6978608
104640735.35492973,83234622.50816128,68277175.14794353,352760489.0117743,608913022.0228088
80720649.57592613,71236330.95957546,66321584.344589554,297136575.021293,515415139.9013841
80795234.26251206,91204984.06645823,67037720.04641166,331837714.4512901,570875652.8266721
71647184.13607001,78186460.93133949,75447567.82416579,319608491.84352523,544889704.7351005
78612172.17370582,77955851.84843132,75716090.29865626,290591837.88411427,522875952.20490766
85340559.09401622,67162305.95157002,69474453.6874339,266546850.6628669,488524169.395887
71492126.32271217,66467225.729409896,62135079.91673611,292586806.96532226,492681238.93418044
88629204.25173329,80244251.8155017,62943269.85054236,259346816.173793,491163542.0915704
80959082.02935694,74865560.97790305,93988400.34230989,362557392.17016935,612370435.5197393
89258407.41006744,94689511.854485,86691767.24699666,335343139.48304194,605982825.994591
114309330.00035198,76721576.13398649,71159817.51089598,310293017.5854644,572483741.2306988
79301610.15586133,91694157.35536967,59686357.988593265,274000716.28133506,504682841.78115934
69601247.69590671,81632096.20651032,69220999.24085088,342233789.5522211,562688132.695489
80895817.48353586,68914879.73722143,66475062.8425091,298083572.56736785,514369332.63063425
75618579.74095882,65604836.92160599,65519020.02856569,301725834.47009486,508468271.1612254
103507774.29884055,91222502.36132354,73043604.5803649,352398976.7825879,620172858.0231168
76353315.19140653,73271070.72982167,67480562.82938947,326990165.9749905,544095114.7256081
77611370.26994768,76976014.69290921,76996179.60032788,344863721.42744976,576447285.9906346
78615390.49538025,61309540.69896822,55115511.297214046,293802299.728134,488842742.21969646
80457426.21426308,75525762.73127106,56144904.543819554,245281371.4413614,457409464.9307151
82148160.45732878,70152294.96040694,62844047.24303461,351007974.2358992,566152476.8966695
83834333.4804279,72477813.14079274,75817304.05012624,368246353.28833234,600375803.9596792
122661587.69624111,88612711.98979622,68567730.0381556,296446365.67324454,576288395.3974375
87498003.30516455,75734462.40909839,63417703.09748076,298895056.9704523,525545225.782196
69588178.15260932,62011710.907479726,54663426.532788575,298199617.3460505,484462932.9389281
75247271.55153862,69832633.34574163,66324768.239418596,303870924.9101102,515275598.046809
